Delay_ID,Flight_ID,Delay_Reason,Delay_Minutes
DEL-000001,FL-000009,Weather,127
DEL-000002,FL-000011,Security,27
DEL-000003,FL-000016,Air Traffic Control,44
DEL-000004,FL-000017,Maintenance,48
DEL-000005,FL-000020,Maintenance,27
DEL-000006,FL-000022,Air Traffic Control,24
DEL-000007,FL-000029,Late Aircraft Arrival,72
DEL-000008,FL-000032,Late Aircraft Arrival,106
DEL-000009,FL-000039,Maintenance,18
DEL-000010,FL-000041,Weather,154
DEL-000011,FL-000043,Late Aircraft Arrival,44
DEL-000012,FL-000044,Late Aircraft Arrival,105
DEL-000013,FL-000047,Air Traffic Control,24
DEL-000014,FL-000049,Weather,121
DEL-000015,FL-000050,Security,84
DEL-000016,FL-000056,Late Aircraft Arrival,34
DEL-000017,FL-000061,Weather,116
DEL-000018,FL-000062,Air Traffic Control,68
DEL-000019,FL-000067,Air Traffic Control,19
DEL-000020,FL-000071,Late Aircraft Arrival,83
DEL-000021,FL-000073,Air Traffic Control,71
DEL-000022,FL-000080,Late Aircraft Arrival,26
DEL-000023,FL-000089,Air Traffic Control,24
DEL-000024,FL-000093,Maintenance,27
DEL-000025,FL-000100,Maintenance,37
DEL-000026,FL-000107,Late Aircraft Arrival,123
DEL-000027,FL-000112,Air Traffic Control,64
DEL-000028,FL-000116,Weather,36
DEL-000029,FL-000122,Late Aircraft Arrival,24
DEL-000030,FL-000124,Security,48
DEL-000031,FL-000133,Air Traffic Control,23
DEL-000032,FL-000134,Late Aircraft Arrival,58
DEL-000033,FL-000136,Late Aircraft Arrival,73
DEL-000034,FL-000141,Air Traffic Control,34
DEL-000035,FL-000142,Air Traffic Control,50
DEL-000036,FL-000146,Air Traffic Control,64
DEL-000037,FL-000152,Weather,72
DEL-000038,FL-000153,Air Traffic Control,84
DEL-000039,FL-000163,Late Aircraft Arrival,67
DEL-000040,FL-000164,Air Traffic Control,70
DEL-000041,FL-000168,Air Traffic Control,84
DEL-000042,FL-000169,Late Aircraft Arrival,15
DEL-000043,FL-000170,Security,170
DEL-000044,FL-000174,Maintenance,50
DEL-000045,FL-000175,Maintenance,30
DEL-000046,FL-000180,Late Aircraft Arrival,32
DEL-000047,FL-000181,Security,77
DEL-000048,FL-000182,Maintenance,19
DEL-000049,FL-000184,Late Aircraft Arrival,94
DEL-000050,FL-000189,Air Traffic Control,60
DEL-000051,FL-000195,Weather,19
DEL-000052,FL-000199,Late Aircraft Arrival,66
DEL-000053,FL-000200,Late Aircraft Arrival,46
DEL-000054,FL-000204,Maintenance,23
DEL-000055,FL-000205,Security,79
DEL-000056,FL-000207,Late Aircraft Arrival,89
DEL-000057,FL-000213,Weather,34
DEL-000058,FL-000215,Air Traffic Control,21
DEL-000059,FL-000227,Air Traffic Control,56
DEL-000060,FL-000233,Air Traffic Control,16
DEL-000061,FL-000235,Maintenance,69
DEL-000062,FL-000238,Weather,135
DEL-000063,FL-000241,Weather,107
DEL-000064,FL-000242,Weather,86
DEL-000065,FL-000243,Air Traffic Control,38
DEL-000066,FL-000244,Air Traffic Control,44
DEL-000067,FL-000251,Air Traffic Control,25
DEL-000068,FL-000253,Air Traffic Control,33
DEL-000069,FL-000264,Air Traffic Control,46
DEL-000070,FL-000272,Late Aircraft Arrival,74
DEL-000071,FL-000274,Weather,48
DEL-000072,FL-000276,Air Traffic Control,95
DEL-000073,FL-000280,Late Aircraft Arrival,23
DEL-000074,FL-000286,Maintenance,18
DEL-000075,FL-000287,Maintenance,163
DEL-000076,FL-000292,Weather,20
DEL-000077,FL-000293,Air Traffic Control,45
DEL-000078,FL-000307,Weather,86
DEL-000079,FL-000309,Maintenance,45
DEL-000080,FL-000311,Weather,38
DEL-000081,FL-000315,Weather,20
DEL-000082,FL-000316,Weather,70
DEL-000083,FL-000318,Weather,43
DEL-000084,FL-000319,Late Aircraft Arrival,19
DEL-000085,FL-000332,Weather,30
DEL-000086,FL-000336,Weather,29
DEL-000087,FL-000339,Weather,69
DEL-000088,FL-000341,Late Aircraft Arrival,64
DEL-000089,FL-000345,Air Traffic Control,134
DEL-000090,FL-000361,Weather,49
DEL-000091,FL-000364,Weather,134
DEL-000092,FL-000365,Maintenance,77
DEL-000093,FL-000367,Air Traffic Control,71
DEL-000094,FL-000381,Late Aircraft Arrival,15
DEL-000095,FL-000388,Maintenance,33
DEL-000096,FL-000406,Air Traffic Control,49
DEL-000097,FL-000409,Weather,48
DEL-000098,FL-000412,Maintenance,57
DEL-000099,FL-000417,Security,121
DEL-000100,FL-000418,Weather,29
DEL-000101,FL-000419,Late Aircraft Arrival,51
DEL-000102,FL-000421,Late Aircraft Arrival,34
DEL-000103,FL-000427,Weather,33
DEL-000104,FL-000428,Security,53
DEL-000105,FL-000438,Weather,63
DEL-000106,FL-000447,Air Traffic Control,154
DEL-000107,FL-000457,Weather,18
DEL-000108,FL-000467,Maintenance,130
DEL-000109,FL-000471,Late Aircraft Arrival,19
DEL-000110,FL-000480,Late Aircraft Arrival,133
DEL-000111,FL-000481,Weather,81
DEL-000112,FL-000484,Weather,74
DEL-000113,FL-000487,Weather,40
DEL-000114,FL-000489,Maintenance,27
DEL-000115,FL-000496,Late Aircraft Arrival,18
DEL-000116,FL-000498,Air Traffic Control,51
DEL-000117,FL-000502,Weather,68
DEL-000118,FL-000504,Late Aircraft Arrival,162
DEL-000119,FL-000511,Weather,53
DEL-000120,FL-000521,Maintenance,60
DEL-000121,FL-000522,Weather,20
DEL-000122,FL-000523,Late Aircraft Arrival,42
DEL-000123,FL-000524,Weather,27
DEL-000124,FL-000526,Maintenance,62
DEL-000125,FL-000532,Maintenance,70
DEL-000126,FL-000542,Maintenance,46
DEL-000127,FL-000548,Late Aircraft Arrival,25
DEL-000128,FL-000550,Air Traffic Control,46
DEL-000129,FL-000553,Weather,120
DEL-000130,FL-000554,Air Traffic Control,27
DEL-000131,FL-000559,Late Aircraft Arrival,17
DEL-000132,FL-000562,Air Traffic Control,21
DEL-000133,FL-000565,Weather,110
DEL-000134,FL-000570,Weather,23
DEL-000135,FL-000571,Weather,18
DEL-000136,FL-000572,Maintenance,16
DEL-000137,FL-000575,Air Traffic Control,28
DEL-000138,FL-000589,Security,99
DEL-000139,FL-000593,Security,36
DEL-000140,FL-000595,Air Traffic Control,36
DEL-000141,FL-000599,Air Traffic Control,83
DEL-000142,FL-000600,Late Aircraft Arrival,66
DEL-000143,FL-000602,Air Traffic Control,68
DEL-000144,FL-000614,Weather,19
DEL-000145,FL-000615,Air Traffic Control,68
DEL-000146,FL-000617,Weather,52
DEL-000147,FL-000622,Maintenance,18
DEL-000148,FL-000639,Air Traffic Control,45
DEL-000149,FL-000644,Maintenance,113
DEL-000150,FL-000652,Late Aircraft Arrival,98
DEL-000151,FL-000659,Late Aircraft Arrival,119
DEL-000152,FL-000671,Late Aircraft Arrival,61
DEL-000153,FL-000672,Late Aircraft Arrival,30
DEL-000154,FL-000675,Air Traffic Control,139
DEL-000155,FL-000676,Weather,81
DEL-000156,FL-000677,Security,55
DEL-000157,FL-000678,Weather,206
DEL-000158,FL-000680,Late Aircraft Arrival,44
DEL-000159,FL-000688,Late Aircraft Arrival,97
DEL-000160,FL-000689,Air Traffic Control,140
DEL-000161,FL-000692,Maintenance,61
DEL-000162,FL-000695,Late Aircraft Arrival,58
DEL-000163,FL-000696,Weather,33
DEL-000164,FL-000706,Late Aircraft Arrival,127
DEL-000165,FL-000708,Weather,74
DEL-000166,FL-000717,Weather,27
DEL-000167,FL-000718,Security,24
DEL-000168,FL-000719,Air Traffic Control,184
DEL-000169,FL-000720,Late Aircraft Arrival,34
DEL-000170,FL-000726,Air Traffic Control,41
DEL-000171,FL-000728,Air Traffic Control,50
DEL-000172,FL-000729,Weather,51
DEL-000173,FL-000730,Late Aircraft Arrival,89
DEL-000174,FL-000740,Maintenance,38
DEL-000175,FL-000743,Maintenance,196
DEL-000176,FL-000744,Weather,29
DEL-000177,FL-000746,Air Traffic Control,24
DEL-000178,FL-000748,Air Traffic Control,27
DEL-000179,FL-000755,Late Aircraft Arrival,23
DEL-000180,FL-000756,Late Aircraft Arrival,20
DEL-000181,FL-000761,Late Aircraft Arrival,29
DEL-000182,FL-000763,Air Traffic Control,27
DEL-000183,FL-000765,Maintenance,18
DEL-000184,FL-000767,Air Traffic Control,25
DEL-000185,FL-000773,Weather,43
DEL-000186,FL-000776,Weather,41
DEL-000187,FL-000801,Late Aircraft Arrival,110
DEL-000188,FL-000803,Maintenance,38
DEL-000189,FL-000804,Air Traffic Control,60
DEL-000190,FL-000811,Security,47
DEL-000191,FL-000820,Late Aircraft Arrival,16
DEL-000192,FL-000824,Weather,28
DEL-000193,FL-000828,Maintenance,60
DEL-000194,FL-000832,Air Traffic Control,51
DEL-000195,FL-000834,Air Traffic Control,44
DEL-000196,FL-000840,Air Traffic Control,63
DEL-000197,FL-000841,Maintenance,131
DEL-000198,FL-000851,Weather,36
DEL-000199,FL-000852,Late Aircraft Arrival,24
DEL-000200,FL-000853,Air Traffic Control,21
DEL-000201,FL-000854,Air Traffic Control,47
DEL-000202,FL-000855,Maintenance,22
DEL-000203,FL-000857,Air Traffic Control,25
DEL-000204,FL-000860,Weather,17
DEL-000205,FL-000861,Air Traffic Control,92
DEL-000206,FL-000868,Weather,103
DEL-000207,FL-000873,Maintenance,42
DEL-000208,FL-000876,Air Traffic Control,116
DEL-000209,FL-000878,Weather,33
DEL-000210,FL-000879,Air Traffic Control,49
DEL-000211,FL-000883,Maintenance,19
DEL-000212,FL-000888,Late Aircraft Arrival,62
DEL-000213,FL-000892,Maintenance,26
DEL-000214,FL-000893,Air Traffic Control,35
DEL-000215,FL-000896,Air Traffic Control,151
DEL-000216,FL-000901,Maintenance,36
DEL-000217,FL-000902,Late Aircraft Arrival,197
DEL-000218,FL-000906,Air Traffic Control,16
DEL-000219,FL-000907,Weather,23
DEL-000220,FL-000908,Air Traffic Control,100
DEL-000221,FL-000911,Air Traffic Control,20
DEL-000222,FL-000917,Late Aircraft Arrival,194
DEL-000223,FL-000922,Weather,46
DEL-000224,FL-000923,Weather,76
DEL-000225,FL-000926,Security,192
DEL-000226,FL-000937,Weather,15
DEL-000227,FL-000938,Late Aircraft Arrival,20
DEL-000228,FL-000939,Weather,103
DEL-000229,FL-000940,Maintenance,39
DEL-000230,FL-000941,Late Aircraft Arrival,21
DEL-000231,FL-000942,Weather,41
DEL-000232,FL-000943,Air Traffic Control,20
DEL-000233,FL-000948,Air Traffic Control,16
DEL-000234,FL-000957,Weather,96
DEL-000235,FL-000976,Weather,37
DEL-000236,FL-000977,Weather,23
DEL-000237,FL-000980,Late Aircraft Arrival,56
DEL-000238,FL-000985,Maintenance,57
DEL-000239,FL-000986,Air Traffic Control,22
DEL-000240,FL-000988,Weather,19
DEL-000241,FL-000992,Late Aircraft Arrival,21
DEL-000242,FL-000995,Late Aircraft Arrival,33
DEL-000243,FL-000997,Weather,89
DEL-000244,FL-001002,Air Traffic Control,143
DEL-000245,FL-001003,Maintenance,40
DEL-000246,FL-001004,Maintenance,33
DEL-000247,FL-001005,Security,33
DEL-000248,FL-001010,Weather,293
DEL-000249,FL-001011,Weather,130
DEL-000250,FL-001013,Late Aircraft Arrival,30
DEL-000251,FL-001015,Air Traffic Control,135
DEL-000252,FL-001032,Air Traffic Control,32
DEL-000253,FL-001043,Air Traffic Control,33
DEL-000254,FL-001048,Late Aircraft Arrival,31
DEL-000255,FL-001052,Maintenance,15
DEL-000256,FL-001068,Late Aircraft Arrival,74
DEL-000257,FL-001073,Air Traffic Control,16
DEL-000258,FL-001074,Security,54
DEL-000259,FL-001104,Weather,72
DEL-000260,FL-001106,Air Traffic Control,46
DEL-000261,FL-001121,Maintenance,22
DEL-000262,FL-001122,Air Traffic Control,259
DEL-000263,FL-001125,Air Traffic Control,15
DEL-000264,FL-001132,Late Aircraft Arrival,131
DEL-000265,FL-001138,Maintenance,58
DEL-000266,FL-001140,Maintenance,53
DEL-000267,FL-001155,Air Traffic Control,47
DEL-000268,FL-001157,Security,15
DEL-000269,FL-001166,Weather,141
DEL-000270,FL-001172,Weather,156
DEL-000271,FL-001175,Maintenance,155
DEL-000272,FL-001176,Weather,125
DEL-000273,FL-001186,Maintenance,31
DEL-000274,FL-001188,Air Traffic Control,52
DEL-000275,FL-001195,Weather,58
DEL-000276,FL-001202,Late Aircraft Arrival,46
DEL-000277,FL-001203,Late Aircraft Arrival,21
DEL-000278,FL-001205,Weather,19
DEL-000279,FL-001209,Maintenance,65
DEL-000280,FL-001212,Maintenance,248
DEL-000281,FL-001213,Late Aircraft Arrival,17
DEL-000282,FL-001218,Maintenance,154
DEL-000283,FL-001223,Weather,119
DEL-000284,FL-001224,Air Traffic Control,35
DEL-000285,FL-001225,Late Aircraft Arrival,52
DEL-000286,FL-001232,Weather,20
DEL-000287,FL-001235,Weather,70
DEL-000288,FL-001236,Weather,27
DEL-000289,FL-001239,Air Traffic Control,16
DEL-000290,FL-001240,Air Traffic Control,66
DEL-000291,FL-001241,Late Aircraft Arrival,17
DEL-000292,FL-001250,Air Traffic Control,56
DEL-000293,FL-001251,Air Traffic Control,75
DEL-000294,FL-001252,Late Aircraft Arrival,60
DEL-000295,FL-001263,Late Aircraft Arrival,16
DEL-000296,FL-001271,Security,16
DEL-000297,FL-001280,Security,123
DEL-000298,FL-001282,Air Traffic Control,98
DEL-000299,FL-001287,Maintenance,61
DEL-000300,FL-001291,Late Aircraft Arrival,20
DEL-000301,FL-001292,Air Traffic Control,172
DEL-000302,FL-001295,Air Traffic Control,20
DEL-000303,FL-001298,Maintenance,28
DEL-000304,FL-001303,Weather,80
DEL-000305,FL-001310,Air Traffic Control,167
DEL-000306,FL-001313,Air Traffic Control,54
DEL-000307,FL-001315,Maintenance,16
DEL-000308,FL-001321,Air Traffic Control,37
DEL-000309,FL-001323,Maintenance,35
DEL-000310,FL-001329,Air Traffic Control,115
DEL-000311,FL-001331,Late Aircraft Arrival,37
DEL-000312,FL-001341,Maintenance,72
DEL-000313,FL-001342,Weather,16
DEL-000314,FL-001344,Weather,23
DEL-000315,FL-001348,Maintenance,111
DEL-000316,FL-001350,Air Traffic Control,48
DEL-000317,FL-001353,Air Traffic Control,51
DEL-000318,FL-001355,Weather,22
DEL-000319,FL-001356,Late Aircraft Arrival,80
DEL-000320,FL-001357,Weather,29
DEL-000321,FL-001363,Security,70
DEL-000322,FL-001367,Air Traffic Control,34
DEL-000323,FL-001368,Late Aircraft Arrival,26
DEL-000324,FL-001369,Late Aircraft Arrival,23
DEL-000325,FL-001376,Late Aircraft Arrival,100
DEL-000326,FL-001379,Late Aircraft Arrival,22
DEL-000327,FL-001381,Maintenance,25
DEL-000328,FL-001383,Air Traffic Control,36
DEL-000329,FL-001387,Air Traffic Control,103
DEL-000330,FL-001390,Late Aircraft Arrival,85
DEL-000331,FL-001393,Air Traffic Control,56
DEL-000332,FL-001395,Air Traffic Control,49
DEL-000333,FL-001397,Security,74
DEL-000334,FL-001403,Late Aircraft Arrival,17
DEL-000335,FL-001405,Security,46
DEL-000336,FL-001409,Late Aircraft Arrival,15
DEL-000337,FL-001410,Air Traffic Control,40
DEL-000338,FL-001411,Late Aircraft Arrival,42
DEL-000339,FL-001418,Late Aircraft Arrival,15
DEL-000340,FL-001419,Maintenance,36
DEL-000341,FL-001428,Late Aircraft Arrival,37
DEL-000342,FL-001431,Late Aircraft Arrival,35
DEL-000343,FL-001432,Late Aircraft Arrival,21
DEL-000344,FL-001438,Maintenance,51
DEL-000345,FL-001447,Air Traffic Control,44
DEL-000346,FL-001466,Air Traffic Control,77
DEL-000347,FL-001472,Air Traffic Control,18
DEL-000348,FL-001479,Weather,137
DEL-000349,FL-001481,Weather,53
DEL-000350,FL-001483,Weather,20
DEL-000351,FL-001484,Late Aircraft Arrival,102
DEL-000352,FL-001485,Late Aircraft Arrival,24
DEL-000353,FL-001487,Maintenance,30
DEL-000354,FL-001488,Maintenance,34
DEL-000355,FL-001489,Maintenance,25
DEL-000356,FL-001500,Air Traffic Control,38
DEL-000357,FL-001504,Maintenance,121
DEL-000358,FL-001505,Weather,42
DEL-000359,FL-001511,Weather,32
DEL-000360,FL-001531,Weather,59
DEL-000361,FL-001537,Maintenance,189
DEL-000362,FL-001539,Maintenance,26
DEL-000363,FL-001548,Late Aircraft Arrival,29
DEL-000364,FL-001553,Weather,30
DEL-000365,FL-001560,Late Aircraft Arrival,28
DEL-000366,FL-001562,Maintenance,43
DEL-000367,FL-001567,Late Aircraft Arrival,75
DEL-000368,FL-001574,Security,18
DEL-000369,FL-001581,Air Traffic Control,37
DEL-000370,FL-001594,Late Aircraft Arrival,42
DEL-000371,FL-001599,Weather,91
DEL-000372,FL-001603,Air Traffic Control,33
DEL-000373,FL-001604,Late Aircraft Arrival,34
DEL-000374,FL-001613,Security,29
DEL-000375,FL-001615,Late Aircraft Arrival,26
DEL-000376,FL-001618,Late Aircraft Arrival,24
DEL-000377,FL-001619,Air Traffic Control,75
DEL-000378,FL-001621,Maintenance,28
DEL-000379,FL-001624,Maintenance,70
DEL-000380,FL-001631,Maintenance,148
DEL-000381,FL-001633,Maintenance,28
DEL-000382,FL-001636,Weather,66
DEL-000383,FL-001638,Late Aircraft Arrival,54
DEL-000384,FL-001642,Maintenance,109
DEL-000385,FL-001643,Air Traffic Control,31
DEL-000386,FL-001648,Weather,30
DEL-000387,FL-001650,Air Traffic Control,62
DEL-000388,FL-001652,Air Traffic Control,461
DEL-000389,FL-001657,Maintenance,76
DEL-000390,FL-001663,Late Aircraft Arrival,61
DEL-000391,FL-001666,Weather,27
DEL-000392,FL-001677,Maintenance,16
DEL-000393,FL-001679,Air Traffic Control,25
DEL-000394,FL-001680,Air Traffic Control,29
DEL-000395,FL-001689,Maintenance,111
DEL-000396,FL-001700,Late Aircraft Arrival,31
DEL-000397,FL-001703,Air Traffic Control,35
DEL-000398,FL-001704,Late Aircraft Arrival,33
DEL-000399,FL-001712,Maintenance,73
DEL-000400,FL-001713,Weather,28
DEL-000401,FL-001716,Maintenance,51
DEL-000402,FL-001718,Security,45
DEL-000403,FL-001724,Maintenance,22
DEL-000404,FL-001735,Air Traffic Control,44
DEL-000405,FL-001742,Maintenance,30
DEL-000406,FL-001743,Maintenance,51
DEL-000407,FL-001746,Air Traffic Control,57
DEL-000408,FL-001757,Late Aircraft Arrival,32
DEL-000409,FL-001760,Maintenance,39
DEL-000410,FL-001765,Weather,89
DEL-000411,FL-001769,Maintenance,37
DEL-000412,FL-001793,Air Traffic Control,40
DEL-000413,FL-001795,Maintenance,84
DEL-000414,FL-001796,Maintenance,29
DEL-000415,FL-001797,Air Traffic Control,51
DEL-000416,FL-001806,Maintenance,22
DEL-000417,FL-001809,Security,21
DEL-000418,FL-001811,Maintenance,36
DEL-000419,FL-001812,Air Traffic Control,71
DEL-000420,FL-001825,Weather,55
DEL-000421,FL-001832,Weather,57
DEL-000422,FL-001834,Late Aircraft Arrival,23
DEL-000423,FL-001836,Air Traffic Control,183
DEL-000424,FL-001837,Weather,69
DEL-000425,FL-001842,Maintenance,59
DEL-000426,FL-001846,Air Traffic Control,37
DEL-000427,FL-001848,Security,42
DEL-000428,FL-001849,Air Traffic Control,44
DEL-000429,FL-001851,Maintenance,108
DEL-000430,FL-001852,Air Traffic Control,81
DEL-000431,FL-001869,Maintenance,97
DEL-000432,FL-001874,Late Aircraft Arrival,177
DEL-000433,FL-001878,Maintenance,187
DEL-000434,FL-001879,Air Traffic Control,53
DEL-000435,FL-001883,Weather,55
DEL-000436,FL-001886,Weather,46
DEL-000437,FL-001895,Late Aircraft Arrival,30
DEL-000438,FL-001896,Maintenance,56
DEL-000439,FL-001901,Late Aircraft Arrival,107
DEL-000440,FL-001902,Late Aircraft Arrival,43
DEL-000441,FL-001906,Maintenance,55
DEL-000442,FL-001907,Security,40
DEL-000443,FL-001913,Air Traffic Control,28
DEL-000444,FL-001916,Air Traffic Control,17
DEL-000445,FL-001919,Weather,61
DEL-000446,FL-001925,Late Aircraft Arrival,81
DEL-000447,FL-001927,Air Traffic Control,41
DEL-000448,FL-001930,Air Traffic Control,47
DEL-000449,FL-001937,Maintenance,28
DEL-000450,FL-001938,Air Traffic Control,72
DEL-000451,FL-001940,Late Aircraft Arrival,83
DEL-000452,FL-001944,Security,28
DEL-000453,FL-001950,Late Aircraft Arrival,37
DEL-000454,FL-001958,Late Aircraft Arrival,112
DEL-000455,FL-001967,Air Traffic Control,15
DEL-000456,FL-001968,Late Aircraft Arrival,33
DEL-000457,FL-001971,Air Traffic Control,34
DEL-000458,FL-001972,Maintenance,92
DEL-000459,FL-001976,Late Aircraft Arrival,30
DEL-000460,FL-001977,Maintenance,74
DEL-000461,FL-001978,Maintenance,38
DEL-000462,FL-001980,Air Traffic Control,16
DEL-000463,FL-001984,Maintenance,66
DEL-000464,FL-001986,Weather,55
DEL-000465,FL-001994,Weather,92
DEL-000466,FL-001997,Maintenance,113
DEL-000467,FL-002001,Air Traffic Control,32
DEL-000468,FL-002008,Maintenance,31
DEL-000469,FL-002020,Air Traffic Control,27
DEL-000470,FL-002024,Air Traffic Control,27
DEL-000471,FL-002028,Maintenance,89
DEL-000472,FL-002029,Security,18
DEL-000473,FL-002030,Maintenance,28
DEL-000474,FL-002045,Security,15
DEL-000475,FL-002056,Air Traffic Control,86
DEL-000476,FL-002058,Late Aircraft Arrival,25
DEL-000477,FL-002059,Air Traffic Control,76
DEL-000478,FL-002063,Air Traffic Control,96
DEL-000479,FL-002066,Late Aircraft Arrival,26
DEL-000480,FL-002074,Weather,39
DEL-000481,FL-002080,Late Aircraft Arrival,21
DEL-000482,FL-002083,Late Aircraft Arrival,61
DEL-000483,FL-002086,Air Traffic Control,124
DEL-000484,FL-002095,Security,17
DEL-000485,FL-002098,Maintenance,89
DEL-000486,FL-002104,Late Aircraft Arrival,20
DEL-000487,FL-002105,Maintenance,165
DEL-000488,FL-002108,Weather,28
DEL-000489,FL-002115,Weather,69
DEL-000490,FL-002116,Maintenance,29
DEL-000491,FL-002122,Late Aircraft Arrival,21
DEL-000492,FL-002126,Air Traffic Control,18
DEL-000493,FL-002131,Weather,31
DEL-000494,FL-002135,Air Traffic Control,23
DEL-000495,FL-002137,Security,38
DEL-000496,FL-002140,Weather,17
DEL-000497,FL-002144,Late Aircraft Arrival,28
DEL-000498,FL-002148,Air Traffic Control,192
DEL-000499,FL-002151,Air Traffic Control,69
DEL-000500,FL-002154,Late Aircraft Arrival,53
DEL-000501,FL-002156,Late Aircraft Arrival,65
DEL-000502,FL-002165,Air Traffic Control,43
DEL-000503,FL-002168,Late Aircraft Arrival,44
DEL-000504,FL-002172,Weather,62
DEL-000505,FL-002174,Weather,84
DEL-000506,FL-002175,Air Traffic Control,20
DEL-000507,FL-002177,Maintenance,118
DEL-000508,FL-002180,Late Aircraft Arrival,161
DEL-000509,FL-002181,Security,31
DEL-000510,FL-002182,Late Aircraft Arrival,67
DEL-000511,FL-002188,Late Aircraft Arrival,27
DEL-000512,FL-002192,Air Traffic Control,25
DEL-000513,FL-002196,Maintenance,66
DEL-000514,FL-002197,Air Traffic Control,69
DEL-000515,FL-002200,Maintenance,75
DEL-000516,FL-002212,Air Traffic Control,18
DEL-000517,FL-002216,Security,17
DEL-000518,FL-002225,Air Traffic Control,86
DEL-000519,FL-002230,Late Aircraft Arrival,28
DEL-000520,FL-002231,Air Traffic Control,20
DEL-000521,FL-002242,Weather,92
DEL-000522,FL-002253,Weather,41
DEL-000523,FL-002254,Late Aircraft Arrival,60
DEL-000524,FL-002258,Air Traffic Control,263
DEL-000525,FL-002261,Maintenance,28
DEL-000526,FL-002262,Late Aircraft Arrival,80
DEL-000527,FL-002268,Maintenance,211
DEL-000528,FL-002273,Air Traffic Control,30
DEL-000529,FL-002278,Air Traffic Control,87
DEL-000530,FL-002283,Air Traffic Control,24
DEL-000531,FL-002284,Maintenance,65
DEL-000532,FL-002285,Late Aircraft Arrival,86
DEL-000533,FL-002287,Weather,144
DEL-000534,FL-002306,Late Aircraft Arrival,23
DEL-000535,FL-002307,Late Aircraft Arrival,44
DEL-000536,FL-002308,Air Traffic Control,171
DEL-000537,FL-002309,Late Aircraft Arrival,33
DEL-000538,FL-002310,Air Traffic Control,47
DEL-000539,FL-002318,Weather,96
DEL-000540,FL-002322,Security,59
DEL-000541,FL-002336,Late Aircraft Arrival,84
DEL-000542,FL-002342,Maintenance,17
DEL-000543,FL-002345,Maintenance,57
DEL-000544,FL-002348,Air Traffic Control,98
DEL-000545,FL-002351,Maintenance,94
DEL-000546,FL-002363,Weather,83
DEL-000547,FL-002366,Maintenance,36
DEL-000548,FL-002368,Late Aircraft Arrival,31
DEL-000549,FL-002371,Weather,34
DEL-000550,FL-002379,Maintenance,170
DEL-000551,FL-002383,Air Traffic Control,20
DEL-000552,FL-002389,Maintenance,37
DEL-000553,FL-002401,Air Traffic Control,20
DEL-000554,FL-002402,Late Aircraft Arrival,36
DEL-000555,FL-002407,Maintenance,45
DEL-000556,FL-002409,Weather,18
DEL-000557,FL-002411,Weather,33
DEL-000558,FL-002415,Maintenance,93
DEL-000559,FL-002416,Air Traffic Control,19
DEL-000560,FL-002421,Late Aircraft Arrival,222
DEL-000561,FL-002426,Air Traffic Control,57
DEL-000562,FL-002428,Maintenance,22
DEL-000563,FL-002429,Maintenance,75
DEL-000564,FL-002430,Air Traffic Control,142
DEL-000565,FL-002436,Air Traffic Control,26
DEL-000566,FL-002438,Maintenance,21
DEL-000567,FL-002439,Air Traffic Control,53
DEL-000568,FL-002441,Late Aircraft Arrival,41
DEL-000569,FL-002449,Air Traffic Control,68
DEL-000570,FL-002452,Maintenance,42
DEL-000571,FL-002454,Maintenance,24
DEL-000572,FL-002458,Weather,58
DEL-000573,FL-002462,Air Traffic Control,74
DEL-000574,FL-002468,Air Traffic Control,48
DEL-000575,FL-002474,Maintenance,26
DEL-000576,FL-002477,Late Aircraft Arrival,25
DEL-000577,FL-002482,Late Aircraft Arrival,33
DEL-000578,FL-002493,Weather,53
DEL-000579,FL-002494,Late Aircraft Arrival,20
DEL-000580,FL-002503,Air Traffic Control,38
DEL-000581,FL-002508,Maintenance,56
DEL-000582,FL-002509,Weather,71
DEL-000583,FL-002519,Air Traffic Control,46
DEL-000584,FL-002533,Security,52
DEL-000585,FL-002535,Late Aircraft Arrival,26
DEL-000586,FL-002536,Maintenance,15
DEL-000587,FL-002540,Air Traffic Control,72
DEL-000588,FL-002552,Air Traffic Control,60
DEL-000589,FL-002556,Weather,94
DEL-000590,FL-002558,Weather,93
DEL-000591,FL-002568,Weather,26
DEL-000592,FL-002570,Air Traffic Control,31
DEL-000593,FL-002572,Air Traffic Control,44
DEL-000594,FL-002576,Security,50
DEL-000595,FL-002578,Maintenance,168
DEL-000596,FL-002584,Weather,108
DEL-000597,FL-002585,Late Aircraft Arrival,129
DEL-000598,FL-002593,Late Aircraft Arrival,41
DEL-000599,FL-002600,Late Aircraft Arrival,162
DEL-000600,FL-002610,Weather,33
DEL-000601,FL-002613,Maintenance,51
DEL-000602,FL-002616,Weather,21
DEL-000603,FL-002623,Air Traffic Control,70
DEL-000604,FL-002624,Late Aircraft Arrival,183
DEL-000605,FL-002626,Weather,53
DEL-000606,FL-002629,Weather,35
DEL-000607,FL-002630,Air Traffic Control,49
DEL-000608,FL-002631,Maintenance,128
DEL-000609,FL-002632,Weather,197
DEL-000610,FL-002636,Weather,59
DEL-000611,FL-002640,Late Aircraft Arrival,50
DEL-000612,FL-002642,Air Traffic Control,75
DEL-000613,FL-002644,Maintenance,17
DEL-000614,FL-002649,Air Traffic Control,66
DEL-000615,FL-002653,Weather,40
DEL-000616,FL-002657,Late Aircraft Arrival,81
DEL-000617,FL-002658,Late Aircraft Arrival,36
DEL-000618,FL-002662,Maintenance,29
DEL-000619,FL-002666,Late Aircraft Arrival,84
DEL-000620,FL-002669,Maintenance,71
DEL-000621,FL-002672,Air Traffic Control,21
DEL-000622,FL-002679,Maintenance,88
DEL-000623,FL-002680,Air Traffic Control,18
DEL-000624,FL-002690,Maintenance,105
DEL-000625,FL-002691,Weather,114
DEL-000626,FL-002692,Air Traffic Control,55
DEL-000627,FL-002693,Weather,106
DEL-000628,FL-002694,Maintenance,21
DEL-000629,FL-002696,Weather,40
DEL-000630,FL-002700,Air Traffic Control,36
DEL-000631,FL-002707,Maintenance,69
DEL-000632,FL-002709,Weather,76
DEL-000633,FL-002710,Late Aircraft Arrival,22
DEL-000634,FL-002712,Air Traffic Control,19
DEL-000635,FL-002720,Weather,55
DEL-000636,FL-002721,Weather,65
DEL-000637,FL-002729,Maintenance,40
DEL-000638,FL-002732,Late Aircraft Arrival,160
DEL-000639,FL-002735,Air Traffic Control,64
DEL-000640,FL-002736,Late Aircraft Arrival,96
DEL-000641,FL-002737,Weather,44
DEL-000642,FL-002739,Air Traffic Control,45
DEL-000643,FL-002745,Weather,25
DEL-000644,FL-002746,Air Traffic Control,20
DEL-000645,FL-002749,Maintenance,56
DEL-000646,FL-002757,Weather,100
DEL-000647,FL-002760,Maintenance,106
DEL-000648,FL-002762,Maintenance,57
DEL-000649,FL-002763,Weather,34
DEL-000650,FL-002775,Air Traffic Control,201
DEL-000651,FL-002777,Air Traffic Control,28
DEL-000652,FL-002786,Air Traffic Control,18
DEL-000653,FL-002790,Late Aircraft Arrival,23
DEL-000654,FL-002791,Late Aircraft Arrival,41
DEL-000655,FL-002794,Late Aircraft Arrival,50
DEL-000656,FL-002796,Late Aircraft Arrival,23
DEL-000657,FL-002801,Air Traffic Control,55
DEL-000658,FL-002807,Weather,68
DEL-000659,FL-002818,Weather,36
DEL-000660,FL-002819,Air Traffic Control,175
DEL-000661,FL-002822,Maintenance,32
DEL-000662,FL-002826,Air Traffic Control,145
DEL-000663,FL-002828,Weather,18
DEL-000664,FL-002832,Security,22
DEL-000665,FL-002833,Maintenance,110
DEL-000666,FL-002835,Late Aircraft Arrival,39
DEL-000667,FL-002836,Maintenance,60
DEL-000668,FL-002837,Maintenance,20
DEL-000669,FL-002843,Weather,51
DEL-000670,FL-002845,Air Traffic Control,36
DEL-000671,FL-002847,Weather,74
DEL-000672,FL-002848,Late Aircraft Arrival,42
DEL-000673,FL-002855,Late Aircraft Arrival,27
DEL-000674,FL-002861,Maintenance,93
DEL-000675,FL-002863,Late Aircraft Arrival,138
DEL-000676,FL-002868,Air Traffic Control,31
DEL-000677,FL-002872,Weather,83
DEL-000678,FL-002874,Maintenance,18
DEL-000679,FL-002877,Weather,59
DEL-000680,FL-002882,Weather,38
DEL-000681,FL-002885,Air Traffic Control,95
DEL-000682,FL-002896,Air Traffic Control,102
DEL-000683,FL-002901,Air Traffic Control,23
DEL-000684,FL-002905,Late Aircraft Arrival,77
DEL-000685,FL-002907,Late Aircraft Arrival,25
DEL-000686,FL-002921,Late Aircraft Arrival,21
DEL-000687,FL-002923,Security,25
DEL-000688,FL-002925,Weather,31
DEL-000689,FL-002927,Maintenance,15
DEL-000690,FL-002932,Weather,65
DEL-000691,FL-002934,Late Aircraft Arrival,108
DEL-000692,FL-002948,Late Aircraft Arrival,62
DEL-000693,FL-002951,Maintenance,49
DEL-000694,FL-002953,Weather,29
DEL-000695,FL-002957,Maintenance,25
DEL-000696,FL-002958,Air Traffic Control,143
DEL-000697,FL-002959,Late Aircraft Arrival,43
DEL-000698,FL-002964,Maintenance,29
DEL-000699,FL-002973,Weather,18
DEL-000700,FL-002979,Air Traffic Control,57
DEL-000701,FL-002986,Late Aircraft Arrival,25
DEL-000702,FL-002987,Maintenance,64
DEL-000703,FL-002990,Weather,50
DEL-000704,FL-002998,Late Aircraft Arrival,38
DEL-000705,FL-003004,Air Traffic Control,55
DEL-000706,FL-003005,Late Aircraft Arrival,116
DEL-000707,FL-003006,Late Aircraft Arrival,80
DEL-000708,FL-003007,Late Aircraft Arrival,89
DEL-000709,FL-003012,Maintenance,59
DEL-000710,FL-003013,Air Traffic Control,77
DEL-000711,FL-003015,Maintenance,20
DEL-000712,FL-003025,Late Aircraft Arrival,169
DEL-000713,FL-003032,Late Aircraft Arrival,24
DEL-000714,FL-003037,Maintenance,75
DEL-000715,FL-003040,Air Traffic Control,59
DEL-000716,FL-003042,Weather,166
DEL-000717,FL-003048,Maintenance,34
DEL-000718,FL-003049,Maintenance,24
DEL-000719,FL-003054,Air Traffic Control,40
DEL-000720,FL-003057,Weather,42
DEL-000721,FL-003064,Weather,15
DEL-000722,FL-003067,Security,42
DEL-000723,FL-003068,Late Aircraft Arrival,31
DEL-000724,FL-003072,Maintenance,31
DEL-000725,FL-003076,Weather,31
DEL-000726,FL-003081,Late Aircraft Arrival,38
DEL-000727,FL-003082,Maintenance,20
DEL-000728,FL-003084,Late Aircraft Arrival,89
DEL-000729,FL-003087,Maintenance,80
DEL-000730,FL-003090,Weather,24
DEL-000731,FL-003094,Maintenance,76
DEL-000732,FL-003096,Late Aircraft Arrival,56
DEL-000733,FL-003107,Maintenance,34
DEL-000734,FL-003111,Late Aircraft Arrival,32
DEL-000735,FL-003113,Air Traffic Control,108
DEL-000736,FL-003117,Air Traffic Control,144
DEL-000737,FL-003127,Air Traffic Control,22
DEL-000738,FL-003142,Maintenance,44
DEL-000739,FL-003143,Weather,24
DEL-000740,FL-003145,Late Aircraft Arrival,19
DEL-000741,FL-003150,Late Aircraft Arrival,21
DEL-000742,FL-003171,Weather,43
DEL-000743,FL-003172,Air Traffic Control,34
DEL-000744,FL-003173,Weather,16
DEL-000745,FL-003181,Late Aircraft Arrival,72
DEL-000746,FL-003183,Weather,76
DEL-000747,FL-003185,Air Traffic Control,75
DEL-000748,FL-003193,Weather,31
DEL-000749,FL-003195,Maintenance,86
DEL-000750,FL-003197,Security,33
DEL-000751,FL-003199,Air Traffic Control,47
DEL-000752,FL-003201,Air Traffic Control,42
DEL-000753,FL-003204,Air Traffic Control,30
DEL-000754,FL-003207,Air Traffic Control,16
DEL-000755,FL-003209,Air Traffic Control,41
DEL-000756,FL-003210,Maintenance,15
DEL-000757,FL-003214,Late Aircraft Arrival,17
DEL-000758,FL-003219,Air Traffic Control,38
DEL-000759,FL-003224,Air Traffic Control,29
DEL-000760,FL-003228,Weather,32
DEL-000761,FL-003229,Maintenance,28
DEL-000762,FL-003242,Air Traffic Control,48
DEL-000763,FL-003243,Weather,83
DEL-000764,FL-003246,Air Traffic Control,27
DEL-000765,FL-003248,Air Traffic Control,83
DEL-000766,FL-003251,Weather,59
DEL-000767,FL-003252,Weather,68
DEL-000768,FL-003256,Weather,77
DEL-000769,FL-003261,Weather,135
DEL-000770,FL-003264,Maintenance,67
DEL-000771,FL-003269,Late Aircraft Arrival,73
DEL-000772,FL-003270,Late Aircraft Arrival,61
DEL-000773,FL-003274,Maintenance,94
DEL-000774,FL-003276,Weather,17
DEL-000775,FL-003279,Air Traffic Control,39
DEL-000776,FL-003280,Weather,38
DEL-000777,FL-003297,Air Traffic Control,60
DEL-000778,FL-003299,Late Aircraft Arrival,25
DEL-000779,FL-003304,Air Traffic Control,21
DEL-000780,FL-003308,Weather,27
DEL-000781,FL-003312,Maintenance,29
DEL-000782,FL-003313,Air Traffic Control,16
DEL-000783,FL-003315,Weather,195
DEL-000784,FL-003319,Air Traffic Control,46
DEL-000785,FL-003322,Weather,24
DEL-000786,FL-003324,Late Aircraft Arrival,92
DEL-000787,FL-003325,Air Traffic Control,50
DEL-000788,FL-003327,Weather,120
DEL-000789,FL-003336,Air Traffic Control,40
DEL-000790,FL-003341,Weather,25
DEL-000791,FL-003343,Air Traffic Control,84
DEL-000792,FL-003347,Weather,30
DEL-000793,FL-003351,Late Aircraft Arrival,58
DEL-000794,FL-003352,Late Aircraft Arrival,19
DEL-000795,FL-003357,Late Aircraft Arrival,35
DEL-000796,FL-003358,Maintenance,32
DEL-000797,FL-003360,Air Traffic Control,23
DEL-000798,FL-003361,Air Traffic Control,72
DEL-000799,FL-003365,Maintenance,16
DEL-000800,FL-003369,Late Aircraft Arrival,31
DEL-000801,FL-003370,Weather,29
DEL-000802,FL-003376,Air Traffic Control,56
DEL-000803,FL-003385,Weather,150
DEL-000804,FL-003388,Air Traffic Control,26
DEL-000805,FL-003396,Weather,42
DEL-000806,FL-003399,Security,30
DEL-000807,FL-003410,Air Traffic Control,177
DEL-000808,FL-003415,Weather,18
DEL-000809,FL-003416,Air Traffic Control,51
DEL-000810,FL-003426,Air Traffic Control,16
DEL-000811,FL-003427,Air Traffic Control,145
DEL-000812,FL-003435,Maintenance,31
DEL-000813,FL-003441,Weather,62
DEL-000814,FL-003446,Late Aircraft Arrival,106
DEL-000815,FL-003447,Air Traffic Control,39
DEL-000816,FL-003448,Weather,75
DEL-000817,FL-003450,Air Traffic Control,26
DEL-000818,FL-003456,Weather,33
DEL-000819,FL-003457,Late Aircraft Arrival,75
DEL-000820,FL-003468,Maintenance,140
DEL-000821,FL-003469,Security,26
DEL-000822,FL-003471,Air Traffic Control,64
DEL-000823,FL-003472,Late Aircraft Arrival,16
DEL-000824,FL-003475,Weather,50
DEL-000825,FL-003486,Maintenance,47
DEL-000826,FL-003488,Air Traffic Control,65
DEL-000827,FL-003490,Weather,143
DEL-000828,FL-003492,Air Traffic Control,129
DEL-000829,FL-003494,Maintenance,73
DEL-000830,FL-003497,Late Aircraft Arrival,22
DEL-000831,FL-003501,Security,75
DEL-000832,FL-003502,Weather,97
DEL-000833,FL-003503,Late Aircraft Arrival,50
DEL-000834,FL-003504,Weather,104
DEL-000835,FL-003512,Late Aircraft Arrival,31
DEL-000836,FL-003519,Late Aircraft Arrival,52
DEL-000837,FL-003529,Weather,41
DEL-000838,FL-003538,Late Aircraft Arrival,99
DEL-000839,FL-003539,Weather,25
DEL-000840,FL-003541,Air Traffic Control,71
DEL-000841,FL-003542,Maintenance,36
DEL-000842,FL-003546,Air Traffic Control,28
DEL-000843,FL-003555,Air Traffic Control,62
DEL-000844,FL-003561,Air Traffic Control,43
DEL-000845,FL-003568,Weather,29
DEL-000846,FL-003572,Weather,58
DEL-000847,FL-003577,Weather,72
DEL-000848,FL-003580,Weather,145
DEL-000849,FL-003583,Security,106
DEL-000850,FL-003585,Weather,18
DEL-000851,FL-003586,Air Traffic Control,60
DEL-000852,FL-003590,Air Traffic Control,158
DEL-000853,FL-003592,Air Traffic Control,165
DEL-000854,FL-003597,Late Aircraft Arrival,39
DEL-000855,FL-003599,Weather,43
DEL-000856,FL-003604,Late Aircraft Arrival,15
DEL-000857,FL-003607,Air Traffic Control,60
DEL-000858,FL-003613,Security,15
DEL-000859,FL-003614,Air Traffic Control,53
DEL-000860,FL-003616,Security,25
DEL-000861,FL-003621,Security,115
DEL-000862,FL-003632,Maintenance,86
DEL-000863,FL-003637,Weather,62
DEL-000864,FL-003638,Maintenance,15
DEL-000865,FL-003639,Air Traffic Control,100
DEL-000866,FL-003644,Weather,99
DEL-000867,FL-003648,Security,183
DEL-000868,FL-003651,Late Aircraft Arrival,44
DEL-000869,FL-003660,Weather,17
DEL-000870,FL-003663,Late Aircraft Arrival,58
DEL-000871,FL-003676,Maintenance,53
DEL-000872,FL-003678,Maintenance,125
DEL-000873,FL-003681,Late Aircraft Arrival,29
DEL-000874,FL-003682,Air Traffic Control,49
DEL-000875,FL-003692,Security,31
DEL-000876,FL-003699,Air Traffic Control,21
DEL-000877,FL-003712,Weather,188
DEL-000878,FL-003713,Weather,21
DEL-000879,FL-003714,Weather,114
DEL-000880,FL-003715,Late Aircraft Arrival,102
DEL-000881,FL-003719,Maintenance,54
DEL-000882,FL-003726,Late Aircraft Arrival,40
DEL-000883,FL-003728,Maintenance,50
DEL-000884,FL-003731,Air Traffic Control,17
DEL-000885,FL-003732,Weather,28
DEL-000886,FL-003734,Maintenance,50
DEL-000887,FL-003735,Air Traffic Control,61
DEL-000888,FL-003743,Late Aircraft Arrival,67
DEL-000889,FL-003751,Weather,66
DEL-000890,FL-003759,Weather,28
DEL-000891,FL-003768,Air Traffic Control,49
DEL-000892,FL-003772,Maintenance,21
DEL-000893,FL-003774,Late Aircraft Arrival,42
DEL-000894,FL-003777,Weather,66
DEL-000895,FL-003780,Weather,23
DEL-000896,FL-003781,Air Traffic Control,61
DEL-000897,FL-003788,Maintenance,150
DEL-000898,FL-003796,Air Traffic Control,21
DEL-000899,FL-003798,Air Traffic Control,87
DEL-000900,FL-003805,Weather,57
DEL-000901,FL-003811,Air Traffic Control,130
DEL-000902,FL-003816,Weather,19
DEL-000903,FL-003817,Late Aircraft Arrival,134
DEL-000904,FL-003819,Late Aircraft Arrival,91
DEL-000905,FL-003830,Late Aircraft Arrival,80
DEL-000906,FL-003835,Late Aircraft Arrival,52
DEL-000907,FL-003838,Air Traffic Control,68
DEL-000908,FL-003839,Weather,91
DEL-000909,FL-003843,Maintenance,79
DEL-000910,FL-003854,Air Traffic Control,57
DEL-000911,FL-003855,Air Traffic Control,54
DEL-000912,FL-003857,Maintenance,133
DEL-000913,FL-003859,Air Traffic Control,16
DEL-000914,FL-003870,Weather,36
DEL-000915,FL-003872,Air Traffic Control,39
DEL-000916,FL-003887,Late Aircraft Arrival,21
DEL-000917,FL-003893,Weather,127
DEL-000918,FL-003895,Weather,18
DEL-000919,FL-003898,Late Aircraft Arrival,80
DEL-000920,FL-003902,Air Traffic Control,110
DEL-000921,FL-003910,Weather,16
DEL-000922,FL-003913,Weather,19
DEL-000923,FL-003917,Maintenance,16
DEL-000924,FL-003918,Late Aircraft Arrival,18
DEL-000925,FL-003920,Air Traffic Control,61
DEL-000926,FL-003922,Maintenance,64
DEL-000927,FL-003931,Air Traffic Control,54
DEL-000928,FL-003936,Air Traffic Control,32
DEL-000929,FL-003941,Maintenance,42
DEL-000930,FL-003948,Maintenance,38
DEL-000931,FL-003950,Late Aircraft Arrival,34
DEL-000932,FL-003968,Late Aircraft Arrival,60
DEL-000933,FL-003969,Weather,52
DEL-000934,FL-003970,Air Traffic Control,66
DEL-000935,FL-003972,Late Aircraft Arrival,54
DEL-000936,FL-003976,Air Traffic Control,27
DEL-000937,FL-003992,Security,39
DEL-000938,FL-003998,Air Traffic Control,52
DEL-000939,FL-004003,Maintenance,95
DEL-000940,FL-004005,Weather,79
DEL-000941,FL-004017,Weather,113
DEL-000942,FL-004019,Air Traffic Control,48
DEL-000943,FL-004024,Air Traffic Control,63
DEL-000944,FL-004029,Maintenance,35
DEL-000945,FL-004031,Late Aircraft Arrival,44
DEL-000946,FL-004035,Maintenance,56
DEL-000947,FL-004036,Late Aircraft Arrival,20
DEL-000948,FL-004039,Late Aircraft Arrival,24
DEL-000949,FL-004041,Maintenance,26
DEL-000950,FL-004042,Maintenance,23
DEL-000951,FL-004046,Maintenance,101
DEL-000952,FL-004049,Air Traffic Control,33
DEL-000953,FL-004062,Air Traffic Control,17
DEL-000954,FL-004065,Late Aircraft Arrival,88
DEL-000955,FL-004066,Weather,16
DEL-000956,FL-004076,Maintenance,61
DEL-000957,FL-004077,Air Traffic Control,24
DEL-000958,FL-004083,Weather,148
DEL-000959,FL-004088,Air Traffic Control,329
DEL-000960,FL-004091,Weather,41
DEL-000961,FL-004093,Weather,62
DEL-000962,FL-004096,Late Aircraft Arrival,29
DEL-000963,FL-004097,Maintenance,15
DEL-000964,FL-004100,Late Aircraft Arrival,22
DEL-000965,FL-004112,Security,38
DEL-000966,FL-004118,Late Aircraft Arrival,35
DEL-000967,FL-004120,Weather,146
DEL-000968,FL-004131,Weather,18
DEL-000969,FL-004144,Security,97
DEL-000970,FL-004147,Air Traffic Control,108
DEL-000971,FL-004149,Late Aircraft Arrival,83
DEL-000972,FL-004154,Maintenance,16
DEL-000973,FL-004157,Maintenance,16
DEL-000974,FL-004159,Maintenance,60
DEL-000975,FL-004176,Air Traffic Control,45
DEL-000976,FL-004178,Late Aircraft Arrival,40
DEL-000977,FL-004182,Air Traffic Control,20
DEL-000978,FL-004188,Weather,26
DEL-000979,FL-004191,Late Aircraft Arrival,41
DEL-000980,FL-004200,Air Traffic Control,70
DEL-000981,FL-004201,Weather,17
DEL-000982,FL-004204,Air Traffic Control,102
DEL-000983,FL-004208,Security,70
DEL-000984,FL-004210,Maintenance,39
DEL-000985,FL-004214,Air Traffic Control,214
DEL-000986,FL-004215,Air Traffic Control,38
DEL-000987,FL-004219,Weather,29
DEL-000988,FL-004220,Maintenance,46
DEL-000989,FL-004224,Late Aircraft Arrival,44
DEL-000990,FL-004226,Air Traffic Control,29
DEL-000991,FL-004227,Security,35
DEL-000992,FL-004230,Late Aircraft Arrival,24
DEL-000993,FL-004241,Air Traffic Control,31
DEL-000994,FL-004242,Air Traffic Control,48
DEL-000995,FL-004244,Air Traffic Control,20
DEL-000996,FL-004247,Maintenance,92
DEL-000997,FL-004251,Air Traffic Control,70
DEL-000998,FL-004252,Air Traffic Control,15
DEL-000999,FL-004254,Late Aircraft Arrival,37
DEL-001000,FL-004259,Late Aircraft Arrival,52
DEL-001001,FL-004261,Weather,42
DEL-001002,FL-004265,Air Traffic Control,39
DEL-001003,FL-004269,Weather,29
DEL-001004,FL-004271,Air Traffic Control,80
DEL-001005,FL-004274,Late Aircraft Arrival,65
DEL-001006,FL-004275,Late Aircraft Arrival,124
DEL-001007,FL-004279,Late Aircraft Arrival,122
DEL-001008,FL-004287,Air Traffic Control,39
DEL-001009,FL-004289,Late Aircraft Arrival,38
DEL-001010,FL-004294,Air Traffic Control,17
DEL-001011,FL-004304,Air Traffic Control,30
DEL-001012,FL-004305,Maintenance,31
DEL-001013,FL-004308,Air Traffic Control,124
DEL-001014,FL-004310,Maintenance,45
DEL-001015,FL-004315,Air Traffic Control,26
DEL-001016,FL-004319,Weather,44
DEL-001017,FL-004320,Maintenance,37
DEL-001018,FL-004321,Late Aircraft Arrival,82
DEL-001019,FL-004325,Maintenance,23
DEL-001020,FL-004329,Maintenance,22
DEL-001021,FL-004331,Air Traffic Control,169
DEL-001022,FL-004340,Maintenance,36
DEL-001023,FL-004342,Weather,16
DEL-001024,FL-004344,Weather,85
DEL-001025,FL-004349,Security,30
DEL-001026,FL-004352,Air Traffic Control,15
DEL-001027,FL-004353,Air Traffic Control,43
DEL-001028,FL-004359,Weather,85
DEL-001029,FL-004361,Air Traffic Control,127
DEL-001030,FL-004365,Air Traffic Control,51
DEL-001031,FL-004374,Weather,21
DEL-001032,FL-004376,Weather,70
DEL-001033,FL-004377,Maintenance,134
DEL-001034,FL-004379,Maintenance,75
DEL-001035,FL-004381,Late Aircraft Arrival,32
DEL-001036,FL-004386,Late Aircraft Arrival,125
DEL-001037,FL-004392,Security,37
DEL-001038,FL-004395,Air Traffic Control,78
DEL-001039,FL-004397,Weather,33
DEL-001040,FL-004401,Air Traffic Control,95
DEL-001041,FL-004417,Late Aircraft Arrival,39
DEL-001042,FL-004418,Maintenance,24
DEL-001043,FL-004420,Maintenance,21
DEL-001044,FL-004421,Maintenance,42
DEL-001045,FL-004423,Air Traffic Control,50
DEL-001046,FL-004426,Weather,43
DEL-001047,FL-004427,Maintenance,56
DEL-001048,FL-004441,Air Traffic Control,41
DEL-001049,FL-004444,Maintenance,58
DEL-001050,FL-004445,Weather,74
DEL-001051,FL-004450,Maintenance,35
DEL-001052,FL-004455,Maintenance,33
DEL-001053,FL-004457,Late Aircraft Arrival,30
DEL-001054,FL-004458,Air Traffic Control,71
DEL-001055,FL-004459,Weather,79
DEL-001056,FL-004475,Security,24
DEL-001057,FL-004477,Maintenance,66
DEL-001058,FL-004481,Late Aircraft Arrival,74
DEL-001059,FL-004483,Weather,147
DEL-001060,FL-004485,Air Traffic Control,86
DEL-001061,FL-004488,Weather,115
DEL-001062,FL-004492,Air Traffic Control,133
DEL-001063,FL-004497,Late Aircraft Arrival,18
DEL-001064,FL-004498,Air Traffic Control,16
DEL-001065,FL-004517,Air Traffic Control,19
DEL-001066,FL-004518,Air Traffic Control,45
DEL-001067,FL-004520,Maintenance,44
DEL-001068,FL-004527,Maintenance,29
DEL-001069,FL-004536,Air Traffic Control,16
DEL-001070,FL-004543,Air Traffic Control,15
DEL-001071,FL-004551,Weather,62
DEL-001072,FL-004553,Security,23
DEL-001073,FL-004555,Maintenance,54
DEL-001074,FL-004558,Security,46
DEL-001075,FL-004565,Weather,37
DEL-001076,FL-004567,Air Traffic Control,62
DEL-001077,FL-004572,Air Traffic Control,18
DEL-001078,FL-004576,Late Aircraft Arrival,25
DEL-001079,FL-004578,Weather,23
DEL-001080,FL-004586,Late Aircraft Arrival,24
DEL-001081,FL-004588,Air Traffic Control,85
DEL-001082,FL-004589,Security,46
DEL-001083,FL-004591,Air Traffic Control,22
DEL-001084,FL-004596,Maintenance,72
DEL-001085,FL-004605,Late Aircraft Arrival,83
DEL-001086,FL-004614,Weather,81
DEL-001087,FL-004617,Weather,31
DEL-001088,FL-004620,Air Traffic Control,16
DEL-001089,FL-004626,Maintenance,87
DEL-001090,FL-004627,Late Aircraft Arrival,35
DEL-001091,FL-004643,Maintenance,33
DEL-001092,FL-004648,Air Traffic Control,15
DEL-001093,FL-004656,Air Traffic Control,21
DEL-001094,FL-004660,Weather,73
DEL-001095,FL-004662,Security,62
DEL-001096,FL-004664,Late Aircraft Arrival,88
DEL-001097,FL-004668,Maintenance,23
DEL-001098,FL-004685,Weather,20
DEL-001099,FL-004687,Weather,26
DEL-001100,FL-004692,Air Traffic Control,70
DEL-001101,FL-004696,Maintenance,44
DEL-001102,FL-004706,Maintenance,52
DEL-001103,FL-004711,Weather,215
DEL-001104,FL-004715,Air Traffic Control,30
DEL-001105,FL-004724,Weather,50
DEL-001106,FL-004729,Weather,16
DEL-001107,FL-004733,Weather,62
DEL-001108,FL-004735,Late Aircraft Arrival,79
DEL-001109,FL-004747,Maintenance,176
DEL-001110,FL-004749,Late Aircraft Arrival,45
DEL-001111,FL-004754,Weather,36
DEL-001112,FL-004758,Weather,19
DEL-001113,FL-004766,Air Traffic Control,88
DEL-001114,FL-004768,Late Aircraft Arrival,25
DEL-001115,FL-004771,Weather,25
DEL-001116,FL-004788,Air Traffic Control,32
DEL-001117,FL-004789,Late Aircraft Arrival,24
DEL-001118,FL-004791,Air Traffic Control,132
DEL-001119,FL-004792,Maintenance,18
DEL-001120,FL-004793,Security,25
DEL-001121,FL-004794,Maintenance,138
DEL-001122,FL-004797,Weather,15
DEL-001123,FL-004798,Weather,63
DEL-001124,FL-004802,Late Aircraft Arrival,50
DEL-001125,FL-004810,Late Aircraft Arrival,26
DEL-001126,FL-004812,Weather,52
DEL-001127,FL-004813,Weather,34
DEL-001128,FL-004816,Late Aircraft Arrival,39
DEL-001129,FL-004817,Late Aircraft Arrival,17
DEL-001130,FL-004826,Air Traffic Control,28
DEL-001131,FL-004828,Maintenance,80
DEL-001132,FL-004830,Weather,32
DEL-001133,FL-004833,Air Traffic Control,74
DEL-001134,FL-004834,Late Aircraft Arrival,16
DEL-001135,FL-004837,Maintenance,89
DEL-001136,FL-004838,Maintenance,16
DEL-001137,FL-004840,Air Traffic Control,39
DEL-001138,FL-004843,Air Traffic Control,34
DEL-001139,FL-004858,Late Aircraft Arrival,65
DEL-001140,FL-004861,Maintenance,27
DEL-001141,FL-004869,Air Traffic Control,64
DEL-001142,FL-004871,Air Traffic Control,64
DEL-001143,FL-004872,Air Traffic Control,33
DEL-001144,FL-004882,Late Aircraft Arrival,142
DEL-001145,FL-004885,Air Traffic Control,89
DEL-001146,FL-004897,Weather,117
DEL-001147,FL-004899,Late Aircraft Arrival,33
DEL-001148,FL-004904,Late Aircraft Arrival,28
DEL-001149,FL-004905,Air Traffic Control,19
DEL-001150,FL-004908,Air Traffic Control,112
DEL-001151,FL-004918,Air Traffic Control,68
DEL-001152,FL-004920,Late Aircraft Arrival,58
DEL-001153,FL-004921,Air Traffic Control,155
DEL-001154,FL-004922,Air Traffic Control,56
DEL-001155,FL-004923,Air Traffic Control,15
DEL-001156,FL-004931,Weather,30
DEL-001157,FL-004936,Weather,48
DEL-001158,FL-004939,Air Traffic Control,44
DEL-001159,FL-004943,Maintenance,17
DEL-001160,FL-004949,Security,25
DEL-001161,FL-004953,Maintenance,33
DEL-001162,FL-004957,Air Traffic Control,107
DEL-001163,FL-004958,Late Aircraft Arrival,20
DEL-001164,FL-004959,Air Traffic Control,49
DEL-001165,FL-004960,Maintenance,63
DEL-001166,FL-004968,Late Aircraft Arrival,20
DEL-001167,FL-004977,Late Aircraft Arrival,15
DEL-001168,FL-004980,Air Traffic Control,74
DEL-001169,FL-004981,Air Traffic Control,17
DEL-001170,FL-004984,Air Traffic Control,158
DEL-001171,FL-004988,Air Traffic Control,27
DEL-001172,FL-004990,Weather,42
DEL-001173,FL-004991,Late Aircraft Arrival,84
DEL-001174,FL-004992,Air Traffic Control,15
DEL-001175,FL-004994,Weather,62
DEL-001176,FL-004997,Weather,34
DEL-001177,FL-004998,Weather,34
DEL-001178,FL-005002,Weather,71
DEL-001179,FL-005005,Security,38
DEL-001180,FL-005010,Late Aircraft Arrival,65
DEL-001181,FL-005013,Security,156
DEL-001182,FL-005018,Security,29
DEL-001183,FL-005020,Air Traffic Control,80
DEL-001184,FL-005033,Weather,27
DEL-001185,FL-005043,Air Traffic Control,50
DEL-001186,FL-005048,Air Traffic Control,78
DEL-001187,FL-005057,Late Aircraft Arrival,135
DEL-001188,FL-005061,Air Traffic Control,16
DEL-001189,FL-005065,Late Aircraft Arrival,122
DEL-001190,FL-005066,Late Aircraft Arrival,68
DEL-001191,FL-005069,Air Traffic Control,15
DEL-001192,FL-005075,Air Traffic Control,18
DEL-001193,FL-005078,Late Aircraft Arrival,56
DEL-001194,FL-005079,Maintenance,15
DEL-001195,FL-005098,Maintenance,57
DEL-001196,FL-005103,Maintenance,169
DEL-001197,FL-005105,Weather,34
DEL-001198,FL-005110,Security,35
DEL-001199,FL-005117,Maintenance,68
DEL-001200,FL-005124,Weather,140
DEL-001201,FL-005128,Air Traffic Control,17
DEL-001202,FL-005132,Maintenance,58
DEL-001203,FL-005134,Weather,40
DEL-001204,FL-005137,Weather,82
DEL-001205,FL-005139,Maintenance,89
DEL-001206,FL-005141,Late Aircraft Arrival,28
DEL-001207,FL-005145,Weather,87
DEL-001208,FL-005148,Weather,25
DEL-001209,FL-005153,Security,103
DEL-001210,FL-005154,Late Aircraft Arrival,24
DEL-001211,FL-005155,Late Aircraft Arrival,27
DEL-001212,FL-005164,Air Traffic Control,37
DEL-001213,FL-005170,Late Aircraft Arrival,31
DEL-001214,FL-005172,Weather,52
DEL-001215,FL-005173,Weather,21
DEL-001216,FL-005184,Air Traffic Control,51
DEL-001217,FL-005186,Maintenance,15
DEL-001218,FL-005193,Weather,37
DEL-001219,FL-005194,Weather,71
DEL-001220,FL-005196,Late Aircraft Arrival,15
DEL-001221,FL-005206,Weather,41
DEL-001222,FL-005210,Security,88
DEL-001223,FL-005211,Air Traffic Control,19
DEL-001224,FL-005215,Security,58
DEL-001225,FL-005223,Maintenance,52
DEL-001226,FL-005224,Air Traffic Control,199
DEL-001227,FL-005229,Air Traffic Control,88
DEL-001228,FL-005230,Maintenance,17
DEL-001229,FL-005231,Air Traffic Control,51
DEL-001230,FL-005244,Late Aircraft Arrival,19
DEL-001231,FL-005260,Weather,52
DEL-001232,FL-005263,Weather,61
DEL-001233,FL-005270,Late Aircraft Arrival,83
DEL-001234,FL-005273,Maintenance,42
DEL-001235,FL-005274,Late Aircraft Arrival,78
DEL-001236,FL-005281,Maintenance,112
DEL-001237,FL-005292,Weather,34
DEL-001238,FL-005293,Weather,94
DEL-001239,FL-005298,Weather,61
DEL-001240,FL-005301,Air Traffic Control,82
DEL-001241,FL-005305,Late Aircraft Arrival,20
DEL-001242,FL-005309,Weather,180
DEL-001243,FL-005311,Late Aircraft Arrival,24
DEL-001244,FL-005314,Air Traffic Control,15
DEL-001245,FL-005320,Late Aircraft Arrival,57
DEL-001246,FL-005321,Maintenance,46
DEL-001247,FL-005331,Air Traffic Control,26
DEL-001248,FL-005333,Air Traffic Control,51
DEL-001249,FL-005338,Air Traffic Control,39
DEL-001250,FL-005342,Late Aircraft Arrival,126
DEL-001251,FL-005343,Air Traffic Control,86
DEL-001252,FL-005345,Air Traffic Control,18
DEL-001253,FL-005348,Maintenance,44
DEL-001254,FL-005355,Air Traffic Control,30
DEL-001255,FL-005360,Maintenance,17
DEL-001256,FL-005365,Weather,18
DEL-001257,FL-005367,Air Traffic Control,38
DEL-001258,FL-005368,Air Traffic Control,69
DEL-001259,FL-005369,Maintenance,17
DEL-001260,FL-005375,Maintenance,51
DEL-001261,FL-005380,Air Traffic Control,150
DEL-001262,FL-005384,Weather,43
DEL-001263,FL-005398,Air Traffic Control,138
DEL-001264,FL-005409,Maintenance,114
DEL-001265,FL-005410,Air Traffic Control,46
DEL-001266,FL-005413,Late Aircraft Arrival,185
DEL-001267,FL-005416,Maintenance,168
DEL-001268,FL-005432,Maintenance,139
DEL-001269,FL-005435,Late Aircraft Arrival,142
DEL-001270,FL-005437,Late Aircraft Arrival,36
DEL-001271,FL-005438,Weather,84
DEL-001272,FL-005446,Maintenance,19
DEL-001273,FL-005451,Weather,55
DEL-001274,FL-005456,Weather,30
DEL-001275,FL-005457,Late Aircraft Arrival,73
DEL-001276,FL-005460,Weather,17
DEL-001277,FL-005463,Weather,27
DEL-001278,FL-005464,Maintenance,19
DEL-001279,FL-005466,Late Aircraft Arrival,20
DEL-001280,FL-005474,Maintenance,53
DEL-001281,FL-005478,Air Traffic Control,112
DEL-001282,FL-005479,Weather,20
DEL-001283,FL-005482,Late Aircraft Arrival,37
DEL-001284,FL-005483,Late Aircraft Arrival,48
DEL-001285,FL-005501,Late Aircraft Arrival,61
DEL-001286,FL-005508,Weather,28
DEL-001287,FL-005509,Late Aircraft Arrival,21
DEL-001288,FL-005511,Air Traffic Control,34
DEL-001289,FL-005523,Security,54
DEL-001290,FL-005525,Air Traffic Control,65
DEL-001291,FL-005528,Air Traffic Control,16
DEL-001292,FL-005537,Air Traffic Control,111
DEL-001293,FL-005542,Weather,17
DEL-001294,FL-005552,Air Traffic Control,105
DEL-001295,FL-005554,Air Traffic Control,30
DEL-001296,FL-005556,Maintenance,15
DEL-001297,FL-005563,Weather,58
DEL-001298,FL-005565,Air Traffic Control,22
DEL-001299,FL-005568,Air Traffic Control,49
DEL-001300,FL-005576,Late Aircraft Arrival,117
DEL-001301,FL-005580,Weather,139
DEL-001302,FL-005582,Weather,38
DEL-001303,FL-005584,Maintenance,55
DEL-001304,FL-005587,Air Traffic Control,50
DEL-001305,FL-005592,Weather,49
DEL-001306,FL-005598,Air Traffic Control,27
DEL-001307,FL-005604,Security,57
DEL-001308,FL-005613,Weather,22
DEL-001309,FL-005617,Air Traffic Control,23
DEL-001310,FL-005623,Weather,45
DEL-001311,FL-005633,Maintenance,77
DEL-001312,FL-005639,Weather,26
DEL-001313,FL-005640,Air Traffic Control,56
DEL-001314,FL-005645,Maintenance,58
DEL-001315,FL-005647,Maintenance,54
DEL-001316,FL-005662,Weather,64
DEL-001317,FL-005666,Air Traffic Control,85
DEL-001318,FL-005687,Maintenance,55
DEL-001319,FL-005692,Air Traffic Control,51
DEL-001320,FL-005693,Air Traffic Control,24
DEL-001321,FL-005704,Security,83
DEL-001322,FL-005710,Maintenance,255
DEL-001323,FL-005726,Security,82
DEL-001324,FL-005728,Security,155
DEL-001325,FL-005730,Late Aircraft Arrival,19
DEL-001326,FL-005738,Late Aircraft Arrival,188
DEL-001327,FL-005741,Air Traffic Control,73
DEL-001328,FL-005748,Maintenance,42
DEL-001329,FL-005751,Air Traffic Control,17
DEL-001330,FL-005753,Weather,23
DEL-001331,FL-005763,Air Traffic Control,115
DEL-001332,FL-005764,Air Traffic Control,68
DEL-001333,FL-005768,Maintenance,74
DEL-001334,FL-005774,Weather,52
DEL-001335,FL-005776,Air Traffic Control,39
DEL-001336,FL-005777,Late Aircraft Arrival,113
DEL-001337,FL-005792,Air Traffic Control,184
DEL-001338,FL-005793,Late Aircraft Arrival,50
DEL-001339,FL-005797,Late Aircraft Arrival,103
DEL-001340,FL-005800,Late Aircraft Arrival,46
DEL-001341,FL-005803,Air Traffic Control,29
DEL-001342,FL-005805,Air Traffic Control,19
DEL-001343,FL-005806,Air Traffic Control,30
DEL-001344,FL-005814,Air Traffic Control,25
DEL-001345,FL-005818,Air Traffic Control,42
DEL-001346,FL-005824,Air Traffic Control,244
DEL-001347,FL-005832,Air Traffic Control,54
DEL-001348,FL-005835,Maintenance,42
DEL-001349,FL-005836,Maintenance,36
DEL-001350,FL-005838,Late Aircraft Arrival,49
DEL-001351,FL-005839,Maintenance,18
DEL-001352,FL-005841,Weather,49
DEL-001353,FL-005844,Weather,66
DEL-001354,FL-005845,Late Aircraft Arrival,80
DEL-001355,FL-005849,Air Traffic Control,27
DEL-001356,FL-005863,Air Traffic Control,23
DEL-001357,FL-005867,Air Traffic Control,78
DEL-001358,FL-005872,Security,55
DEL-001359,FL-005875,Late Aircraft Arrival,164
DEL-001360,FL-005879,Air Traffic Control,34
DEL-001361,FL-005881,Weather,17
DEL-001362,FL-005891,Late Aircraft Arrival,104
DEL-001363,FL-005894,Security,67
DEL-001364,FL-005897,Maintenance,81
DEL-001365,FL-005904,Air Traffic Control,53
DEL-001366,FL-005905,Late Aircraft Arrival,62
DEL-001367,FL-005911,Maintenance,158
DEL-001368,FL-005915,Late Aircraft Arrival,58
DEL-001369,FL-005916,Late Aircraft Arrival,21
DEL-001370,FL-005922,Maintenance,26
DEL-001371,FL-005927,Air Traffic Control,46
DEL-001372,FL-005931,Weather,88
DEL-001373,FL-005939,Air Traffic Control,137
DEL-001374,FL-005951,Weather,49
DEL-001375,FL-005955,Weather,49
DEL-001376,FL-005959,Late Aircraft Arrival,28
DEL-001377,FL-005960,Air Traffic Control,29
DEL-001378,FL-005963,Weather,60
DEL-001379,FL-005970,Air Traffic Control,19
DEL-001380,FL-005971,Maintenance,26
DEL-001381,FL-005974,Weather,35
DEL-001382,FL-005978,Air Traffic Control,67
DEL-001383,FL-005989,Weather,18
DEL-001384,FL-005991,Air Traffic Control,103
DEL-001385,FL-005992,Maintenance,82
DEL-001386,FL-005993,Maintenance,22
DEL-001387,FL-005995,Security,342
DEL-001388,FL-005999,Air Traffic Control,30
DEL-001389,FL-006006,Air Traffic Control,76
DEL-001390,FL-006013,Weather,19
DEL-001391,FL-006016,Weather,53
DEL-001392,FL-006018,Weather,26
DEL-001393,FL-006019,Weather,47
DEL-001394,FL-006023,Air Traffic Control,22
DEL-001395,FL-006035,Weather,52
DEL-001396,FL-006036,Weather,102
DEL-001397,FL-006046,Late Aircraft Arrival,45
DEL-001398,FL-006048,Late Aircraft Arrival,21
DEL-001399,FL-006049,Weather,26
DEL-001400,FL-006051,Late Aircraft Arrival,154
DEL-001401,FL-006061,Weather,62
DEL-001402,FL-006064,Late Aircraft Arrival,33
DEL-001403,FL-006068,Security,25
DEL-001404,FL-006081,Security,39
DEL-001405,FL-006089,Weather,29
DEL-001406,FL-006099,Air Traffic Control,25
DEL-001407,FL-006100,Weather,55
DEL-001408,FL-006104,Maintenance,24
DEL-001409,FL-006109,Late Aircraft Arrival,74
DEL-001410,FL-006112,Late Aircraft Arrival,71
DEL-001411,FL-006122,Air Traffic Control,50
DEL-001412,FL-006126,Maintenance,105
DEL-001413,FL-006132,Air Traffic Control,72
DEL-001414,FL-006144,Air Traffic Control,41
DEL-001415,FL-006145,Maintenance,35
DEL-001416,FL-006146,Maintenance,32
DEL-001417,FL-006149,Weather,49
DEL-001418,FL-006151,Late Aircraft Arrival,15
DEL-001419,FL-006155,Maintenance,15
DEL-001420,FL-006157,Maintenance,17
DEL-001421,FL-006158,Weather,27
DEL-001422,FL-006166,Late Aircraft Arrival,64
DEL-001423,FL-006168,Late Aircraft Arrival,61
DEL-001424,FL-006176,Air Traffic Control,87
DEL-001425,FL-006179,Air Traffic Control,41
DEL-001426,FL-006181,Late Aircraft Arrival,129
DEL-001427,FL-006183,Maintenance,31
DEL-001428,FL-006188,Air Traffic Control,124
DEL-001429,FL-006189,Security,83
DEL-001430,FL-006193,Late Aircraft Arrival,51
DEL-001431,FL-006196,Weather,21
DEL-001432,FL-006203,Late Aircraft Arrival,55
DEL-001433,FL-006207,Security,28
DEL-001434,FL-006208,Maintenance,82
DEL-001435,FL-006216,Air Traffic Control,35
DEL-001436,FL-006217,Late Aircraft Arrival,35
DEL-001437,FL-006224,Late Aircraft Arrival,126
DEL-001438,FL-006225,Late Aircraft Arrival,63
DEL-001439,FL-006226,Maintenance,34
DEL-001440,FL-006232,Maintenance,29
DEL-001441,FL-006236,Maintenance,24
DEL-001442,FL-006241,Late Aircraft Arrival,20
DEL-001443,FL-006245,Air Traffic Control,25
DEL-001444,FL-006249,Air Traffic Control,30
DEL-001445,FL-006254,Air Traffic Control,24
DEL-001446,FL-006256,Weather,48
DEL-001447,FL-006257,Air Traffic Control,30
DEL-001448,FL-006270,Maintenance,85
DEL-001449,FL-006271,Weather,19
DEL-001450,FL-006282,Weather,24
DEL-001451,FL-006284,Weather,55
DEL-001452,FL-006287,Weather,82
DEL-001453,FL-006289,Weather,23
DEL-001454,FL-006290,Maintenance,35
DEL-001455,FL-006292,Maintenance,43
DEL-001456,FL-006295,Air Traffic Control,55
DEL-001457,FL-006300,Air Traffic Control,55
DEL-001458,FL-006301,Air Traffic Control,124
DEL-001459,FL-006314,Late Aircraft Arrival,106
DEL-001460,FL-006322,Air Traffic Control,18
DEL-001461,FL-006324,Weather,69
DEL-001462,FL-006331,Weather,27
DEL-001463,FL-006334,Late Aircraft Arrival,49
DEL-001464,FL-006338,Weather,19
DEL-001465,FL-006341,Late Aircraft Arrival,107
DEL-001466,FL-006344,Weather,131
DEL-001467,FL-006348,Air Traffic Control,23
DEL-001468,FL-006354,Late Aircraft Arrival,132
DEL-001469,FL-006357,Weather,43
DEL-001470,FL-006360,Air Traffic Control,38
DEL-001471,FL-006366,Air Traffic Control,76
DEL-001472,FL-006368,Security,89
DEL-001473,FL-006370,Weather,58
DEL-001474,FL-006374,Air Traffic Control,49
DEL-001475,FL-006375,Weather,98
DEL-001476,FL-006379,Air Traffic Control,49
DEL-001477,FL-006381,Late Aircraft Arrival,15
DEL-001478,FL-006382,Weather,49
DEL-001479,FL-006401,Weather,43
DEL-001480,FL-006408,Maintenance,16
DEL-001481,FL-006419,Weather,15
DEL-001482,FL-006420,Weather,97
DEL-001483,FL-006422,Security,56
DEL-001484,FL-006423,Security,29
DEL-001485,FL-006427,Security,343
DEL-001486,FL-006437,Late Aircraft Arrival,94
DEL-001487,FL-006447,Weather,111
DEL-001488,FL-006479,Maintenance,19
DEL-001489,FL-006480,Weather,54
DEL-001490,FL-006481,Maintenance,97
DEL-001491,FL-006485,Weather,29
DEL-001492,FL-006497,Weather,33
DEL-001493,FL-006500,Maintenance,67
DEL-001494,FL-006501,Maintenance,93
DEL-001495,FL-006502,Late Aircraft Arrival,30
DEL-001496,FL-006504,Maintenance,78
DEL-001497,FL-006507,Air Traffic Control,86
DEL-001498,FL-006512,Weather,19
DEL-001499,FL-006513,Air Traffic Control,32
DEL-001500,FL-006514,Weather,94
DEL-001501,FL-006516,Air Traffic Control,24
DEL-001502,FL-006520,Maintenance,29
DEL-001503,FL-006522,Late Aircraft Arrival,45
DEL-001504,FL-006526,Air Traffic Control,34
DEL-001505,FL-006531,Weather,21
DEL-001506,FL-006534,Security,82
DEL-001507,FL-006541,Maintenance,62
DEL-001508,FL-006547,Late Aircraft Arrival,65
DEL-001509,FL-006555,Weather,147
DEL-001510,FL-006559,Air Traffic Control,62
DEL-001511,FL-006567,Air Traffic Control,48
DEL-001512,FL-006568,Air Traffic Control,23
DEL-001513,FL-006570,Air Traffic Control,75
DEL-001514,FL-006571,Weather,71
DEL-001515,FL-006575,Weather,31
DEL-001516,FL-006579,Late Aircraft Arrival,51
DEL-001517,FL-006581,Late Aircraft Arrival,29
DEL-001518,FL-006593,Security,62
DEL-001519,FL-006602,Maintenance,68
DEL-001520,FL-006606,Air Traffic Control,137
DEL-001521,FL-006608,Air Traffic Control,146
DEL-001522,FL-006612,Weather,70
DEL-001523,FL-006615,Late Aircraft Arrival,24
DEL-001524,FL-006616,Weather,287
DEL-001525,FL-006638,Weather,19
DEL-001526,FL-006639,Security,81
DEL-001527,FL-006640,Air Traffic Control,32
DEL-001528,FL-006650,Air Traffic Control,22
DEL-001529,FL-006664,Weather,59
DEL-001530,FL-006666,Air Traffic Control,31
DEL-001531,FL-006670,Maintenance,17
DEL-001532,FL-006671,Late Aircraft Arrival,58
DEL-001533,FL-006675,Weather,46
DEL-001534,FL-006681,Air Traffic Control,92
DEL-001535,FL-006688,Late Aircraft Arrival,26
DEL-001536,FL-006700,Late Aircraft Arrival,91
DEL-001537,FL-006701,Late Aircraft Arrival,50
DEL-001538,FL-006711,Late Aircraft Arrival,16
DEL-001539,FL-006718,Air Traffic Control,35
DEL-001540,FL-006728,Air Traffic Control,48
DEL-001541,FL-006729,Air Traffic Control,77
DEL-001542,FL-006730,Maintenance,18
DEL-001543,FL-006740,Weather,109
DEL-001544,FL-006748,Weather,80
DEL-001545,FL-006750,Maintenance,120
DEL-001546,FL-006751,Maintenance,21
DEL-001547,FL-006755,Weather,47
DEL-001548,FL-006758,Weather,40
DEL-001549,FL-006764,Weather,89
DEL-001550,FL-006774,Air Traffic Control,34
DEL-001551,FL-006777,Weather,38
DEL-001552,FL-006778,Maintenance,71
DEL-001553,FL-006784,Air Traffic Control,24
DEL-001554,FL-006790,Air Traffic Control,52
DEL-001555,FL-006794,Maintenance,19
DEL-001556,FL-006800,Security,38
DEL-001557,FL-006801,Late Aircraft Arrival,19
DEL-001558,FL-006804,Air Traffic Control,40
DEL-001559,FL-006806,Weather,32
DEL-001560,FL-006818,Air Traffic Control,58
DEL-001561,FL-006819,Weather,26
DEL-001562,FL-006828,Weather,27
DEL-001563,FL-006829,Air Traffic Control,21
DEL-001564,FL-006831,Late Aircraft Arrival,19
DEL-001565,FL-006833,Late Aircraft Arrival,53
DEL-001566,FL-006842,Weather,24
DEL-001567,FL-006843,Maintenance,20
DEL-001568,FL-006850,Maintenance,54
DEL-001569,FL-006851,Weather,44
DEL-001570,FL-006852,Late Aircraft Arrival,93
DEL-001571,FL-006861,Air Traffic Control,55
DEL-001572,FL-006866,Maintenance,39
DEL-001573,FL-006867,Maintenance,47
DEL-001574,FL-006869,Air Traffic Control,26
DEL-001575,FL-006870,Weather,165
DEL-001576,FL-006872,Weather,124
DEL-001577,FL-006874,Late Aircraft Arrival,148
DEL-001578,FL-006878,Air Traffic Control,40
DEL-001579,FL-006882,Maintenance,28
DEL-001580,FL-006889,Maintenance,33
DEL-001581,FL-006897,Air Traffic Control,51
DEL-001582,FL-006898,Air Traffic Control,33
DEL-001583,FL-006901,Maintenance,21
DEL-001584,FL-006904,Late Aircraft Arrival,70
DEL-001585,FL-006905,Late Aircraft Arrival,84
DEL-001586,FL-006921,Weather,29
DEL-001587,FL-006924,Late Aircraft Arrival,78
DEL-001588,FL-006926,Weather,38
DEL-001589,FL-006927,Air Traffic Control,62
DEL-001590,FL-006935,Weather,90
DEL-001591,FL-006936,Air Traffic Control,55
DEL-001592,FL-006937,Late Aircraft Arrival,56
DEL-001593,FL-006944,Late Aircraft Arrival,79
DEL-001594,FL-006945,Maintenance,109
DEL-001595,FL-006950,Air Traffic Control,28
DEL-001596,FL-006951,Maintenance,32
DEL-001597,FL-006957,Late Aircraft Arrival,92
DEL-001598,FL-006964,Late Aircraft Arrival,65
DEL-001599,FL-006971,Air Traffic Control,147
DEL-001600,FL-006977,Air Traffic Control,35
DEL-001601,FL-006982,Air Traffic Control,19
DEL-001602,FL-006986,Late Aircraft Arrival,34
DEL-001603,FL-006994,Maintenance,49
DEL-001604,FL-006998,Weather,62
DEL-001605,FL-007003,Weather,69
DEL-001606,FL-007004,Weather,15
DEL-001607,FL-007008,Maintenance,59
DEL-001608,FL-007010,Weather,45
DEL-001609,FL-007011,Late Aircraft Arrival,55
DEL-001610,FL-007014,Late Aircraft Arrival,67
DEL-001611,FL-007018,Air Traffic Control,15
DEL-001612,FL-007019,Air Traffic Control,39
DEL-001613,FL-007034,Late Aircraft Arrival,23
DEL-001614,FL-007036,Weather,113
DEL-001615,FL-007040,Security,232
DEL-001616,FL-007045,Weather,30
DEL-001617,FL-007054,Maintenance,159
DEL-001618,FL-007060,Maintenance,46
DEL-001619,FL-007072,Security,60
DEL-001620,FL-007081,Maintenance,67
DEL-001621,FL-007090,Weather,75
DEL-001622,FL-007095,Weather,17
DEL-001623,FL-007107,Weather,50
DEL-001624,FL-007114,Maintenance,30
DEL-001625,FL-007116,Air Traffic Control,20
DEL-001626,FL-007118,Air Traffic Control,41
DEL-001627,FL-007121,Weather,59
DEL-001628,FL-007127,Late Aircraft Arrival,40
DEL-001629,FL-007129,Late Aircraft Arrival,15
DEL-001630,FL-007142,Security,43
DEL-001631,FL-007143,Air Traffic Control,104
DEL-001632,FL-007146,Maintenance,40
DEL-001633,FL-007149,Late Aircraft Arrival,57
DEL-001634,FL-007154,Air Traffic Control,33
DEL-001635,FL-007155,Weather,57
DEL-001636,FL-007160,Security,111
DEL-001637,FL-007161,Air Traffic Control,22
DEL-001638,FL-007163,Air Traffic Control,29
DEL-001639,FL-007165,Maintenance,15
DEL-001640,FL-007169,Weather,63
DEL-001641,FL-007176,Maintenance,105
DEL-001642,FL-007181,Maintenance,138
DEL-001643,FL-007184,Air Traffic Control,46
DEL-001644,FL-007193,Maintenance,23
DEL-001645,FL-007195,Weather,33
DEL-001646,FL-007197,Late Aircraft Arrival,104
DEL-001647,FL-007198,Maintenance,17
DEL-001648,FL-007200,Air Traffic Control,17
DEL-001649,FL-007214,Late Aircraft Arrival,194
DEL-001650,FL-007221,Maintenance,38
DEL-001651,FL-007227,Late Aircraft Arrival,19
DEL-001652,FL-007229,Air Traffic Control,55
DEL-001653,FL-007230,Air Traffic Control,88
DEL-001654,FL-007231,Maintenance,141
DEL-001655,FL-007233,Maintenance,17
DEL-001656,FL-007237,Air Traffic Control,52
DEL-001657,FL-007243,Air Traffic Control,51
DEL-001658,FL-007245,Late Aircraft Arrival,41
DEL-001659,FL-007246,Maintenance,76
DEL-001660,FL-007247,Security,235
DEL-001661,FL-007264,Maintenance,34
DEL-001662,FL-007266,Weather,102
DEL-001663,FL-007272,Maintenance,19
DEL-001664,FL-007276,Late Aircraft Arrival,110
DEL-001665,FL-007277,Air Traffic Control,43
DEL-001666,FL-007282,Air Traffic Control,18
DEL-001667,FL-007283,Late Aircraft Arrival,78
DEL-001668,FL-007287,Late Aircraft Arrival,28
DEL-001669,FL-007290,Air Traffic Control,68
DEL-001670,FL-007291,Late Aircraft Arrival,135
DEL-001671,FL-007295,Late Aircraft Arrival,23
DEL-001672,FL-007300,Late Aircraft Arrival,36
DEL-001673,FL-007308,Late Aircraft Arrival,117
DEL-001674,FL-007312,Security,191
DEL-001675,FL-007317,Late Aircraft Arrival,86
DEL-001676,FL-007332,Air Traffic Control,35
DEL-001677,FL-007339,Air Traffic Control,34
DEL-001678,FL-007344,Maintenance,46
DEL-001679,FL-007354,Maintenance,22
DEL-001680,FL-007357,Late Aircraft Arrival,44
DEL-001681,FL-007366,Maintenance,22
DEL-001682,FL-007369,Weather,22
DEL-001683,FL-007375,Weather,103
DEL-001684,FL-007383,Air Traffic Control,25
DEL-001685,FL-007387,Air Traffic Control,36
DEL-001686,FL-007388,Late Aircraft Arrival,161
DEL-001687,FL-007405,Maintenance,67
DEL-001688,FL-007408,Air Traffic Control,19
DEL-001689,FL-007409,Late Aircraft Arrival,36
DEL-001690,FL-007416,Maintenance,26
DEL-001691,FL-007417,Late Aircraft Arrival,19
DEL-001692,FL-007421,Weather,34
DEL-001693,FL-007423,Air Traffic Control,287
DEL-001694,FL-007429,Security,20
DEL-001695,FL-007430,Air Traffic Control,31
DEL-001696,FL-007434,Air Traffic Control,23
DEL-001697,FL-007435,Late Aircraft Arrival,77
DEL-001698,FL-007440,Air Traffic Control,121
DEL-001699,FL-007441,Security,20
DEL-001700,FL-007445,Air Traffic Control,139
DEL-001701,FL-007452,Maintenance,25
DEL-001702,FL-007454,Air Traffic Control,27
DEL-001703,FL-007455,Air Traffic Control,18
DEL-001704,FL-007462,Air Traffic Control,58
DEL-001705,FL-007466,Weather,75
DEL-001706,FL-007469,Weather,19
DEL-001707,FL-007473,Security,21
DEL-001708,FL-007485,Late Aircraft Arrival,86
DEL-001709,FL-007492,Maintenance,114
DEL-001710,FL-007496,Late Aircraft Arrival,91
DEL-001711,FL-007501,Late Aircraft Arrival,16
DEL-001712,FL-007504,Weather,15
DEL-001713,FL-007511,Late Aircraft Arrival,43
DEL-001714,FL-007512,Maintenance,96
DEL-001715,FL-007514,Weather,67
DEL-001716,FL-007516,Air Traffic Control,79
DEL-001717,FL-007519,Late Aircraft Arrival,16
DEL-001718,FL-007529,Air Traffic Control,115
DEL-001719,FL-007530,Weather,79
DEL-001720,FL-007533,Maintenance,50
DEL-001721,FL-007546,Air Traffic Control,41
DEL-001722,FL-007551,Late Aircraft Arrival,111
DEL-001723,FL-007552,Weather,48
DEL-001724,FL-007553,Security,17
DEL-001725,FL-007566,Security,31
DEL-001726,FL-007573,Air Traffic Control,49
DEL-001727,FL-007575,Late Aircraft Arrival,55
DEL-001728,FL-007576,Maintenance,16
DEL-001729,FL-007585,Weather,41
DEL-001730,FL-007586,Maintenance,18
DEL-001731,FL-007597,Weather,15
DEL-001732,FL-007599,Security,33
DEL-001733,FL-007602,Late Aircraft Arrival,65
DEL-001734,FL-007603,Weather,29
DEL-001735,FL-007611,Late Aircraft Arrival,21
DEL-001736,FL-007612,Air Traffic Control,19
DEL-001737,FL-007615,Air Traffic Control,35
DEL-001738,FL-007617,Maintenance,17
DEL-001739,FL-007618,Weather,53
DEL-001740,FL-007627,Weather,83
DEL-001741,FL-007628,Weather,22
DEL-001742,FL-007633,Air Traffic Control,40
DEL-001743,FL-007634,Late Aircraft Arrival,57
DEL-001744,FL-007642,Late Aircraft Arrival,55
DEL-001745,FL-007643,Maintenance,88
DEL-001746,FL-007647,Late Aircraft Arrival,97
DEL-001747,FL-007654,Security,37
DEL-001748,FL-007657,Air Traffic Control,103
DEL-001749,FL-007658,Late Aircraft Arrival,43
DEL-001750,FL-007660,Air Traffic Control,51
DEL-001751,FL-007663,Maintenance,15
DEL-001752,FL-007668,Weather,100
DEL-001753,FL-007669,Weather,29
DEL-001754,FL-007670,Late Aircraft Arrival,34
DEL-001755,FL-007673,Late Aircraft Arrival,62
DEL-001756,FL-007674,Late Aircraft Arrival,105
DEL-001757,FL-007676,Air Traffic Control,36
DEL-001758,FL-007677,Maintenance,16
DEL-001759,FL-007688,Maintenance,25
DEL-001760,FL-007691,Air Traffic Control,72
DEL-001761,FL-007692,Late Aircraft Arrival,70
DEL-001762,FL-007694,Late Aircraft Arrival,69
DEL-001763,FL-007695,Security,20
DEL-001764,FL-007697,Late Aircraft Arrival,41
DEL-001765,FL-007699,Weather,17
DEL-001766,FL-007705,Air Traffic Control,50
DEL-001767,FL-007707,Late Aircraft Arrival,134
DEL-001768,FL-007711,Air Traffic Control,40
DEL-001769,FL-007717,Security,38
DEL-001770,FL-007720,Weather,112
DEL-001771,FL-007723,Air Traffic Control,54
DEL-001772,FL-007729,Weather,16
DEL-001773,FL-007737,Late Aircraft Arrival,30
DEL-001774,FL-007739,Maintenance,44
DEL-001775,FL-007740,Weather,50
DEL-001776,FL-007744,Late Aircraft Arrival,54
DEL-001777,FL-007746,Weather,21
DEL-001778,FL-007747,Weather,32
DEL-001779,FL-007751,Late Aircraft Arrival,36
DEL-001780,FL-007752,Maintenance,146
DEL-001781,FL-007757,Air Traffic Control,46
DEL-001782,FL-007758,Maintenance,26
DEL-001783,FL-007760,Air Traffic Control,93
DEL-001784,FL-007761,Late Aircraft Arrival,164
DEL-001785,FL-007773,Air Traffic Control,175
DEL-001786,FL-007774,Maintenance,32
DEL-001787,FL-007776,Air Traffic Control,23
DEL-001788,FL-007779,Late Aircraft Arrival,123
DEL-001789,FL-007780,Maintenance,19
DEL-001790,FL-007781,Air Traffic Control,59
DEL-001791,FL-007790,Late Aircraft Arrival,48
DEL-001792,FL-007799,Weather,20
DEL-001793,FL-007803,Air Traffic Control,22
DEL-001794,FL-007804,Air Traffic Control,70
DEL-001795,FL-007806,Maintenance,77
DEL-001796,FL-007807,Weather,33
DEL-001797,FL-007810,Weather,17
DEL-001798,FL-007811,Security,93
DEL-001799,FL-007816,Air Traffic Control,15
DEL-001800,FL-007823,Maintenance,80
DEL-001801,FL-007824,Weather,42
DEL-001802,FL-007825,Air Traffic Control,91
DEL-001803,FL-007830,Air Traffic Control,97
DEL-001804,FL-007833,Air Traffic Control,55
DEL-001805,FL-007836,Air Traffic Control,174
DEL-001806,FL-007838,Maintenance,43
DEL-001807,FL-007839,Late Aircraft Arrival,56
DEL-001808,FL-007842,Maintenance,32
DEL-001809,FL-007845,Late Aircraft Arrival,28
DEL-001810,FL-007850,Maintenance,65
DEL-001811,FL-007851,Late Aircraft Arrival,146
DEL-001812,FL-007856,Air Traffic Control,111
DEL-001813,FL-007857,Maintenance,52
DEL-001814,FL-007861,Late Aircraft Arrival,80
DEL-001815,FL-007863,Air Traffic Control,22
DEL-001816,FL-007877,Late Aircraft Arrival,28
DEL-001817,FL-007878,Late Aircraft Arrival,74
DEL-001818,FL-007883,Air Traffic Control,65
DEL-001819,FL-007887,Weather,43
DEL-001820,FL-007894,Maintenance,44
DEL-001821,FL-007904,Air Traffic Control,32
DEL-001822,FL-007906,Late Aircraft Arrival,122
DEL-001823,FL-007910,Weather,42
DEL-001824,FL-007912,Maintenance,60
DEL-001825,FL-007913,Late Aircraft Arrival,22
DEL-001826,FL-007915,Maintenance,43
DEL-001827,FL-007922,Air Traffic Control,36
DEL-001828,FL-007923,Late Aircraft Arrival,40
DEL-001829,FL-007924,Late Aircraft Arrival,30
DEL-001830,FL-007931,Weather,127
DEL-001831,FL-007932,Maintenance,40
DEL-001832,FL-007949,Late Aircraft Arrival,192
DEL-001833,FL-007951,Maintenance,96
DEL-001834,FL-007954,Air Traffic Control,161
DEL-001835,FL-007955,Air Traffic Control,57
DEL-001836,FL-007958,Security,31
DEL-001837,FL-007960,Late Aircraft Arrival,72
DEL-001838,FL-007964,Air Traffic Control,16
DEL-001839,FL-007967,Security,19
DEL-001840,FL-007969,Weather,65
DEL-001841,FL-007973,Late Aircraft Arrival,204
DEL-001842,FL-007976,Air Traffic Control,37
DEL-001843,FL-007986,Weather,29
DEL-001844,FL-007988,Weather,109
DEL-001845,FL-007990,Air Traffic Control,86
DEL-001846,FL-007996,Late Aircraft Arrival,19
DEL-001847,FL-008007,Weather,23
DEL-001848,FL-008015,Air Traffic Control,46
DEL-001849,FL-008026,Air Traffic Control,17
DEL-001850,FL-008035,Weather,66
DEL-001851,FL-008036,Maintenance,32
DEL-001852,FL-008040,Air Traffic Control,32
DEL-001853,FL-008041,Maintenance,46
DEL-001854,FL-008043,Late Aircraft Arrival,84
DEL-001855,FL-008044,Late Aircraft Arrival,78
DEL-001856,FL-008046,Weather,114
DEL-001857,FL-008051,Weather,96
DEL-001858,FL-008056,Late Aircraft Arrival,161
DEL-001859,FL-008065,Weather,18
DEL-001860,FL-008068,Weather,110
DEL-001861,FL-008070,Air Traffic Control,33
DEL-001862,FL-008072,Air Traffic Control,46
DEL-001863,FL-008075,Air Traffic Control,33
DEL-001864,FL-008078,Late Aircraft Arrival,50
DEL-001865,FL-008080,Late Aircraft Arrival,19
DEL-001866,FL-008087,Air Traffic Control,15
DEL-001867,FL-008089,Late Aircraft Arrival,18
DEL-001868,FL-008094,Maintenance,53
DEL-001869,FL-008096,Maintenance,179
DEL-001870,FL-008098,Weather,26
DEL-001871,FL-008099,Weather,55
DEL-001872,FL-008105,Maintenance,17
DEL-001873,FL-008107,Weather,16
DEL-001874,FL-008112,Air Traffic Control,123
DEL-001875,FL-008113,Weather,45
DEL-001876,FL-008117,Security,33
DEL-001877,FL-008127,Air Traffic Control,15
DEL-001878,FL-008131,Weather,26
DEL-001879,FL-008135,Air Traffic Control,27
DEL-001880,FL-008139,Weather,17
DEL-001881,FL-008141,Weather,57
DEL-001882,FL-008154,Air Traffic Control,64
DEL-001883,FL-008164,Maintenance,51
DEL-001884,FL-008168,Maintenance,74
DEL-001885,FL-008171,Maintenance,105
DEL-001886,FL-008174,Weather,23
DEL-001887,FL-008175,Weather,22
DEL-001888,FL-008176,Late Aircraft Arrival,28
DEL-001889,FL-008179,Weather,71
DEL-001890,FL-008191,Maintenance,140
DEL-001891,FL-008194,Late Aircraft Arrival,57
DEL-001892,FL-008198,Security,21
DEL-001893,FL-008205,Late Aircraft Arrival,51
DEL-001894,FL-008209,Air Traffic Control,51
DEL-001895,FL-008212,Weather,18
DEL-001896,FL-008219,Weather,73
DEL-001897,FL-008220,Security,36
DEL-001898,FL-008223,Air Traffic Control,62
DEL-001899,FL-008227,Air Traffic Control,45
DEL-001900,FL-008231,Weather,57
DEL-001901,FL-008238,Air Traffic Control,113
DEL-001902,FL-008241,Late Aircraft Arrival,97
DEL-001903,FL-008242,Air Traffic Control,24
DEL-001904,FL-008247,Late Aircraft Arrival,90
DEL-001905,FL-008248,Late Aircraft Arrival,211
DEL-001906,FL-008250,Weather,15
DEL-001907,FL-008258,Air Traffic Control,32
DEL-001908,FL-008259,Weather,117
DEL-001909,FL-008261,Weather,37
DEL-001910,FL-008262,Air Traffic Control,33
DEL-001911,FL-008263,Late Aircraft Arrival,71
DEL-001912,FL-008268,Air Traffic Control,25
DEL-001913,FL-008276,Late Aircraft Arrival,125
DEL-001914,FL-008279,Maintenance,58
DEL-001915,FL-008281,Maintenance,193
DEL-001916,FL-008287,Air Traffic Control,16
DEL-001917,FL-008289,Weather,100
DEL-001918,FL-008291,Maintenance,133
DEL-001919,FL-008307,Maintenance,30
DEL-001920,FL-008319,Air Traffic Control,26
DEL-001921,FL-008329,Air Traffic Control,64
DEL-001922,FL-008331,Weather,71
DEL-001923,FL-008336,Maintenance,136
DEL-001924,FL-008337,Maintenance,97
DEL-001925,FL-008339,Weather,22
DEL-001926,FL-008341,Air Traffic Control,106
DEL-001927,FL-008342,Weather,31
DEL-001928,FL-008343,Maintenance,70
DEL-001929,FL-008344,Air Traffic Control,67
DEL-001930,FL-008353,Air Traffic Control,24
DEL-001931,FL-008354,Air Traffic Control,34
DEL-001932,FL-008356,Weather,61
DEL-001933,FL-008360,Late Aircraft Arrival,150
DEL-001934,FL-008361,Air Traffic Control,143
DEL-001935,FL-008372,Weather,198
DEL-001936,FL-008376,Air Traffic Control,23
DEL-001937,FL-008383,Maintenance,161
DEL-001938,FL-008384,Weather,20
DEL-001939,FL-008389,Weather,46
DEL-001940,FL-008391,Air Traffic Control,31
DEL-001941,FL-008398,Air Traffic Control,110
DEL-001942,FL-008400,Late Aircraft Arrival,18
DEL-001943,FL-008402,Air Traffic Control,41
DEL-001944,FL-008405,Maintenance,45
DEL-001945,FL-008413,Maintenance,16
DEL-001946,FL-008414,Air Traffic Control,19
DEL-001947,FL-008421,Air Traffic Control,104
DEL-001948,FL-008429,Late Aircraft Arrival,22
DEL-001949,FL-008436,Air Traffic Control,55
DEL-001950,FL-008437,Air Traffic Control,31
DEL-001951,FL-008445,Air Traffic Control,17
DEL-001952,FL-008454,Weather,107
DEL-001953,FL-008460,Maintenance,47
DEL-001954,FL-008463,Late Aircraft Arrival,25
DEL-001955,FL-008464,Weather,147
DEL-001956,FL-008465,Weather,33
DEL-001957,FL-008466,Air Traffic Control,95
DEL-001958,FL-008482,Late Aircraft Arrival,26
DEL-001959,FL-008492,Security,34
DEL-001960,FL-008493,Maintenance,71
DEL-001961,FL-008502,Security,48
DEL-001962,FL-008504,Maintenance,33
DEL-001963,FL-008507,Maintenance,66
DEL-001964,FL-008510,Security,42
DEL-001965,FL-008517,Maintenance,76
DEL-001966,FL-008519,Late Aircraft Arrival,19
DEL-001967,FL-008523,Air Traffic Control,102
DEL-001968,FL-008526,Maintenance,23
DEL-001969,FL-008529,Air Traffic Control,44
DEL-001970,FL-008531,Air Traffic Control,19
DEL-001971,FL-008537,Air Traffic Control,66
DEL-001972,FL-008538,Air Traffic Control,153
DEL-001973,FL-008540,Air Traffic Control,149
DEL-001974,FL-008544,Air Traffic Control,21
DEL-001975,FL-008545,Security,35
DEL-001976,FL-008550,Maintenance,20
DEL-001977,FL-008557,Weather,27
DEL-001978,FL-008566,Air Traffic Control,94
DEL-001979,FL-008572,Maintenance,20
DEL-001980,FL-008574,Maintenance,19
DEL-001981,FL-008581,Weather,46
DEL-001982,FL-008588,Weather,66
DEL-001983,FL-008596,Weather,60
DEL-001984,FL-008605,Maintenance,38
DEL-001985,FL-008608,Weather,225
DEL-001986,FL-008623,Air Traffic Control,24
DEL-001987,FL-008629,Maintenance,36
DEL-001988,FL-008636,Maintenance,19
DEL-001989,FL-008639,Weather,27
DEL-001990,FL-008641,Air Traffic Control,82
DEL-001991,FL-008646,Weather,17
DEL-001992,FL-008652,Late Aircraft Arrival,22
DEL-001993,FL-008653,Air Traffic Control,38
DEL-001994,FL-008685,Late Aircraft Arrival,17
DEL-001995,FL-008688,Late Aircraft Arrival,26
DEL-001996,FL-008690,Air Traffic Control,40
DEL-001997,FL-008691,Air Traffic Control,18
DEL-001998,FL-008692,Air Traffic Control,16
DEL-001999,FL-008694,Maintenance,166
DEL-002000,FL-008695,Air Traffic Control,25
DEL-002001,FL-008699,Weather,144
DEL-002002,FL-008705,Weather,30
DEL-002003,FL-008707,Late Aircraft Arrival,22
DEL-002004,FL-008713,Late Aircraft Arrival,21
DEL-002005,FL-008715,Weather,49
DEL-002006,FL-008733,Maintenance,40
DEL-002007,FL-008734,Security,23
DEL-002008,FL-008736,Weather,69
DEL-002009,FL-008737,Late Aircraft Arrival,21
DEL-002010,FL-008743,Maintenance,32
DEL-002011,FL-008759,Late Aircraft Arrival,21
DEL-002012,FL-008760,Maintenance,182
DEL-002013,FL-008773,Maintenance,72
DEL-002014,FL-008775,Maintenance,35
DEL-002015,FL-008779,Weather,39
DEL-002016,FL-008790,Weather,146
DEL-002017,FL-008791,Security,30
DEL-002018,FL-008795,Air Traffic Control,24
DEL-002019,FL-008798,Maintenance,32
DEL-002020,FL-008808,Weather,37
DEL-002021,FL-008812,Late Aircraft Arrival,34
DEL-002022,FL-008822,Weather,17
DEL-002023,FL-008825,Maintenance,38
DEL-002024,FL-008835,Weather,58
DEL-002025,FL-008852,Weather,42
DEL-002026,FL-008854,Air Traffic Control,24
DEL-002027,FL-008856,Air Traffic Control,56
DEL-002028,FL-008857,Maintenance,104
DEL-002029,FL-008865,Security,106
DEL-002030,FL-008867,Weather,74
DEL-002031,FL-008869,Maintenance,49
DEL-002032,FL-008870,Weather,18
DEL-002033,FL-008876,Late Aircraft Arrival,113
DEL-002034,FL-008877,Weather,16
DEL-002035,FL-008882,Air Traffic Control,57
DEL-002036,FL-008884,Air Traffic Control,80
DEL-002037,FL-008888,Maintenance,44
DEL-002038,FL-008889,Maintenance,66
DEL-002039,FL-008906,Late Aircraft Arrival,19
DEL-002040,FL-008914,Air Traffic Control,42
DEL-002041,FL-008917,Air Traffic Control,38
DEL-002042,FL-008926,Maintenance,39
DEL-002043,FL-008928,Weather,74
DEL-002044,FL-008942,Air Traffic Control,31
DEL-002045,FL-008947,Air Traffic Control,84
DEL-002046,FL-008959,Maintenance,166
DEL-002047,FL-008968,Weather,87
DEL-002048,FL-008970,Weather,125
DEL-002049,FL-008977,Weather,16
DEL-002050,FL-008980,Maintenance,80
DEL-002051,FL-008986,Weather,16
DEL-002052,FL-008987,Weather,190
DEL-002053,FL-008990,Security,34
DEL-002054,FL-009003,Weather,27
DEL-002055,FL-009005,Weather,23
DEL-002056,FL-009008,Security,36
DEL-002057,FL-009009,Weather,35
DEL-002058,FL-009011,Late Aircraft Arrival,55
DEL-002059,FL-009013,Air Traffic Control,83
DEL-002060,FL-009015,Maintenance,99
DEL-002061,FL-009018,Air Traffic Control,82
DEL-002062,FL-009030,Late Aircraft Arrival,101
DEL-002063,FL-009033,Air Traffic Control,28
DEL-002064,FL-009034,Weather,95
DEL-002065,FL-009037,Late Aircraft Arrival,91
DEL-002066,FL-009052,Maintenance,43
DEL-002067,FL-009054,Air Traffic Control,59
DEL-002068,FL-009077,Air Traffic Control,71
DEL-002069,FL-009079,Air Traffic Control,80
DEL-002070,FL-009098,Maintenance,53
DEL-002071,FL-009101,Air Traffic Control,76
DEL-002072,FL-009102,Weather,84
DEL-002073,FL-009105,Maintenance,27
DEL-002074,FL-009114,Late Aircraft Arrival,32
DEL-002075,FL-009116,Maintenance,24
DEL-002076,FL-009126,Air Traffic Control,81
DEL-002077,FL-009130,Weather,20
DEL-002078,FL-009132,Late Aircraft Arrival,45
DEL-002079,FL-009134,Weather,54
DEL-002080,FL-009136,Late Aircraft Arrival,45
DEL-002081,FL-009139,Weather,93
DEL-002082,FL-009141,Late Aircraft Arrival,163
DEL-002083,FL-009146,Air Traffic Control,53
DEL-002084,FL-009151,Air Traffic Control,85
DEL-002085,FL-009154,Weather,26
DEL-002086,FL-009158,Late Aircraft Arrival,24
DEL-002087,FL-009161,Maintenance,65
DEL-002088,FL-009164,Maintenance,75
DEL-002089,FL-009166,Weather,83
DEL-002090,FL-009169,Maintenance,39
DEL-002091,FL-009176,Air Traffic Control,92
DEL-002092,FL-009177,Late Aircraft Arrival,20
DEL-002093,FL-009181,Maintenance,36
DEL-002094,FL-009183,Air Traffic Control,36
DEL-002095,FL-009184,Maintenance,31
DEL-002096,FL-009186,Maintenance,51
DEL-002097,FL-009190,Weather,36
DEL-002098,FL-009191,Weather,19
DEL-002099,FL-009196,Weather,33
DEL-002100,FL-009197,Late Aircraft Arrival,31
DEL-002101,FL-009198,Late Aircraft Arrival,39
DEL-002102,FL-009206,Air Traffic Control,90
DEL-002103,FL-009208,Late Aircraft Arrival,121
DEL-002104,FL-009210,Maintenance,66
DEL-002105,FL-009211,Weather,42
DEL-002106,FL-009218,Maintenance,53
DEL-002107,FL-009219,Maintenance,40
DEL-002108,FL-009224,Air Traffic Control,15
DEL-002109,FL-009229,Weather,45
DEL-002110,FL-009230,Weather,34
DEL-002111,FL-009231,Maintenance,41
DEL-002112,FL-009237,Weather,38
DEL-002113,FL-009247,Air Traffic Control,54
DEL-002114,FL-009248,Air Traffic Control,28
DEL-002115,FL-009251,Maintenance,29
DEL-002116,FL-009262,Maintenance,52
DEL-002117,FL-009263,Air Traffic Control,25
DEL-002118,FL-009264,Weather,61
DEL-002119,FL-009265,Maintenance,94
DEL-002120,FL-009266,Weather,31
DEL-002121,FL-009272,Weather,22
DEL-002122,FL-009283,Maintenance,33
DEL-002123,FL-009286,Weather,30
DEL-002124,FL-009297,Weather,100
DEL-002125,FL-009298,Weather,16
DEL-002126,FL-009303,Weather,136
DEL-002127,FL-009304,Late Aircraft Arrival,193
DEL-002128,FL-009305,Security,34
DEL-002129,FL-009310,Late Aircraft Arrival,66
DEL-002130,FL-009311,Late Aircraft Arrival,30
DEL-002131,FL-009314,Weather,54
DEL-002132,FL-009317,Weather,58
DEL-002133,FL-009318,Air Traffic Control,18
DEL-002134,FL-009331,Late Aircraft Arrival,56
DEL-002135,FL-009332,Air Traffic Control,30
DEL-002136,FL-009335,Security,16
DEL-002137,FL-009337,Maintenance,30
DEL-002138,FL-009347,Maintenance,213
DEL-002139,FL-009352,Air Traffic Control,29
DEL-002140,FL-009360,Air Traffic Control,50
DEL-002141,FL-009362,Maintenance,25
DEL-002142,FL-009364,Weather,28
DEL-002143,FL-009366,Air Traffic Control,20
DEL-002144,FL-009368,Maintenance,15
DEL-002145,FL-009373,Weather,108
DEL-002146,FL-009379,Weather,42
DEL-002147,FL-009380,Air Traffic Control,36
DEL-002148,FL-009385,Weather,36
DEL-002149,FL-009388,Weather,29
DEL-002150,FL-009393,Air Traffic Control,29
DEL-002151,FL-009397,Weather,53
DEL-002152,FL-009400,Weather,15
DEL-002153,FL-009405,Late Aircraft Arrival,54
DEL-002154,FL-009409,Maintenance,98
DEL-002155,FL-009415,Weather,131
DEL-002156,FL-009416,Air Traffic Control,39
DEL-002157,FL-009417,Late Aircraft Arrival,43
DEL-002158,FL-009418,Air Traffic Control,23
DEL-002159,FL-009430,Late Aircraft Arrival,22
DEL-002160,FL-009431,Late Aircraft Arrival,34
DEL-002161,FL-009433,Late Aircraft Arrival,36
DEL-002162,FL-009435,Air Traffic Control,77
DEL-002163,FL-009436,Maintenance,35
DEL-002164,FL-009437,Air Traffic Control,102
DEL-002165,FL-009438,Security,40
DEL-002166,FL-009439,Air Traffic Control,30
DEL-002167,FL-009440,Late Aircraft Arrival,312
DEL-002168,FL-009449,Late Aircraft Arrival,90
DEL-002169,FL-009451,Weather,35
DEL-002170,FL-009453,Maintenance,47
DEL-002171,FL-009478,Air Traffic Control,35
DEL-002172,FL-009479,Weather,136
DEL-002173,FL-009483,Maintenance,66
DEL-002174,FL-009493,Air Traffic Control,70
DEL-002175,FL-009494,Late Aircraft Arrival,38
DEL-002176,FL-009500,Weather,22
DEL-002177,FL-009502,Air Traffic Control,19
DEL-002178,FL-009503,Air Traffic Control,126
DEL-002179,FL-009505,Weather,63
DEL-002180,FL-009511,Air Traffic Control,25
DEL-002181,FL-009512,Weather,19
DEL-002182,FL-009514,Air Traffic Control,123
DEL-002183,FL-009517,Late Aircraft Arrival,15
DEL-002184,FL-009520,Late Aircraft Arrival,34
DEL-002185,FL-009529,Maintenance,86
DEL-002186,FL-009536,Air Traffic Control,79
DEL-002187,FL-009538,Maintenance,20
DEL-002188,FL-009548,Maintenance,40
DEL-002189,FL-009549,Maintenance,158
DEL-002190,FL-009560,Maintenance,25
DEL-002191,FL-009568,Late Aircraft Arrival,96
DEL-002192,FL-009569,Late Aircraft Arrival,156
DEL-002193,FL-009571,Air Traffic Control,67
DEL-002194,FL-009572,Late Aircraft Arrival,53
DEL-002195,FL-009576,Weather,70
DEL-002196,FL-009579,Air Traffic Control,88
DEL-002197,FL-009587,Maintenance,122
DEL-002198,FL-009590,Maintenance,161
DEL-002199,FL-009593,Security,90
DEL-002200,FL-009594,Weather,59
DEL-002201,FL-009609,Maintenance,44
DEL-002202,FL-009614,Late Aircraft Arrival,65
DEL-002203,FL-009615,Maintenance,56
DEL-002204,FL-009627,Late Aircraft Arrival,50
DEL-002205,FL-009629,Weather,75
DEL-002206,FL-009642,Maintenance,108
DEL-002207,FL-009649,Weather,15
DEL-002208,FL-009660,Weather,29
DEL-002209,FL-009662,Maintenance,15
DEL-002210,FL-009667,Weather,15
DEL-002211,FL-009676,Air Traffic Control,26
DEL-002212,FL-009678,Late Aircraft Arrival,15
DEL-002213,FL-009689,Air Traffic Control,42
DEL-002214,FL-009694,Late Aircraft Arrival,49
DEL-002215,FL-009704,Air Traffic Control,65
DEL-002216,FL-009709,Late Aircraft Arrival,71
DEL-002217,FL-009712,Maintenance,77
DEL-002218,FL-009714,Late Aircraft Arrival,44
DEL-002219,FL-009724,Late Aircraft Arrival,30
DEL-002220,FL-009726,Maintenance,88
DEL-002221,FL-009727,Air Traffic Control,42
DEL-002222,FL-009728,Weather,16
DEL-002223,FL-009729,Air Traffic Control,45
DEL-002224,FL-009742,Air Traffic Control,20
DEL-002225,FL-009744,Maintenance,27
DEL-002226,FL-009745,Maintenance,41
DEL-002227,FL-009750,Maintenance,22
DEL-002228,FL-009752,Maintenance,74
DEL-002229,FL-009765,Air Traffic Control,95
DEL-002230,FL-009772,Air Traffic Control,52
DEL-002231,FL-009777,Maintenance,42
DEL-002232,FL-009781,Air Traffic Control,42
DEL-002233,FL-009782,Weather,50
DEL-002234,FL-009783,Weather,192
DEL-002235,FL-009784,Late Aircraft Arrival,69
DEL-002236,FL-009798,Weather,49
DEL-002237,FL-009802,Maintenance,66
DEL-002238,FL-009805,Late Aircraft Arrival,17
DEL-002239,FL-009806,Air Traffic Control,28
DEL-002240,FL-009813,Weather,115
DEL-002241,FL-009822,Late Aircraft Arrival,36
DEL-002242,FL-009825,Maintenance,58
DEL-002243,FL-009827,Weather,27
DEL-002244,FL-009830,Air Traffic Control,33
DEL-002245,FL-009833,Maintenance,103
DEL-002246,FL-009836,Air Traffic Control,86
DEL-002247,FL-009838,Maintenance,20
DEL-002248,FL-009840,Late Aircraft Arrival,38
DEL-002249,FL-009846,Air Traffic Control,85
DEL-002250,FL-009847,Air Traffic Control,51
DEL-002251,FL-009848,Weather,18
DEL-002252,FL-009851,Maintenance,17
DEL-002253,FL-009852,Weather,22
DEL-002254,FL-009853,Late Aircraft Arrival,56
DEL-002255,FL-009856,Late Aircraft Arrival,16
DEL-002256,FL-009857,Air Traffic Control,22
DEL-002257,FL-009861,Security,30
DEL-002258,FL-009864,Air Traffic Control,197
DEL-002259,FL-009865,Late Aircraft Arrival,133
DEL-002260,FL-009868,Maintenance,37
DEL-002261,FL-009879,Maintenance,86
DEL-002262,FL-009881,Air Traffic Control,62
DEL-002263,FL-009891,Weather,16
DEL-002264,FL-009898,Maintenance,22
DEL-002265,FL-009900,Maintenance,125
DEL-002266,FL-009905,Maintenance,65
DEL-002267,FL-009913,Late Aircraft Arrival,43
DEL-002268,FL-009914,Air Traffic Control,45
DEL-002269,FL-009918,Security,24
DEL-002270,FL-009919,Late Aircraft Arrival,35
DEL-002271,FL-009922,Late Aircraft Arrival,38
DEL-002272,FL-009924,Late Aircraft Arrival,82
DEL-002273,FL-009927,Weather,139
DEL-002274,FL-009931,Weather,20
DEL-002275,FL-009933,Maintenance,69
DEL-002276,FL-009936,Maintenance,70
DEL-002277,FL-009939,Late Aircraft Arrival,42
DEL-002278,FL-009942,Weather,30
DEL-002279,FL-009948,Air Traffic Control,73
DEL-002280,FL-009950,Late Aircraft Arrival,143
DEL-002281,FL-009956,Air Traffic Control,109
DEL-002282,FL-009957,Air Traffic Control,20
DEL-002283,FL-009961,Air Traffic Control,17
DEL-002284,FL-009969,Late Aircraft Arrival,53
DEL-002285,FL-009971,Maintenance,80
DEL-002286,FL-009973,Weather,30
DEL-002287,FL-009976,Air Traffic Control,25
DEL-002288,FL-009977,Maintenance,38
DEL-002289,FL-009996,Weather,86
DEL-002290,FL-010004,Air Traffic Control,44
DEL-002291,FL-010005,Late Aircraft Arrival,42
DEL-002292,FL-010008,Air Traffic Control,22
DEL-002293,FL-010012,Air Traffic Control,45
DEL-002294,FL-010013,Weather,63
DEL-002295,FL-010017,Weather,27
DEL-002296,FL-010019,Air Traffic Control,22
DEL-002297,FL-010022,Late Aircraft Arrival,19
DEL-002298,FL-010026,Weather,72
DEL-002299,FL-010029,Air Traffic Control,16
DEL-002300,FL-010032,Maintenance,410
DEL-002301,FL-010033,Air Traffic Control,45
DEL-002302,FL-010034,Air Traffic Control,180
DEL-002303,FL-010037,Weather,114
DEL-002304,FL-010038,Late Aircraft Arrival,67
DEL-002305,FL-010039,Maintenance,31
DEL-002306,FL-010043,Air Traffic Control,36
DEL-002307,FL-010056,Air Traffic Control,86
DEL-002308,FL-010063,Weather,79
DEL-002309,FL-010064,Air Traffic Control,40
DEL-002310,FL-010068,Weather,58
DEL-002311,FL-010082,Late Aircraft Arrival,108
DEL-002312,FL-010086,Weather,70
DEL-002313,FL-010088,Weather,27
DEL-002314,FL-010093,Maintenance,39
DEL-002315,FL-010094,Weather,27
DEL-002316,FL-010095,Maintenance,36
DEL-002317,FL-010096,Air Traffic Control,16
DEL-002318,FL-010098,Weather,94
DEL-002319,FL-010099,Air Traffic Control,18
DEL-002320,FL-010100,Weather,32
DEL-002321,FL-010109,Late Aircraft Arrival,25
DEL-002322,FL-010110,Air Traffic Control,24
DEL-002323,FL-010118,Weather,45
DEL-002324,FL-010123,Maintenance,26
DEL-002325,FL-010125,Late Aircraft Arrival,50
DEL-002326,FL-010130,Security,29
DEL-002327,FL-010142,Maintenance,43
DEL-002328,FL-010150,Security,157
DEL-002329,FL-010154,Weather,32
DEL-002330,FL-010159,Maintenance,73
DEL-002331,FL-010162,Weather,40
DEL-002332,FL-010174,Late Aircraft Arrival,105
DEL-002333,FL-010177,Air Traffic Control,16
DEL-002334,FL-010182,Air Traffic Control,111
DEL-002335,FL-010183,Maintenance,22
DEL-002336,FL-010193,Air Traffic Control,24
DEL-002337,FL-010195,Air Traffic Control,37
DEL-002338,FL-010196,Security,21
DEL-002339,FL-010201,Air Traffic Control,185
DEL-002340,FL-010217,Weather,40
DEL-002341,FL-010219,Late Aircraft Arrival,52
DEL-002342,FL-010225,Maintenance,84
DEL-002343,FL-010228,Maintenance,24
DEL-002344,FL-010237,Weather,60
DEL-002345,FL-010241,Late Aircraft Arrival,34
DEL-002346,FL-010242,Air Traffic Control,78
DEL-002347,FL-010245,Maintenance,43
DEL-002348,FL-010250,Air Traffic Control,19
DEL-002349,FL-010251,Air Traffic Control,120
DEL-002350,FL-010252,Weather,97
DEL-002351,FL-010254,Maintenance,101
DEL-002352,FL-010260,Air Traffic Control,27
DEL-002353,FL-010271,Late Aircraft Arrival,24
DEL-002354,FL-010273,Late Aircraft Arrival,51
DEL-002355,FL-010274,Late Aircraft Arrival,19
DEL-002356,FL-010276,Air Traffic Control,133
DEL-002357,FL-010280,Late Aircraft Arrival,59
DEL-002358,FL-010285,Weather,18
DEL-002359,FL-010294,Security,107
DEL-002360,FL-010296,Late Aircraft Arrival,30
DEL-002361,FL-010298,Air Traffic Control,38
DEL-002362,FL-010299,Air Traffic Control,59
DEL-002363,FL-010302,Weather,48
DEL-002364,FL-010303,Maintenance,18
DEL-002365,FL-010304,Weather,51
DEL-002366,FL-010305,Maintenance,47
DEL-002367,FL-010312,Weather,79
DEL-002368,FL-010322,Weather,166
DEL-002369,FL-010323,Maintenance,132
DEL-002370,FL-010324,Maintenance,65
DEL-002371,FL-010325,Security,24
DEL-002372,FL-010326,Maintenance,73
DEL-002373,FL-010327,Air Traffic Control,43
DEL-002374,FL-010328,Maintenance,37
DEL-002375,FL-010329,Maintenance,53
DEL-002376,FL-010331,Weather,65
DEL-002377,FL-010335,Air Traffic Control,29
DEL-002378,FL-010336,Maintenance,20
DEL-002379,FL-010342,Maintenance,85
DEL-002380,FL-010345,Maintenance,77
DEL-002381,FL-010346,Late Aircraft Arrival,138
DEL-002382,FL-010348,Air Traffic Control,39
DEL-002383,FL-010360,Air Traffic Control,263
DEL-002384,FL-010362,Air Traffic Control,86
DEL-002385,FL-010363,Maintenance,37
DEL-002386,FL-010370,Weather,19
DEL-002387,FL-010375,Security,82
DEL-002388,FL-010380,Late Aircraft Arrival,27
DEL-002389,FL-010384,Air Traffic Control,104
DEL-002390,FL-010386,Late Aircraft Arrival,50
DEL-002391,FL-010390,Air Traffic Control,42
DEL-002392,FL-010393,Air Traffic Control,19
DEL-002393,FL-010397,Air Traffic Control,83
DEL-002394,FL-010410,Late Aircraft Arrival,18
DEL-002395,FL-010411,Air Traffic Control,16
DEL-002396,FL-010414,Air Traffic Control,117
DEL-002397,FL-010415,Weather,21
DEL-002398,FL-010418,Air Traffic Control,161
DEL-002399,FL-010423,Late Aircraft Arrival,228
DEL-002400,FL-010424,Air Traffic Control,41
DEL-002401,FL-010427,Air Traffic Control,151
DEL-002402,FL-010429,Air Traffic Control,111
DEL-002403,FL-010432,Maintenance,43
DEL-002404,FL-010436,Weather,33
DEL-002405,FL-010437,Late Aircraft Arrival,24
DEL-002406,FL-010438,Air Traffic Control,188
DEL-002407,FL-010444,Air Traffic Control,26
DEL-002408,FL-010448,Air Traffic Control,65
DEL-002409,FL-010452,Weather,139
DEL-002410,FL-010454,Maintenance,34
DEL-002411,FL-010455,Air Traffic Control,58
DEL-002412,FL-010457,Late Aircraft Arrival,19
DEL-002413,FL-010459,Weather,41
DEL-002414,FL-010471,Late Aircraft Arrival,27
DEL-002415,FL-010477,Weather,69
DEL-002416,FL-010487,Maintenance,62
DEL-002417,FL-010496,Air Traffic Control,48
DEL-002418,FL-010498,Late Aircraft Arrival,115
DEL-002419,FL-010505,Late Aircraft Arrival,100
DEL-002420,FL-010508,Air Traffic Control,26
DEL-002421,FL-010509,Weather,177
DEL-002422,FL-010515,Maintenance,27
DEL-002423,FL-010519,Late Aircraft Arrival,56
DEL-002424,FL-010523,Air Traffic Control,58
DEL-002425,FL-010525,Weather,90
DEL-002426,FL-010530,Air Traffic Control,54
DEL-002427,FL-010531,Air Traffic Control,23
DEL-002428,FL-010538,Air Traffic Control,81
DEL-002429,FL-010539,Maintenance,22
DEL-002430,FL-010542,Maintenance,64
DEL-002431,FL-010548,Late Aircraft Arrival,27
DEL-002432,FL-010555,Air Traffic Control,41
DEL-002433,FL-010565,Late Aircraft Arrival,20
DEL-002434,FL-010572,Weather,68
DEL-002435,FL-010573,Maintenance,83
DEL-002436,FL-010577,Air Traffic Control,53
DEL-002437,FL-010578,Air Traffic Control,83
DEL-002438,FL-010580,Air Traffic Control,92
DEL-002439,FL-010584,Late Aircraft Arrival,17
DEL-002440,FL-010591,Air Traffic Control,64
DEL-002441,FL-010592,Air Traffic Control,39
DEL-002442,FL-010604,Weather,39
DEL-002443,FL-010612,Maintenance,65
DEL-002444,FL-010618,Late Aircraft Arrival,46
DEL-002445,FL-010620,Air Traffic Control,69
DEL-002446,FL-010631,Weather,30
DEL-002447,FL-010633,Air Traffic Control,47
DEL-002448,FL-010639,Air Traffic Control,88
DEL-002449,FL-010643,Air Traffic Control,40
DEL-002450,FL-010645,Late Aircraft Arrival,33
DEL-002451,FL-010646,Late Aircraft Arrival,46
DEL-002452,FL-010649,Maintenance,58
DEL-002453,FL-010656,Weather,202
DEL-002454,FL-010667,Maintenance,94
DEL-002455,FL-010670,Maintenance,151
DEL-002456,FL-010672,Late Aircraft Arrival,90
DEL-002457,FL-010674,Air Traffic Control,38
DEL-002458,FL-010680,Late Aircraft Arrival,43
DEL-002459,FL-010686,Air Traffic Control,23
DEL-002460,FL-010689,Air Traffic Control,82
DEL-002461,FL-010693,Air Traffic Control,31
DEL-002462,FL-010707,Weather,56
DEL-002463,FL-010714,Weather,55
DEL-002464,FL-010715,Late Aircraft Arrival,85
DEL-002465,FL-010716,Security,20
DEL-002466,FL-010725,Weather,16
DEL-002467,FL-010727,Weather,26
DEL-002468,FL-010729,Maintenance,18
DEL-002469,FL-010730,Maintenance,40
DEL-002470,FL-010734,Air Traffic Control,30
DEL-002471,FL-010736,Late Aircraft Arrival,29
DEL-002472,FL-010739,Late Aircraft Arrival,27
DEL-002473,FL-010740,Late Aircraft Arrival,238
DEL-002474,FL-010746,Maintenance,85
DEL-002475,FL-010760,Air Traffic Control,34
DEL-002476,FL-010771,Late Aircraft Arrival,31
DEL-002477,FL-010773,Air Traffic Control,80
DEL-002478,FL-010786,Security,92
DEL-002479,FL-010795,Maintenance,75
DEL-002480,FL-010801,Air Traffic Control,58
DEL-002481,FL-010804,Air Traffic Control,61
DEL-002482,FL-010810,Security,41
DEL-002483,FL-010815,Late Aircraft Arrival,58
DEL-002484,FL-010816,Weather,127
DEL-002485,FL-010820,Security,42
DEL-002486,FL-010821,Maintenance,37
DEL-002487,FL-010822,Maintenance,62
DEL-002488,FL-010825,Weather,15
DEL-002489,FL-010828,Weather,22
DEL-002490,FL-010834,Air Traffic Control,15
DEL-002491,FL-010838,Late Aircraft Arrival,23
DEL-002492,FL-010848,Maintenance,16
DEL-002493,FL-010850,Weather,74
DEL-002494,FL-010852,Weather,83
DEL-002495,FL-010853,Late Aircraft Arrival,22
DEL-002496,FL-010855,Air Traffic Control,35
DEL-002497,FL-010859,Security,72
DEL-002498,FL-010861,Weather,97
DEL-002499,FL-010862,Late Aircraft Arrival,22
DEL-002500,FL-010864,Weather,15
DEL-002501,FL-010866,Late Aircraft Arrival,82
DEL-002502,FL-010868,Maintenance,49
DEL-002503,FL-010871,Air Traffic Control,38
DEL-002504,FL-010876,Air Traffic Control,99
DEL-002505,FL-010881,Air Traffic Control,82
DEL-002506,FL-010893,Weather,138
DEL-002507,FL-010894,Air Traffic Control,15
DEL-002508,FL-010895,Air Traffic Control,53
DEL-002509,FL-010902,Maintenance,15
DEL-002510,FL-010911,Maintenance,51
DEL-002511,FL-010916,Maintenance,105
DEL-002512,FL-010918,Weather,59
DEL-002513,FL-010924,Security,19
DEL-002514,FL-010925,Maintenance,32
DEL-002515,FL-010926,Air Traffic Control,38
DEL-002516,FL-010929,Maintenance,103
DEL-002517,FL-010935,Late Aircraft Arrival,22
DEL-002518,FL-010939,Air Traffic Control,24
DEL-002519,FL-010945,Maintenance,33
DEL-002520,FL-010946,Air Traffic Control,21
DEL-002521,FL-010955,Air Traffic Control,29
DEL-002522,FL-010959,Air Traffic Control,18
DEL-002523,FL-010962,Late Aircraft Arrival,113
DEL-002524,FL-010963,Security,109
DEL-002525,FL-010974,Late Aircraft Arrival,40
DEL-002526,FL-010976,Air Traffic Control,50
DEL-002527,FL-010977,Maintenance,27
DEL-002528,FL-010978,Weather,22
DEL-002529,FL-010980,Maintenance,85
DEL-002530,FL-010981,Weather,41
DEL-002531,FL-010986,Weather,69
DEL-002532,FL-010997,Maintenance,179
DEL-002533,FL-011000,Air Traffic Control,147
DEL-002534,FL-011004,Late Aircraft Arrival,36
DEL-002535,FL-011007,Maintenance,50
DEL-002536,FL-011014,Air Traffic Control,30
DEL-002537,FL-011015,Security,20
DEL-002538,FL-011017,Weather,74
DEL-002539,FL-011020,Security,16
DEL-002540,FL-011025,Air Traffic Control,47
DEL-002541,FL-011033,Air Traffic Control,44
DEL-002542,FL-011043,Air Traffic Control,45
DEL-002543,FL-011051,Air Traffic Control,78
DEL-002544,FL-011055,Weather,38
DEL-002545,FL-011065,Air Traffic Control,83
DEL-002546,FL-011072,Late Aircraft Arrival,55
DEL-002547,FL-011077,Maintenance,38
DEL-002548,FL-011081,Weather,40
DEL-002549,FL-011083,Air Traffic Control,67
DEL-002550,FL-011089,Weather,33
DEL-002551,FL-011090,Maintenance,41
DEL-002552,FL-011096,Air Traffic Control,33
DEL-002553,FL-011100,Security,29
DEL-002554,FL-011102,Maintenance,69
DEL-002555,FL-011103,Maintenance,15
DEL-002556,FL-011105,Air Traffic Control,55
DEL-002557,FL-011106,Maintenance,50
DEL-002558,FL-011107,Air Traffic Control,27
DEL-002559,FL-011111,Maintenance,123
DEL-002560,FL-011112,Air Traffic Control,25
DEL-002561,FL-011116,Maintenance,35
DEL-002562,FL-011120,Late Aircraft Arrival,55
DEL-002563,FL-011127,Weather,83
DEL-002564,FL-011133,Weather,30
DEL-002565,FL-011136,Maintenance,23
DEL-002566,FL-011148,Weather,19
DEL-002567,FL-011152,Late Aircraft Arrival,136
DEL-002568,FL-011154,Weather,48
DEL-002569,FL-011155,Late Aircraft Arrival,30
DEL-002570,FL-011157,Air Traffic Control,59
DEL-002571,FL-011164,Air Traffic Control,60
DEL-002572,FL-011168,Late Aircraft Arrival,15
DEL-002573,FL-011173,Late Aircraft Arrival,22
DEL-002574,FL-011179,Weather,34
DEL-002575,FL-011203,Late Aircraft Arrival,36
DEL-002576,FL-011209,Maintenance,15
DEL-002577,FL-011211,Maintenance,17
DEL-002578,FL-011213,Maintenance,35
DEL-002579,FL-011224,Maintenance,24
DEL-002580,FL-011233,Security,173
DEL-002581,FL-011237,Weather,68
DEL-002582,FL-011239,Maintenance,81
DEL-002583,FL-011241,Air Traffic Control,20
DEL-002584,FL-011243,Maintenance,41
DEL-002585,FL-011250,Maintenance,44
DEL-002586,FL-011252,Air Traffic Control,23
DEL-002587,FL-011253,Late Aircraft Arrival,61
DEL-002588,FL-011254,Weather,25
DEL-002589,FL-011260,Security,110
DEL-002590,FL-011262,Weather,35
DEL-002591,FL-011263,Late Aircraft Arrival,43
DEL-002592,FL-011265,Security,21
DEL-002593,FL-011270,Air Traffic Control,26
DEL-002594,FL-011272,Late Aircraft Arrival,44
DEL-002595,FL-011277,Air Traffic Control,67
DEL-002596,FL-011287,Air Traffic Control,233
DEL-002597,FL-011294,Late Aircraft Arrival,118
DEL-002598,FL-011297,Security,33
DEL-002599,FL-011299,Weather,20
DEL-002600,FL-011301,Weather,23
DEL-002601,FL-011314,Maintenance,16
DEL-002602,FL-011317,Maintenance,45
DEL-002603,FL-011321,Weather,100
DEL-002604,FL-011326,Air Traffic Control,111
DEL-002605,FL-011327,Weather,28
DEL-002606,FL-011329,Maintenance,15
DEL-002607,FL-011333,Weather,26
DEL-002608,FL-011336,Late Aircraft Arrival,19
DEL-002609,FL-011343,Maintenance,39
DEL-002610,FL-011344,Maintenance,53
DEL-002611,FL-011346,Weather,21
DEL-002612,FL-011356,Late Aircraft Arrival,66
DEL-002613,FL-011357,Late Aircraft Arrival,37
DEL-002614,FL-011358,Maintenance,68
DEL-002615,FL-011365,Air Traffic Control,38
DEL-002616,FL-011366,Air Traffic Control,65
DEL-002617,FL-011372,Air Traffic Control,57
DEL-002618,FL-011375,Weather,155
DEL-002619,FL-011376,Maintenance,18
DEL-002620,FL-011377,Air Traffic Control,31
DEL-002621,FL-011381,Weather,214
DEL-002622,FL-011382,Maintenance,160
DEL-002623,FL-011401,Weather,15
DEL-002624,FL-011402,Late Aircraft Arrival,55
DEL-002625,FL-011404,Air Traffic Control,73
DEL-002626,FL-011409,Air Traffic Control,23
DEL-002627,FL-011415,Late Aircraft Arrival,17
DEL-002628,FL-011417,Late Aircraft Arrival,122
DEL-002629,FL-011419,Late Aircraft Arrival,113
DEL-002630,FL-011423,Air Traffic Control,30
DEL-002631,FL-011435,Weather,84
DEL-002632,FL-011437,Late Aircraft Arrival,38
DEL-002633,FL-011444,Air Traffic Control,30
DEL-002634,FL-011449,Air Traffic Control,21
DEL-002635,FL-011453,Late Aircraft Arrival,71
DEL-002636,FL-011462,Maintenance,20
DEL-002637,FL-011465,Weather,110
DEL-002638,FL-011466,Weather,21
DEL-002639,FL-011467,Maintenance,146
DEL-002640,FL-011469,Maintenance,296
DEL-002641,FL-011470,Late Aircraft Arrival,42
DEL-002642,FL-011480,Late Aircraft Arrival,39
DEL-002643,FL-011482,Air Traffic Control,37
DEL-002644,FL-011483,Maintenance,26
DEL-002645,FL-011490,Late Aircraft Arrival,39
DEL-002646,FL-011492,Weather,160
DEL-002647,FL-011495,Air Traffic Control,53
DEL-002648,FL-011496,Air Traffic Control,105
DEL-002649,FL-011505,Weather,26
DEL-002650,FL-011509,Air Traffic Control,120
DEL-002651,FL-011513,Weather,63
DEL-002652,FL-011514,Late Aircraft Arrival,27
DEL-002653,FL-011525,Security,74
DEL-002654,FL-011529,Late Aircraft Arrival,37
DEL-002655,FL-011533,Weather,68
DEL-002656,FL-011538,Air Traffic Control,39
DEL-002657,FL-011546,Maintenance,43
DEL-002658,FL-011547,Weather,50
DEL-002659,FL-011549,Late Aircraft Arrival,68
DEL-002660,FL-011550,Late Aircraft Arrival,142
DEL-002661,FL-011554,Weather,26
DEL-002662,FL-011560,Air Traffic Control,33
DEL-002663,FL-011563,Security,25
DEL-002664,FL-011573,Maintenance,63
DEL-002665,FL-011576,Maintenance,111
DEL-002666,FL-011580,Late Aircraft Arrival,25
DEL-002667,FL-011582,Weather,129
DEL-002668,FL-011587,Air Traffic Control,18
DEL-002669,FL-011590,Weather,58
DEL-002670,FL-011594,Late Aircraft Arrival,29
DEL-002671,FL-011596,Weather,36
DEL-002672,FL-011599,Late Aircraft Arrival,19
DEL-002673,FL-011602,Late Aircraft Arrival,88
DEL-002674,FL-011604,Late Aircraft Arrival,57
DEL-002675,FL-011606,Weather,22
DEL-002676,FL-011611,Air Traffic Control,20
DEL-002677,FL-011615,Air Traffic Control,48
DEL-002678,FL-011620,Weather,143
DEL-002679,FL-011624,Maintenance,62
DEL-002680,FL-011626,Air Traffic Control,23
DEL-002681,FL-011630,Air Traffic Control,25
DEL-002682,FL-011637,Security,44
DEL-002683,FL-011638,Air Traffic Control,105
DEL-002684,FL-011640,Weather,61
DEL-002685,FL-011644,Air Traffic Control,152
DEL-002686,FL-011645,Air Traffic Control,25
DEL-002687,FL-011646,Late Aircraft Arrival,177
DEL-002688,FL-011647,Air Traffic Control,82
DEL-002689,FL-011648,Late Aircraft Arrival,15
DEL-002690,FL-011652,Air Traffic Control,26
DEL-002691,FL-011653,Maintenance,25
DEL-002692,FL-011654,Air Traffic Control,27
DEL-002693,FL-011661,Air Traffic Control,38
DEL-002694,FL-011664,Weather,36
DEL-002695,FL-011665,Maintenance,110
DEL-002696,FL-011671,Late Aircraft Arrival,62
DEL-002697,FL-011674,Maintenance,53
DEL-002698,FL-011678,Weather,39
DEL-002699,FL-011679,Air Traffic Control,79
DEL-002700,FL-011680,Air Traffic Control,46
DEL-002701,FL-011684,Air Traffic Control,42
DEL-002702,FL-011685,Maintenance,40
DEL-002703,FL-011688,Air Traffic Control,36
DEL-002704,FL-011689,Security,68
DEL-002705,FL-011690,Air Traffic Control,32
DEL-002706,FL-011696,Maintenance,60
DEL-002707,FL-011700,Maintenance,55
DEL-002708,FL-011701,Security,52
DEL-002709,FL-011717,Late Aircraft Arrival,32
DEL-002710,FL-011718,Weather,26
DEL-002711,FL-011735,Air Traffic Control,54
DEL-002712,FL-011745,Weather,20
DEL-002713,FL-011746,Maintenance,33
DEL-002714,FL-011751,Air Traffic Control,57
DEL-002715,FL-011756,Late Aircraft Arrival,141
DEL-002716,FL-011759,Late Aircraft Arrival,45
DEL-002717,FL-011763,Air Traffic Control,34
DEL-002718,FL-011764,Air Traffic Control,32
DEL-002719,FL-011765,Weather,48
DEL-002720,FL-011766,Late Aircraft Arrival,56
DEL-002721,FL-011769,Late Aircraft Arrival,32
DEL-002722,FL-011770,Maintenance,49
DEL-002723,FL-011775,Air Traffic Control,44
DEL-002724,FL-011777,Weather,21
DEL-002725,FL-011780,Air Traffic Control,51
DEL-002726,FL-011783,Air Traffic Control,75
DEL-002727,FL-011784,Security,22
DEL-002728,FL-011789,Air Traffic Control,26
DEL-002729,FL-011793,Air Traffic Control,23
DEL-002730,FL-011808,Weather,37
DEL-002731,FL-011809,Late Aircraft Arrival,27
DEL-002732,FL-011815,Weather,18
DEL-002733,FL-011820,Weather,44
DEL-002734,FL-011826,Air Traffic Control,22
DEL-002735,FL-011827,Air Traffic Control,107
DEL-002736,FL-011833,Maintenance,55
DEL-002737,FL-011843,Weather,27
DEL-002738,FL-011845,Air Traffic Control,167
DEL-002739,FL-011850,Air Traffic Control,21
DEL-002740,FL-011853,Maintenance,159
DEL-002741,FL-011856,Late Aircraft Arrival,30
DEL-002742,FL-011858,Weather,59
DEL-002743,FL-011875,Air Traffic Control,104
DEL-002744,FL-011877,Weather,24
DEL-002745,FL-011882,Late Aircraft Arrival,122
DEL-002746,FL-011883,Maintenance,25
DEL-002747,FL-011887,Late Aircraft Arrival,27
DEL-002748,FL-011891,Air Traffic Control,28
DEL-002749,FL-011895,Late Aircraft Arrival,72
DEL-002750,FL-011901,Weather,65
DEL-002751,FL-011909,Weather,31
DEL-002752,FL-011911,Maintenance,70
DEL-002753,FL-011922,Late Aircraft Arrival,27
DEL-002754,FL-011923,Late Aircraft Arrival,32
DEL-002755,FL-011924,Late Aircraft Arrival,60
DEL-002756,FL-011928,Weather,124
DEL-002757,FL-011930,Air Traffic Control,256
DEL-002758,FL-011934,Maintenance,41
DEL-002759,FL-011940,Air Traffic Control,27
DEL-002760,FL-011944,Air Traffic Control,64
DEL-002761,FL-011947,Air Traffic Control,109
DEL-002762,FL-011949,Weather,49
DEL-002763,FL-011955,Air Traffic Control,18
DEL-002764,FL-011958,Air Traffic Control,185
DEL-002765,FL-011962,Air Traffic Control,39
DEL-002766,FL-011970,Weather,34
DEL-002767,FL-011981,Maintenance,26
DEL-002768,FL-011989,Air Traffic Control,23
DEL-002769,FL-011991,Weather,44
DEL-002770,FL-011993,Maintenance,47
DEL-002771,FL-012010,Weather,38
DEL-002772,FL-012012,Maintenance,142
DEL-002773,FL-012019,Air Traffic Control,73
DEL-002774,FL-012020,Late Aircraft Arrival,61
DEL-002775,FL-012027,Air Traffic Control,18
DEL-002776,FL-012038,Air Traffic Control,72
DEL-002777,FL-012045,Late Aircraft Arrival,38
DEL-002778,FL-012047,Weather,54
DEL-002779,FL-012066,Air Traffic Control,47
DEL-002780,FL-012068,Air Traffic Control,132
DEL-002781,FL-012072,Maintenance,32
DEL-002782,FL-012079,Weather,358
DEL-002783,FL-012083,Air Traffic Control,84
DEL-002784,FL-012087,Air Traffic Control,18
DEL-002785,FL-012090,Weather,22
DEL-002786,FL-012091,Late Aircraft Arrival,94
DEL-002787,FL-012097,Maintenance,40
DEL-002788,FL-012098,Late Aircraft Arrival,52
DEL-002789,FL-012102,Air Traffic Control,45
DEL-002790,FL-012108,Air Traffic Control,49
DEL-002791,FL-012110,Weather,92
DEL-002792,FL-012113,Maintenance,149
DEL-002793,FL-012114,Weather,35
DEL-002794,FL-012123,Weather,77
DEL-002795,FL-012127,Security,56
DEL-002796,FL-012129,Late Aircraft Arrival,30
DEL-002797,FL-012132,Air Traffic Control,60
DEL-002798,FL-012136,Late Aircraft Arrival,49
DEL-002799,FL-012147,Weather,23
DEL-002800,FL-012152,Weather,20
DEL-002801,FL-012153,Air Traffic Control,97
DEL-002802,FL-012154,Late Aircraft Arrival,56
DEL-002803,FL-012156,Late Aircraft Arrival,33
DEL-002804,FL-012159,Maintenance,206
DEL-002805,FL-012160,Weather,124
DEL-002806,FL-012162,Air Traffic Control,74
DEL-002807,FL-012164,Maintenance,99
DEL-002808,FL-012170,Air Traffic Control,105
DEL-002809,FL-012171,Maintenance,32
DEL-002810,FL-012178,Maintenance,143
DEL-002811,FL-012183,Weather,127
DEL-002812,FL-012184,Maintenance,47
DEL-002813,FL-012201,Late Aircraft Arrival,25
DEL-002814,FL-012211,Weather,37
DEL-002815,FL-012218,Air Traffic Control,66
DEL-002816,FL-012220,Weather,15
DEL-002817,FL-012221,Maintenance,51
DEL-002818,FL-012225,Air Traffic Control,22
DEL-002819,FL-012228,Late Aircraft Arrival,25
DEL-002820,FL-012234,Late Aircraft Arrival,19
DEL-002821,FL-012237,Air Traffic Control,139
DEL-002822,FL-012238,Weather,119
DEL-002823,FL-012241,Air Traffic Control,41
DEL-002824,FL-012248,Late Aircraft Arrival,39
DEL-002825,FL-012252,Late Aircraft Arrival,31
DEL-002826,FL-012255,Late Aircraft Arrival,71
DEL-002827,FL-012262,Maintenance,145
DEL-002828,FL-012268,Maintenance,17
DEL-002829,FL-012274,Maintenance,19
DEL-002830,FL-012281,Maintenance,99
DEL-002831,FL-012283,Maintenance,18
DEL-002832,FL-012288,Air Traffic Control,41
DEL-002833,FL-012289,Air Traffic Control,25
DEL-002834,FL-012292,Weather,67
DEL-002835,FL-012301,Weather,47
DEL-002836,FL-012302,Maintenance,76
DEL-002837,FL-012309,Air Traffic Control,44
DEL-002838,FL-012314,Maintenance,26
DEL-002839,FL-012315,Air Traffic Control,179
DEL-002840,FL-012317,Air Traffic Control,16
DEL-002841,FL-012318,Air Traffic Control,19
DEL-002842,FL-012323,Air Traffic Control,150
DEL-002843,FL-012335,Weather,31
DEL-002844,FL-012342,Late Aircraft Arrival,93
DEL-002845,FL-012353,Weather,23
DEL-002846,FL-012357,Late Aircraft Arrival,31
DEL-002847,FL-012359,Late Aircraft Arrival,76
DEL-002848,FL-012361,Late Aircraft Arrival,26
DEL-002849,FL-012362,Late Aircraft Arrival,165
DEL-002850,FL-012369,Maintenance,130
DEL-002851,FL-012376,Late Aircraft Arrival,43
DEL-002852,FL-012377,Maintenance,21
DEL-002853,FL-012382,Weather,19
DEL-002854,FL-012391,Late Aircraft Arrival,99
DEL-002855,FL-012393,Late Aircraft Arrival,32
DEL-002856,FL-012394,Late Aircraft Arrival,27
DEL-002857,FL-012397,Maintenance,58
DEL-002858,FL-012406,Weather,91
DEL-002859,FL-012409,Weather,104
DEL-002860,FL-012421,Weather,18
DEL-002861,FL-012428,Maintenance,84
DEL-002862,FL-012431,Late Aircraft Arrival,81
DEL-002863,FL-012433,Maintenance,17
DEL-002864,FL-012451,Maintenance,33
DEL-002865,FL-012452,Air Traffic Control,28
DEL-002866,FL-012464,Air Traffic Control,57
DEL-002867,FL-012465,Late Aircraft Arrival,16
DEL-002868,FL-012470,Weather,48
DEL-002869,FL-012472,Air Traffic Control,22
DEL-002870,FL-012474,Maintenance,138
DEL-002871,FL-012475,Maintenance,20
DEL-002872,FL-012490,Air Traffic Control,45
DEL-002873,FL-012492,Maintenance,78
DEL-002874,FL-012497,Weather,57
DEL-002875,FL-012501,Air Traffic Control,16
DEL-002876,FL-012506,Weather,69
DEL-002877,FL-012507,Maintenance,81
DEL-002878,FL-012516,Maintenance,122
DEL-002879,FL-012517,Air Traffic Control,121
DEL-002880,FL-012520,Weather,44
DEL-002881,FL-012526,Air Traffic Control,46
DEL-002882,FL-012527,Maintenance,26
DEL-002883,FL-012529,Late Aircraft Arrival,47
DEL-002884,FL-012534,Maintenance,21
DEL-002885,FL-012539,Maintenance,31
DEL-002886,FL-012540,Late Aircraft Arrival,98
DEL-002887,FL-012541,Weather,39
DEL-002888,FL-012544,Air Traffic Control,25
DEL-002889,FL-012546,Maintenance,24
DEL-002890,FL-012565,Air Traffic Control,51
DEL-002891,FL-012566,Maintenance,42
DEL-002892,FL-012567,Maintenance,21
DEL-002893,FL-012568,Air Traffic Control,21
DEL-002894,FL-012571,Weather,48
DEL-002895,FL-012578,Maintenance,56
DEL-002896,FL-012580,Air Traffic Control,139
DEL-002897,FL-012587,Security,26
DEL-002898,FL-012588,Weather,31
DEL-002899,FL-012591,Maintenance,36
DEL-002900,FL-012594,Weather,81
DEL-002901,FL-012596,Late Aircraft Arrival,20
DEL-002902,FL-012600,Security,22
DEL-002903,FL-012608,Late Aircraft Arrival,16
DEL-002904,FL-012618,Maintenance,19
DEL-002905,FL-012626,Air Traffic Control,67
DEL-002906,FL-012627,Air Traffic Control,111
DEL-002907,FL-012628,Weather,111
DEL-002908,FL-012634,Security,31
DEL-002909,FL-012636,Weather,34
DEL-002910,FL-012640,Maintenance,49
DEL-002911,FL-012641,Weather,33
DEL-002912,FL-012642,Air Traffic Control,155
DEL-002913,FL-012646,Weather,22
DEL-002914,FL-012651,Air Traffic Control,21
DEL-002915,FL-012655,Late Aircraft Arrival,15
DEL-002916,FL-012658,Late Aircraft Arrival,36
DEL-002917,FL-012666,Air Traffic Control,15
DEL-002918,FL-012672,Weather,96
DEL-002919,FL-012679,Weather,54
DEL-002920,FL-012683,Weather,129
DEL-002921,FL-012693,Security,21
DEL-002922,FL-012696,Air Traffic Control,24
DEL-002923,FL-012697,Air Traffic Control,17
DEL-002924,FL-012701,Weather,26
DEL-002925,FL-012702,Late Aircraft Arrival,40
DEL-002926,FL-012712,Air Traffic Control,58
DEL-002927,FL-012716,Weather,17
DEL-002928,FL-012718,Weather,77
DEL-002929,FL-012719,Air Traffic Control,127
DEL-002930,FL-012728,Security,89
DEL-002931,FL-012729,Air Traffic Control,26
DEL-002932,FL-012733,Late Aircraft Arrival,64
DEL-002933,FL-012734,Maintenance,82
DEL-002934,FL-012735,Weather,40
DEL-002935,FL-012738,Late Aircraft Arrival,117
DEL-002936,FL-012748,Weather,53
DEL-002937,FL-012750,Late Aircraft Arrival,16
DEL-002938,FL-012751,Maintenance,17
DEL-002939,FL-012754,Air Traffic Control,15
DEL-002940,FL-012761,Air Traffic Control,80
DEL-002941,FL-012769,Air Traffic Control,162
DEL-002942,FL-012772,Maintenance,30
DEL-002943,FL-012774,Air Traffic Control,142
DEL-002944,FL-012779,Weather,67
DEL-002945,FL-012782,Air Traffic Control,25
DEL-002946,FL-012785,Maintenance,138
DEL-002947,FL-012788,Maintenance,47
DEL-002948,FL-012791,Air Traffic Control,15
DEL-002949,FL-012795,Maintenance,57
DEL-002950,FL-012796,Weather,79
DEL-002951,FL-012800,Air Traffic Control,21
DEL-002952,FL-012806,Air Traffic Control,163
DEL-002953,FL-012810,Maintenance,112
DEL-002954,FL-012811,Late Aircraft Arrival,22
DEL-002955,FL-012814,Late Aircraft Arrival,64
DEL-002956,FL-012827,Late Aircraft Arrival,156
DEL-002957,FL-012829,Air Traffic Control,119
DEL-002958,FL-012830,Air Traffic Control,90
DEL-002959,FL-012835,Air Traffic Control,62
DEL-002960,FL-012840,Weather,27
DEL-002961,FL-012848,Weather,38
DEL-002962,FL-012850,Maintenance,21
DEL-002963,FL-012853,Late Aircraft Arrival,99
DEL-002964,FL-012854,Late Aircraft Arrival,44
DEL-002965,FL-012857,Maintenance,191
DEL-002966,FL-012858,Air Traffic Control,64
DEL-002967,FL-012872,Air Traffic Control,42
DEL-002968,FL-012874,Air Traffic Control,72
DEL-002969,FL-012875,Weather,49
DEL-002970,FL-012876,Security,93
DEL-002971,FL-012879,Weather,31
DEL-002972,FL-012887,Maintenance,218
DEL-002973,FL-012888,Air Traffic Control,32
DEL-002974,FL-012889,Maintenance,102
DEL-002975,FL-012890,Late Aircraft Arrival,16
DEL-002976,FL-012891,Maintenance,104
DEL-002977,FL-012892,Weather,64
DEL-002978,FL-012898,Air Traffic Control,103
DEL-002979,FL-012903,Security,125
DEL-002980,FL-012918,Weather,22
DEL-002981,FL-012920,Maintenance,41
DEL-002982,FL-012927,Late Aircraft Arrival,45
DEL-002983,FL-012929,Maintenance,50
DEL-002984,FL-012932,Air Traffic Control,90
DEL-002985,FL-012941,Maintenance,59
DEL-002986,FL-012944,Maintenance,69
DEL-002987,FL-012955,Late Aircraft Arrival,109
DEL-002988,FL-012966,Weather,25
DEL-002989,FL-012967,Late Aircraft Arrival,34
DEL-002990,FL-012968,Weather,68
DEL-002991,FL-012970,Weather,187
DEL-002992,FL-012971,Late Aircraft Arrival,47
DEL-002993,FL-012975,Air Traffic Control,98
DEL-002994,FL-012977,Air Traffic Control,109
DEL-002995,FL-012981,Security,35
DEL-002996,FL-012992,Air Traffic Control,24
DEL-002997,FL-012994,Late Aircraft Arrival,31
DEL-002998,FL-012995,Air Traffic Control,23
DEL-002999,FL-012996,Weather,183
DEL-003000,FL-012997,Weather,26
DEL-003001,FL-013004,Weather,59
DEL-003002,FL-013005,Late Aircraft Arrival,56
DEL-003003,FL-013011,Weather,121
DEL-003004,FL-013022,Weather,34
DEL-003005,FL-013023,Security,26
DEL-003006,FL-013025,Late Aircraft Arrival,21
DEL-003007,FL-013031,Late Aircraft Arrival,77
DEL-003008,FL-013039,Weather,62
DEL-003009,FL-013041,Late Aircraft Arrival,27
DEL-003010,FL-013055,Maintenance,22
DEL-003011,FL-013059,Maintenance,20
DEL-003012,FL-013061,Air Traffic Control,52
DEL-003013,FL-013063,Weather,41
DEL-003014,FL-013069,Late Aircraft Arrival,32
DEL-003015,FL-013081,Late Aircraft Arrival,49
DEL-003016,FL-013085,Late Aircraft Arrival,135
DEL-003017,FL-013086,Weather,22
DEL-003018,FL-013089,Maintenance,87
DEL-003019,FL-013094,Maintenance,27
DEL-003020,FL-013099,Weather,43
DEL-003021,FL-013109,Late Aircraft Arrival,115
DEL-003022,FL-013110,Late Aircraft Arrival,56
DEL-003023,FL-013113,Air Traffic Control,114
DEL-003024,FL-013114,Weather,88
DEL-003025,FL-013117,Security,20
DEL-003026,FL-013125,Air Traffic Control,73
DEL-003027,FL-013128,Late Aircraft Arrival,36
DEL-003028,FL-013132,Maintenance,28
DEL-003029,FL-013139,Weather,51
DEL-003030,FL-013140,Maintenance,25
DEL-003031,FL-013143,Late Aircraft Arrival,17
DEL-003032,FL-013149,Air Traffic Control,46
DEL-003033,FL-013150,Maintenance,51
DEL-003034,FL-013155,Air Traffic Control,50
DEL-003035,FL-013157,Maintenance,39
DEL-003036,FL-013169,Security,30
DEL-003037,FL-013177,Maintenance,68
DEL-003038,FL-013178,Weather,37
DEL-003039,FL-013182,Late Aircraft Arrival,60
DEL-003040,FL-013189,Security,38
DEL-003041,FL-013190,Air Traffic Control,45
DEL-003042,FL-013193,Weather,91
DEL-003043,FL-013206,Maintenance,15
DEL-003044,FL-013221,Late Aircraft Arrival,33
DEL-003045,FL-013225,Weather,16
DEL-003046,FL-013233,Maintenance,24
DEL-003047,FL-013238,Security,22
DEL-003048,FL-013244,Late Aircraft Arrival,68
DEL-003049,FL-013245,Maintenance,75
DEL-003050,FL-013252,Weather,82
DEL-003051,FL-013253,Air Traffic Control,135
DEL-003052,FL-013257,Maintenance,84
DEL-003053,FL-013259,Weather,23
DEL-003054,FL-013261,Maintenance,34
DEL-003055,FL-013263,Security,44
DEL-003056,FL-013265,Air Traffic Control,37
DEL-003057,FL-013267,Weather,25
DEL-003058,FL-013270,Maintenance,31
DEL-003059,FL-013274,Air Traffic Control,25
DEL-003060,FL-013275,Late Aircraft Arrival,96
DEL-003061,FL-013276,Weather,151
DEL-003062,FL-013278,Air Traffic Control,39
DEL-003063,FL-013280,Weather,20
DEL-003064,FL-013281,Weather,165
DEL-003065,FL-013287,Late Aircraft Arrival,184
DEL-003066,FL-013290,Late Aircraft Arrival,24
DEL-003067,FL-013292,Weather,15
DEL-003068,FL-013294,Air Traffic Control,27
DEL-003069,FL-013303,Maintenance,35
DEL-003070,FL-013309,Air Traffic Control,21
DEL-003071,FL-013311,Weather,45
DEL-003072,FL-013312,Air Traffic Control,67
DEL-003073,FL-013320,Air Traffic Control,29
DEL-003074,FL-013328,Late Aircraft Arrival,22
DEL-003075,FL-013332,Weather,17
DEL-003076,FL-013336,Maintenance,21
DEL-003077,FL-013337,Weather,67
DEL-003078,FL-013341,Air Traffic Control,40
DEL-003079,FL-013342,Air Traffic Control,33
DEL-003080,FL-013356,Weather,24
DEL-003081,FL-013357,Weather,75
DEL-003082,FL-013359,Weather,30
DEL-003083,FL-013360,Late Aircraft Arrival,23
DEL-003084,FL-013364,Weather,151
DEL-003085,FL-013365,Weather,49
DEL-003086,FL-013366,Security,38
DEL-003087,FL-013371,Air Traffic Control,131
DEL-003088,FL-013378,Weather,79
DEL-003089,FL-013379,Maintenance,94
DEL-003090,FL-013384,Air Traffic Control,85
DEL-003091,FL-013385,Air Traffic Control,46
DEL-003092,FL-013389,Weather,18
DEL-003093,FL-013391,Maintenance,62
DEL-003094,FL-013396,Maintenance,43
DEL-003095,FL-013398,Air Traffic Control,105
DEL-003096,FL-013401,Air Traffic Control,16
DEL-003097,FL-013405,Maintenance,47
DEL-003098,FL-013410,Air Traffic Control,54
DEL-003099,FL-013411,Air Traffic Control,41
DEL-003100,FL-013415,Weather,48
DEL-003101,FL-013421,Late Aircraft Arrival,45
DEL-003102,FL-013439,Security,88
DEL-003103,FL-013440,Late Aircraft Arrival,62
DEL-003104,FL-013441,Maintenance,18
DEL-003105,FL-013445,Maintenance,58
DEL-003106,FL-013449,Air Traffic Control,102
DEL-003107,FL-013456,Late Aircraft Arrival,18
DEL-003108,FL-013462,Late Aircraft Arrival,18
DEL-003109,FL-013463,Late Aircraft Arrival,35
DEL-003110,FL-013465,Maintenance,84
DEL-003111,FL-013466,Security,59
DEL-003112,FL-013475,Air Traffic Control,19
DEL-003113,FL-013478,Weather,22
DEL-003114,FL-013488,Security,45
DEL-003115,FL-013496,Maintenance,76
DEL-003116,FL-013503,Weather,17
DEL-003117,FL-013504,Weather,121
DEL-003118,FL-013507,Air Traffic Control,19
DEL-003119,FL-013512,Maintenance,83
DEL-003120,FL-013513,Maintenance,15
DEL-003121,FL-013515,Maintenance,27
DEL-003122,FL-013517,Air Traffic Control,17
DEL-003123,FL-013519,Air Traffic Control,83
DEL-003124,FL-013520,Air Traffic Control,44
DEL-003125,FL-013523,Late Aircraft Arrival,38
DEL-003126,FL-013526,Weather,49
DEL-003127,FL-013527,Weather,73
DEL-003128,FL-013529,Maintenance,19
DEL-003129,FL-013530,Maintenance,105
DEL-003130,FL-013531,Air Traffic Control,32
DEL-003131,FL-013533,Air Traffic Control,23
DEL-003132,FL-013535,Air Traffic Control,39
DEL-003133,FL-013539,Late Aircraft Arrival,41
DEL-003134,FL-013540,Maintenance,102
DEL-003135,FL-013541,Air Traffic Control,27
DEL-003136,FL-013545,Air Traffic Control,33
DEL-003137,FL-013555,Weather,136
DEL-003138,FL-013557,Late Aircraft Arrival,53
DEL-003139,FL-013560,Weather,21
DEL-003140,FL-013561,Air Traffic Control,45
DEL-003141,FL-013568,Weather,85
DEL-003142,FL-013569,Late Aircraft Arrival,19
DEL-003143,FL-013570,Maintenance,99
DEL-003144,FL-013573,Weather,101
DEL-003145,FL-013589,Air Traffic Control,39
DEL-003146,FL-013593,Air Traffic Control,15
DEL-003147,FL-013604,Late Aircraft Arrival,29
DEL-003148,FL-013611,Maintenance,111
DEL-003149,FL-013612,Weather,40
DEL-003150,FL-013617,Weather,55
DEL-003151,FL-013618,Late Aircraft Arrival,36
DEL-003152,FL-013628,Air Traffic Control,96
DEL-003153,FL-013629,Air Traffic Control,39
DEL-003154,FL-013634,Weather,22
DEL-003155,FL-013638,Weather,77
DEL-003156,FL-013639,Air Traffic Control,33
DEL-003157,FL-013647,Security,95
DEL-003158,FL-013651,Weather,61
DEL-003159,FL-013654,Weather,23
DEL-003160,FL-013655,Maintenance,77
DEL-003161,FL-013660,Maintenance,63
DEL-003162,FL-013667,Weather,49
DEL-003163,FL-013670,Late Aircraft Arrival,18
DEL-003164,FL-013671,Late Aircraft Arrival,203
DEL-003165,FL-013676,Late Aircraft Arrival,42
DEL-003166,FL-013679,Maintenance,149
DEL-003167,FL-013687,Maintenance,57
DEL-003168,FL-013699,Maintenance,43
DEL-003169,FL-013700,Maintenance,34
DEL-003170,FL-013712,Weather,129
DEL-003171,FL-013716,Late Aircraft Arrival,50
DEL-003172,FL-013720,Late Aircraft Arrival,66
DEL-003173,FL-013721,Weather,46
DEL-003174,FL-013723,Air Traffic Control,38
DEL-003175,FL-013725,Late Aircraft Arrival,44
DEL-003176,FL-013728,Late Aircraft Arrival,18
DEL-003177,FL-013738,Late Aircraft Arrival,62
DEL-003178,FL-013741,Maintenance,42
DEL-003179,FL-013747,Air Traffic Control,27
DEL-003180,FL-013748,Air Traffic Control,51
DEL-003181,FL-013751,Maintenance,110
DEL-003182,FL-013754,Weather,118
DEL-003183,FL-013756,Maintenance,42
DEL-003184,FL-013760,Air Traffic Control,87
DEL-003185,FL-013761,Late Aircraft Arrival,82
DEL-003186,FL-013763,Air Traffic Control,43
DEL-003187,FL-013766,Late Aircraft Arrival,77
DEL-003188,FL-013773,Air Traffic Control,49
DEL-003189,FL-013775,Air Traffic Control,37
DEL-003190,FL-013786,Late Aircraft Arrival,26
DEL-003191,FL-013787,Air Traffic Control,43
DEL-003192,FL-013788,Maintenance,32
DEL-003193,FL-013795,Maintenance,58
DEL-003194,FL-013796,Late Aircraft Arrival,100
DEL-003195,FL-013797,Maintenance,55
DEL-003196,FL-013803,Late Aircraft Arrival,22
DEL-003197,FL-013810,Weather,56
DEL-003198,FL-013816,Maintenance,131
DEL-003199,FL-013828,Late Aircraft Arrival,30
DEL-003200,FL-013836,Air Traffic Control,132
DEL-003201,FL-013845,Air Traffic Control,163
DEL-003202,FL-013848,Late Aircraft Arrival,21
DEL-003203,FL-013850,Late Aircraft Arrival,29
DEL-003204,FL-013853,Maintenance,29
DEL-003205,FL-013857,Weather,84
DEL-003206,FL-013863,Late Aircraft Arrival,119
DEL-003207,FL-013870,Air Traffic Control,49
DEL-003208,FL-013877,Maintenance,36
DEL-003209,FL-013882,Maintenance,78
DEL-003210,FL-013889,Weather,42
DEL-003211,FL-013892,Weather,129
DEL-003212,FL-013896,Weather,22
DEL-003213,FL-013905,Maintenance,21
DEL-003214,FL-013912,Weather,25
DEL-003215,FL-013914,Maintenance,24
DEL-003216,FL-013918,Late Aircraft Arrival,63
DEL-003217,FL-013920,Weather,57
DEL-003218,FL-013921,Air Traffic Control,24
DEL-003219,FL-013922,Weather,63
DEL-003220,FL-013928,Weather,121
DEL-003221,FL-013930,Air Traffic Control,84
DEL-003222,FL-013933,Weather,75
DEL-003223,FL-013934,Weather,77
DEL-003224,FL-013935,Security,32
DEL-003225,FL-013947,Air Traffic Control,121
DEL-003226,FL-013955,Weather,19
DEL-003227,FL-013958,Air Traffic Control,80
DEL-003228,FL-013959,Weather,18
DEL-003229,FL-013961,Weather,45
DEL-003230,FL-013963,Air Traffic Control,118
DEL-003231,FL-013969,Maintenance,30
DEL-003232,FL-013972,Late Aircraft Arrival,20
DEL-003233,FL-013973,Weather,16
DEL-003234,FL-013975,Weather,19
DEL-003235,FL-013978,Air Traffic Control,67
DEL-003236,FL-013986,Air Traffic Control,79
DEL-003237,FL-013994,Weather,56
DEL-003238,FL-013995,Weather,55
DEL-003239,FL-013998,Maintenance,23
DEL-003240,FL-014001,Air Traffic Control,46
DEL-003241,FL-014004,Weather,51
DEL-003242,FL-014005,Air Traffic Control,221
DEL-003243,FL-014010,Air Traffic Control,98
DEL-003244,FL-014017,Weather,33
DEL-003245,FL-014018,Air Traffic Control,137
DEL-003246,FL-014023,Maintenance,81
DEL-003247,FL-014026,Weather,63
DEL-003248,FL-014031,Late Aircraft Arrival,19
DEL-003249,FL-014036,Maintenance,36
DEL-003250,FL-014037,Late Aircraft Arrival,133
DEL-003251,FL-014041,Weather,167
DEL-003252,FL-014042,Air Traffic Control,38
DEL-003253,FL-014044,Air Traffic Control,28
DEL-003254,FL-014045,Weather,18
DEL-003255,FL-014050,Air Traffic Control,32
DEL-003256,FL-014061,Air Traffic Control,39
DEL-003257,FL-014065,Maintenance,61
DEL-003258,FL-014075,Weather,78
DEL-003259,FL-014079,Late Aircraft Arrival,19
DEL-003260,FL-014081,Security,39
DEL-003261,FL-014084,Late Aircraft Arrival,27
DEL-003262,FL-014089,Maintenance,104
DEL-003263,FL-014090,Weather,29
DEL-003264,FL-014094,Air Traffic Control,77
DEL-003265,FL-014095,Maintenance,48
DEL-003266,FL-014099,Late Aircraft Arrival,20
DEL-003267,FL-014101,Maintenance,29
DEL-003268,FL-014105,Air Traffic Control,64
DEL-003269,FL-014107,Maintenance,42
DEL-003270,FL-014110,Maintenance,42
DEL-003271,FL-014113,Weather,35
DEL-003272,FL-014122,Air Traffic Control,15
DEL-003273,FL-014124,Air Traffic Control,98
DEL-003274,FL-014132,Weather,57
DEL-003275,FL-014135,Security,18
DEL-003276,FL-014139,Late Aircraft Arrival,41
DEL-003277,FL-014150,Air Traffic Control,45
DEL-003278,FL-014158,Air Traffic Control,37
DEL-003279,FL-014163,Maintenance,29
DEL-003280,FL-014169,Weather,67
DEL-003281,FL-014174,Late Aircraft Arrival,16
DEL-003282,FL-014175,Maintenance,40
DEL-003283,FL-014176,Weather,36
DEL-003284,FL-014177,Late Aircraft Arrival,35
DEL-003285,FL-014178,Late Aircraft Arrival,25
DEL-003286,FL-014179,Air Traffic Control,56
DEL-003287,FL-014189,Weather,30
DEL-003288,FL-014190,Late Aircraft Arrival,73
DEL-003289,FL-014197,Weather,22
DEL-003290,FL-014198,Late Aircraft Arrival,33
DEL-003291,FL-014200,Late Aircraft Arrival,21
DEL-003292,FL-014201,Weather,24
DEL-003293,FL-014205,Air Traffic Control,67
DEL-003294,FL-014212,Air Traffic Control,201
DEL-003295,FL-014225,Maintenance,68
DEL-003296,FL-014233,Weather,65
DEL-003297,FL-014238,Late Aircraft Arrival,20
DEL-003298,FL-014239,Weather,151
DEL-003299,FL-014254,Late Aircraft Arrival,129
DEL-003300,FL-014255,Maintenance,68
DEL-003301,FL-014260,Air Traffic Control,28
DEL-003302,FL-014264,Maintenance,15
DEL-003303,FL-014265,Late Aircraft Arrival,66
DEL-003304,FL-014268,Weather,47
DEL-003305,FL-014269,Air Traffic Control,34
DEL-003306,FL-014270,Air Traffic Control,17
DEL-003307,FL-014273,Air Traffic Control,19
DEL-003308,FL-014279,Maintenance,71
DEL-003309,FL-014282,Air Traffic Control,114
DEL-003310,FL-014307,Security,65
DEL-003311,FL-014310,Maintenance,50
DEL-003312,FL-014312,Air Traffic Control,102
DEL-003313,FL-014319,Maintenance,64
DEL-003314,FL-014321,Security,21
DEL-003315,FL-014329,Weather,33
DEL-003316,FL-014331,Late Aircraft Arrival,49
DEL-003317,FL-014336,Maintenance,33
DEL-003318,FL-014349,Maintenance,94
DEL-003319,FL-014357,Weather,48
DEL-003320,FL-014360,Air Traffic Control,37
DEL-003321,FL-014363,Air Traffic Control,115
DEL-003322,FL-014372,Air Traffic Control,77
DEL-003323,FL-014374,Security,19
DEL-003324,FL-014378,Maintenance,17
DEL-003325,FL-014379,Weather,37
DEL-003326,FL-014383,Late Aircraft Arrival,18
DEL-003327,FL-014385,Air Traffic Control,31
DEL-003328,FL-014394,Weather,37
DEL-003329,FL-014397,Weather,26
DEL-003330,FL-014398,Air Traffic Control,29
DEL-003331,FL-014399,Air Traffic Control,41
DEL-003332,FL-014405,Maintenance,36
DEL-003333,FL-014408,Maintenance,80
DEL-003334,FL-014409,Late Aircraft Arrival,35
DEL-003335,FL-014410,Air Traffic Control,51
DEL-003336,FL-014413,Security,250
DEL-003337,FL-014414,Late Aircraft Arrival,68
DEL-003338,FL-014420,Air Traffic Control,19
DEL-003339,FL-014430,Maintenance,104
DEL-003340,FL-014431,Maintenance,74
DEL-003341,FL-014432,Weather,28
DEL-003342,FL-014434,Weather,40
DEL-003343,FL-014449,Maintenance,54
DEL-003344,FL-014454,Weather,45
DEL-003345,FL-014460,Late Aircraft Arrival,165
DEL-003346,FL-014461,Weather,16
DEL-003347,FL-014462,Weather,60
DEL-003348,FL-014473,Late Aircraft Arrival,122
DEL-003349,FL-014476,Late Aircraft Arrival,109
DEL-003350,FL-014481,Air Traffic Control,71
DEL-003351,FL-014482,Maintenance,36
DEL-003352,FL-014483,Late Aircraft Arrival,75
DEL-003353,FL-014484,Air Traffic Control,156
DEL-003354,FL-014491,Weather,20
DEL-003355,FL-014499,Weather,17
DEL-003356,FL-014502,Maintenance,16
DEL-003357,FL-014503,Security,48
DEL-003358,FL-014506,Weather,26
DEL-003359,FL-014509,Weather,21
DEL-003360,FL-014511,Weather,55
DEL-003361,FL-014512,Maintenance,183
DEL-003362,FL-014516,Late Aircraft Arrival,37
DEL-003363,FL-014521,Late Aircraft Arrival,28
DEL-003364,FL-014523,Air Traffic Control,22
DEL-003365,FL-014524,Weather,17
DEL-003366,FL-014530,Air Traffic Control,49
DEL-003367,FL-014536,Weather,189
DEL-003368,FL-014539,Late Aircraft Arrival,28
DEL-003369,FL-014542,Late Aircraft Arrival,44
DEL-003370,FL-014543,Air Traffic Control,16
DEL-003371,FL-014544,Air Traffic Control,173
DEL-003372,FL-014545,Weather,56
DEL-003373,FL-014549,Air Traffic Control,93
DEL-003374,FL-014550,Maintenance,16
DEL-003375,FL-014554,Weather,91
DEL-003376,FL-014556,Weather,25
DEL-003377,FL-014563,Air Traffic Control,16
DEL-003378,FL-014568,Security,21
DEL-003379,FL-014571,Weather,59
DEL-003380,FL-014581,Air Traffic Control,42
DEL-003381,FL-014582,Late Aircraft Arrival,144
DEL-003382,FL-014591,Air Traffic Control,21
DEL-003383,FL-014596,Maintenance,121
DEL-003384,FL-014599,Maintenance,33
DEL-003385,FL-014610,Air Traffic Control,26
DEL-003386,FL-014612,Weather,45
DEL-003387,FL-014615,Maintenance,104
DEL-003388,FL-014618,Air Traffic Control,95
DEL-003389,FL-014626,Weather,19
DEL-003390,FL-014631,Late Aircraft Arrival,29
DEL-003391,FL-014632,Maintenance,25
DEL-003392,FL-014637,Air Traffic Control,96
DEL-003393,FL-014642,Late Aircraft Arrival,76
DEL-003394,FL-014653,Maintenance,37
DEL-003395,FL-014658,Air Traffic Control,47
DEL-003396,FL-014665,Weather,25
DEL-003397,FL-014666,Air Traffic Control,85
DEL-003398,FL-014670,Late Aircraft Arrival,81
DEL-003399,FL-014672,Maintenance,81
DEL-003400,FL-014675,Security,52
DEL-003401,FL-014679,Maintenance,32
DEL-003402,FL-014682,Air Traffic Control,28
DEL-003403,FL-014689,Maintenance,51
DEL-003404,FL-014706,Late Aircraft Arrival,56
DEL-003405,FL-014712,Security,68
DEL-003406,FL-014714,Maintenance,85
DEL-003407,FL-014719,Security,22
DEL-003408,FL-014722,Weather,116
DEL-003409,FL-014728,Air Traffic Control,33
DEL-003410,FL-014733,Air Traffic Control,49
DEL-003411,FL-014734,Security,62
DEL-003412,FL-014742,Air Traffic Control,32
DEL-003413,FL-014757,Weather,22
DEL-003414,FL-014759,Weather,21
DEL-003415,FL-014763,Air Traffic Control,71
DEL-003416,FL-014767,Maintenance,21
DEL-003417,FL-014770,Security,62
DEL-003418,FL-014777,Maintenance,17
DEL-003419,FL-014783,Maintenance,46
DEL-003420,FL-014792,Maintenance,34
DEL-003421,FL-014797,Maintenance,117
DEL-003422,FL-014798,Late Aircraft Arrival,50
DEL-003423,FL-014800,Weather,85
DEL-003424,FL-014803,Maintenance,57
DEL-003425,FL-014805,Weather,18
DEL-003426,FL-014808,Late Aircraft Arrival,94
DEL-003427,FL-014817,Late Aircraft Arrival,94
DEL-003428,FL-014818,Weather,28
DEL-003429,FL-014822,Late Aircraft Arrival,48
DEL-003430,FL-014825,Weather,36
DEL-003431,FL-014826,Air Traffic Control,82
DEL-003432,FL-014836,Air Traffic Control,115
DEL-003433,FL-014838,Late Aircraft Arrival,179
DEL-003434,FL-014840,Air Traffic Control,16
DEL-003435,FL-014841,Late Aircraft Arrival,25
DEL-003436,FL-014843,Air Traffic Control,53
DEL-003437,FL-014844,Weather,62
DEL-003438,FL-014847,Air Traffic Control,110
DEL-003439,FL-014855,Late Aircraft Arrival,121
DEL-003440,FL-014856,Late Aircraft Arrival,18
DEL-003441,FL-014862,Air Traffic Control,38
DEL-003442,FL-014866,Air Traffic Control,65
DEL-003443,FL-014868,Air Traffic Control,37
DEL-003444,FL-014869,Security,58
DEL-003445,FL-014876,Weather,159
DEL-003446,FL-014877,Late Aircraft Arrival,24
DEL-003447,FL-014883,Air Traffic Control,24
DEL-003448,FL-014884,Air Traffic Control,34
DEL-003449,FL-014888,Weather,47
DEL-003450,FL-014902,Weather,17
DEL-003451,FL-014913,Late Aircraft Arrival,122
DEL-003452,FL-014921,Air Traffic Control,37
DEL-003453,FL-014924,Air Traffic Control,43
DEL-003454,FL-014931,Weather,17
DEL-003455,FL-014934,Weather,34
DEL-003456,FL-014941,Weather,98
DEL-003457,FL-014945,Weather,115
DEL-003458,FL-014948,Air Traffic Control,50
DEL-003459,FL-014952,Air Traffic Control,42
DEL-003460,FL-014954,Maintenance,74
DEL-003461,FL-014955,Late Aircraft Arrival,43
DEL-003462,FL-014960,Air Traffic Control,23
DEL-003463,FL-014967,Weather,44
DEL-003464,FL-014972,Late Aircraft Arrival,24
DEL-003465,FL-014974,Maintenance,21
DEL-003466,FL-014986,Late Aircraft Arrival,16
DEL-003467,FL-014989,Air Traffic Control,18
DEL-003468,FL-014994,Late Aircraft Arrival,21
DEL-003469,FL-014997,Air Traffic Control,38
DEL-003470,FL-014998,Air Traffic Control,22
DEL-003471,FL-014999,Weather,64
DEL-003472,FL-015006,Maintenance,51
DEL-003473,FL-015009,Weather,48
DEL-003474,FL-015011,Weather,29
DEL-003475,FL-015013,Air Traffic Control,51
DEL-003476,FL-015021,Weather,226
DEL-003477,FL-015027,Maintenance,22
DEL-003478,FL-015032,Air Traffic Control,84
DEL-003479,FL-015034,Air Traffic Control,72
DEL-003480,FL-015044,Maintenance,47
DEL-003481,FL-015046,Late Aircraft Arrival,56
DEL-003482,FL-015048,Air Traffic Control,93
DEL-003483,FL-015056,Weather,38
DEL-003484,FL-015059,Late Aircraft Arrival,38
DEL-003485,FL-015060,Weather,78
DEL-003486,FL-015063,Maintenance,61
DEL-003487,FL-015070,Weather,123
DEL-003488,FL-015074,Air Traffic Control,40
DEL-003489,FL-015093,Air Traffic Control,39
DEL-003490,FL-015098,Weather,23
DEL-003491,FL-015101,Late Aircraft Arrival,39
DEL-003492,FL-015106,Weather,17
DEL-003493,FL-015110,Weather,15
DEL-003494,FL-015117,Security,21
DEL-003495,FL-015118,Maintenance,75
DEL-003496,FL-015125,Weather,46
DEL-003497,FL-015132,Late Aircraft Arrival,54
DEL-003498,FL-015141,Weather,101
DEL-003499,FL-015142,Weather,106
DEL-003500,FL-015149,Maintenance,15
DEL-003501,FL-015163,Late Aircraft Arrival,160
DEL-003502,FL-015164,Late Aircraft Arrival,19
DEL-003503,FL-015167,Late Aircraft Arrival,18
DEL-003504,FL-015169,Air Traffic Control,46
DEL-003505,FL-015172,Air Traffic Control,23
DEL-003506,FL-015175,Late Aircraft Arrival,26
DEL-003507,FL-015177,Maintenance,18
DEL-003508,FL-015183,Maintenance,79
DEL-003509,FL-015189,Late Aircraft Arrival,30
DEL-003510,FL-015193,Maintenance,293
DEL-003511,FL-015195,Air Traffic Control,99
DEL-003512,FL-015196,Late Aircraft Arrival,30
DEL-003513,FL-015197,Air Traffic Control,26
DEL-003514,FL-015199,Security,77
DEL-003515,FL-015200,Weather,131
DEL-003516,FL-015204,Air Traffic Control,90
DEL-003517,FL-015208,Air Traffic Control,43
DEL-003518,FL-015209,Weather,58
DEL-003519,FL-015211,Weather,26
DEL-003520,FL-015216,Air Traffic Control,62
DEL-003521,FL-015217,Maintenance,60
DEL-003522,FL-015219,Maintenance,23
DEL-003523,FL-015221,Air Traffic Control,41
DEL-003524,FL-015225,Air Traffic Control,34
DEL-003525,FL-015227,Weather,34
DEL-003526,FL-015228,Weather,57
DEL-003527,FL-015231,Maintenance,80
DEL-003528,FL-015234,Maintenance,43
DEL-003529,FL-015237,Late Aircraft Arrival,135
DEL-003530,FL-015242,Air Traffic Control,57
DEL-003531,FL-015243,Weather,139
DEL-003532,FL-015246,Weather,72
DEL-003533,FL-015247,Late Aircraft Arrival,45
DEL-003534,FL-015251,Weather,90
DEL-003535,FL-015254,Air Traffic Control,217
DEL-003536,FL-015255,Maintenance,57
DEL-003537,FL-015258,Maintenance,149
DEL-003538,FL-015266,Air Traffic Control,59
DEL-003539,FL-015267,Weather,40
DEL-003540,FL-015270,Late Aircraft Arrival,105
DEL-003541,FL-015275,Maintenance,72
DEL-003542,FL-015278,Weather,29
DEL-003543,FL-015280,Weather,39
DEL-003544,FL-015283,Air Traffic Control,58
DEL-003545,FL-015288,Air Traffic Control,25
DEL-003546,FL-015289,Air Traffic Control,45
DEL-003547,FL-015291,Maintenance,21
DEL-003548,FL-015308,Late Aircraft Arrival,71
DEL-003549,FL-015309,Late Aircraft Arrival,58
DEL-003550,FL-015311,Late Aircraft Arrival,29
DEL-003551,FL-015313,Security,44
DEL-003552,FL-015317,Air Traffic Control,19
DEL-003553,FL-015319,Air Traffic Control,39
DEL-003554,FL-015329,Late Aircraft Arrival,32
DEL-003555,FL-015338,Weather,67
DEL-003556,FL-015346,Maintenance,116
DEL-003557,FL-015347,Maintenance,69
DEL-003558,FL-015353,Maintenance,49
DEL-003559,FL-015360,Air Traffic Control,70
DEL-003560,FL-015369,Air Traffic Control,232
DEL-003561,FL-015371,Air Traffic Control,30
DEL-003562,FL-015374,Air Traffic Control,30
DEL-003563,FL-015375,Late Aircraft Arrival,51
DEL-003564,FL-015376,Late Aircraft Arrival,26
DEL-003565,FL-015386,Weather,123
DEL-003566,FL-015400,Late Aircraft Arrival,32
DEL-003567,FL-015403,Late Aircraft Arrival,28
DEL-003568,FL-015409,Weather,19
DEL-003569,FL-015410,Air Traffic Control,17
DEL-003570,FL-015412,Maintenance,20
DEL-003571,FL-015416,Maintenance,73
DEL-003572,FL-015429,Air Traffic Control,22
DEL-003573,FL-015437,Maintenance,152
DEL-003574,FL-015441,Air Traffic Control,115
DEL-003575,FL-015443,Weather,36
DEL-003576,FL-015449,Weather,20
DEL-003577,FL-015450,Late Aircraft Arrival,230
DEL-003578,FL-015452,Weather,62
DEL-003579,FL-015453,Air Traffic Control,23
DEL-003580,FL-015455,Late Aircraft Arrival,206
DEL-003581,FL-015465,Weather,16
DEL-003582,FL-015466,Air Traffic Control,62
DEL-003583,FL-015469,Air Traffic Control,29
DEL-003584,FL-015476,Air Traffic Control,55
DEL-003585,FL-015500,Maintenance,80
DEL-003586,FL-015503,Weather,21
DEL-003587,FL-015506,Air Traffic Control,156
DEL-003588,FL-015507,Air Traffic Control,32
DEL-003589,FL-015515,Late Aircraft Arrival,19
DEL-003590,FL-015517,Air Traffic Control,36
DEL-003591,FL-015521,Maintenance,20
DEL-003592,FL-015523,Weather,56
DEL-003593,FL-015527,Air Traffic Control,36
DEL-003594,FL-015536,Late Aircraft Arrival,83
DEL-003595,FL-015543,Weather,39
DEL-003596,FL-015561,Late Aircraft Arrival,98
DEL-003597,FL-015562,Maintenance,128
DEL-003598,FL-015567,Weather,36
DEL-003599,FL-015571,Air Traffic Control,25
DEL-003600,FL-015572,Late Aircraft Arrival,83
DEL-003601,FL-015573,Weather,115
DEL-003602,FL-015575,Late Aircraft Arrival,228
DEL-003603,FL-015578,Air Traffic Control,32
DEL-003604,FL-015579,Air Traffic Control,71
DEL-003605,FL-015590,Maintenance,41
DEL-003606,FL-015593,Security,129
DEL-003607,FL-015597,Air Traffic Control,19
DEL-003608,FL-015600,Air Traffic Control,41
DEL-003609,FL-015608,Air Traffic Control,31
DEL-003610,FL-015614,Weather,26
DEL-003611,FL-015615,Maintenance,65
DEL-003612,FL-015618,Security,30
DEL-003613,FL-015623,Security,15
DEL-003614,FL-015625,Air Traffic Control,19
DEL-003615,FL-015627,Late Aircraft Arrival,50
DEL-003616,FL-015641,Air Traffic Control,59
DEL-003617,FL-015643,Maintenance,20
DEL-003618,FL-015644,Air Traffic Control,76
DEL-003619,FL-015649,Maintenance,17
DEL-003620,FL-015651,Air Traffic Control,23
DEL-003621,FL-015656,Weather,34
DEL-003622,FL-015663,Security,18
DEL-003623,FL-015665,Late Aircraft Arrival,122
DEL-003624,FL-015668,Weather,256
DEL-003625,FL-015669,Security,18
DEL-003626,FL-015673,Security,151
DEL-003627,FL-015675,Air Traffic Control,45
DEL-003628,FL-015676,Late Aircraft Arrival,103
DEL-003629,FL-015678,Maintenance,23
DEL-003630,FL-015680,Air Traffic Control,318
DEL-003631,FL-015681,Air Traffic Control,51
DEL-003632,FL-015686,Weather,106
DEL-003633,FL-015690,Weather,94
DEL-003634,FL-015699,Security,52
DEL-003635,FL-015703,Late Aircraft Arrival,32
DEL-003636,FL-015709,Maintenance,18
DEL-003637,FL-015714,Maintenance,16
DEL-003638,FL-015720,Air Traffic Control,36
DEL-003639,FL-015723,Late Aircraft Arrival,15
DEL-003640,FL-015726,Air Traffic Control,27
DEL-003641,FL-015727,Security,32
DEL-003642,FL-015733,Late Aircraft Arrival,47
DEL-003643,FL-015735,Weather,39
DEL-003644,FL-015741,Maintenance,122
DEL-003645,FL-015743,Late Aircraft Arrival,197
DEL-003646,FL-015745,Air Traffic Control,67
DEL-003647,FL-015747,Air Traffic Control,27
DEL-003648,FL-015748,Late Aircraft Arrival,109
DEL-003649,FL-015751,Weather,57
DEL-003650,FL-015754,Air Traffic Control,26
DEL-003651,FL-015760,Air Traffic Control,97
DEL-003652,FL-015764,Air Traffic Control,116
DEL-003653,FL-015767,Weather,19
DEL-003654,FL-015768,Maintenance,87
DEL-003655,FL-015769,Air Traffic Control,104
DEL-003656,FL-015770,Air Traffic Control,36
DEL-003657,FL-015789,Maintenance,41
DEL-003658,FL-015791,Air Traffic Control,74
DEL-003659,FL-015798,Late Aircraft Arrival,37
DEL-003660,FL-015799,Maintenance,24
DEL-003661,FL-015812,Maintenance,94
DEL-003662,FL-015815,Air Traffic Control,49
DEL-003663,FL-015823,Late Aircraft Arrival,22
DEL-003664,FL-015825,Late Aircraft Arrival,24
DEL-003665,FL-015831,Late Aircraft Arrival,153
DEL-003666,FL-015833,Maintenance,29
DEL-003667,FL-015839,Late Aircraft Arrival,39
DEL-003668,FL-015841,Weather,18
DEL-003669,FL-015852,Maintenance,47
DEL-003670,FL-015855,Weather,60
DEL-003671,FL-015857,Air Traffic Control,76
DEL-003672,FL-015862,Weather,25
DEL-003673,FL-015865,Air Traffic Control,57
DEL-003674,FL-015883,Late Aircraft Arrival,46
DEL-003675,FL-015884,Weather,32
DEL-003676,FL-015886,Air Traffic Control,109
DEL-003677,FL-015891,Late Aircraft Arrival,65
DEL-003678,FL-015932,Weather,59
DEL-003679,FL-015935,Weather,16
DEL-003680,FL-015940,Late Aircraft Arrival,16
DEL-003681,FL-015943,Air Traffic Control,80
DEL-003682,FL-015945,Weather,39
DEL-003683,FL-015947,Late Aircraft Arrival,21
DEL-003684,FL-015948,Late Aircraft Arrival,48
DEL-003685,FL-015952,Air Traffic Control,15
DEL-003686,FL-015954,Weather,16
DEL-003687,FL-015956,Air Traffic Control,35
DEL-003688,FL-015962,Late Aircraft Arrival,46
DEL-003689,FL-015969,Air Traffic Control,50
DEL-003690,FL-015971,Air Traffic Control,19
DEL-003691,FL-015972,Weather,20
DEL-003692,FL-015973,Air Traffic Control,22
DEL-003693,FL-015974,Air Traffic Control,182
DEL-003694,FL-015976,Air Traffic Control,65
DEL-003695,FL-015980,Late Aircraft Arrival,89
DEL-003696,FL-015983,Security,31
DEL-003697,FL-015985,Late Aircraft Arrival,202
DEL-003698,FL-015993,Weather,75
DEL-003699,FL-015994,Air Traffic Control,16
DEL-003700,FL-015996,Maintenance,40
DEL-003701,FL-015999,Air Traffic Control,28
DEL-003702,FL-016007,Weather,25
DEL-003703,FL-016008,Air Traffic Control,22
DEL-003704,FL-016017,Air Traffic Control,47
DEL-003705,FL-016026,Air Traffic Control,101
DEL-003706,FL-016028,Late Aircraft Arrival,81
DEL-003707,FL-016035,Weather,17
DEL-003708,FL-016043,Weather,42
DEL-003709,FL-016044,Maintenance,99
DEL-003710,FL-016046,Air Traffic Control,22
DEL-003711,FL-016048,Security,26
DEL-003712,FL-016050,Late Aircraft Arrival,62
DEL-003713,FL-016061,Air Traffic Control,77
DEL-003714,FL-016062,Air Traffic Control,49
DEL-003715,FL-016065,Air Traffic Control,36
DEL-003716,FL-016072,Air Traffic Control,43
DEL-003717,FL-016076,Air Traffic Control,27
DEL-003718,FL-016082,Maintenance,24
DEL-003719,FL-016085,Security,51
DEL-003720,FL-016086,Air Traffic Control,45
DEL-003721,FL-016090,Air Traffic Control,40
DEL-003722,FL-016091,Maintenance,74
DEL-003723,FL-016092,Maintenance,53
DEL-003724,FL-016098,Late Aircraft Arrival,18
DEL-003725,FL-016102,Maintenance,168
DEL-003726,FL-016103,Late Aircraft Arrival,22
DEL-003727,FL-016108,Late Aircraft Arrival,26
DEL-003728,FL-016119,Maintenance,48
DEL-003729,FL-016131,Maintenance,21
DEL-003730,FL-016134,Security,75
DEL-003731,FL-016136,Air Traffic Control,37
DEL-003732,FL-016137,Maintenance,48
DEL-003733,FL-016138,Weather,56
DEL-003734,FL-016140,Maintenance,37
DEL-003735,FL-016149,Maintenance,19
DEL-003736,FL-016151,Air Traffic Control,37
DEL-003737,FL-016161,Air Traffic Control,52
DEL-003738,FL-016169,Weather,47
DEL-003739,FL-016170,Air Traffic Control,21
DEL-003740,FL-016172,Air Traffic Control,150
DEL-003741,FL-016174,Air Traffic Control,28
DEL-003742,FL-016179,Late Aircraft Arrival,64
DEL-003743,FL-016182,Air Traffic Control,115
DEL-003744,FL-016186,Maintenance,34
DEL-003745,FL-016190,Late Aircraft Arrival,54
DEL-003746,FL-016196,Maintenance,63
DEL-003747,FL-016200,Air Traffic Control,23
DEL-003748,FL-016204,Late Aircraft Arrival,52
DEL-003749,FL-016205,Late Aircraft Arrival,77
DEL-003750,FL-016208,Maintenance,90
DEL-003751,FL-016210,Late Aircraft Arrival,67
DEL-003752,FL-016212,Air Traffic Control,41
DEL-003753,FL-016220,Late Aircraft Arrival,101
DEL-003754,FL-016235,Air Traffic Control,175
DEL-003755,FL-016245,Weather,84
DEL-003756,FL-016246,Weather,38
DEL-003757,FL-016249,Late Aircraft Arrival,39
DEL-003758,FL-016263,Security,88
DEL-003759,FL-016271,Maintenance,15
DEL-003760,FL-016274,Late Aircraft Arrival,37
DEL-003761,FL-016275,Air Traffic Control,30
DEL-003762,FL-016277,Air Traffic Control,56
DEL-003763,FL-016279,Late Aircraft Arrival,67
DEL-003764,FL-016288,Air Traffic Control,36
DEL-003765,FL-016289,Air Traffic Control,55
DEL-003766,FL-016290,Air Traffic Control,151
DEL-003767,FL-016295,Security,61
DEL-003768,FL-016296,Maintenance,72
DEL-003769,FL-016300,Air Traffic Control,54
DEL-003770,FL-016309,Air Traffic Control,37
DEL-003771,FL-016312,Air Traffic Control,193
DEL-003772,FL-016315,Security,41
DEL-003773,FL-016319,Air Traffic Control,21
DEL-003774,FL-016334,Air Traffic Control,102
DEL-003775,FL-016340,Air Traffic Control,75
DEL-003776,FL-016342,Air Traffic Control,85
DEL-003777,FL-016348,Air Traffic Control,177
DEL-003778,FL-016351,Air Traffic Control,73
DEL-003779,FL-016352,Air Traffic Control,42
DEL-003780,FL-016364,Air Traffic Control,32
DEL-003781,FL-016370,Air Traffic Control,64
DEL-003782,FL-016372,Air Traffic Control,32
DEL-003783,FL-016383,Late Aircraft Arrival,15
DEL-003784,FL-016385,Late Aircraft Arrival,32
DEL-003785,FL-016392,Maintenance,142
DEL-003786,FL-016394,Late Aircraft Arrival,69
DEL-003787,FL-016407,Air Traffic Control,20
DEL-003788,FL-016417,Air Traffic Control,33
DEL-003789,FL-016419,Late Aircraft Arrival,71
DEL-003790,FL-016421,Maintenance,42
DEL-003791,FL-016424,Weather,26
DEL-003792,FL-016426,Weather,34
DEL-003793,FL-016434,Maintenance,30
DEL-003794,FL-016437,Air Traffic Control,31
DEL-003795,FL-016439,Weather,51
DEL-003796,FL-016441,Air Traffic Control,17
DEL-003797,FL-016449,Maintenance,27
DEL-003798,FL-016466,Late Aircraft Arrival,45
DEL-003799,FL-016474,Weather,71
DEL-003800,FL-016475,Weather,21
DEL-003801,FL-016479,Air Traffic Control,55
DEL-003802,FL-016482,Maintenance,29
DEL-003803,FL-016483,Air Traffic Control,27
DEL-003804,FL-016492,Weather,78
DEL-003805,FL-016496,Weather,33
DEL-003806,FL-016497,Weather,29
DEL-003807,FL-016501,Security,17
DEL-003808,FL-016505,Security,82
DEL-003809,FL-016512,Weather,16
DEL-003810,FL-016513,Weather,27
DEL-003811,FL-016519,Weather,24
DEL-003812,FL-016520,Maintenance,121
DEL-003813,FL-016522,Late Aircraft Arrival,206
DEL-003814,FL-016523,Air Traffic Control,50
DEL-003815,FL-016525,Late Aircraft Arrival,24
DEL-003816,FL-016526,Maintenance,18
DEL-003817,FL-016527,Weather,35
DEL-003818,FL-016528,Air Traffic Control,38
DEL-003819,FL-016530,Weather,54
DEL-003820,FL-016536,Air Traffic Control,26
DEL-003821,FL-016542,Weather,16
DEL-003822,FL-016547,Maintenance,131
DEL-003823,FL-016551,Maintenance,40
DEL-003824,FL-016556,Late Aircraft Arrival,17
DEL-003825,FL-016559,Weather,39
DEL-003826,FL-016563,Late Aircraft Arrival,30
DEL-003827,FL-016567,Maintenance,77
DEL-003828,FL-016574,Maintenance,21
DEL-003829,FL-016577,Maintenance,68
DEL-003830,FL-016580,Air Traffic Control,127
DEL-003831,FL-016583,Air Traffic Control,77
DEL-003832,FL-016587,Weather,143
DEL-003833,FL-016592,Air Traffic Control,72
DEL-003834,FL-016606,Weather,36
DEL-003835,FL-016609,Late Aircraft Arrival,40
DEL-003836,FL-016613,Weather,60
DEL-003837,FL-016617,Weather,48
DEL-003838,FL-016621,Weather,32
DEL-003839,FL-016624,Air Traffic Control,87
DEL-003840,FL-016637,Weather,184
DEL-003841,FL-016640,Air Traffic Control,78
DEL-003842,FL-016641,Maintenance,93
DEL-003843,FL-016647,Late Aircraft Arrival,16
DEL-003844,FL-016649,Late Aircraft Arrival,19
DEL-003845,FL-016653,Late Aircraft Arrival,39
DEL-003846,FL-016656,Air Traffic Control,30
DEL-003847,FL-016657,Maintenance,86
DEL-003848,FL-016662,Late Aircraft Arrival,60
DEL-003849,FL-016663,Maintenance,30
DEL-003850,FL-016666,Weather,105
DEL-003851,FL-016667,Weather,41
DEL-003852,FL-016671,Air Traffic Control,106
DEL-003853,FL-016678,Late Aircraft Arrival,15
DEL-003854,FL-016680,Air Traffic Control,47
DEL-003855,FL-016690,Late Aircraft Arrival,30
DEL-003856,FL-016693,Air Traffic Control,129
DEL-003857,FL-016695,Late Aircraft Arrival,25
DEL-003858,FL-016696,Security,99
DEL-003859,FL-016699,Maintenance,72
DEL-003860,FL-016707,Air Traffic Control,118
DEL-003861,FL-016718,Maintenance,215
DEL-003862,FL-016721,Security,28
DEL-003863,FL-016723,Maintenance,15
DEL-003864,FL-016725,Security,24
DEL-003865,FL-016726,Air Traffic Control,21
DEL-003866,FL-016730,Maintenance,63
DEL-003867,FL-016731,Maintenance,122
DEL-003868,FL-016732,Maintenance,20
DEL-003869,FL-016733,Air Traffic Control,38
DEL-003870,FL-016735,Maintenance,37
DEL-003871,FL-016736,Maintenance,25
DEL-003872,FL-016737,Weather,100
DEL-003873,FL-016738,Late Aircraft Arrival,23
DEL-003874,FL-016741,Late Aircraft Arrival,33
DEL-003875,FL-016753,Air Traffic Control,86
DEL-003876,FL-016758,Air Traffic Control,40
DEL-003877,FL-016772,Late Aircraft Arrival,110
DEL-003878,FL-016773,Maintenance,61
DEL-003879,FL-016774,Air Traffic Control,171
DEL-003880,FL-016776,Weather,37
DEL-003881,FL-016781,Weather,78
DEL-003882,FL-016785,Maintenance,23
DEL-003883,FL-016786,Weather,21
DEL-003884,FL-016789,Weather,26
DEL-003885,FL-016796,Air Traffic Control,32
DEL-003886,FL-016799,Weather,49
DEL-003887,FL-016802,Weather,68
DEL-003888,FL-016803,Late Aircraft Arrival,143
DEL-003889,FL-016810,Maintenance,31
DEL-003890,FL-016811,Air Traffic Control,66
DEL-003891,FL-016819,Late Aircraft Arrival,33
DEL-003892,FL-016836,Maintenance,18
DEL-003893,FL-016845,Maintenance,21
DEL-003894,FL-016851,Air Traffic Control,27
DEL-003895,FL-016852,Late Aircraft Arrival,190
DEL-003896,FL-016853,Air Traffic Control,148
DEL-003897,FL-016857,Air Traffic Control,22
DEL-003898,FL-016858,Weather,20
DEL-003899,FL-016860,Weather,62
DEL-003900,FL-016861,Air Traffic Control,114
DEL-003901,FL-016865,Weather,184
DEL-003902,FL-016866,Air Traffic Control,140
DEL-003903,FL-016869,Late Aircraft Arrival,111
DEL-003904,FL-016872,Air Traffic Control,89
DEL-003905,FL-016876,Maintenance,27
DEL-003906,FL-016883,Weather,59
DEL-003907,FL-016884,Air Traffic Control,25
DEL-003908,FL-016888,Air Traffic Control,30
DEL-003909,FL-016896,Weather,57
DEL-003910,FL-016901,Weather,83
DEL-003911,FL-016903,Weather,163
DEL-003912,FL-016906,Security,30
DEL-003913,FL-016907,Air Traffic Control,136
DEL-003914,FL-016909,Weather,34
DEL-003915,FL-016910,Weather,17
DEL-003916,FL-016911,Maintenance,98
DEL-003917,FL-016918,Weather,38
DEL-003918,FL-016930,Air Traffic Control,61
DEL-003919,FL-016935,Late Aircraft Arrival,40
DEL-003920,FL-016940,Weather,15
DEL-003921,FL-016943,Air Traffic Control,15
DEL-003922,FL-016946,Air Traffic Control,27
DEL-003923,FL-016959,Weather,18
DEL-003924,FL-016960,Air Traffic Control,20
DEL-003925,FL-016971,Late Aircraft Arrival,37
DEL-003926,FL-016982,Air Traffic Control,64
DEL-003927,FL-016988,Air Traffic Control,17
DEL-003928,FL-016993,Air Traffic Control,58
DEL-003929,FL-016995,Late Aircraft Arrival,39
DEL-003930,FL-016997,Air Traffic Control,18
DEL-003931,FL-017006,Weather,58
DEL-003932,FL-017008,Air Traffic Control,34
DEL-003933,FL-017009,Maintenance,71
DEL-003934,FL-017019,Air Traffic Control,78
DEL-003935,FL-017024,Late Aircraft Arrival,84
DEL-003936,FL-017027,Late Aircraft Arrival,17
DEL-003937,FL-017031,Weather,123
DEL-003938,FL-017038,Late Aircraft Arrival,36
DEL-003939,FL-017052,Late Aircraft Arrival,63
DEL-003940,FL-017053,Maintenance,57
DEL-003941,FL-017055,Weather,52
DEL-003942,FL-017057,Late Aircraft Arrival,47
DEL-003943,FL-017061,Maintenance,26
DEL-003944,FL-017066,Late Aircraft Arrival,56
DEL-003945,FL-017073,Air Traffic Control,58
DEL-003946,FL-017076,Security,35
DEL-003947,FL-017081,Air Traffic Control,27
DEL-003948,FL-017084,Late Aircraft Arrival,43
DEL-003949,FL-017089,Air Traffic Control,46
DEL-003950,FL-017090,Air Traffic Control,74
DEL-003951,FL-017096,Weather,17
DEL-003952,FL-017099,Late Aircraft Arrival,45
DEL-003953,FL-017115,Air Traffic Control,143
DEL-003954,FL-017117,Maintenance,17
DEL-003955,FL-017118,Weather,65
DEL-003956,FL-017119,Weather,16
DEL-003957,FL-017120,Weather,20
DEL-003958,FL-017124,Weather,58
DEL-003959,FL-017130,Late Aircraft Arrival,24
DEL-003960,FL-017131,Late Aircraft Arrival,146
DEL-003961,FL-017133,Air Traffic Control,58
DEL-003962,FL-017144,Air Traffic Control,46
DEL-003963,FL-017147,Security,63
DEL-003964,FL-017152,Maintenance,135
DEL-003965,FL-017159,Late Aircraft Arrival,73
DEL-003966,FL-017160,Security,61
DEL-003967,FL-017161,Weather,17
DEL-003968,FL-017165,Air Traffic Control,43
DEL-003969,FL-017168,Late Aircraft Arrival,37
DEL-003970,FL-017170,Maintenance,103
DEL-003971,FL-017176,Late Aircraft Arrival,16
DEL-003972,FL-017178,Maintenance,80
DEL-003973,FL-017183,Air Traffic Control,27
DEL-003974,FL-017186,Weather,98
DEL-003975,FL-017188,Air Traffic Control,19
DEL-003976,FL-017191,Late Aircraft Arrival,76
DEL-003977,FL-017197,Weather,18
DEL-003978,FL-017203,Weather,85
DEL-003979,FL-017208,Air Traffic Control,203
DEL-003980,FL-017209,Maintenance,173
DEL-003981,FL-017211,Maintenance,244
DEL-003982,FL-017220,Maintenance,43
DEL-003983,FL-017221,Weather,16
DEL-003984,FL-017223,Weather,57
DEL-003985,FL-017225,Weather,29
DEL-003986,FL-017229,Weather,122
DEL-003987,FL-017231,Weather,44
DEL-003988,FL-017240,Air Traffic Control,78
DEL-003989,FL-017251,Air Traffic Control,27
DEL-003990,FL-017253,Weather,58
DEL-003991,FL-017254,Weather,81
DEL-003992,FL-017257,Weather,53
DEL-003993,FL-017258,Weather,100
DEL-003994,FL-017281,Air Traffic Control,27
DEL-003995,FL-017285,Weather,43
DEL-003996,FL-017298,Maintenance,48
DEL-003997,FL-017299,Weather,25
DEL-003998,FL-017301,Late Aircraft Arrival,59
DEL-003999,FL-017302,Late Aircraft Arrival,17
DEL-004000,FL-017312,Air Traffic Control,15
DEL-004001,FL-017315,Late Aircraft Arrival,41
DEL-004002,FL-017317,Maintenance,68
DEL-004003,FL-017321,Maintenance,76
DEL-004004,FL-017323,Late Aircraft Arrival,25
DEL-004005,FL-017325,Air Traffic Control,49
DEL-004006,FL-017327,Maintenance,15
DEL-004007,FL-017333,Maintenance,20
DEL-004008,FL-017342,Air Traffic Control,28
DEL-004009,FL-017353,Air Traffic Control,29
DEL-004010,FL-017355,Air Traffic Control,80
DEL-004011,FL-017365,Air Traffic Control,132
DEL-004012,FL-017369,Maintenance,19
DEL-004013,FL-017371,Maintenance,59
DEL-004014,FL-017378,Late Aircraft Arrival,177
DEL-004015,FL-017380,Weather,21
DEL-004016,FL-017386,Air Traffic Control,21
DEL-004017,FL-017394,Weather,164
DEL-004018,FL-017400,Maintenance,18
DEL-004019,FL-017405,Maintenance,45
DEL-004020,FL-017409,Weather,20
DEL-004021,FL-017410,Weather,50
DEL-004022,FL-017411,Weather,106
DEL-004023,FL-017416,Air Traffic Control,18
DEL-004024,FL-017418,Maintenance,136
DEL-004025,FL-017423,Late Aircraft Arrival,113
DEL-004026,FL-017426,Air Traffic Control,18
DEL-004027,FL-017444,Weather,62
DEL-004028,FL-017447,Air Traffic Control,15
DEL-004029,FL-017449,Air Traffic Control,32
DEL-004030,FL-017451,Weather,142
DEL-004031,FL-017457,Late Aircraft Arrival,70
DEL-004032,FL-017459,Weather,34
DEL-004033,FL-017463,Late Aircraft Arrival,64
DEL-004034,FL-017468,Late Aircraft Arrival,47
DEL-004035,FL-017469,Late Aircraft Arrival,27
DEL-004036,FL-017473,Weather,48
DEL-004037,FL-017476,Weather,86
DEL-004038,FL-017486,Air Traffic Control,18
DEL-004039,FL-017493,Late Aircraft Arrival,81
DEL-004040,FL-017494,Maintenance,101
DEL-004041,FL-017497,Air Traffic Control,63
DEL-004042,FL-017498,Maintenance,59
DEL-004043,FL-017501,Air Traffic Control,61
DEL-004044,FL-017502,Maintenance,42
DEL-004045,FL-017508,Maintenance,41
DEL-004046,FL-017509,Air Traffic Control,55
DEL-004047,FL-017520,Maintenance,153
DEL-004048,FL-017521,Air Traffic Control,38
DEL-004049,FL-017523,Late Aircraft Arrival,84
DEL-004050,FL-017524,Air Traffic Control,29
DEL-004051,FL-017531,Air Traffic Control,30
DEL-004052,FL-017534,Late Aircraft Arrival,36
DEL-004053,FL-017548,Maintenance,200
DEL-004054,FL-017550,Late Aircraft Arrival,64
DEL-004055,FL-017564,Security,44
DEL-004056,FL-017565,Air Traffic Control,46
DEL-004057,FL-017567,Weather,17
DEL-004058,FL-017571,Maintenance,102
DEL-004059,FL-017574,Weather,118
DEL-004060,FL-017576,Security,16
DEL-004061,FL-017578,Late Aircraft Arrival,20
DEL-004062,FL-017586,Maintenance,18
DEL-004063,FL-017588,Late Aircraft Arrival,17
DEL-004064,FL-017594,Maintenance,36
DEL-004065,FL-017605,Air Traffic Control,20
DEL-004066,FL-017606,Air Traffic Control,19
DEL-004067,FL-017608,Air Traffic Control,19
DEL-004068,FL-017619,Air Traffic Control,46
DEL-004069,FL-017627,Air Traffic Control,30
DEL-004070,FL-017629,Weather,20
DEL-004071,FL-017633,Maintenance,48
DEL-004072,FL-017635,Late Aircraft Arrival,22
DEL-004073,FL-017638,Maintenance,76
DEL-004074,FL-017643,Weather,44
DEL-004075,FL-017666,Late Aircraft Arrival,29
DEL-004076,FL-017675,Late Aircraft Arrival,19
DEL-004077,FL-017682,Air Traffic Control,66
DEL-004078,FL-017684,Weather,74
DEL-004079,FL-017685,Air Traffic Control,22
DEL-004080,FL-017686,Air Traffic Control,41
DEL-004081,FL-017688,Air Traffic Control,104
DEL-004082,FL-017691,Air Traffic Control,68
DEL-004083,FL-017703,Security,36
DEL-004084,FL-017710,Air Traffic Control,38
DEL-004085,FL-017712,Security,37
DEL-004086,FL-017719,Security,95
DEL-004087,FL-017723,Maintenance,56
DEL-004088,FL-017725,Air Traffic Control,40
DEL-004089,FL-017726,Weather,130
DEL-004090,FL-017731,Air Traffic Control,138
DEL-004091,FL-017737,Air Traffic Control,65
DEL-004092,FL-017740,Late Aircraft Arrival,27
DEL-004093,FL-017747,Late Aircraft Arrival,47
DEL-004094,FL-017749,Weather,27
DEL-004095,FL-017756,Weather,19
DEL-004096,FL-017757,Late Aircraft Arrival,29
DEL-004097,FL-017758,Weather,80
DEL-004098,FL-017768,Maintenance,140
DEL-004099,FL-017772,Air Traffic Control,16
DEL-004100,FL-017773,Air Traffic Control,94
DEL-004101,FL-017774,Security,43
DEL-004102,FL-017776,Air Traffic Control,49
DEL-004103,FL-017777,Weather,19
DEL-004104,FL-017781,Air Traffic Control,33
DEL-004105,FL-017789,Security,23
DEL-004106,FL-017790,Weather,66
DEL-004107,FL-017793,Weather,20
DEL-004108,FL-017794,Late Aircraft Arrival,52
DEL-004109,FL-017799,Weather,23
DEL-004110,FL-017801,Weather,19
DEL-004111,FL-017802,Air Traffic Control,76
DEL-004112,FL-017804,Maintenance,21
DEL-004113,FL-017817,Security,136
DEL-004114,FL-017818,Weather,87
DEL-004115,FL-017822,Maintenance,57
DEL-004116,FL-017829,Weather,25
DEL-004117,FL-017830,Late Aircraft Arrival,17
DEL-004118,FL-017832,Maintenance,27
DEL-004119,FL-017838,Weather,53
DEL-004120,FL-017839,Air Traffic Control,39
DEL-004121,FL-017841,Air Traffic Control,28
DEL-004122,FL-017842,Weather,29
DEL-004123,FL-017846,Late Aircraft Arrival,72
DEL-004124,FL-017860,Maintenance,79
DEL-004125,FL-017866,Air Traffic Control,42
DEL-004126,FL-017867,Air Traffic Control,47
DEL-004127,FL-017877,Late Aircraft Arrival,62
DEL-004128,FL-017880,Late Aircraft Arrival,59
DEL-004129,FL-017890,Weather,43
DEL-004130,FL-017892,Late Aircraft Arrival,24
DEL-004131,FL-017897,Maintenance,57
DEL-004132,FL-017901,Weather,47
DEL-004133,FL-017905,Late Aircraft Arrival,75
DEL-004134,FL-017910,Maintenance,104
DEL-004135,FL-017923,Weather,31
DEL-004136,FL-017926,Air Traffic Control,20
DEL-004137,FL-017927,Security,89
DEL-004138,FL-017932,Weather,104
DEL-004139,FL-017933,Security,23
DEL-004140,FL-017934,Air Traffic Control,32
DEL-004141,FL-017935,Weather,115
DEL-004142,FL-017939,Weather,40
DEL-004143,FL-017940,Air Traffic Control,80
DEL-004144,FL-017948,Air Traffic Control,126
DEL-004145,FL-017950,Weather,88
DEL-004146,FL-017952,Air Traffic Control,105
DEL-004147,FL-017954,Weather,69
DEL-004148,FL-017955,Maintenance,72
DEL-004149,FL-017956,Maintenance,78
DEL-004150,FL-017958,Maintenance,119
DEL-004151,FL-017966,Air Traffic Control,105
DEL-004152,FL-017972,Weather,34
DEL-004153,FL-017975,Maintenance,40
DEL-004154,FL-017978,Late Aircraft Arrival,81
DEL-004155,FL-017982,Late Aircraft Arrival,47
DEL-004156,FL-017985,Maintenance,116
DEL-004157,FL-017988,Late Aircraft Arrival,22
DEL-004158,FL-017990,Air Traffic Control,34
DEL-004159,FL-017993,Air Traffic Control,35
DEL-004160,FL-017998,Maintenance,95
DEL-004161,FL-018001,Maintenance,84
DEL-004162,FL-018008,Late Aircraft Arrival,23
DEL-004163,FL-018009,Air Traffic Control,54
DEL-004164,FL-018011,Weather,76
DEL-004165,FL-018014,Maintenance,29
DEL-004166,FL-018016,Weather,31
DEL-004167,FL-018022,Weather,122
DEL-004168,FL-018025,Weather,87
DEL-004169,FL-018026,Air Traffic Control,33
DEL-004170,FL-018031,Maintenance,130
DEL-004171,FL-018037,Late Aircraft Arrival,41
DEL-004172,FL-018038,Security,34
DEL-004173,FL-018039,Weather,74
DEL-004174,FL-018046,Maintenance,73
DEL-004175,FL-018054,Security,50
DEL-004176,FL-018059,Air Traffic Control,161
DEL-004177,FL-018060,Late Aircraft Arrival,52
DEL-004178,FL-018067,Air Traffic Control,80
DEL-004179,FL-018077,Air Traffic Control,37
DEL-004180,FL-018085,Security,40
DEL-004181,FL-018089,Maintenance,15
DEL-004182,FL-018092,Air Traffic Control,32
DEL-004183,FL-018095,Late Aircraft Arrival,43
DEL-004184,FL-018098,Weather,63
DEL-004185,FL-018104,Air Traffic Control,27
DEL-004186,FL-018110,Weather,85
DEL-004187,FL-018112,Maintenance,49
DEL-004188,FL-018117,Weather,44
DEL-004189,FL-018119,Weather,37
DEL-004190,FL-018120,Weather,93
DEL-004191,FL-018121,Late Aircraft Arrival,27
DEL-004192,FL-018132,Late Aircraft Arrival,40
DEL-004193,FL-018138,Weather,50
DEL-004194,FL-018140,Air Traffic Control,44
DEL-004195,FL-018142,Security,17
DEL-004196,FL-018145,Late Aircraft Arrival,60
DEL-004197,FL-018152,Weather,43
DEL-004198,FL-018153,Maintenance,55
DEL-004199,FL-018154,Air Traffic Control,34
DEL-004200,FL-018157,Air Traffic Control,76
DEL-004201,FL-018162,Air Traffic Control,87
DEL-004202,FL-018165,Late Aircraft Arrival,55
DEL-004203,FL-018175,Maintenance,43
DEL-004204,FL-018177,Weather,48
DEL-004205,FL-018180,Late Aircraft Arrival,110
DEL-004206,FL-018186,Late Aircraft Arrival,142
DEL-004207,FL-018195,Security,65
DEL-004208,FL-018196,Late Aircraft Arrival,30
DEL-004209,FL-018205,Late Aircraft Arrival,70
DEL-004210,FL-018207,Late Aircraft Arrival,18
DEL-004211,FL-018208,Late Aircraft Arrival,127
DEL-004212,FL-018211,Maintenance,51
DEL-004213,FL-018219,Weather,36
DEL-004214,FL-018228,Weather,27
DEL-004215,FL-018232,Maintenance,188
DEL-004216,FL-018236,Late Aircraft Arrival,144
DEL-004217,FL-018237,Maintenance,34
DEL-004218,FL-018238,Air Traffic Control,81
DEL-004219,FL-018244,Air Traffic Control,58
DEL-004220,FL-018245,Security,21
DEL-004221,FL-018247,Weather,19
DEL-004222,FL-018248,Air Traffic Control,41
DEL-004223,FL-018252,Maintenance,29
DEL-004224,FL-018263,Air Traffic Control,104
DEL-004225,FL-018264,Weather,34
DEL-004226,FL-018265,Weather,25
DEL-004227,FL-018267,Weather,74
DEL-004228,FL-018271,Maintenance,151
DEL-004229,FL-018272,Maintenance,31
DEL-004230,FL-018276,Air Traffic Control,68
DEL-004231,FL-018280,Maintenance,49
DEL-004232,FL-018284,Air Traffic Control,25
DEL-004233,FL-018286,Air Traffic Control,58
DEL-004234,FL-018288,Security,80
DEL-004235,FL-018299,Air Traffic Control,31
DEL-004236,FL-018303,Late Aircraft Arrival,118
DEL-004237,FL-018307,Weather,90
DEL-004238,FL-018311,Air Traffic Control,147
DEL-004239,FL-018323,Maintenance,41
DEL-004240,FL-018325,Weather,136
DEL-004241,FL-018330,Weather,22
DEL-004242,FL-018331,Late Aircraft Arrival,133
DEL-004243,FL-018334,Weather,81
DEL-004244,FL-018335,Weather,21
DEL-004245,FL-018342,Weather,206
DEL-004246,FL-018349,Maintenance,49
DEL-004247,FL-018351,Weather,83
DEL-004248,FL-018352,Air Traffic Control,51
DEL-004249,FL-018359,Late Aircraft Arrival,121
DEL-004250,FL-018362,Maintenance,102
DEL-004251,FL-018363,Late Aircraft Arrival,28
DEL-004252,FL-018366,Weather,69
DEL-004253,FL-018373,Security,41
DEL-004254,FL-018377,Security,105
DEL-004255,FL-018380,Weather,21
DEL-004256,FL-018386,Weather,34
DEL-004257,FL-018388,Weather,53
DEL-004258,FL-018392,Maintenance,48
DEL-004259,FL-018395,Weather,32
DEL-004260,FL-018399,Maintenance,70
DEL-004261,FL-018402,Weather,115
DEL-004262,FL-018408,Weather,18
DEL-004263,FL-018411,Air Traffic Control,19
DEL-004264,FL-018432,Weather,33
DEL-004265,FL-018442,Weather,47
DEL-004266,FL-018443,Weather,105
DEL-004267,FL-018451,Weather,30
DEL-004268,FL-018456,Maintenance,64
DEL-004269,FL-018468,Weather,165
DEL-004270,FL-018469,Weather,38
DEL-004271,FL-018473,Air Traffic Control,106
DEL-004272,FL-018478,Maintenance,70
DEL-004273,FL-018485,Weather,76
DEL-004274,FL-018488,Maintenance,20
DEL-004275,FL-018492,Maintenance,104
DEL-004276,FL-018496,Air Traffic Control,59
DEL-004277,FL-018497,Air Traffic Control,47
DEL-004278,FL-018508,Security,26
DEL-004279,FL-018511,Late Aircraft Arrival,30
DEL-004280,FL-018513,Weather,20
DEL-004281,FL-018514,Maintenance,241
DEL-004282,FL-018517,Weather,27
DEL-004283,FL-018525,Air Traffic Control,15
DEL-004284,FL-018530,Maintenance,16
DEL-004285,FL-018531,Maintenance,56
DEL-004286,FL-018537,Air Traffic Control,26
DEL-004287,FL-018542,Air Traffic Control,61
DEL-004288,FL-018543,Maintenance,56
DEL-004289,FL-018552,Maintenance,21
DEL-004290,FL-018555,Late Aircraft Arrival,27
DEL-004291,FL-018564,Air Traffic Control,15
DEL-004292,FL-018570,Late Aircraft Arrival,20
DEL-004293,FL-018572,Air Traffic Control,35
DEL-004294,FL-018574,Weather,42
DEL-004295,FL-018578,Weather,39
DEL-004296,FL-018585,Air Traffic Control,139
DEL-004297,FL-018589,Maintenance,24
DEL-004298,FL-018593,Weather,20
DEL-004299,FL-018596,Late Aircraft Arrival,74
DEL-004300,FL-018601,Late Aircraft Arrival,55
DEL-004301,FL-018602,Maintenance,36
DEL-004302,FL-018603,Weather,74
DEL-004303,FL-018604,Air Traffic Control,17
DEL-004304,FL-018606,Maintenance,48
DEL-004305,FL-018610,Late Aircraft Arrival,64
DEL-004306,FL-018618,Late Aircraft Arrival,47
DEL-004307,FL-018620,Maintenance,138
DEL-004308,FL-018626,Weather,21
DEL-004309,FL-018631,Weather,19
DEL-004310,FL-018637,Maintenance,59
DEL-004311,FL-018640,Maintenance,55
DEL-004312,FL-018642,Maintenance,76
DEL-004313,FL-018649,Maintenance,40
DEL-004314,FL-018653,Air Traffic Control,83
DEL-004315,FL-018654,Weather,50
DEL-004316,FL-018659,Maintenance,121
DEL-004317,FL-018660,Weather,15
DEL-004318,FL-018666,Weather,28
DEL-004319,FL-018669,Late Aircraft Arrival,24
DEL-004320,FL-018672,Security,18
DEL-004321,FL-018675,Air Traffic Control,30
DEL-004322,FL-018680,Air Traffic Control,30
DEL-004323,FL-018684,Maintenance,75
DEL-004324,FL-018685,Air Traffic Control,47
DEL-004325,FL-018686,Weather,23
DEL-004326,FL-018688,Air Traffic Control,15
DEL-004327,FL-018689,Weather,173
DEL-004328,FL-018691,Maintenance,59
DEL-004329,FL-018696,Weather,58
DEL-004330,FL-018697,Weather,34
DEL-004331,FL-018708,Maintenance,42
DEL-004332,FL-018718,Late Aircraft Arrival,59
DEL-004333,FL-018723,Weather,55
DEL-004334,FL-018728,Maintenance,23
DEL-004335,FL-018739,Maintenance,65
DEL-004336,FL-018742,Weather,64
DEL-004337,FL-018751,Air Traffic Control,25
DEL-004338,FL-018766,Weather,15
DEL-004339,FL-018772,Late Aircraft Arrival,56
DEL-004340,FL-018783,Maintenance,150
DEL-004341,FL-018789,Weather,79
DEL-004342,FL-018795,Weather,44
DEL-004343,FL-018809,Air Traffic Control,96
DEL-004344,FL-018811,Maintenance,88
DEL-004345,FL-018815,Late Aircraft Arrival,27
DEL-004346,FL-018817,Weather,18
DEL-004347,FL-018820,Air Traffic Control,41
DEL-004348,FL-018821,Air Traffic Control,60
DEL-004349,FL-018827,Air Traffic Control,28
DEL-004350,FL-018831,Weather,139
DEL-004351,FL-018840,Maintenance,56
DEL-004352,FL-018841,Maintenance,43
DEL-004353,FL-018842,Security,22
DEL-004354,FL-018847,Weather,38
DEL-004355,FL-018853,Air Traffic Control,18
DEL-004356,FL-018857,Weather,54
DEL-004357,FL-018861,Maintenance,61
DEL-004358,FL-018862,Air Traffic Control,31
DEL-004359,FL-018869,Air Traffic Control,54
DEL-004360,FL-018888,Air Traffic Control,40
DEL-004361,FL-018889,Weather,43
DEL-004362,FL-018893,Air Traffic Control,19
DEL-004363,FL-018896,Air Traffic Control,29
DEL-004364,FL-018899,Air Traffic Control,31
DEL-004365,FL-018907,Air Traffic Control,16
DEL-004366,FL-018911,Maintenance,80
DEL-004367,FL-018914,Air Traffic Control,72
DEL-004368,FL-018920,Maintenance,70
DEL-004369,FL-018922,Weather,126
DEL-004370,FL-018924,Maintenance,20
DEL-004371,FL-018927,Air Traffic Control,54
DEL-004372,FL-018941,Security,51
DEL-004373,FL-018946,Late Aircraft Arrival,203
DEL-004374,FL-018954,Late Aircraft Arrival,72
DEL-004375,FL-018955,Security,43
DEL-004376,FL-018970,Weather,116
DEL-004377,FL-018977,Maintenance,73
DEL-004378,FL-018979,Air Traffic Control,41
DEL-004379,FL-018981,Maintenance,38
DEL-004380,FL-018983,Weather,39
DEL-004381,FL-018992,Air Traffic Control,18
DEL-004382,FL-018993,Air Traffic Control,41
DEL-004383,FL-018996,Security,32
DEL-004384,FL-019000,Air Traffic Control,55
DEL-004385,FL-019002,Air Traffic Control,60
DEL-004386,FL-019007,Security,36
DEL-004387,FL-019009,Air Traffic Control,73
DEL-004388,FL-019012,Weather,23
DEL-004389,FL-019018,Maintenance,78
DEL-004390,FL-019021,Air Traffic Control,59
DEL-004391,FL-019025,Maintenance,145
DEL-004392,FL-019026,Air Traffic Control,35
DEL-004393,FL-019029,Maintenance,41
DEL-004394,FL-019032,Maintenance,43
DEL-004395,FL-019037,Weather,19
DEL-004396,FL-019047,Air Traffic Control,78
DEL-004397,FL-019050,Maintenance,20
DEL-004398,FL-019051,Weather,31
DEL-004399,FL-019064,Air Traffic Control,41
DEL-004400,FL-019069,Maintenance,50
DEL-004401,FL-019073,Air Traffic Control,35
DEL-004402,FL-019092,Weather,23
DEL-004403,FL-019095,Air Traffic Control,107
DEL-004404,FL-019097,Maintenance,55
DEL-004405,FL-019109,Weather,39
DEL-004406,FL-019110,Late Aircraft Arrival,21
DEL-004407,FL-019111,Air Traffic Control,64
DEL-004408,FL-019112,Maintenance,247
DEL-004409,FL-019131,Weather,72
DEL-004410,FL-019133,Weather,27
DEL-004411,FL-019134,Late Aircraft Arrival,15
DEL-004412,FL-019139,Late Aircraft Arrival,174
DEL-004413,FL-019140,Weather,77
DEL-004414,FL-019141,Security,20
DEL-004415,FL-019144,Air Traffic Control,33
DEL-004416,FL-019147,Maintenance,65
DEL-004417,FL-019149,Weather,36
DEL-004418,FL-019156,Air Traffic Control,92
DEL-004419,FL-019159,Air Traffic Control,161
DEL-004420,FL-019160,Air Traffic Control,258
DEL-004421,FL-019162,Weather,71
DEL-004422,FL-019170,Weather,98
DEL-004423,FL-019171,Late Aircraft Arrival,26
DEL-004424,FL-019173,Maintenance,35
DEL-004425,FL-019176,Late Aircraft Arrival,73
DEL-004426,FL-019190,Weather,38
DEL-004427,FL-019199,Weather,59
DEL-004428,FL-019201,Weather,25
DEL-004429,FL-019204,Air Traffic Control,15
DEL-004430,FL-019205,Maintenance,49
DEL-004431,FL-019220,Air Traffic Control,27
DEL-004432,FL-019226,Late Aircraft Arrival,93
DEL-004433,FL-019232,Air Traffic Control,16
DEL-004434,FL-019251,Late Aircraft Arrival,26
DEL-004435,FL-019252,Late Aircraft Arrival,23
DEL-004436,FL-019259,Air Traffic Control,36
DEL-004437,FL-019268,Maintenance,63
DEL-004438,FL-019269,Security,155
DEL-004439,FL-019270,Maintenance,127
DEL-004440,FL-019271,Maintenance,39
DEL-004441,FL-019274,Maintenance,99
DEL-004442,FL-019275,Air Traffic Control,35
DEL-004443,FL-019293,Weather,20
DEL-004444,FL-019306,Maintenance,28
DEL-004445,FL-019307,Late Aircraft Arrival,25
DEL-004446,FL-019312,Air Traffic Control,103
DEL-004447,FL-019313,Maintenance,86
DEL-004448,FL-019314,Air Traffic Control,60
DEL-004449,FL-019316,Air Traffic Control,43
DEL-004450,FL-019328,Air Traffic Control,15
DEL-004451,FL-019336,Late Aircraft Arrival,26
DEL-004452,FL-019337,Maintenance,29
DEL-004453,FL-019338,Air Traffic Control,19
DEL-004454,FL-019341,Late Aircraft Arrival,36
DEL-004455,FL-019349,Late Aircraft Arrival,23
DEL-004456,FL-019350,Maintenance,155
DEL-004457,FL-019354,Late Aircraft Arrival,65
DEL-004458,FL-019356,Late Aircraft Arrival,214
DEL-004459,FL-019360,Security,49
DEL-004460,FL-019363,Weather,32
DEL-004461,FL-019372,Weather,86
DEL-004462,FL-019377,Weather,66
DEL-004463,FL-019379,Weather,60
DEL-004464,FL-019386,Air Traffic Control,31
DEL-004465,FL-019389,Air Traffic Control,115
DEL-004466,FL-019390,Late Aircraft Arrival,43
DEL-004467,FL-019398,Weather,20
DEL-004468,FL-019408,Air Traffic Control,39
DEL-004469,FL-019415,Air Traffic Control,38
DEL-004470,FL-019417,Maintenance,54
DEL-004471,FL-019419,Late Aircraft Arrival,146
DEL-004472,FL-019442,Security,33
DEL-004473,FL-019443,Late Aircraft Arrival,31
DEL-004474,FL-019446,Security,15
DEL-004475,FL-019450,Air Traffic Control,16
DEL-004476,FL-019457,Late Aircraft Arrival,75
DEL-004477,FL-019460,Maintenance,19
DEL-004478,FL-019461,Late Aircraft Arrival,34
DEL-004479,FL-019465,Late Aircraft Arrival,18
DEL-004480,FL-019469,Weather,89
DEL-004481,FL-019470,Weather,93
DEL-004482,FL-019473,Weather,40
DEL-004483,FL-019481,Security,44
DEL-004484,FL-019483,Security,103
DEL-004485,FL-019486,Weather,29
DEL-004486,FL-019490,Late Aircraft Arrival,87
DEL-004487,FL-019491,Air Traffic Control,30
DEL-004488,FL-019493,Security,34
DEL-004489,FL-019495,Air Traffic Control,31
DEL-004490,FL-019498,Maintenance,45
DEL-004491,FL-019516,Late Aircraft Arrival,41
DEL-004492,FL-019519,Maintenance,62
DEL-004493,FL-019522,Maintenance,44
DEL-004494,FL-019523,Late Aircraft Arrival,63
DEL-004495,FL-019525,Maintenance,169
DEL-004496,FL-019529,Weather,18
DEL-004497,FL-019531,Weather,69
DEL-004498,FL-019535,Air Traffic Control,55
DEL-004499,FL-019538,Maintenance,18
DEL-004500,FL-019556,Late Aircraft Arrival,49
DEL-004501,FL-019564,Late Aircraft Arrival,31
DEL-004502,FL-019565,Late Aircraft Arrival,34
DEL-004503,FL-019572,Late Aircraft Arrival,57
DEL-004504,FL-019579,Air Traffic Control,39
DEL-004505,FL-019580,Weather,40
DEL-004506,FL-019582,Weather,203
DEL-004507,FL-019583,Weather,19
DEL-004508,FL-019585,Air Traffic Control,54
DEL-004509,FL-019586,Air Traffic Control,33
DEL-004510,FL-019590,Weather,33
DEL-004511,FL-019597,Weather,16
DEL-004512,FL-019598,Late Aircraft Arrival,56
DEL-004513,FL-019601,Air Traffic Control,39
DEL-004514,FL-019613,Maintenance,43
DEL-004515,FL-019614,Maintenance,35
DEL-004516,FL-019617,Air Traffic Control,129
DEL-004517,FL-019619,Late Aircraft Arrival,57
DEL-004518,FL-019622,Late Aircraft Arrival,64
DEL-004519,FL-019629,Air Traffic Control,94
DEL-004520,FL-019630,Weather,113
DEL-004521,FL-019631,Air Traffic Control,34
DEL-004522,FL-019634,Weather,108
DEL-004523,FL-019635,Air Traffic Control,18
DEL-004524,FL-019646,Maintenance,47
DEL-004525,FL-019647,Weather,113
DEL-004526,FL-019650,Weather,39
DEL-004527,FL-019660,Maintenance,228
DEL-004528,FL-019661,Maintenance,110
DEL-004529,FL-019663,Air Traffic Control,18
DEL-004530,FL-019665,Weather,39
DEL-004531,FL-019666,Maintenance,54
DEL-004532,FL-019669,Maintenance,86
DEL-004533,FL-019670,Maintenance,40
DEL-004534,FL-019677,Air Traffic Control,118
DEL-004535,FL-019680,Security,52
DEL-004536,FL-019685,Air Traffic Control,77
DEL-004537,FL-019687,Security,27
DEL-004538,FL-019688,Air Traffic Control,16
DEL-004539,FL-019690,Air Traffic Control,65
DEL-004540,FL-019699,Weather,71
DEL-004541,FL-019710,Air Traffic Control,193
DEL-004542,FL-019719,Weather,35
DEL-004543,FL-019732,Late Aircraft Arrival,56
DEL-004544,FL-019734,Air Traffic Control,20
DEL-004545,FL-019736,Maintenance,48
DEL-004546,FL-019740,Air Traffic Control,50
DEL-004547,FL-019751,Air Traffic Control,27
DEL-004548,FL-019754,Late Aircraft Arrival,39
DEL-004549,FL-019761,Maintenance,76
DEL-004550,FL-019763,Maintenance,244
DEL-004551,FL-019764,Late Aircraft Arrival,50
DEL-004552,FL-019776,Maintenance,80
DEL-004553,FL-019782,Weather,22
DEL-004554,FL-019784,Air Traffic Control,142
DEL-004555,FL-019787,Weather,19
DEL-004556,FL-019790,Late Aircraft Arrival,38
DEL-004557,FL-019791,Air Traffic Control,88
DEL-004558,FL-019798,Air Traffic Control,28
DEL-004559,FL-019800,Late Aircraft Arrival,39
DEL-004560,FL-019802,Security,22
DEL-004561,FL-019803,Weather,207
DEL-004562,FL-019805,Air Traffic Control,21
DEL-004563,FL-019810,Air Traffic Control,26
DEL-004564,FL-019812,Maintenance,41
DEL-004565,FL-019813,Late Aircraft Arrival,96
DEL-004566,FL-019816,Weather,33
DEL-004567,FL-019818,Maintenance,131
DEL-004568,FL-019834,Maintenance,113
DEL-004569,FL-019837,Security,37
DEL-004570,FL-019840,Weather,160
DEL-004571,FL-019856,Maintenance,170
DEL-004572,FL-019860,Maintenance,21
DEL-004573,FL-019863,Air Traffic Control,18
DEL-004574,FL-019869,Weather,99
DEL-004575,FL-019872,Weather,144
DEL-004576,FL-019878,Weather,26
DEL-004577,FL-019880,Weather,17
DEL-004578,FL-019884,Security,65
DEL-004579,FL-019887,Maintenance,39
DEL-004580,FL-019890,Late Aircraft Arrival,83
DEL-004581,FL-019892,Maintenance,118
DEL-004582,FL-019895,Maintenance,40
DEL-004583,FL-019898,Maintenance,96
DEL-004584,FL-019901,Maintenance,61
DEL-004585,FL-019910,Maintenance,120
DEL-004586,FL-019913,Weather,48
DEL-004587,FL-019916,Air Traffic Control,20
DEL-004588,FL-019921,Maintenance,85
DEL-004589,FL-019922,Air Traffic Control,18
DEL-004590,FL-019928,Weather,40
DEL-004591,FL-019935,Maintenance,68
DEL-004592,FL-019958,Security,27
DEL-004593,FL-019965,Weather,39
DEL-004594,FL-019966,Maintenance,127
DEL-004595,FL-019967,Air Traffic Control,51
DEL-004596,FL-019972,Weather,62
DEL-004597,FL-019973,Air Traffic Control,120
DEL-004598,FL-019987,Air Traffic Control,56
DEL-004599,FL-019993,Weather,27
DEL-004600,FL-019996,Air Traffic Control,75
DEL-004601,FL-020002,Late Aircraft Arrival,39
DEL-004602,FL-020005,Air Traffic Control,82
DEL-004603,FL-020010,Weather,15
DEL-004604,FL-020013,Maintenance,73
DEL-004605,FL-020017,Maintenance,40
DEL-004606,FL-020022,Late Aircraft Arrival,72
DEL-004607,FL-020026,Weather,51
DEL-004608,FL-020030,Air Traffic Control,22
DEL-004609,FL-020043,Air Traffic Control,30
DEL-004610,FL-020053,Late Aircraft Arrival,16
DEL-004611,FL-020067,Late Aircraft Arrival,74
DEL-004612,FL-020068,Weather,110
DEL-004613,FL-020073,Air Traffic Control,43
DEL-004614,FL-020077,Late Aircraft Arrival,132
DEL-004615,FL-020078,Late Aircraft Arrival,52
DEL-004616,FL-020079,Late Aircraft Arrival,45
DEL-004617,FL-020082,Late Aircraft Arrival,37
DEL-004618,FL-020083,Maintenance,45
DEL-004619,FL-020104,Air Traffic Control,47
DEL-004620,FL-020105,Maintenance,40
DEL-004621,FL-020120,Security,60
DEL-004622,FL-020121,Late Aircraft Arrival,63
DEL-004623,FL-020127,Air Traffic Control,98
DEL-004624,FL-020130,Late Aircraft Arrival,39
DEL-004625,FL-020134,Air Traffic Control,79
DEL-004626,FL-020139,Late Aircraft Arrival,112
DEL-004627,FL-020159,Air Traffic Control,96
DEL-004628,FL-020168,Weather,17
DEL-004629,FL-020174,Air Traffic Control,95
DEL-004630,FL-020176,Air Traffic Control,82
DEL-004631,FL-020178,Maintenance,83
DEL-004632,FL-020179,Maintenance,22
DEL-004633,FL-020181,Late Aircraft Arrival,23
DEL-004634,FL-020184,Air Traffic Control,71
DEL-004635,FL-020188,Air Traffic Control,150
DEL-004636,FL-020191,Air Traffic Control,18
DEL-004637,FL-020193,Air Traffic Control,21
DEL-004638,FL-020203,Air Traffic Control,61
DEL-004639,FL-020205,Air Traffic Control,30
DEL-004640,FL-020216,Air Traffic Control,57
DEL-004641,FL-020218,Air Traffic Control,46
DEL-004642,FL-020219,Maintenance,22
DEL-004643,FL-020220,Air Traffic Control,36
DEL-004644,FL-020221,Weather,257
DEL-004645,FL-020222,Maintenance,32
DEL-004646,FL-020233,Weather,39
DEL-004647,FL-020235,Air Traffic Control,29
DEL-004648,FL-020238,Late Aircraft Arrival,44
DEL-004649,FL-020243,Late Aircraft Arrival,22
DEL-004650,FL-020245,Late Aircraft Arrival,56
DEL-004651,FL-020259,Air Traffic Control,24
DEL-004652,FL-020267,Maintenance,77
DEL-004653,FL-020272,Maintenance,57
DEL-004654,FL-020276,Weather,15
DEL-004655,FL-020279,Maintenance,105
DEL-004656,FL-020283,Security,35
DEL-004657,FL-020293,Air Traffic Control,64
DEL-004658,FL-020297,Air Traffic Control,71
DEL-004659,FL-020298,Weather,20
DEL-004660,FL-020299,Maintenance,21
DEL-004661,FL-020301,Air Traffic Control,20
DEL-004662,FL-020305,Maintenance,94
DEL-004663,FL-020308,Late Aircraft Arrival,56
DEL-004664,FL-020309,Weather,15
DEL-004665,FL-020312,Weather,22
DEL-004666,FL-020315,Security,42
DEL-004667,FL-020316,Security,34
DEL-004668,FL-020319,Weather,100
DEL-004669,FL-020326,Air Traffic Control,15
DEL-004670,FL-020327,Weather,39
DEL-004671,FL-020334,Maintenance,39
DEL-004672,FL-020340,Weather,74
DEL-004673,FL-020343,Air Traffic Control,38
DEL-004674,FL-020345,Maintenance,15
DEL-004675,FL-020349,Weather,30
DEL-004676,FL-020354,Maintenance,69
DEL-004677,FL-020356,Weather,52
DEL-004678,FL-020358,Maintenance,47
DEL-004679,FL-020360,Security,33
DEL-004680,FL-020364,Maintenance,159
DEL-004681,FL-020365,Air Traffic Control,55
DEL-004682,FL-020368,Maintenance,24
DEL-004683,FL-020371,Air Traffic Control,121
DEL-004684,FL-020373,Weather,36
DEL-004685,FL-020375,Maintenance,74
DEL-004686,FL-020377,Maintenance,135
DEL-004687,FL-020379,Weather,34
DEL-004688,FL-020394,Maintenance,106
DEL-004689,FL-020397,Maintenance,119
DEL-004690,FL-020408,Maintenance,20
DEL-004691,FL-020412,Air Traffic Control,73
DEL-004692,FL-020414,Air Traffic Control,57
DEL-004693,FL-020416,Late Aircraft Arrival,36
DEL-004694,FL-020417,Security,32
DEL-004695,FL-020419,Air Traffic Control,45
DEL-004696,FL-020425,Late Aircraft Arrival,108
DEL-004697,FL-020430,Late Aircraft Arrival,63
DEL-004698,FL-020437,Air Traffic Control,46
DEL-004699,FL-020449,Maintenance,44
DEL-004700,FL-020454,Air Traffic Control,88
DEL-004701,FL-020458,Late Aircraft Arrival,42
DEL-004702,FL-020465,Maintenance,121
DEL-004703,FL-020468,Air Traffic Control,35
DEL-004704,FL-020469,Maintenance,40
DEL-004705,FL-020477,Air Traffic Control,32
DEL-004706,FL-020482,Late Aircraft Arrival,41
DEL-004707,FL-020491,Air Traffic Control,25
DEL-004708,FL-020492,Weather,50
DEL-004709,FL-020498,Late Aircraft Arrival,22
DEL-004710,FL-020505,Security,49
DEL-004711,FL-020507,Air Traffic Control,23
DEL-004712,FL-020509,Maintenance,42
DEL-004713,FL-020515,Late Aircraft Arrival,35
DEL-004714,FL-020516,Weather,23
DEL-004715,FL-020521,Weather,28
DEL-004716,FL-020524,Air Traffic Control,113
DEL-004717,FL-020529,Maintenance,24
DEL-004718,FL-020531,Air Traffic Control,106
DEL-004719,FL-020532,Maintenance,55
DEL-004720,FL-020537,Late Aircraft Arrival,98
DEL-004721,FL-020540,Maintenance,36
DEL-004722,FL-020541,Weather,34
DEL-004723,FL-020550,Air Traffic Control,40
DEL-004724,FL-020570,Weather,56
DEL-004725,FL-020571,Security,16
DEL-004726,FL-020575,Weather,24
DEL-004727,FL-020576,Air Traffic Control,48
DEL-004728,FL-020579,Air Traffic Control,76
DEL-004729,FL-020580,Air Traffic Control,84
DEL-004730,FL-020581,Late Aircraft Arrival,90
DEL-004731,FL-020582,Weather,86
DEL-004732,FL-020589,Weather,104
DEL-004733,FL-020598,Air Traffic Control,83
DEL-004734,FL-020599,Maintenance,19
DEL-004735,FL-020600,Weather,231
DEL-004736,FL-020601,Maintenance,73
DEL-004737,FL-020602,Air Traffic Control,16
DEL-004738,FL-020605,Security,91
DEL-004739,FL-020606,Weather,73
DEL-004740,FL-020616,Late Aircraft Arrival,69
DEL-004741,FL-020628,Air Traffic Control,21
DEL-004742,FL-020629,Weather,30
DEL-004743,FL-020633,Air Traffic Control,50
DEL-004744,FL-020636,Maintenance,32
DEL-004745,FL-020645,Weather,75
DEL-004746,FL-020651,Late Aircraft Arrival,141
DEL-004747,FL-020656,Air Traffic Control,29
DEL-004748,FL-020657,Air Traffic Control,54
DEL-004749,FL-020659,Late Aircraft Arrival,33
DEL-004750,FL-020660,Late Aircraft Arrival,53
DEL-004751,FL-020665,Air Traffic Control,19
DEL-004752,FL-020681,Air Traffic Control,125
DEL-004753,FL-020683,Air Traffic Control,20
DEL-004754,FL-020684,Weather,20
DEL-004755,FL-020693,Security,17
DEL-004756,FL-020697,Weather,37
DEL-004757,FL-020700,Air Traffic Control,125
DEL-004758,FL-020706,Maintenance,19
DEL-004759,FL-020707,Late Aircraft Arrival,116
DEL-004760,FL-020709,Maintenance,64
DEL-004761,FL-020717,Late Aircraft Arrival,37
DEL-004762,FL-020720,Maintenance,54
DEL-004763,FL-020731,Maintenance,57
DEL-004764,FL-020732,Maintenance,47
DEL-004765,FL-020735,Weather,112
DEL-004766,FL-020737,Air Traffic Control,39
DEL-004767,FL-020740,Late Aircraft Arrival,41
DEL-004768,FL-020749,Air Traffic Control,54
DEL-004769,FL-020751,Air Traffic Control,42
DEL-004770,FL-020753,Maintenance,45
DEL-004771,FL-020754,Weather,52
DEL-004772,FL-020775,Weather,120
DEL-004773,FL-020779,Air Traffic Control,29
DEL-004774,FL-020780,Late Aircraft Arrival,27
DEL-004775,FL-020784,Late Aircraft Arrival,38
DEL-004776,FL-020790,Air Traffic Control,19
DEL-004777,FL-020796,Maintenance,128
DEL-004778,FL-020798,Air Traffic Control,17
DEL-004779,FL-020799,Maintenance,51
DEL-004780,FL-020815,Maintenance,45
DEL-004781,FL-020818,Weather,67
DEL-004782,FL-020823,Maintenance,102
DEL-004783,FL-020825,Air Traffic Control,29
DEL-004784,FL-020828,Air Traffic Control,86
DEL-004785,FL-020829,Maintenance,25
DEL-004786,FL-020832,Air Traffic Control,37
DEL-004787,FL-020840,Weather,89
DEL-004788,FL-020844,Air Traffic Control,36
DEL-004789,FL-020852,Security,30
DEL-004790,FL-020854,Weather,81
DEL-004791,FL-020857,Maintenance,43
DEL-004792,FL-020860,Weather,29
DEL-004793,FL-020861,Air Traffic Control,94
DEL-004794,FL-020864,Air Traffic Control,33
DEL-004795,FL-020866,Air Traffic Control,46
DEL-004796,FL-020869,Weather,97
DEL-004797,FL-020875,Maintenance,19
DEL-004798,FL-020877,Maintenance,21
DEL-004799,FL-020880,Air Traffic Control,28
DEL-004800,FL-020882,Air Traffic Control,57
DEL-004801,FL-020886,Air Traffic Control,25
DEL-004802,FL-020887,Weather,70
DEL-004803,FL-020890,Late Aircraft Arrival,27
DEL-004804,FL-020894,Maintenance,34
DEL-004805,FL-020896,Weather,32
DEL-004806,FL-020897,Security,55
DEL-004807,FL-020899,Air Traffic Control,100
DEL-004808,FL-020907,Weather,31
DEL-004809,FL-020908,Late Aircraft Arrival,26
DEL-004810,FL-020911,Security,86
DEL-004811,FL-020917,Late Aircraft Arrival,35
DEL-004812,FL-020921,Late Aircraft Arrival,59
DEL-004813,FL-020924,Weather,167
DEL-004814,FL-020931,Air Traffic Control,44
DEL-004815,FL-020938,Weather,17
DEL-004816,FL-020939,Maintenance,24
DEL-004817,FL-020943,Security,16
DEL-004818,FL-020950,Maintenance,21
DEL-004819,FL-020952,Late Aircraft Arrival,29
DEL-004820,FL-020958,Air Traffic Control,25
DEL-004821,FL-020965,Late Aircraft Arrival,42
DEL-004822,FL-020966,Late Aircraft Arrival,133
DEL-004823,FL-020969,Late Aircraft Arrival,17
DEL-004824,FL-020972,Late Aircraft Arrival,35
DEL-004825,FL-020978,Security,63
DEL-004826,FL-020982,Weather,38
DEL-004827,FL-020985,Maintenance,42
DEL-004828,FL-020991,Late Aircraft Arrival,47
DEL-004829,FL-021000,Security,33
DEL-004830,FL-021014,Air Traffic Control,88
DEL-004831,FL-021016,Security,15
DEL-004832,FL-021017,Late Aircraft Arrival,64
DEL-004833,FL-021027,Weather,112
DEL-004834,FL-021030,Security,17
DEL-004835,FL-021037,Weather,53
DEL-004836,FL-021046,Maintenance,16
DEL-004837,FL-021048,Late Aircraft Arrival,31
DEL-004838,FL-021050,Air Traffic Control,67
DEL-004839,FL-021052,Late Aircraft Arrival,64
DEL-004840,FL-021054,Late Aircraft Arrival,53
DEL-004841,FL-021058,Air Traffic Control,38
DEL-004842,FL-021060,Maintenance,49
DEL-004843,FL-021061,Security,17
DEL-004844,FL-021066,Late Aircraft Arrival,41
DEL-004845,FL-021075,Weather,25
DEL-004846,FL-021079,Late Aircraft Arrival,36
DEL-004847,FL-021080,Air Traffic Control,23
DEL-004848,FL-021082,Weather,73
DEL-004849,FL-021085,Security,39
DEL-004850,FL-021086,Maintenance,47
DEL-004851,FL-021091,Maintenance,82
DEL-004852,FL-021092,Maintenance,26
DEL-004853,FL-021094,Late Aircraft Arrival,52
DEL-004854,FL-021102,Air Traffic Control,42
DEL-004855,FL-021106,Security,43
DEL-004856,FL-021110,Maintenance,39
DEL-004857,FL-021112,Air Traffic Control,181
DEL-004858,FL-021114,Weather,24
DEL-004859,FL-021116,Weather,81
DEL-004860,FL-021123,Maintenance,43
DEL-004861,FL-021124,Late Aircraft Arrival,47
DEL-004862,FL-021126,Air Traffic Control,19
DEL-004863,FL-021128,Maintenance,56
DEL-004864,FL-021129,Late Aircraft Arrival,46
DEL-004865,FL-021137,Weather,15
DEL-004866,FL-021139,Weather,37
DEL-004867,FL-021151,Maintenance,108
DEL-004868,FL-021153,Weather,21
DEL-004869,FL-021155,Maintenance,40
DEL-004870,FL-021160,Air Traffic Control,138
DEL-004871,FL-021164,Late Aircraft Arrival,47
DEL-004872,FL-021170,Weather,55
DEL-004873,FL-021173,Weather,66
DEL-004874,FL-021174,Air Traffic Control,39
DEL-004875,FL-021182,Maintenance,25
DEL-004876,FL-021183,Weather,40
DEL-004877,FL-021186,Air Traffic Control,26
DEL-004878,FL-021188,Maintenance,21
DEL-004879,FL-021189,Maintenance,56
DEL-004880,FL-021190,Air Traffic Control,17
DEL-004881,FL-021192,Maintenance,21
DEL-004882,FL-021195,Air Traffic Control,30
DEL-004883,FL-021198,Air Traffic Control,28
DEL-004884,FL-021200,Late Aircraft Arrival,59
DEL-004885,FL-021202,Maintenance,58
DEL-004886,FL-021210,Weather,17
DEL-004887,FL-021214,Weather,85
DEL-004888,FL-021220,Air Traffic Control,40
DEL-004889,FL-021229,Weather,66
DEL-004890,FL-021231,Maintenance,77
DEL-004891,FL-021234,Air Traffic Control,21
DEL-004892,FL-021238,Weather,20
DEL-004893,FL-021240,Weather,34
DEL-004894,FL-021241,Late Aircraft Arrival,169
DEL-004895,FL-021249,Security,92
DEL-004896,FL-021257,Security,62
DEL-004897,FL-021258,Maintenance,16
DEL-004898,FL-021261,Maintenance,15
DEL-004899,FL-021264,Security,35
DEL-004900,FL-021267,Air Traffic Control,64
DEL-004901,FL-021269,Late Aircraft Arrival,39
DEL-004902,FL-021270,Air Traffic Control,17
DEL-004903,FL-021273,Weather,77
DEL-004904,FL-021285,Maintenance,19
DEL-004905,FL-021286,Late Aircraft Arrival,19
DEL-004906,FL-021289,Maintenance,33
DEL-004907,FL-021290,Air Traffic Control,48
DEL-004908,FL-021301,Maintenance,36
DEL-004909,FL-021302,Security,25
DEL-004910,FL-021303,Security,20
DEL-004911,FL-021304,Weather,106
DEL-004912,FL-021307,Air Traffic Control,60
DEL-004913,FL-021308,Weather,61
DEL-004914,FL-021310,Security,72
DEL-004915,FL-021311,Security,24
DEL-004916,FL-021312,Air Traffic Control,106
DEL-004917,FL-021317,Security,30
DEL-004918,FL-021322,Maintenance,20
DEL-004919,FL-021326,Air Traffic Control,35
DEL-004920,FL-021330,Security,61
DEL-004921,FL-021335,Weather,83
DEL-004922,FL-021346,Late Aircraft Arrival,50
DEL-004923,FL-021355,Air Traffic Control,40
DEL-004924,FL-021364,Weather,229
DEL-004925,FL-021370,Air Traffic Control,52
DEL-004926,FL-021371,Weather,73
DEL-004927,FL-021373,Maintenance,32
DEL-004928,FL-021374,Maintenance,20
DEL-004929,FL-021377,Weather,20
DEL-004930,FL-021388,Security,113
DEL-004931,FL-021391,Weather,125
DEL-004932,FL-021397,Maintenance,26
DEL-004933,FL-021399,Air Traffic Control,25
DEL-004934,FL-021402,Air Traffic Control,80
DEL-004935,FL-021403,Weather,199
DEL-004936,FL-021404,Late Aircraft Arrival,27
DEL-004937,FL-021406,Weather,15
DEL-004938,FL-021412,Maintenance,27
DEL-004939,FL-021417,Maintenance,57
DEL-004940,FL-021420,Air Traffic Control,18
DEL-004941,FL-021423,Air Traffic Control,23
DEL-004942,FL-021425,Air Traffic Control,22
DEL-004943,FL-021431,Security,82
DEL-004944,FL-021435,Late Aircraft Arrival,23
DEL-004945,FL-021437,Air Traffic Control,35
DEL-004946,FL-021440,Weather,174
DEL-004947,FL-021442,Maintenance,136
DEL-004948,FL-021443,Air Traffic Control,43
DEL-004949,FL-021445,Maintenance,16
DEL-004950,FL-021446,Weather,178
DEL-004951,FL-021447,Weather,86
DEL-004952,FL-021456,Maintenance,41
DEL-004953,FL-021459,Late Aircraft Arrival,33
DEL-004954,FL-021481,Air Traffic Control,101
DEL-004955,FL-021483,Maintenance,39
DEL-004956,FL-021484,Air Traffic Control,31
DEL-004957,FL-021489,Air Traffic Control,185
DEL-004958,FL-021491,Air Traffic Control,42
DEL-004959,FL-021492,Weather,47
DEL-004960,FL-021496,Weather,51
DEL-004961,FL-021497,Weather,62
DEL-004962,FL-021500,Maintenance,154
DEL-004963,FL-021501,Weather,25
DEL-004964,FL-021502,Air Traffic Control,41
DEL-004965,FL-021505,Maintenance,25
DEL-004966,FL-021512,Weather,91
DEL-004967,FL-021533,Security,61
DEL-004968,FL-021535,Air Traffic Control,83
DEL-004969,FL-021536,Air Traffic Control,20
DEL-004970,FL-021539,Maintenance,53
DEL-004971,FL-021542,Weather,37
DEL-004972,FL-021549,Late Aircraft Arrival,22
DEL-004973,FL-021550,Maintenance,20
DEL-004974,FL-021552,Air Traffic Control,45
DEL-004975,FL-021559,Weather,53
DEL-004976,FL-021560,Air Traffic Control,42
DEL-004977,FL-021561,Air Traffic Control,18
DEL-004978,FL-021572,Air Traffic Control,15
DEL-004979,FL-021586,Air Traffic Control,37
DEL-004980,FL-021605,Air Traffic Control,54
DEL-004981,FL-021608,Maintenance,15
DEL-004982,FL-021623,Late Aircraft Arrival,69
DEL-004983,FL-021627,Air Traffic Control,15
DEL-004984,FL-021630,Air Traffic Control,15
DEL-004985,FL-021637,Maintenance,49
DEL-004986,FL-021638,Air Traffic Control,17
DEL-004987,FL-021645,Maintenance,61
DEL-004988,FL-021650,Late Aircraft Arrival,68
DEL-004989,FL-021651,Security,44
DEL-004990,FL-021652,Late Aircraft Arrival,18
DEL-004991,FL-021664,Maintenance,30
DEL-004992,FL-021666,Maintenance,51
DEL-004993,FL-021668,Air Traffic Control,39
DEL-004994,FL-021675,Weather,25
DEL-004995,FL-021677,Late Aircraft Arrival,73
DEL-004996,FL-021680,Weather,35
DEL-004997,FL-021697,Weather,37
DEL-004998,FL-021699,Late Aircraft Arrival,20
DEL-004999,FL-021700,Maintenance,18
DEL-005000,FL-021701,Maintenance,76
DEL-005001,FL-021708,Weather,27
DEL-005002,FL-021713,Late Aircraft Arrival,43
DEL-005003,FL-021714,Maintenance,24
DEL-005004,FL-021715,Weather,51
DEL-005005,FL-021716,Air Traffic Control,53
DEL-005006,FL-021721,Late Aircraft Arrival,41
DEL-005007,FL-021732,Security,100
DEL-005008,FL-021733,Weather,28
DEL-005009,FL-021735,Air Traffic Control,191
DEL-005010,FL-021751,Security,19
DEL-005011,FL-021757,Weather,37
DEL-005012,FL-021760,Maintenance,30
DEL-005013,FL-021770,Weather,42
DEL-005014,FL-021777,Maintenance,121
DEL-005015,FL-021779,Weather,34
DEL-005016,FL-021789,Maintenance,37
DEL-005017,FL-021795,Air Traffic Control,72
DEL-005018,FL-021800,Late Aircraft Arrival,17
DEL-005019,FL-021812,Maintenance,48
DEL-005020,FL-021817,Maintenance,115
DEL-005021,FL-021826,Maintenance,85
DEL-005022,FL-021835,Late Aircraft Arrival,65
DEL-005023,FL-021842,Weather,66
DEL-005024,FL-021858,Late Aircraft Arrival,94
DEL-005025,FL-021859,Late Aircraft Arrival,140
DEL-005026,FL-021863,Late Aircraft Arrival,51
DEL-005027,FL-021866,Weather,59
DEL-005028,FL-021867,Maintenance,28
DEL-005029,FL-021870,Air Traffic Control,21
DEL-005030,FL-021875,Weather,102
DEL-005031,FL-021876,Maintenance,93
DEL-005032,FL-021893,Weather,86
DEL-005033,FL-021895,Maintenance,20
DEL-005034,FL-021898,Weather,19
DEL-005035,FL-021903,Security,77
DEL-005036,FL-021908,Weather,17
DEL-005037,FL-021910,Maintenance,67
DEL-005038,FL-021911,Air Traffic Control,24
DEL-005039,FL-021920,Weather,51
DEL-005040,FL-021938,Weather,18
DEL-005041,FL-021941,Air Traffic Control,213
DEL-005042,FL-021946,Late Aircraft Arrival,30
DEL-005043,FL-021947,Weather,82
DEL-005044,FL-021955,Late Aircraft Arrival,48
DEL-005045,FL-021959,Air Traffic Control,60
DEL-005046,FL-021962,Air Traffic Control,18
DEL-005047,FL-021966,Weather,15
DEL-005048,FL-021967,Maintenance,58
DEL-005049,FL-021969,Weather,25
DEL-005050,FL-021972,Maintenance,61
DEL-005051,FL-021976,Weather,19
DEL-005052,FL-021980,Weather,108
DEL-005053,FL-021984,Weather,112
DEL-005054,FL-021987,Maintenance,21
DEL-005055,FL-021993,Weather,18
DEL-005056,FL-021996,Air Traffic Control,50
DEL-005057,FL-021999,Maintenance,70
DEL-005058,FL-022004,Air Traffic Control,154
DEL-005059,FL-022014,Late Aircraft Arrival,310
DEL-005060,FL-022018,Security,21
DEL-005061,FL-022025,Weather,48
DEL-005062,FL-022028,Air Traffic Control,26
DEL-005063,FL-022034,Air Traffic Control,65
DEL-005064,FL-022039,Late Aircraft Arrival,103
DEL-005065,FL-022042,Weather,61
DEL-005066,FL-022045,Air Traffic Control,87
DEL-005067,FL-022047,Security,93
DEL-005068,FL-022048,Weather,23
DEL-005069,FL-022049,Maintenance,45
DEL-005070,FL-022050,Late Aircraft Arrival,64
DEL-005071,FL-022059,Weather,89
DEL-005072,FL-022061,Late Aircraft Arrival,109
DEL-005073,FL-022065,Air Traffic Control,50
DEL-005074,FL-022071,Late Aircraft Arrival,103
DEL-005075,FL-022073,Weather,23
DEL-005076,FL-022076,Air Traffic Control,85
DEL-005077,FL-022079,Weather,60
DEL-005078,FL-022085,Weather,17
DEL-005079,FL-022088,Air Traffic Control,30
DEL-005080,FL-022091,Maintenance,206
DEL-005081,FL-022093,Air Traffic Control,66
DEL-005082,FL-022094,Weather,36
DEL-005083,FL-022095,Weather,44
DEL-005084,FL-022109,Air Traffic Control,16
DEL-005085,FL-022120,Late Aircraft Arrival,23
DEL-005086,FL-022122,Weather,23
DEL-005087,FL-022123,Weather,66
DEL-005088,FL-022127,Late Aircraft Arrival,18
DEL-005089,FL-022128,Weather,21
DEL-005090,FL-022129,Air Traffic Control,28
DEL-005091,FL-022131,Air Traffic Control,41
DEL-005092,FL-022138,Late Aircraft Arrival,63
DEL-005093,FL-022143,Weather,61
DEL-005094,FL-022155,Maintenance,39
DEL-005095,FL-022158,Air Traffic Control,29
DEL-005096,FL-022160,Maintenance,27
DEL-005097,FL-022162,Weather,50
DEL-005098,FL-022167,Maintenance,65
DEL-005099,FL-022168,Air Traffic Control,18
DEL-005100,FL-022170,Weather,17
DEL-005101,FL-022173,Air Traffic Control,24
DEL-005102,FL-022174,Air Traffic Control,55
DEL-005103,FL-022177,Security,23
DEL-005104,FL-022179,Weather,35
DEL-005105,FL-022185,Air Traffic Control,44
DEL-005106,FL-022200,Air Traffic Control,48
DEL-005107,FL-022201,Air Traffic Control,23
DEL-005108,FL-022223,Maintenance,74
DEL-005109,FL-022228,Late Aircraft Arrival,34
DEL-005110,FL-022229,Late Aircraft Arrival,27
DEL-005111,FL-022230,Weather,45
DEL-005112,FL-022238,Security,166
DEL-005113,FL-022242,Air Traffic Control,44
DEL-005114,FL-022243,Weather,68
DEL-005115,FL-022244,Air Traffic Control,265
DEL-005116,FL-022245,Maintenance,43
DEL-005117,FL-022248,Weather,26
DEL-005118,FL-022256,Security,44
DEL-005119,FL-022257,Late Aircraft Arrival,78
DEL-005120,FL-022262,Late Aircraft Arrival,42
DEL-005121,FL-022264,Security,47
DEL-005122,FL-022266,Air Traffic Control,20
DEL-005123,FL-022268,Weather,52
DEL-005124,FL-022273,Air Traffic Control,22
DEL-005125,FL-022276,Weather,20
DEL-005126,FL-022278,Air Traffic Control,109
DEL-005127,FL-022291,Late Aircraft Arrival,65
DEL-005128,FL-022295,Maintenance,22
DEL-005129,FL-022297,Weather,74
DEL-005130,FL-022302,Maintenance,41
DEL-005131,FL-022304,Air Traffic Control,79
DEL-005132,FL-022306,Air Traffic Control,43
DEL-005133,FL-022307,Weather,15
DEL-005134,FL-022322,Late Aircraft Arrival,28
DEL-005135,FL-022333,Maintenance,278
DEL-005136,FL-022338,Late Aircraft Arrival,20
DEL-005137,FL-022342,Security,80
DEL-005138,FL-022343,Maintenance,61
DEL-005139,FL-022345,Late Aircraft Arrival,50
DEL-005140,FL-022347,Weather,54
DEL-005141,FL-022349,Late Aircraft Arrival,92
DEL-005142,FL-022351,Air Traffic Control,22
DEL-005143,FL-022353,Air Traffic Control,42
DEL-005144,FL-022357,Air Traffic Control,65
DEL-005145,FL-022360,Air Traffic Control,24
DEL-005146,FL-022381,Maintenance,73
DEL-005147,FL-022384,Air Traffic Control,24
DEL-005148,FL-022394,Maintenance,50
DEL-005149,FL-022395,Security,153
DEL-005150,FL-022398,Maintenance,191
DEL-005151,FL-022407,Late Aircraft Arrival,62
DEL-005152,FL-022411,Late Aircraft Arrival,19
DEL-005153,FL-022413,Late Aircraft Arrival,101
DEL-005154,FL-022420,Air Traffic Control,195
DEL-005155,FL-022424,Maintenance,39
DEL-005156,FL-022426,Security,158
DEL-005157,FL-022435,Air Traffic Control,59
DEL-005158,FL-022438,Air Traffic Control,29
DEL-005159,FL-022443,Air Traffic Control,47
DEL-005160,FL-022445,Late Aircraft Arrival,211
DEL-005161,FL-022446,Air Traffic Control,102
DEL-005162,FL-022463,Weather,58
DEL-005163,FL-022467,Late Aircraft Arrival,70
DEL-005164,FL-022478,Security,15
DEL-005165,FL-022486,Air Traffic Control,63
DEL-005166,FL-022492,Maintenance,22
DEL-005167,FL-022493,Air Traffic Control,20
DEL-005168,FL-022494,Weather,64
DEL-005169,FL-022502,Weather,20
DEL-005170,FL-022515,Maintenance,29
DEL-005171,FL-022516,Late Aircraft Arrival,29
DEL-005172,FL-022517,Late Aircraft Arrival,18
DEL-005173,FL-022519,Security,132
DEL-005174,FL-022525,Late Aircraft Arrival,32
DEL-005175,FL-022530,Late Aircraft Arrival,57
DEL-005176,FL-022531,Late Aircraft Arrival,69
DEL-005177,FL-022535,Air Traffic Control,53
DEL-005178,FL-022536,Weather,28
DEL-005179,FL-022538,Weather,24
DEL-005180,FL-022550,Weather,77
DEL-005181,FL-022556,Maintenance,85
DEL-005182,FL-022560,Security,76
DEL-005183,FL-022570,Air Traffic Control,58
DEL-005184,FL-022576,Air Traffic Control,252
DEL-005185,FL-022580,Security,17
DEL-005186,FL-022584,Maintenance,23
DEL-005187,FL-022585,Late Aircraft Arrival,119
DEL-005188,FL-022589,Maintenance,17
DEL-005189,FL-022590,Late Aircraft Arrival,37
DEL-005190,FL-022596,Weather,70
DEL-005191,FL-022597,Weather,35
DEL-005192,FL-022601,Security,116
DEL-005193,FL-022604,Maintenance,22
DEL-005194,FL-022605,Late Aircraft Arrival,182
DEL-005195,FL-022612,Maintenance,17
DEL-005196,FL-022613,Weather,22
DEL-005197,FL-022614,Air Traffic Control,53
DEL-005198,FL-022615,Late Aircraft Arrival,27
DEL-005199,FL-022624,Weather,53
DEL-005200,FL-022625,Air Traffic Control,28
DEL-005201,FL-022628,Security,66
DEL-005202,FL-022631,Maintenance,87
DEL-005203,FL-022632,Maintenance,220
DEL-005204,FL-022634,Late Aircraft Arrival,21
DEL-005205,FL-022638,Maintenance,32
DEL-005206,FL-022642,Weather,67
DEL-005207,FL-022646,Late Aircraft Arrival,15
DEL-005208,FL-022648,Maintenance,220
DEL-005209,FL-022652,Maintenance,49
DEL-005210,FL-022655,Maintenance,76
DEL-005211,FL-022656,Weather,24
DEL-005212,FL-022658,Air Traffic Control,37
DEL-005213,FL-022665,Weather,79
DEL-005214,FL-022670,Maintenance,80
DEL-005215,FL-022683,Weather,53
DEL-005216,FL-022684,Air Traffic Control,64
DEL-005217,FL-022685,Weather,19
DEL-005218,FL-022689,Weather,102
DEL-005219,FL-022692,Maintenance,36
DEL-005220,FL-022694,Late Aircraft Arrival,64
DEL-005221,FL-022695,Security,16
DEL-005222,FL-022698,Maintenance,94
DEL-005223,FL-022701,Late Aircraft Arrival,27
DEL-005224,FL-022703,Maintenance,151
DEL-005225,FL-022704,Air Traffic Control,46
DEL-005226,FL-022707,Air Traffic Control,78
DEL-005227,FL-022712,Late Aircraft Arrival,22
DEL-005228,FL-022715,Air Traffic Control,38
DEL-005229,FL-022719,Security,201
DEL-005230,FL-022723,Air Traffic Control,48
DEL-005231,FL-022730,Air Traffic Control,57
DEL-005232,FL-022731,Late Aircraft Arrival,43
DEL-005233,FL-022732,Weather,73
DEL-005234,FL-022734,Weather,22
DEL-005235,FL-022738,Air Traffic Control,49
DEL-005236,FL-022740,Maintenance,20
DEL-005237,FL-022746,Late Aircraft Arrival,78
DEL-005238,FL-022747,Maintenance,175
DEL-005239,FL-022751,Weather,36
DEL-005240,FL-022756,Weather,15
DEL-005241,FL-022757,Air Traffic Control,55
DEL-005242,FL-022760,Air Traffic Control,32
DEL-005243,FL-022768,Maintenance,57
DEL-005244,FL-022771,Air Traffic Control,41
DEL-005245,FL-022773,Late Aircraft Arrival,91
DEL-005246,FL-022775,Security,77
DEL-005247,FL-022777,Maintenance,27
DEL-005248,FL-022783,Air Traffic Control,16
DEL-005249,FL-022784,Maintenance,25
DEL-005250,FL-022788,Late Aircraft Arrival,24
DEL-005251,FL-022793,Air Traffic Control,115
DEL-005252,FL-022796,Maintenance,20
DEL-005253,FL-022797,Weather,27
DEL-005254,FL-022801,Air Traffic Control,25
DEL-005255,FL-022804,Late Aircraft Arrival,17
DEL-005256,FL-022807,Late Aircraft Arrival,50
DEL-005257,FL-022812,Air Traffic Control,55
DEL-005258,FL-022818,Maintenance,59
DEL-005259,FL-022820,Late Aircraft Arrival,27
DEL-005260,FL-022825,Maintenance,25
DEL-005261,FL-022827,Weather,60
DEL-005262,FL-022835,Maintenance,55
DEL-005263,FL-022844,Late Aircraft Arrival,75
DEL-005264,FL-022851,Air Traffic Control,44
DEL-005265,FL-022857,Weather,35
DEL-005266,FL-022861,Weather,28
DEL-005267,FL-022862,Air Traffic Control,16
DEL-005268,FL-022863,Air Traffic Control,53
DEL-005269,FL-022864,Security,28
DEL-005270,FL-022867,Weather,38
DEL-005271,FL-022868,Security,34
DEL-005272,FL-022872,Weather,25
DEL-005273,FL-022873,Air Traffic Control,233
DEL-005274,FL-022883,Maintenance,20
DEL-005275,FL-022885,Weather,41
DEL-005276,FL-022886,Maintenance,18
DEL-005277,FL-022888,Air Traffic Control,15
DEL-005278,FL-022893,Air Traffic Control,96
DEL-005279,FL-022899,Maintenance,77
DEL-005280,FL-022906,Maintenance,20
DEL-005281,FL-022912,Weather,75
DEL-005282,FL-022915,Air Traffic Control,52
DEL-005283,FL-022919,Late Aircraft Arrival,66
DEL-005284,FL-022921,Weather,114
DEL-005285,FL-022926,Weather,56
DEL-005286,FL-022931,Late Aircraft Arrival,17
DEL-005287,FL-022932,Late Aircraft Arrival,82
DEL-005288,FL-022934,Late Aircraft Arrival,29
DEL-005289,FL-022937,Weather,36
DEL-005290,FL-022944,Maintenance,27
DEL-005291,FL-022945,Air Traffic Control,50
DEL-005292,FL-022950,Air Traffic Control,64
DEL-005293,FL-022952,Weather,29
DEL-005294,FL-022955,Maintenance,16
DEL-005295,FL-022961,Air Traffic Control,36
DEL-005296,FL-022977,Weather,25
DEL-005297,FL-022980,Security,75
DEL-005298,FL-022981,Air Traffic Control,21
DEL-005299,FL-022989,Air Traffic Control,65
DEL-005300,FL-022990,Air Traffic Control,31
DEL-005301,FL-022992,Weather,120
DEL-005302,FL-023001,Weather,46
DEL-005303,FL-023006,Security,50
DEL-005304,FL-023009,Air Traffic Control,17
DEL-005305,FL-023025,Air Traffic Control,16
DEL-005306,FL-023032,Late Aircraft Arrival,71
DEL-005307,FL-023035,Weather,16
DEL-005308,FL-023038,Air Traffic Control,27
DEL-005309,FL-023042,Air Traffic Control,25
DEL-005310,FL-023049,Weather,76
DEL-005311,FL-023053,Weather,36
DEL-005312,FL-023055,Air Traffic Control,35
DEL-005313,FL-023057,Air Traffic Control,34
DEL-005314,FL-023061,Weather,43
DEL-005315,FL-023069,Weather,120
DEL-005316,FL-023072,Maintenance,33
DEL-005317,FL-023076,Late Aircraft Arrival,45
DEL-005318,FL-023082,Weather,49
DEL-005319,FL-023097,Weather,109
DEL-005320,FL-023111,Air Traffic Control,37
DEL-005321,FL-023116,Air Traffic Control,16
DEL-005322,FL-023118,Security,117
DEL-005323,FL-023119,Weather,36
DEL-005324,FL-023125,Maintenance,31
DEL-005325,FL-023141,Late Aircraft Arrival,16
DEL-005326,FL-023144,Weather,23
DEL-005327,FL-023147,Weather,72
DEL-005328,FL-023149,Weather,42
DEL-005329,FL-023157,Air Traffic Control,70
DEL-005330,FL-023166,Late Aircraft Arrival,15
DEL-005331,FL-023180,Weather,18
DEL-005332,FL-023181,Weather,44
DEL-005333,FL-023184,Maintenance,36
DEL-005334,FL-023195,Maintenance,138
DEL-005335,FL-023205,Late Aircraft Arrival,43
DEL-005336,FL-023207,Late Aircraft Arrival,41
DEL-005337,FL-023209,Air Traffic Control,129
DEL-005338,FL-023211,Weather,15
DEL-005339,FL-023222,Late Aircraft Arrival,56
DEL-005340,FL-023223,Air Traffic Control,15
DEL-005341,FL-023225,Weather,28
DEL-005342,FL-023234,Weather,45
DEL-005343,FL-023235,Weather,27
DEL-005344,FL-023236,Air Traffic Control,23
DEL-005345,FL-023240,Weather,36
DEL-005346,FL-023249,Maintenance,89
DEL-005347,FL-023256,Air Traffic Control,32
DEL-005348,FL-023266,Weather,44
DEL-005349,FL-023271,Late Aircraft Arrival,15
DEL-005350,FL-023272,Late Aircraft Arrival,51
DEL-005351,FL-023273,Maintenance,170
DEL-005352,FL-023275,Weather,52
DEL-005353,FL-023284,Late Aircraft Arrival,112
DEL-005354,FL-023285,Maintenance,56
DEL-005355,FL-023288,Air Traffic Control,93
DEL-005356,FL-023290,Late Aircraft Arrival,53
DEL-005357,FL-023299,Weather,18
DEL-005358,FL-023303,Air Traffic Control,53
DEL-005359,FL-023310,Security,110
DEL-005360,FL-023329,Weather,22
DEL-005361,FL-023331,Weather,35
DEL-005362,FL-023332,Maintenance,56
DEL-005363,FL-023341,Air Traffic Control,75
DEL-005364,FL-023346,Late Aircraft Arrival,29
DEL-005365,FL-023354,Air Traffic Control,69
DEL-005366,FL-023358,Maintenance,79
DEL-005367,FL-023369,Air Traffic Control,34
DEL-005368,FL-023371,Air Traffic Control,65
DEL-005369,FL-023375,Air Traffic Control,31
DEL-005370,FL-023377,Late Aircraft Arrival,19
DEL-005371,FL-023384,Weather,33
DEL-005372,FL-023385,Weather,78
DEL-005373,FL-023391,Air Traffic Control,53
DEL-005374,FL-023392,Maintenance,17
DEL-005375,FL-023393,Air Traffic Control,183
DEL-005376,FL-023395,Maintenance,21
DEL-005377,FL-023400,Late Aircraft Arrival,19
DEL-005378,FL-023402,Security,54
DEL-005379,FL-023404,Air Traffic Control,51
DEL-005380,FL-023405,Weather,21
DEL-005381,FL-023407,Late Aircraft Arrival,28
DEL-005382,FL-023408,Security,118
DEL-005383,FL-023412,Security,44
DEL-005384,FL-023417,Maintenance,139
DEL-005385,FL-023418,Weather,116
DEL-005386,FL-023422,Security,22
DEL-005387,FL-023429,Air Traffic Control,131
DEL-005388,FL-023433,Air Traffic Control,19
DEL-005389,FL-023434,Weather,51
DEL-005390,FL-023439,Security,45
DEL-005391,FL-023440,Weather,43
DEL-005392,FL-023445,Late Aircraft Arrival,24
DEL-005393,FL-023446,Maintenance,49
DEL-005394,FL-023447,Maintenance,44
DEL-005395,FL-023452,Air Traffic Control,39
DEL-005396,FL-023456,Air Traffic Control,46
DEL-005397,FL-023458,Weather,38
DEL-005398,FL-023462,Weather,31
DEL-005399,FL-023467,Weather,25
DEL-005400,FL-023471,Weather,34
DEL-005401,FL-023472,Air Traffic Control,103
DEL-005402,FL-023475,Weather,53
DEL-005403,FL-023479,Air Traffic Control,34
DEL-005404,FL-023480,Security,57
DEL-005405,FL-023495,Maintenance,181
DEL-005406,FL-023496,Air Traffic Control,28
DEL-005407,FL-023502,Weather,118
DEL-005408,FL-023503,Weather,119
DEL-005409,FL-023508,Maintenance,58
DEL-005410,FL-023511,Late Aircraft Arrival,15
DEL-005411,FL-023514,Weather,31
DEL-005412,FL-023516,Security,25
DEL-005413,FL-023518,Maintenance,89
DEL-005414,FL-023526,Late Aircraft Arrival,32
DEL-005415,FL-023538,Air Traffic Control,21
DEL-005416,FL-023541,Air Traffic Control,38
DEL-005417,FL-023543,Weather,148
DEL-005418,FL-023557,Air Traffic Control,307
DEL-005419,FL-023569,Air Traffic Control,49
DEL-005420,FL-023571,Maintenance,36
DEL-005421,FL-023572,Late Aircraft Arrival,69
DEL-005422,FL-023575,Weather,98
DEL-005423,FL-023577,Air Traffic Control,45
DEL-005424,FL-023582,Late Aircraft Arrival,74
DEL-005425,FL-023593,Weather,17
DEL-005426,FL-023603,Air Traffic Control,56
DEL-005427,FL-023605,Maintenance,92
DEL-005428,FL-023606,Maintenance,65
DEL-005429,FL-023609,Maintenance,30
DEL-005430,FL-023617,Late Aircraft Arrival,134
DEL-005431,FL-023626,Weather,54
DEL-005432,FL-023631,Weather,33
DEL-005433,FL-023632,Late Aircraft Arrival,16
DEL-005434,FL-023634,Late Aircraft Arrival,32
DEL-005435,FL-023635,Maintenance,16
DEL-005436,FL-023637,Air Traffic Control,35
DEL-005437,FL-023649,Maintenance,17
DEL-005438,FL-023652,Weather,32
DEL-005439,FL-023653,Weather,61
DEL-005440,FL-023654,Maintenance,144
DEL-005441,FL-023661,Weather,63
DEL-005442,FL-023670,Air Traffic Control,90
DEL-005443,FL-023671,Air Traffic Control,47
DEL-005444,FL-023673,Security,90
DEL-005445,FL-023675,Air Traffic Control,81
DEL-005446,FL-023677,Late Aircraft Arrival,32
DEL-005447,FL-023679,Maintenance,17
DEL-005448,FL-023690,Late Aircraft Arrival,37
DEL-005449,FL-023692,Weather,28
DEL-005450,FL-023695,Air Traffic Control,48
DEL-005451,FL-023696,Weather,20
DEL-005452,FL-023705,Late Aircraft Arrival,33
DEL-005453,FL-023710,Air Traffic Control,207
DEL-005454,FL-023713,Weather,84
DEL-005455,FL-023724,Air Traffic Control,33
DEL-005456,FL-023735,Late Aircraft Arrival,30
DEL-005457,FL-023736,Weather,40
DEL-005458,FL-023741,Weather,89
DEL-005459,FL-023750,Late Aircraft Arrival,15
DEL-005460,FL-023757,Air Traffic Control,52
DEL-005461,FL-023758,Air Traffic Control,25
DEL-005462,FL-023764,Air Traffic Control,22
DEL-005463,FL-023766,Air Traffic Control,68
DEL-005464,FL-023768,Weather,175
DEL-005465,FL-023771,Air Traffic Control,19
DEL-005466,FL-023776,Air Traffic Control,20
DEL-005467,FL-023781,Air Traffic Control,55
DEL-005468,FL-023785,Maintenance,120
DEL-005469,FL-023786,Late Aircraft Arrival,42
DEL-005470,FL-023789,Maintenance,27
DEL-005471,FL-023794,Security,54
DEL-005472,FL-023796,Air Traffic Control,31
DEL-005473,FL-023799,Weather,65
DEL-005474,FL-023800,Maintenance,21
DEL-005475,FL-023802,Late Aircraft Arrival,103
DEL-005476,FL-023803,Maintenance,24
DEL-005477,FL-023804,Late Aircraft Arrival,51
DEL-005478,FL-023811,Maintenance,123
DEL-005479,FL-023813,Maintenance,56
DEL-005480,FL-023817,Weather,55
DEL-005481,FL-023826,Air Traffic Control,97
DEL-005482,FL-023828,Air Traffic Control,47
DEL-005483,FL-023831,Maintenance,50
DEL-005484,FL-023839,Air Traffic Control,48
DEL-005485,FL-023840,Late Aircraft Arrival,64
DEL-005486,FL-023846,Weather,112
DEL-005487,FL-023849,Air Traffic Control,18
DEL-005488,FL-023852,Air Traffic Control,18
DEL-005489,FL-023854,Air Traffic Control,48
DEL-005490,FL-023857,Weather,32
DEL-005491,FL-023867,Late Aircraft Arrival,43
DEL-005492,FL-023874,Late Aircraft Arrival,75
DEL-005493,FL-023875,Late Aircraft Arrival,56
DEL-005494,FL-023883,Air Traffic Control,23
DEL-005495,FL-023893,Air Traffic Control,36
DEL-005496,FL-023901,Weather,85
DEL-005497,FL-023902,Late Aircraft Arrival,15
DEL-005498,FL-023925,Weather,85
DEL-005499,FL-023935,Late Aircraft Arrival,85
DEL-005500,FL-023942,Maintenance,132
DEL-005501,FL-023943,Security,263
DEL-005502,FL-023951,Weather,85
DEL-005503,FL-023952,Maintenance,26
DEL-005504,FL-023958,Weather,57
DEL-005505,FL-023963,Weather,82
DEL-005506,FL-023964,Late Aircraft Arrival,52
DEL-005507,FL-023965,Air Traffic Control,24
DEL-005508,FL-023981,Maintenance,26
DEL-005509,FL-023983,Security,15
DEL-005510,FL-023984,Maintenance,25
DEL-005511,FL-023989,Maintenance,36
DEL-005512,FL-023990,Maintenance,18
DEL-005513,FL-024000,Air Traffic Control,61
DEL-005514,FL-024003,Weather,43
DEL-005515,FL-024004,Maintenance,66
DEL-005516,FL-024005,Security,24
DEL-005517,FL-024009,Maintenance,48
DEL-005518,FL-024010,Air Traffic Control,32
DEL-005519,FL-024011,Late Aircraft Arrival,19
DEL-005520,FL-024016,Weather,60
DEL-005521,FL-024020,Late Aircraft Arrival,45
DEL-005522,FL-024025,Air Traffic Control,42
DEL-005523,FL-024031,Weather,48
DEL-005524,FL-024032,Maintenance,155
DEL-005525,FL-024034,Maintenance,37
DEL-005526,FL-024036,Weather,26
DEL-005527,FL-024045,Security,32
DEL-005528,FL-024048,Air Traffic Control,105
DEL-005529,FL-024049,Late Aircraft Arrival,35
DEL-005530,FL-024050,Maintenance,93
DEL-005531,FL-024056,Security,87
DEL-005532,FL-024059,Weather,71
DEL-005533,FL-024062,Air Traffic Control,27
DEL-005534,FL-024067,Air Traffic Control,63
DEL-005535,FL-024068,Weather,93
DEL-005536,FL-024075,Air Traffic Control,32
DEL-005537,FL-024077,Weather,44
DEL-005538,FL-024083,Weather,36
DEL-005539,FL-024085,Maintenance,263
DEL-005540,FL-024090,Late Aircraft Arrival,22
DEL-005541,FL-024092,Weather,17
DEL-005542,FL-024093,Air Traffic Control,35
DEL-005543,FL-024094,Air Traffic Control,144
DEL-005544,FL-024103,Weather,38
DEL-005545,FL-024106,Weather,154
DEL-005546,FL-024107,Late Aircraft Arrival,32
DEL-005547,FL-024108,Maintenance,41
DEL-005548,FL-024113,Weather,83
DEL-005549,FL-024117,Late Aircraft Arrival,20
DEL-005550,FL-024118,Air Traffic Control,52
DEL-005551,FL-024121,Air Traffic Control,19
DEL-005552,FL-024122,Maintenance,58
DEL-005553,FL-024124,Air Traffic Control,146
DEL-005554,FL-024132,Weather,41
DEL-005555,FL-024137,Weather,74
DEL-005556,FL-024138,Late Aircraft Arrival,96
DEL-005557,FL-024143,Maintenance,91
DEL-005558,FL-024147,Air Traffic Control,47
DEL-005559,FL-024148,Late Aircraft Arrival,69
DEL-005560,FL-024149,Air Traffic Control,265
DEL-005561,FL-024151,Weather,20
DEL-005562,FL-024155,Air Traffic Control,68
DEL-005563,FL-024158,Air Traffic Control,30
DEL-005564,FL-024160,Weather,17
DEL-005565,FL-024161,Maintenance,94
DEL-005566,FL-024179,Weather,34
DEL-005567,FL-024185,Weather,59
DEL-005568,FL-024194,Weather,140
DEL-005569,FL-024195,Air Traffic Control,164
DEL-005570,FL-024196,Weather,45
DEL-005571,FL-024198,Late Aircraft Arrival,59
DEL-005572,FL-024199,Late Aircraft Arrival,39
DEL-005573,FL-024202,Air Traffic Control,53
DEL-005574,FL-024207,Weather,23
DEL-005575,FL-024209,Maintenance,30
DEL-005576,FL-024212,Air Traffic Control,76
DEL-005577,FL-024216,Weather,32
DEL-005578,FL-024222,Air Traffic Control,18
DEL-005579,FL-024228,Air Traffic Control,35
DEL-005580,FL-024230,Weather,24
DEL-005581,FL-024233,Maintenance,69
DEL-005582,FL-024243,Late Aircraft Arrival,71
DEL-005583,FL-024248,Maintenance,79
DEL-005584,FL-024250,Weather,78
DEL-005585,FL-024253,Maintenance,83
DEL-005586,FL-024254,Late Aircraft Arrival,32
DEL-005587,FL-024261,Late Aircraft Arrival,62
DEL-005588,FL-024266,Weather,19
DEL-005589,FL-024273,Air Traffic Control,48
DEL-005590,FL-024275,Air Traffic Control,25
DEL-005591,FL-024279,Security,77
DEL-005592,FL-024281,Security,77
DEL-005593,FL-024282,Weather,128
DEL-005594,FL-024283,Weather,29
DEL-005595,FL-024284,Air Traffic Control,38
DEL-005596,FL-024311,Air Traffic Control,81
DEL-005597,FL-024322,Weather,28
DEL-005598,FL-024324,Air Traffic Control,19
DEL-005599,FL-024327,Air Traffic Control,25
DEL-005600,FL-024334,Weather,36
DEL-005601,FL-024336,Air Traffic Control,22
DEL-005602,FL-024339,Air Traffic Control,42
DEL-005603,FL-024344,Weather,63
DEL-005604,FL-024345,Late Aircraft Arrival,121
DEL-005605,FL-024350,Maintenance,97
DEL-005606,FL-024363,Security,51
DEL-005607,FL-024369,Weather,72
DEL-005608,FL-024374,Weather,48
DEL-005609,FL-024375,Weather,26
DEL-005610,FL-024376,Weather,36
DEL-005611,FL-024387,Weather,54
DEL-005612,FL-024390,Air Traffic Control,56
DEL-005613,FL-024404,Air Traffic Control,25
DEL-005614,FL-024413,Air Traffic Control,25
DEL-005615,FL-024424,Late Aircraft Arrival,95
DEL-005616,FL-024429,Air Traffic Control,24
DEL-005617,FL-024432,Weather,16
DEL-005618,FL-024433,Air Traffic Control,61
DEL-005619,FL-024436,Weather,33
DEL-005620,FL-024437,Weather,23
DEL-005621,FL-024442,Air Traffic Control,33
DEL-005622,FL-024443,Air Traffic Control,99
DEL-005623,FL-024445,Maintenance,87
DEL-005624,FL-024447,Late Aircraft Arrival,73
DEL-005625,FL-024448,Air Traffic Control,87
DEL-005626,FL-024450,Weather,61
DEL-005627,FL-024459,Late Aircraft Arrival,117
DEL-005628,FL-024467,Security,39
DEL-005629,FL-024468,Air Traffic Control,15
DEL-005630,FL-024471,Security,20
DEL-005631,FL-024472,Weather,19
DEL-005632,FL-024473,Weather,36
DEL-005633,FL-024480,Air Traffic Control,32
DEL-005634,FL-024482,Air Traffic Control,23
DEL-005635,FL-024484,Maintenance,22
DEL-005636,FL-024486,Maintenance,29
DEL-005637,FL-024490,Late Aircraft Arrival,107
DEL-005638,FL-024496,Security,48
DEL-005639,FL-024497,Maintenance,53
DEL-005640,FL-024498,Late Aircraft Arrival,34
DEL-005641,FL-024506,Weather,44
DEL-005642,FL-024508,Maintenance,34
DEL-005643,FL-024510,Maintenance,18
DEL-005644,FL-024518,Maintenance,38
DEL-005645,FL-024526,Maintenance,23
DEL-005646,FL-024529,Air Traffic Control,66
DEL-005647,FL-024531,Weather,88
DEL-005648,FL-024534,Maintenance,18
DEL-005649,FL-024536,Weather,50
DEL-005650,FL-024542,Weather,65
DEL-005651,FL-024543,Air Traffic Control,17
DEL-005652,FL-024544,Air Traffic Control,106
DEL-005653,FL-024550,Maintenance,69
DEL-005654,FL-024555,Air Traffic Control,35
DEL-005655,FL-024558,Air Traffic Control,50
DEL-005656,FL-024564,Maintenance,125
DEL-005657,FL-024565,Air Traffic Control,36
DEL-005658,FL-024566,Air Traffic Control,85
DEL-005659,FL-024567,Security,45
DEL-005660,FL-024575,Air Traffic Control,16
DEL-005661,FL-024577,Late Aircraft Arrival,29
DEL-005662,FL-024579,Air Traffic Control,37
DEL-005663,FL-024588,Weather,44
DEL-005664,FL-024591,Air Traffic Control,21
DEL-005665,FL-024594,Weather,76
DEL-005666,FL-024600,Maintenance,53
DEL-005667,FL-024601,Late Aircraft Arrival,156
DEL-005668,FL-024612,Air Traffic Control,142
DEL-005669,FL-024621,Security,20
DEL-005670,FL-024625,Late Aircraft Arrival,96
DEL-005671,FL-024626,Weather,108
DEL-005672,FL-024631,Security,21
DEL-005673,FL-024632,Late Aircraft Arrival,44
DEL-005674,FL-024644,Security,77
DEL-005675,FL-024659,Weather,66
DEL-005676,FL-024660,Weather,23
DEL-005677,FL-024661,Weather,56
DEL-005678,FL-024662,Maintenance,19
DEL-005679,FL-024665,Maintenance,45
DEL-005680,FL-024673,Weather,25
DEL-005681,FL-024678,Air Traffic Control,82
DEL-005682,FL-024679,Air Traffic Control,38
DEL-005683,FL-024681,Weather,32
DEL-005684,FL-024685,Air Traffic Control,21
DEL-005685,FL-024690,Late Aircraft Arrival,43
DEL-005686,FL-024697,Weather,46
DEL-005687,FL-024700,Air Traffic Control,118
DEL-005688,FL-024711,Air Traffic Control,35
DEL-005689,FL-024725,Maintenance,31
DEL-005690,FL-024728,Air Traffic Control,33
DEL-005691,FL-024730,Air Traffic Control,33
DEL-005692,FL-024740,Air Traffic Control,19
DEL-005693,FL-024742,Weather,43
DEL-005694,FL-024744,Maintenance,114
DEL-005695,FL-024749,Maintenance,16
DEL-005696,FL-024755,Air Traffic Control,120
DEL-005697,FL-024757,Air Traffic Control,136
DEL-005698,FL-024760,Maintenance,66
DEL-005699,FL-024765,Weather,26
DEL-005700,FL-024766,Weather,19
DEL-005701,FL-024768,Late Aircraft Arrival,105
DEL-005702,FL-024773,Air Traffic Control,88
DEL-005703,FL-024776,Maintenance,35
DEL-005704,FL-024794,Late Aircraft Arrival,55
DEL-005705,FL-024799,Weather,47
DEL-005706,FL-024801,Weather,27
DEL-005707,FL-024807,Air Traffic Control,35
DEL-005708,FL-024809,Air Traffic Control,36
DEL-005709,FL-024817,Weather,59
DEL-005710,FL-024818,Weather,18
DEL-005711,FL-024819,Security,96
DEL-005712,FL-024833,Maintenance,61
DEL-005713,FL-024838,Air Traffic Control,67
DEL-005714,FL-024840,Maintenance,94
DEL-005715,FL-024848,Maintenance,31
DEL-005716,FL-024849,Weather,73
DEL-005717,FL-024852,Maintenance,25
DEL-005718,FL-024853,Late Aircraft Arrival,19
DEL-005719,FL-024855,Maintenance,25
DEL-005720,FL-024865,Late Aircraft Arrival,18
DEL-005721,FL-024868,Weather,63
DEL-005722,FL-024869,Air Traffic Control,77
DEL-005723,FL-024872,Maintenance,30
DEL-005724,FL-024889,Weather,15
DEL-005725,FL-024890,Air Traffic Control,99
DEL-005726,FL-024901,Air Traffic Control,168
DEL-005727,FL-024902,Air Traffic Control,112
DEL-005728,FL-024903,Maintenance,24
DEL-005729,FL-024912,Air Traffic Control,60
DEL-005730,FL-024914,Air Traffic Control,38
DEL-005731,FL-024919,Air Traffic Control,99
DEL-005732,FL-024920,Maintenance,56
DEL-005733,FL-024921,Maintenance,94
DEL-005734,FL-024923,Air Traffic Control,112
DEL-005735,FL-024931,Weather,35
DEL-005736,FL-024937,Maintenance,24
DEL-005737,FL-024941,Maintenance,37
DEL-005738,FL-024942,Weather,51
DEL-005739,FL-024949,Weather,67
DEL-005740,FL-024957,Maintenance,220
DEL-005741,FL-024958,Air Traffic Control,33
DEL-005742,FL-024964,Late Aircraft Arrival,22
DEL-005743,FL-024966,Security,54
DEL-005744,FL-024969,Maintenance,26
DEL-005745,FL-024971,Late Aircraft Arrival,30
DEL-005746,FL-024977,Weather,45
DEL-005747,FL-024978,Air Traffic Control,27
DEL-005748,FL-024983,Maintenance,241
DEL-005749,FL-024999,Late Aircraft Arrival,150
DEL-005750,FL-025008,Air Traffic Control,20
DEL-005751,FL-025011,Maintenance,68
DEL-005752,FL-025012,Weather,25
DEL-005753,FL-025015,Air Traffic Control,76
DEL-005754,FL-025017,Air Traffic Control,63
DEL-005755,FL-025020,Late Aircraft Arrival,29
DEL-005756,FL-025026,Weather,50
DEL-005757,FL-025033,Late Aircraft Arrival,34
DEL-005758,FL-025039,Weather,105
DEL-005759,FL-025043,Weather,45
DEL-005760,FL-025047,Air Traffic Control,72
DEL-005761,FL-025050,Weather,94
DEL-005762,FL-025059,Air Traffic Control,17
DEL-005763,FL-025064,Air Traffic Control,33
DEL-005764,FL-025071,Weather,34
DEL-005765,FL-025075,Air Traffic Control,50
DEL-005766,FL-025076,Late Aircraft Arrival,80
DEL-005767,FL-025079,Air Traffic Control,87
DEL-005768,FL-025082,Air Traffic Control,24
DEL-005769,FL-025083,Security,37
DEL-005770,FL-025086,Late Aircraft Arrival,220
DEL-005771,FL-025097,Late Aircraft Arrival,32
DEL-005772,FL-025101,Late Aircraft Arrival,73
DEL-005773,FL-025102,Security,36
DEL-005774,FL-025113,Air Traffic Control,60
DEL-005775,FL-025117,Late Aircraft Arrival,90
DEL-005776,FL-025124,Maintenance,43
DEL-005777,FL-025132,Late Aircraft Arrival,56
DEL-005778,FL-025134,Maintenance,21
DEL-005779,FL-025136,Air Traffic Control,105
DEL-005780,FL-025137,Air Traffic Control,28
DEL-005781,FL-025138,Maintenance,18
DEL-005782,FL-025140,Weather,67
DEL-005783,FL-025142,Weather,112
DEL-005784,FL-025144,Late Aircraft Arrival,61
DEL-005785,FL-025147,Maintenance,70
DEL-005786,FL-025148,Air Traffic Control,177
DEL-005787,FL-025149,Air Traffic Control,59
DEL-005788,FL-025151,Air Traffic Control,63
DEL-005789,FL-025152,Air Traffic Control,43
DEL-005790,FL-025154,Weather,34
DEL-005791,FL-025157,Weather,53
DEL-005792,FL-025158,Weather,36
DEL-005793,FL-025159,Air Traffic Control,30
DEL-005794,FL-025179,Late Aircraft Arrival,18
DEL-005795,FL-025182,Air Traffic Control,73
DEL-005796,FL-025187,Weather,63
DEL-005797,FL-025188,Air Traffic Control,83
DEL-005798,FL-025192,Air Traffic Control,138
DEL-005799,FL-025193,Maintenance,46
DEL-005800,FL-025197,Air Traffic Control,38
DEL-005801,FL-025205,Late Aircraft Arrival,59
DEL-005802,FL-025210,Maintenance,27
DEL-005803,FL-025215,Maintenance,154
DEL-005804,FL-025222,Late Aircraft Arrival,27
DEL-005805,FL-025223,Air Traffic Control,131
DEL-005806,FL-025228,Air Traffic Control,19
DEL-005807,FL-025230,Security,30
DEL-005808,FL-025235,Maintenance,24
DEL-005809,FL-025242,Late Aircraft Arrival,40
DEL-005810,FL-025244,Weather,21
DEL-005811,FL-025246,Maintenance,24
DEL-005812,FL-025248,Air Traffic Control,29
DEL-005813,FL-025256,Air Traffic Control,66
DEL-005814,FL-025266,Maintenance,24
DEL-005815,FL-025270,Late Aircraft Arrival,22
DEL-005816,FL-025272,Weather,70
DEL-005817,FL-025274,Air Traffic Control,331
DEL-005818,FL-025275,Air Traffic Control,93
DEL-005819,FL-025279,Maintenance,69
DEL-005820,FL-025281,Air Traffic Control,30
DEL-005821,FL-025287,Maintenance,217
DEL-005822,FL-025289,Weather,57
DEL-005823,FL-025291,Air Traffic Control,30
DEL-005824,FL-025292,Air Traffic Control,59
DEL-005825,FL-025297,Air Traffic Control,76
DEL-005826,FL-025298,Late Aircraft Arrival,86
DEL-005827,FL-025303,Maintenance,56
DEL-005828,FL-025306,Maintenance,45
DEL-005829,FL-025317,Late Aircraft Arrival,31
DEL-005830,FL-025334,Maintenance,108
DEL-005831,FL-025336,Weather,74
DEL-005832,FL-025337,Air Traffic Control,67
DEL-005833,FL-025338,Security,31
DEL-005834,FL-025341,Air Traffic Control,84
DEL-005835,FL-025347,Weather,88
DEL-005836,FL-025348,Late Aircraft Arrival,80
DEL-005837,FL-025349,Air Traffic Control,49
DEL-005838,FL-025352,Security,18
DEL-005839,FL-025353,Weather,74
DEL-005840,FL-025357,Late Aircraft Arrival,55
DEL-005841,FL-025360,Security,22
DEL-005842,FL-025361,Air Traffic Control,51
DEL-005843,FL-025365,Air Traffic Control,45
DEL-005844,FL-025366,Air Traffic Control,26
DEL-005845,FL-025368,Late Aircraft Arrival,62
DEL-005846,FL-025372,Weather,48
DEL-005847,FL-025374,Weather,59
DEL-005848,FL-025376,Late Aircraft Arrival,168
DEL-005849,FL-025380,Air Traffic Control,159
DEL-005850,FL-025388,Weather,149
DEL-005851,FL-025389,Air Traffic Control,15
DEL-005852,FL-025391,Weather,53
DEL-005853,FL-025392,Security,26
DEL-005854,FL-025396,Weather,60
DEL-005855,FL-025398,Security,101
DEL-005856,FL-025401,Maintenance,184
DEL-005857,FL-025409,Late Aircraft Arrival,29
DEL-005858,FL-025410,Maintenance,52
DEL-005859,FL-025416,Air Traffic Control,39
DEL-005860,FL-025420,Air Traffic Control,58
DEL-005861,FL-025422,Weather,24
DEL-005862,FL-025432,Maintenance,23
DEL-005863,FL-025433,Weather,103
DEL-005864,FL-025436,Late Aircraft Arrival,26
DEL-005865,FL-025442,Late Aircraft Arrival,30
DEL-005866,FL-025448,Air Traffic Control,65
DEL-005867,FL-025453,Maintenance,17
DEL-005868,FL-025454,Late Aircraft Arrival,53
DEL-005869,FL-025456,Air Traffic Control,43
DEL-005870,FL-025459,Maintenance,22
DEL-005871,FL-025461,Security,46
DEL-005872,FL-025471,Security,155
DEL-005873,FL-025472,Air Traffic Control,113
DEL-005874,FL-025473,Air Traffic Control,43
DEL-005875,FL-025474,Late Aircraft Arrival,22
DEL-005876,FL-025476,Weather,56
DEL-005877,FL-025479,Air Traffic Control,21
DEL-005878,FL-025489,Air Traffic Control,64
DEL-005879,FL-025493,Late Aircraft Arrival,40
DEL-005880,FL-025496,Weather,84
DEL-005881,FL-025509,Air Traffic Control,50
DEL-005882,FL-025513,Air Traffic Control,19
DEL-005883,FL-025519,Late Aircraft Arrival,59
DEL-005884,FL-025520,Air Traffic Control,50
DEL-005885,FL-025524,Weather,24
DEL-005886,FL-025529,Air Traffic Control,52
DEL-005887,FL-025540,Maintenance,16
DEL-005888,FL-025541,Weather,36
DEL-005889,FL-025547,Air Traffic Control,72
DEL-005890,FL-025576,Late Aircraft Arrival,36
DEL-005891,FL-025577,Air Traffic Control,18
DEL-005892,FL-025580,Air Traffic Control,31
DEL-005893,FL-025586,Late Aircraft Arrival,20
DEL-005894,FL-025588,Air Traffic Control,82
DEL-005895,FL-025595,Weather,39
DEL-005896,FL-025601,Air Traffic Control,150
DEL-005897,FL-025602,Weather,33
DEL-005898,FL-025604,Late Aircraft Arrival,31
DEL-005899,FL-025606,Security,38
DEL-005900,FL-025607,Air Traffic Control,41
DEL-005901,FL-025614,Late Aircraft Arrival,29
DEL-005902,FL-025617,Air Traffic Control,19
DEL-005903,FL-025621,Weather,35
DEL-005904,FL-025623,Weather,62
DEL-005905,FL-025629,Security,97
DEL-005906,FL-025633,Weather,67
DEL-005907,FL-025635,Weather,23
DEL-005908,FL-025639,Air Traffic Control,90
DEL-005909,FL-025642,Weather,61
DEL-005910,FL-025645,Maintenance,15
DEL-005911,FL-025650,Late Aircraft Arrival,65
DEL-005912,FL-025655,Weather,30
DEL-005913,FL-025657,Maintenance,15
DEL-005914,FL-025660,Late Aircraft Arrival,77
DEL-005915,FL-025662,Maintenance,180
DEL-005916,FL-025667,Air Traffic Control,17
DEL-005917,FL-025672,Air Traffic Control,43
DEL-005918,FL-025674,Late Aircraft Arrival,92
DEL-005919,FL-025677,Weather,73
DEL-005920,FL-025690,Late Aircraft Arrival,24
DEL-005921,FL-025691,Air Traffic Control,26
DEL-005922,FL-025693,Late Aircraft Arrival,35
DEL-005923,FL-025696,Weather,209
DEL-005924,FL-025702,Late Aircraft Arrival,163
DEL-005925,FL-025703,Security,36
DEL-005926,FL-025706,Weather,28
DEL-005927,FL-025709,Weather,29
DEL-005928,FL-025711,Security,27
DEL-005929,FL-025713,Maintenance,28
DEL-005930,FL-025714,Air Traffic Control,21
DEL-005931,FL-025716,Air Traffic Control,89
DEL-005932,FL-025717,Weather,135
DEL-005933,FL-025719,Air Traffic Control,17
DEL-005934,FL-025721,Weather,32
DEL-005935,FL-025725,Maintenance,126
DEL-005936,FL-025730,Maintenance,30
DEL-005937,FL-025736,Air Traffic Control,32
DEL-005938,FL-025738,Air Traffic Control,147
DEL-005939,FL-025745,Maintenance,41
DEL-005940,FL-025746,Air Traffic Control,66
DEL-005941,FL-025749,Maintenance,18
DEL-005942,FL-025752,Air Traffic Control,105
DEL-005943,FL-025754,Maintenance,112
DEL-005944,FL-025758,Air Traffic Control,145
DEL-005945,FL-025761,Air Traffic Control,19
DEL-005946,FL-025767,Security,17
DEL-005947,FL-025771,Weather,91
DEL-005948,FL-025775,Weather,70
DEL-005949,FL-025782,Weather,45
DEL-005950,FL-025792,Air Traffic Control,15
DEL-005951,FL-025796,Late Aircraft Arrival,110
DEL-005952,FL-025800,Air Traffic Control,16
DEL-005953,FL-025802,Weather,86
DEL-005954,FL-025809,Maintenance,30
DEL-005955,FL-025811,Weather,26
DEL-005956,FL-025813,Air Traffic Control,86
DEL-005957,FL-025830,Late Aircraft Arrival,164
DEL-005958,FL-025836,Late Aircraft Arrival,37
DEL-005959,FL-025841,Air Traffic Control,101
DEL-005960,FL-025842,Air Traffic Control,18
DEL-005961,FL-025844,Maintenance,26
DEL-005962,FL-025847,Weather,38
DEL-005963,FL-025849,Late Aircraft Arrival,37
DEL-005964,FL-025850,Weather,173
DEL-005965,FL-025852,Maintenance,31
DEL-005966,FL-025859,Late Aircraft Arrival,18
DEL-005967,FL-025863,Weather,17
DEL-005968,FL-025879,Security,15
DEL-005969,FL-025884,Maintenance,19
DEL-005970,FL-025888,Air Traffic Control,106
DEL-005971,FL-025891,Air Traffic Control,73
DEL-005972,FL-025895,Maintenance,39
DEL-005973,FL-025896,Late Aircraft Arrival,69
DEL-005974,FL-025898,Maintenance,26
DEL-005975,FL-025899,Maintenance,39
DEL-005976,FL-025909,Late Aircraft Arrival,193
DEL-005977,FL-025913,Late Aircraft Arrival,64
DEL-005978,FL-025917,Air Traffic Control,59
DEL-005979,FL-025923,Maintenance,45
DEL-005980,FL-025933,Late Aircraft Arrival,40
DEL-005981,FL-025934,Maintenance,121
DEL-005982,FL-025937,Security,145
DEL-005983,FL-025946,Maintenance,44
DEL-005984,FL-025947,Security,55
DEL-005985,FL-025950,Maintenance,38
DEL-005986,FL-025953,Weather,26
DEL-005987,FL-025959,Weather,49
DEL-005988,FL-025960,Weather,105
DEL-005989,FL-025962,Air Traffic Control,85
DEL-005990,FL-025963,Weather,36
DEL-005991,FL-025966,Maintenance,142
DEL-005992,FL-025969,Weather,31
DEL-005993,FL-025974,Air Traffic Control,16
DEL-005994,FL-025977,Maintenance,47
DEL-005995,FL-025981,Weather,60
DEL-005996,FL-025985,Weather,25
DEL-005997,FL-025987,Air Traffic Control,42
DEL-005998,FL-025992,Late Aircraft Arrival,78
DEL-005999,FL-025995,Air Traffic Control,16
DEL-006000,FL-025997,Late Aircraft Arrival,28
DEL-006001,FL-026000,Weather,21
DEL-006002,FL-026009,Maintenance,64
DEL-006003,FL-026013,Weather,37
DEL-006004,FL-026021,Weather,127
DEL-006005,FL-026029,Maintenance,21
DEL-006006,FL-026030,Weather,36
DEL-006007,FL-026033,Air Traffic Control,37
DEL-006008,FL-026040,Air Traffic Control,77
DEL-006009,FL-026042,Weather,20
DEL-006010,FL-026046,Air Traffic Control,38
DEL-006011,FL-026047,Late Aircraft Arrival,32
DEL-006012,FL-026055,Late Aircraft Arrival,56
DEL-006013,FL-026056,Late Aircraft Arrival,45
DEL-006014,FL-026058,Late Aircraft Arrival,78
DEL-006015,FL-026063,Security,24
DEL-006016,FL-026065,Air Traffic Control,20
DEL-006017,FL-026067,Maintenance,24
DEL-006018,FL-026071,Air Traffic Control,215
DEL-006019,FL-026079,Maintenance,49
DEL-006020,FL-026090,Air Traffic Control,203
DEL-006021,FL-026097,Security,41
DEL-006022,FL-026100,Late Aircraft Arrival,62
DEL-006023,FL-026102,Air Traffic Control,127
DEL-006024,FL-026104,Air Traffic Control,21
DEL-006025,FL-026106,Air Traffic Control,102
DEL-006026,FL-026113,Air Traffic Control,29
DEL-006027,FL-026114,Maintenance,22
DEL-006028,FL-026122,Weather,71
DEL-006029,FL-026124,Weather,85
DEL-006030,FL-026133,Maintenance,30
DEL-006031,FL-026134,Weather,29
DEL-006032,FL-026136,Security,33
DEL-006033,FL-026137,Maintenance,24
DEL-006034,FL-026143,Late Aircraft Arrival,22
DEL-006035,FL-026144,Maintenance,29
DEL-006036,FL-026150,Late Aircraft Arrival,88
DEL-006037,FL-026155,Air Traffic Control,40
DEL-006038,FL-026162,Weather,37
DEL-006039,FL-026164,Late Aircraft Arrival,32
DEL-006040,FL-026178,Weather,59
DEL-006041,FL-026185,Security,26
DEL-006042,FL-026186,Air Traffic Control,271
DEL-006043,FL-026201,Late Aircraft Arrival,126
DEL-006044,FL-026208,Late Aircraft Arrival,44
DEL-006045,FL-026212,Security,84
DEL-006046,FL-026216,Late Aircraft Arrival,63
DEL-006047,FL-026217,Air Traffic Control,45
DEL-006048,FL-026233,Maintenance,73
DEL-006049,FL-026240,Air Traffic Control,15
DEL-006050,FL-026250,Late Aircraft Arrival,24
DEL-006051,FL-026252,Maintenance,16
DEL-006052,FL-026257,Weather,121
DEL-006053,FL-026258,Security,19
DEL-006054,FL-026261,Air Traffic Control,50
DEL-006055,FL-026262,Weather,282
DEL-006056,FL-026271,Maintenance,106
DEL-006057,FL-026276,Late Aircraft Arrival,15
DEL-006058,FL-026286,Weather,83
DEL-006059,FL-026288,Late Aircraft Arrival,35
DEL-006060,FL-026291,Weather,19
DEL-006061,FL-026294,Security,78
DEL-006062,FL-026297,Maintenance,78
DEL-006063,FL-026301,Maintenance,25
DEL-006064,FL-026304,Late Aircraft Arrival,80
DEL-006065,FL-026309,Maintenance,60
DEL-006066,FL-026314,Weather,119
DEL-006067,FL-026316,Air Traffic Control,135
DEL-006068,FL-026319,Late Aircraft Arrival,66
DEL-006069,FL-026324,Maintenance,35
DEL-006070,FL-026325,Air Traffic Control,20
DEL-006071,FL-026326,Weather,33
DEL-006072,FL-026331,Late Aircraft Arrival,24
DEL-006073,FL-026333,Weather,19
DEL-006074,FL-026336,Late Aircraft Arrival,17
DEL-006075,FL-026341,Late Aircraft Arrival,114
DEL-006076,FL-026344,Maintenance,78
DEL-006077,FL-026352,Weather,38
DEL-006078,FL-026355,Air Traffic Control,103
DEL-006079,FL-026360,Air Traffic Control,81
DEL-006080,FL-026362,Maintenance,39
DEL-006081,FL-026364,Air Traffic Control,19
DEL-006082,FL-026366,Late Aircraft Arrival,23
DEL-006083,FL-026372,Late Aircraft Arrival,44
DEL-006084,FL-026374,Air Traffic Control,66
DEL-006085,FL-026375,Maintenance,21
DEL-006086,FL-026377,Weather,39
DEL-006087,FL-026383,Maintenance,113
DEL-006088,FL-026397,Late Aircraft Arrival,85
DEL-006089,FL-026398,Late Aircraft Arrival,165
DEL-006090,FL-026401,Air Traffic Control,138
DEL-006091,FL-026406,Late Aircraft Arrival,117
DEL-006092,FL-026410,Weather,17
DEL-006093,FL-026412,Maintenance,34
DEL-006094,FL-026421,Maintenance,102
DEL-006095,FL-026425,Late Aircraft Arrival,144
DEL-006096,FL-026430,Air Traffic Control,45
DEL-006097,FL-026437,Weather,25
DEL-006098,FL-026439,Weather,35
DEL-006099,FL-026442,Weather,59
DEL-006100,FL-026449,Late Aircraft Arrival,26
DEL-006101,FL-026453,Weather,71
DEL-006102,FL-026454,Air Traffic Control,59
DEL-006103,FL-026459,Air Traffic Control,71
DEL-006104,FL-026462,Air Traffic Control,63
DEL-006105,FL-026469,Maintenance,26
DEL-006106,FL-026472,Weather,57
DEL-006107,FL-026478,Maintenance,15
DEL-006108,FL-026482,Air Traffic Control,102
DEL-006109,FL-026493,Security,29
DEL-006110,FL-026494,Air Traffic Control,20
DEL-006111,FL-026496,Air Traffic Control,41
DEL-006112,FL-026499,Maintenance,83
DEL-006113,FL-026504,Maintenance,69
DEL-006114,FL-026507,Air Traffic Control,48
DEL-006115,FL-026509,Air Traffic Control,104
DEL-006116,FL-026513,Air Traffic Control,21
DEL-006117,FL-026515,Maintenance,61
DEL-006118,FL-026516,Weather,27
DEL-006119,FL-026521,Air Traffic Control,107
DEL-006120,FL-026525,Air Traffic Control,49
DEL-006121,FL-026534,Maintenance,60
DEL-006122,FL-026538,Air Traffic Control,106
DEL-006123,FL-026539,Weather,22
DEL-006124,FL-026540,Maintenance,172
DEL-006125,FL-026541,Maintenance,25
DEL-006126,FL-026542,Air Traffic Control,22
DEL-006127,FL-026543,Air Traffic Control,205
DEL-006128,FL-026548,Weather,23
DEL-006129,FL-026562,Late Aircraft Arrival,15
DEL-006130,FL-026563,Maintenance,16
DEL-006131,FL-026567,Maintenance,51
DEL-006132,FL-026569,Air Traffic Control,20
DEL-006133,FL-026577,Air Traffic Control,104
DEL-006134,FL-026578,Weather,58
DEL-006135,FL-026585,Maintenance,52
DEL-006136,FL-026586,Late Aircraft Arrival,32
DEL-006137,FL-026587,Weather,102
DEL-006138,FL-026589,Maintenance,47
DEL-006139,FL-026595,Maintenance,23
DEL-006140,FL-026596,Maintenance,34
DEL-006141,FL-026599,Air Traffic Control,80
DEL-006142,FL-026600,Maintenance,112
DEL-006143,FL-026601,Maintenance,17
DEL-006144,FL-026602,Late Aircraft Arrival,73
DEL-006145,FL-026603,Air Traffic Control,100
DEL-006146,FL-026611,Maintenance,32
DEL-006147,FL-026615,Security,28
DEL-006148,FL-026618,Air Traffic Control,43
DEL-006149,FL-026620,Late Aircraft Arrival,16
DEL-006150,FL-026624,Weather,46
DEL-006151,FL-026632,Weather,33
DEL-006152,FL-026636,Security,17
DEL-006153,FL-026644,Weather,20
DEL-006154,FL-026645,Air Traffic Control,36
DEL-006155,FL-026650,Maintenance,15
DEL-006156,FL-026651,Air Traffic Control,94
DEL-006157,FL-026654,Late Aircraft Arrival,100
DEL-006158,FL-026665,Maintenance,70
DEL-006159,FL-026673,Maintenance,89
DEL-006160,FL-026681,Maintenance,161
DEL-006161,FL-026684,Maintenance,30
DEL-006162,FL-026689,Maintenance,40
DEL-006163,FL-026693,Maintenance,32
DEL-006164,FL-026711,Air Traffic Control,16
DEL-006165,FL-026712,Security,36
DEL-006166,FL-026714,Maintenance,71
DEL-006167,FL-026730,Weather,19
DEL-006168,FL-026734,Air Traffic Control,42
DEL-006169,FL-026736,Weather,54
DEL-006170,FL-026741,Late Aircraft Arrival,69
DEL-006171,FL-026746,Air Traffic Control,56
DEL-006172,FL-026755,Weather,80
DEL-006173,FL-026759,Security,59
DEL-006174,FL-026761,Air Traffic Control,19
DEL-006175,FL-026770,Maintenance,16
DEL-006176,FL-026773,Air Traffic Control,17
DEL-006177,FL-026774,Weather,87
DEL-006178,FL-026780,Air Traffic Control,114
DEL-006179,FL-026782,Weather,28
DEL-006180,FL-026783,Late Aircraft Arrival,46
DEL-006181,FL-026787,Late Aircraft Arrival,49
DEL-006182,FL-026796,Weather,57
DEL-006183,FL-026804,Air Traffic Control,17
DEL-006184,FL-026807,Maintenance,35
DEL-006185,FL-026812,Weather,30
DEL-006186,FL-026813,Security,45
DEL-006187,FL-026832,Late Aircraft Arrival,60
DEL-006188,FL-026838,Air Traffic Control,124
DEL-006189,FL-026840,Maintenance,58
DEL-006190,FL-026843,Maintenance,30
DEL-006191,FL-026844,Air Traffic Control,55
DEL-006192,FL-026850,Late Aircraft Arrival,116
DEL-006193,FL-026852,Weather,29
DEL-006194,FL-026855,Weather,49
DEL-006195,FL-026870,Late Aircraft Arrival,84
DEL-006196,FL-026873,Air Traffic Control,43
DEL-006197,FL-026876,Late Aircraft Arrival,16
DEL-006198,FL-026877,Weather,15
DEL-006199,FL-026879,Air Traffic Control,91
DEL-006200,FL-026884,Weather,28
DEL-006201,FL-026891,Maintenance,38
DEL-006202,FL-026899,Weather,78
DEL-006203,FL-026901,Weather,133
DEL-006204,FL-026903,Weather,23
DEL-006205,FL-026904,Late Aircraft Arrival,45
DEL-006206,FL-026907,Air Traffic Control,87
DEL-006207,FL-026909,Late Aircraft Arrival,39
DEL-006208,FL-026910,Air Traffic Control,27
DEL-006209,FL-026915,Maintenance,87
DEL-006210,FL-026916,Late Aircraft Arrival,143
DEL-006211,FL-026926,Weather,23
DEL-006212,FL-026928,Air Traffic Control,34
DEL-006213,FL-026932,Security,48
DEL-006214,FL-026933,Late Aircraft Arrival,118
DEL-006215,FL-026935,Weather,84
DEL-006216,FL-026939,Weather,32
DEL-006217,FL-026945,Air Traffic Control,34
DEL-006218,FL-026948,Security,106
DEL-006219,FL-026956,Maintenance,172
DEL-006220,FL-026957,Weather,44
DEL-006221,FL-026962,Weather,63
DEL-006222,FL-026967,Maintenance,118
DEL-006223,FL-026973,Weather,30
DEL-006224,FL-026975,Weather,160
DEL-006225,FL-026980,Weather,209
DEL-006226,FL-026982,Air Traffic Control,17
DEL-006227,FL-026990,Air Traffic Control,22
DEL-006228,FL-026991,Maintenance,44
DEL-006229,FL-026993,Air Traffic Control,122
DEL-006230,FL-027001,Weather,49
DEL-006231,FL-027004,Air Traffic Control,89
DEL-006232,FL-027008,Air Traffic Control,50
DEL-006233,FL-027011,Maintenance,49
DEL-006234,FL-027016,Late Aircraft Arrival,47
DEL-006235,FL-027022,Maintenance,63
DEL-006236,FL-027034,Air Traffic Control,134
DEL-006237,FL-027041,Weather,44
DEL-006238,FL-027044,Late Aircraft Arrival,21
DEL-006239,FL-027048,Weather,209
DEL-006240,FL-027050,Maintenance,170
DEL-006241,FL-027051,Maintenance,39
DEL-006242,FL-027055,Late Aircraft Arrival,28
DEL-006243,FL-027062,Air Traffic Control,37
DEL-006244,FL-027063,Weather,32
DEL-006245,FL-027070,Maintenance,212
DEL-006246,FL-027073,Maintenance,74
DEL-006247,FL-027074,Late Aircraft Arrival,120
DEL-006248,FL-027082,Maintenance,21
DEL-006249,FL-027084,Maintenance,57
DEL-006250,FL-027088,Weather,126
DEL-006251,FL-027089,Late Aircraft Arrival,23
DEL-006252,FL-027091,Air Traffic Control,32
DEL-006253,FL-027094,Air Traffic Control,135
DEL-006254,FL-027104,Late Aircraft Arrival,80
DEL-006255,FL-027112,Weather,44
DEL-006256,FL-027115,Late Aircraft Arrival,62
DEL-006257,FL-027117,Late Aircraft Arrival,38
DEL-006258,FL-027120,Weather,120
DEL-006259,FL-027125,Security,47
DEL-006260,FL-027127,Weather,34
DEL-006261,FL-027131,Air Traffic Control,56
DEL-006262,FL-027134,Late Aircraft Arrival,26
DEL-006263,FL-027137,Security,66
DEL-006264,FL-027139,Late Aircraft Arrival,41
DEL-006265,FL-027144,Late Aircraft Arrival,23
DEL-006266,FL-027149,Late Aircraft Arrival,23
DEL-006267,FL-027150,Late Aircraft Arrival,122
DEL-006268,FL-027151,Weather,82
DEL-006269,FL-027157,Weather,115
DEL-006270,FL-027158,Weather,29
DEL-006271,FL-027160,Weather,26
DEL-006272,FL-027166,Late Aircraft Arrival,112
DEL-006273,FL-027180,Late Aircraft Arrival,97
DEL-006274,FL-027181,Air Traffic Control,66
DEL-006275,FL-027185,Maintenance,34
DEL-006276,FL-027188,Air Traffic Control,35
DEL-006277,FL-027191,Weather,18
DEL-006278,FL-027192,Weather,17
DEL-006279,FL-027194,Late Aircraft Arrival,19
DEL-006280,FL-027198,Maintenance,55
DEL-006281,FL-027203,Air Traffic Control,31
DEL-006282,FL-027205,Air Traffic Control,19
DEL-006283,FL-027213,Weather,39
DEL-006284,FL-027214,Maintenance,38
DEL-006285,FL-027218,Air Traffic Control,53
DEL-006286,FL-027220,Late Aircraft Arrival,33
DEL-006287,FL-027221,Air Traffic Control,53
DEL-006288,FL-027226,Weather,20
DEL-006289,FL-027228,Air Traffic Control,99
DEL-006290,FL-027234,Air Traffic Control,59
DEL-006291,FL-027236,Maintenance,21
DEL-006292,FL-027237,Maintenance,33
DEL-006293,FL-027239,Weather,16
DEL-006294,FL-027244,Air Traffic Control,36
DEL-006295,FL-027247,Late Aircraft Arrival,20
DEL-006296,FL-027255,Weather,31
DEL-006297,FL-027256,Weather,65
DEL-006298,FL-027258,Air Traffic Control,17
DEL-006299,FL-027272,Maintenance,146
DEL-006300,FL-027277,Air Traffic Control,25
DEL-006301,FL-027283,Air Traffic Control,54
DEL-006302,FL-027289,Weather,94
DEL-006303,FL-027298,Late Aircraft Arrival,150
DEL-006304,FL-027299,Weather,153
DEL-006305,FL-027305,Weather,20
DEL-006306,FL-027307,Weather,97
DEL-006307,FL-027311,Late Aircraft Arrival,162
DEL-006308,FL-027313,Air Traffic Control,45
DEL-006309,FL-027314,Air Traffic Control,97
DEL-006310,FL-027316,Air Traffic Control,46
DEL-006311,FL-027322,Maintenance,18
DEL-006312,FL-027323,Air Traffic Control,54
DEL-006313,FL-027327,Air Traffic Control,59
DEL-006314,FL-027328,Air Traffic Control,222
DEL-006315,FL-027332,Air Traffic Control,88
DEL-006316,FL-027333,Maintenance,24
DEL-006317,FL-027339,Late Aircraft Arrival,16
DEL-006318,FL-027350,Air Traffic Control,26
DEL-006319,FL-027351,Air Traffic Control,72
DEL-006320,FL-027354,Weather,17
DEL-006321,FL-027359,Air Traffic Control,78
DEL-006322,FL-027362,Late Aircraft Arrival,106
DEL-006323,FL-027370,Weather,52
DEL-006324,FL-027389,Air Traffic Control,17
DEL-006325,FL-027396,Weather,16
DEL-006326,FL-027400,Maintenance,33
DEL-006327,FL-027410,Air Traffic Control,47
DEL-006328,FL-027416,Security,79
DEL-006329,FL-027426,Maintenance,91
DEL-006330,FL-027433,Maintenance,58
DEL-006331,FL-027444,Weather,45
DEL-006332,FL-027445,Maintenance,98
DEL-006333,FL-027457,Weather,17
DEL-006334,FL-027478,Weather,103
DEL-006335,FL-027483,Weather,16
DEL-006336,FL-027488,Maintenance,40
DEL-006337,FL-027492,Maintenance,87
DEL-006338,FL-027495,Air Traffic Control,60
DEL-006339,FL-027498,Weather,26
DEL-006340,FL-027501,Maintenance,31
DEL-006341,FL-027503,Late Aircraft Arrival,15
DEL-006342,FL-027516,Air Traffic Control,16
DEL-006343,FL-027520,Weather,29
DEL-006344,FL-027521,Late Aircraft Arrival,99
DEL-006345,FL-027523,Late Aircraft Arrival,25
DEL-006346,FL-027525,Weather,24
DEL-006347,FL-027528,Air Traffic Control,129
DEL-006348,FL-027531,Air Traffic Control,27
DEL-006349,FL-027534,Air Traffic Control,63
DEL-006350,FL-027539,Maintenance,140
DEL-006351,FL-027540,Air Traffic Control,40
DEL-006352,FL-027544,Weather,201
DEL-006353,FL-027546,Air Traffic Control,43
DEL-006354,FL-027549,Maintenance,55
DEL-006355,FL-027556,Maintenance,43
DEL-006356,FL-027557,Late Aircraft Arrival,131
DEL-006357,FL-027561,Security,25
DEL-006358,FL-027566,Security,96
DEL-006359,FL-027570,Maintenance,45
DEL-006360,FL-027572,Air Traffic Control,56
DEL-006361,FL-027575,Maintenance,34
DEL-006362,FL-027577,Weather,54
DEL-006363,FL-027579,Air Traffic Control,55
DEL-006364,FL-027588,Late Aircraft Arrival,39
DEL-006365,FL-027589,Maintenance,33
DEL-006366,FL-027598,Security,20
DEL-006367,FL-027599,Maintenance,40
DEL-006368,FL-027607,Weather,22
DEL-006369,FL-027610,Maintenance,83
DEL-006370,FL-027612,Air Traffic Control,84
DEL-006371,FL-027615,Air Traffic Control,29
DEL-006372,FL-027616,Late Aircraft Arrival,52
DEL-006373,FL-027618,Weather,18
DEL-006374,FL-027619,Weather,130
DEL-006375,FL-027623,Security,28
DEL-006376,FL-027625,Late Aircraft Arrival,64
DEL-006377,FL-027626,Weather,39
DEL-006378,FL-027636,Weather,41
DEL-006379,FL-027641,Weather,23
DEL-006380,FL-027643,Weather,35
DEL-006381,FL-027646,Security,87
DEL-006382,FL-027653,Weather,45
DEL-006383,FL-027660,Weather,100
DEL-006384,FL-027664,Weather,20
DEL-006385,FL-027666,Air Traffic Control,29
DEL-006386,FL-027667,Late Aircraft Arrival,22
DEL-006387,FL-027668,Late Aircraft Arrival,76
DEL-006388,FL-027669,Late Aircraft Arrival,23
DEL-006389,FL-027673,Weather,55
DEL-006390,FL-027679,Air Traffic Control,18
DEL-006391,FL-027682,Weather,53
DEL-006392,FL-027684,Air Traffic Control,19
DEL-006393,FL-027692,Air Traffic Control,50
DEL-006394,FL-027695,Air Traffic Control,22
DEL-006395,FL-027696,Weather,40
DEL-006396,FL-027698,Weather,40
DEL-006397,FL-027706,Weather,26
DEL-006398,FL-027707,Late Aircraft Arrival,15
DEL-006399,FL-027717,Maintenance,41
DEL-006400,FL-027723,Air Traffic Control,36
DEL-006401,FL-027728,Air Traffic Control,69
DEL-006402,FL-027730,Air Traffic Control,75
DEL-006403,FL-027731,Air Traffic Control,24
DEL-006404,FL-027735,Weather,25
DEL-006405,FL-027739,Air Traffic Control,23
DEL-006406,FL-027759,Late Aircraft Arrival,42
DEL-006407,FL-027761,Late Aircraft Arrival,253
DEL-006408,FL-027762,Air Traffic Control,65
DEL-006409,FL-027769,Maintenance,33
DEL-006410,FL-027775,Maintenance,47
DEL-006411,FL-027777,Security,28
DEL-006412,FL-027779,Air Traffic Control,190
DEL-006413,FL-027782,Weather,109
DEL-006414,FL-027786,Maintenance,96
DEL-006415,FL-027788,Security,67
DEL-006416,FL-027798,Weather,37
DEL-006417,FL-027800,Air Traffic Control,67
DEL-006418,FL-027804,Late Aircraft Arrival,36
DEL-006419,FL-027806,Air Traffic Control,20
DEL-006420,FL-027809,Maintenance,23
DEL-006421,FL-027824,Air Traffic Control,76
DEL-006422,FL-027827,Air Traffic Control,67
DEL-006423,FL-027828,Weather,24
DEL-006424,FL-027833,Weather,55
DEL-006425,FL-027835,Weather,79
DEL-006426,FL-027836,Late Aircraft Arrival,15
DEL-006427,FL-027839,Weather,35
DEL-006428,FL-027842,Late Aircraft Arrival,85
DEL-006429,FL-027848,Air Traffic Control,100
DEL-006430,FL-027854,Late Aircraft Arrival,130
DEL-006431,FL-027855,Late Aircraft Arrival,120
DEL-006432,FL-027857,Air Traffic Control,36
DEL-006433,FL-027863,Late Aircraft Arrival,26
DEL-006434,FL-027867,Maintenance,36
DEL-006435,FL-027872,Air Traffic Control,18
DEL-006436,FL-027882,Maintenance,51
DEL-006437,FL-027883,Maintenance,32
DEL-006438,FL-027890,Weather,36
DEL-006439,FL-027891,Weather,93
DEL-006440,FL-027894,Air Traffic Control,27
DEL-006441,FL-027911,Air Traffic Control,16
DEL-006442,FL-027916,Air Traffic Control,17
DEL-006443,FL-027917,Weather,16
DEL-006444,FL-027920,Maintenance,39
DEL-006445,FL-027921,Weather,18
DEL-006446,FL-027927,Air Traffic Control,70
DEL-006447,FL-027933,Air Traffic Control,18
DEL-006448,FL-027943,Late Aircraft Arrival,186
DEL-006449,FL-027946,Maintenance,98
DEL-006450,FL-027950,Air Traffic Control,54
DEL-006451,FL-027956,Late Aircraft Arrival,56
DEL-006452,FL-027957,Maintenance,23
DEL-006453,FL-027959,Weather,61
DEL-006454,FL-027962,Air Traffic Control,64
DEL-006455,FL-027970,Air Traffic Control,61
DEL-006456,FL-027972,Late Aircraft Arrival,31
DEL-006457,FL-027976,Air Traffic Control,31
DEL-006458,FL-027978,Air Traffic Control,24
DEL-006459,FL-027981,Weather,20
DEL-006460,FL-027990,Late Aircraft Arrival,34
DEL-006461,FL-027991,Maintenance,87
DEL-006462,FL-027996,Late Aircraft Arrival,51
DEL-006463,FL-028003,Air Traffic Control,74
DEL-006464,FL-028008,Maintenance,67
DEL-006465,FL-028009,Maintenance,92
DEL-006466,FL-028022,Air Traffic Control,55
DEL-006467,FL-028026,Late Aircraft Arrival,41
DEL-006468,FL-028027,Weather,39
DEL-006469,FL-028032,Late Aircraft Arrival,28
DEL-006470,FL-028033,Air Traffic Control,37
DEL-006471,FL-028034,Air Traffic Control,29
DEL-006472,FL-028036,Weather,43
DEL-006473,FL-028046,Maintenance,15
DEL-006474,FL-028048,Maintenance,88
DEL-006475,FL-028051,Weather,15
DEL-006476,FL-028054,Maintenance,91
DEL-006477,FL-028060,Maintenance,232
DEL-006478,FL-028062,Weather,25
DEL-006479,FL-028066,Maintenance,40
DEL-006480,FL-028073,Maintenance,82
DEL-006481,FL-028077,Air Traffic Control,33
DEL-006482,FL-028082,Maintenance,178
DEL-006483,FL-028084,Air Traffic Control,65
DEL-006484,FL-028085,Weather,123
DEL-006485,FL-028087,Air Traffic Control,45
DEL-006486,FL-028099,Air Traffic Control,32
DEL-006487,FL-028104,Maintenance,44
DEL-006488,FL-028108,Weather,22
DEL-006489,FL-028113,Weather,95
DEL-006490,FL-028120,Late Aircraft Arrival,32
DEL-006491,FL-028126,Maintenance,28
DEL-006492,FL-028130,Air Traffic Control,83
DEL-006493,FL-028143,Maintenance,16
DEL-006494,FL-028144,Air Traffic Control,20
DEL-006495,FL-028148,Air Traffic Control,46
DEL-006496,FL-028149,Maintenance,19
DEL-006497,FL-028150,Air Traffic Control,56
DEL-006498,FL-028154,Late Aircraft Arrival,50
DEL-006499,FL-028158,Late Aircraft Arrival,42
DEL-006500,FL-028173,Maintenance,53
DEL-006501,FL-028174,Air Traffic Control,23
DEL-006502,FL-028175,Air Traffic Control,81
DEL-006503,FL-028196,Late Aircraft Arrival,59
DEL-006504,FL-028202,Late Aircraft Arrival,59
DEL-006505,FL-028208,Weather,70
DEL-006506,FL-028210,Weather,111
DEL-006507,FL-028212,Late Aircraft Arrival,44
DEL-006508,FL-028222,Air Traffic Control,50
DEL-006509,FL-028227,Weather,45
DEL-006510,FL-028228,Weather,132
DEL-006511,FL-028230,Air Traffic Control,59
DEL-006512,FL-028233,Security,160
DEL-006513,FL-028235,Maintenance,20
DEL-006514,FL-028255,Maintenance,23
DEL-006515,FL-028257,Maintenance,47
DEL-006516,FL-028277,Air Traffic Control,128
DEL-006517,FL-028279,Maintenance,17
DEL-006518,FL-028284,Maintenance,73
DEL-006519,FL-028285,Weather,79
DEL-006520,FL-028295,Maintenance,96
DEL-006521,FL-028315,Air Traffic Control,31
DEL-006522,FL-028319,Air Traffic Control,17
DEL-006523,FL-028320,Late Aircraft Arrival,44
DEL-006524,FL-028328,Air Traffic Control,24
DEL-006525,FL-028332,Weather,27
DEL-006526,FL-028340,Air Traffic Control,24
DEL-006527,FL-028346,Air Traffic Control,137
DEL-006528,FL-028353,Weather,43
DEL-006529,FL-028355,Maintenance,20
DEL-006530,FL-028356,Security,121
DEL-006531,FL-028357,Maintenance,154
DEL-006532,FL-028358,Maintenance,62
DEL-006533,FL-028364,Air Traffic Control,45
DEL-006534,FL-028370,Air Traffic Control,48
DEL-006535,FL-028373,Maintenance,37
DEL-006536,FL-028375,Weather,26
DEL-006537,FL-028376,Maintenance,43
DEL-006538,FL-028382,Air Traffic Control,17
DEL-006539,FL-028389,Late Aircraft Arrival,25
DEL-006540,FL-028392,Air Traffic Control,36
DEL-006541,FL-028394,Air Traffic Control,36
DEL-006542,FL-028399,Weather,175
DEL-006543,FL-028409,Air Traffic Control,31
DEL-006544,FL-028415,Weather,39
DEL-006545,FL-028417,Weather,69
DEL-006546,FL-028425,Weather,38
DEL-006547,FL-028426,Maintenance,16
DEL-006548,FL-028429,Weather,29
DEL-006549,FL-028430,Late Aircraft Arrival,50
DEL-006550,FL-028431,Air Traffic Control,17
DEL-006551,FL-028433,Air Traffic Control,15
DEL-006552,FL-028434,Maintenance,35
DEL-006553,FL-028469,Late Aircraft Arrival,18
DEL-006554,FL-028471,Maintenance,51
DEL-006555,FL-028473,Maintenance,56
DEL-006556,FL-028475,Weather,29
DEL-006557,FL-028481,Air Traffic Control,43
DEL-006558,FL-028486,Maintenance,60
DEL-006559,FL-028488,Maintenance,59
DEL-006560,FL-028496,Air Traffic Control,51
DEL-006561,FL-028497,Air Traffic Control,16
DEL-006562,FL-028500,Maintenance,98
DEL-006563,FL-028508,Maintenance,64
DEL-006564,FL-028510,Weather,24
DEL-006565,FL-028512,Weather,70
DEL-006566,FL-028515,Late Aircraft Arrival,36
DEL-006567,FL-028517,Late Aircraft Arrival,27
DEL-006568,FL-028518,Weather,113
DEL-006569,FL-028520,Weather,34
DEL-006570,FL-028521,Air Traffic Control,27
DEL-006571,FL-028523,Maintenance,74
DEL-006572,FL-028525,Late Aircraft Arrival,91
DEL-006573,FL-028542,Weather,96
DEL-006574,FL-028544,Weather,59
DEL-006575,FL-028547,Maintenance,110
DEL-006576,FL-028548,Security,19
DEL-006577,FL-028549,Air Traffic Control,285
DEL-006578,FL-028553,Air Traffic Control,37
DEL-006579,FL-028554,Air Traffic Control,139
DEL-006580,FL-028557,Maintenance,16
DEL-006581,FL-028558,Late Aircraft Arrival,68
DEL-006582,FL-028562,Security,34
DEL-006583,FL-028564,Weather,151
DEL-006584,FL-028571,Air Traffic Control,16
DEL-006585,FL-028572,Maintenance,52
DEL-006586,FL-028573,Maintenance,57
DEL-006587,FL-028574,Air Traffic Control,19
DEL-006588,FL-028587,Weather,107
DEL-006589,FL-028591,Air Traffic Control,23
DEL-006590,FL-028592,Maintenance,19
DEL-006591,FL-028613,Late Aircraft Arrival,125
DEL-006592,FL-028614,Late Aircraft Arrival,55
DEL-006593,FL-028629,Security,57
DEL-006594,FL-028630,Weather,149
DEL-006595,FL-028633,Air Traffic Control,24
DEL-006596,FL-028636,Maintenance,26
DEL-006597,FL-028641,Air Traffic Control,35
DEL-006598,FL-028645,Maintenance,110
DEL-006599,FL-028652,Maintenance,40
DEL-006600,FL-028653,Weather,23
DEL-006601,FL-028656,Security,20
DEL-006602,FL-028670,Air Traffic Control,68
DEL-006603,FL-028673,Air Traffic Control,134
DEL-006604,FL-028678,Late Aircraft Arrival,18
DEL-006605,FL-028680,Late Aircraft Arrival,40
DEL-006606,FL-028682,Weather,110
DEL-006607,FL-028684,Maintenance,41
DEL-006608,FL-028692,Air Traffic Control,21
DEL-006609,FL-028694,Weather,154
DEL-006610,FL-028696,Weather,68
DEL-006611,FL-028697,Late Aircraft Arrival,190
DEL-006612,FL-028698,Air Traffic Control,87
DEL-006613,FL-028699,Air Traffic Control,58
DEL-006614,FL-028701,Weather,56
DEL-006615,FL-028706,Late Aircraft Arrival,35
DEL-006616,FL-028713,Late Aircraft Arrival,79
DEL-006617,FL-028714,Late Aircraft Arrival,24
DEL-006618,FL-028716,Maintenance,36
DEL-006619,FL-028722,Security,50
DEL-006620,FL-028724,Maintenance,18
DEL-006621,FL-028727,Weather,22
DEL-006622,FL-028730,Maintenance,31
DEL-006623,FL-028738,Weather,56
DEL-006624,FL-028741,Late Aircraft Arrival,31
DEL-006625,FL-028743,Air Traffic Control,34
DEL-006626,FL-028754,Air Traffic Control,59
DEL-006627,FL-028759,Air Traffic Control,166
DEL-006628,FL-028762,Late Aircraft Arrival,22
DEL-006629,FL-028763,Air Traffic Control,58
DEL-006630,FL-028774,Late Aircraft Arrival,55
DEL-006631,FL-028781,Air Traffic Control,127
DEL-006632,FL-028786,Air Traffic Control,75
DEL-006633,FL-028790,Weather,21
DEL-006634,FL-028791,Air Traffic Control,124
DEL-006635,FL-028798,Maintenance,29
DEL-006636,FL-028809,Maintenance,77
DEL-006637,FL-028810,Late Aircraft Arrival,154
DEL-006638,FL-028817,Late Aircraft Arrival,38
DEL-006639,FL-028824,Maintenance,30
DEL-006640,FL-028827,Air Traffic Control,82
DEL-006641,FL-028832,Air Traffic Control,156
DEL-006642,FL-028844,Maintenance,31
DEL-006643,FL-028848,Late Aircraft Arrival,31
DEL-006644,FL-028849,Air Traffic Control,90
DEL-006645,FL-028851,Air Traffic Control,118
DEL-006646,FL-028855,Weather,66
DEL-006647,FL-028858,Late Aircraft Arrival,26
DEL-006648,FL-028860,Late Aircraft Arrival,98
DEL-006649,FL-028863,Air Traffic Control,33
DEL-006650,FL-028866,Air Traffic Control,29
DEL-006651,FL-028868,Weather,58
DEL-006652,FL-028878,Maintenance,60
DEL-006653,FL-028880,Weather,66
DEL-006654,FL-028882,Late Aircraft Arrival,32
DEL-006655,FL-028895,Late Aircraft Arrival,15
DEL-006656,FL-028906,Weather,89
DEL-006657,FL-028908,Air Traffic Control,57
DEL-006658,FL-028912,Air Traffic Control,33
DEL-006659,FL-028923,Weather,15
DEL-006660,FL-028927,Late Aircraft Arrival,162
DEL-006661,FL-028931,Weather,50
DEL-006662,FL-028939,Air Traffic Control,77
DEL-006663,FL-028948,Maintenance,89
DEL-006664,FL-028951,Late Aircraft Arrival,23
DEL-006665,FL-028953,Air Traffic Control,101
DEL-006666,FL-028954,Late Aircraft Arrival,34
DEL-006667,FL-028955,Maintenance,33
DEL-006668,FL-028958,Security,31
DEL-006669,FL-028961,Maintenance,35
DEL-006670,FL-028968,Maintenance,217
DEL-006671,FL-028969,Air Traffic Control,254
DEL-006672,FL-028970,Air Traffic Control,81
DEL-006673,FL-028976,Late Aircraft Arrival,76
DEL-006674,FL-028978,Late Aircraft Arrival,65
DEL-006675,FL-028989,Maintenance,18
DEL-006676,FL-028990,Air Traffic Control,90
DEL-006677,FL-028998,Late Aircraft Arrival,126
DEL-006678,FL-029007,Air Traffic Control,242
DEL-006679,FL-029008,Late Aircraft Arrival,27
DEL-006680,FL-029021,Air Traffic Control,54
DEL-006681,FL-029025,Late Aircraft Arrival,48
DEL-006682,FL-029029,Late Aircraft Arrival,20
DEL-006683,FL-029031,Late Aircraft Arrival,43
DEL-006684,FL-029036,Air Traffic Control,37
DEL-006685,FL-029039,Weather,18
DEL-006686,FL-029040,Weather,55
DEL-006687,FL-029060,Air Traffic Control,26
DEL-006688,FL-029072,Weather,53
DEL-006689,FL-029077,Maintenance,43
DEL-006690,FL-029080,Air Traffic Control,38
DEL-006691,FL-029085,Weather,56
DEL-006692,FL-029086,Security,27
DEL-006693,FL-029089,Late Aircraft Arrival,121
DEL-006694,FL-029093,Security,36
DEL-006695,FL-029095,Air Traffic Control,56
DEL-006696,FL-029097,Weather,102
DEL-006697,FL-029099,Maintenance,54
DEL-006698,FL-029101,Maintenance,22
DEL-006699,FL-029102,Late Aircraft Arrival,22
DEL-006700,FL-029103,Security,30
DEL-006701,FL-029104,Air Traffic Control,65
DEL-006702,FL-029105,Maintenance,29
DEL-006703,FL-029107,Late Aircraft Arrival,56
DEL-006704,FL-029109,Air Traffic Control,39
DEL-006705,FL-029115,Air Traffic Control,34
DEL-006706,FL-029116,Air Traffic Control,63
DEL-006707,FL-029123,Late Aircraft Arrival,48
DEL-006708,FL-029135,Maintenance,70
DEL-006709,FL-029138,Security,35
DEL-006710,FL-029140,Security,53
DEL-006711,FL-029143,Weather,53
DEL-006712,FL-029146,Air Traffic Control,63
DEL-006713,FL-029147,Weather,75
DEL-006714,FL-029157,Security,58
DEL-006715,FL-029160,Late Aircraft Arrival,20
DEL-006716,FL-029162,Late Aircraft Arrival,114
DEL-006717,FL-029163,Maintenance,27
DEL-006718,FL-029165,Maintenance,22
DEL-006719,FL-029174,Late Aircraft Arrival,195
DEL-006720,FL-029181,Air Traffic Control,331
DEL-006721,FL-029183,Late Aircraft Arrival,132
DEL-006722,FL-029186,Air Traffic Control,102
DEL-006723,FL-029194,Air Traffic Control,19
DEL-006724,FL-029196,Air Traffic Control,54
DEL-006725,FL-029198,Air Traffic Control,15
DEL-006726,FL-029199,Weather,38
DEL-006727,FL-029203,Maintenance,20
DEL-006728,FL-029204,Air Traffic Control,67
DEL-006729,FL-029210,Late Aircraft Arrival,61
DEL-006730,FL-029215,Air Traffic Control,44
DEL-006731,FL-029219,Maintenance,60
DEL-006732,FL-029223,Air Traffic Control,26
DEL-006733,FL-029235,Security,34
DEL-006734,FL-029239,Maintenance,77
DEL-006735,FL-029240,Security,55
DEL-006736,FL-029249,Weather,130
DEL-006737,FL-029257,Security,64
DEL-006738,FL-029258,Maintenance,29
DEL-006739,FL-029263,Maintenance,24
DEL-006740,FL-029267,Security,30
DEL-006741,FL-029271,Air Traffic Control,49
DEL-006742,FL-029272,Maintenance,29
DEL-006743,FL-029273,Weather,117
DEL-006744,FL-029274,Maintenance,16
DEL-006745,FL-029277,Weather,47
DEL-006746,FL-029280,Security,21
DEL-006747,FL-029284,Weather,107
DEL-006748,FL-029286,Air Traffic Control,27
DEL-006749,FL-029289,Late Aircraft Arrival,41
DEL-006750,FL-029295,Weather,20
DEL-006751,FL-029296,Air Traffic Control,37
DEL-006752,FL-029297,Maintenance,41
DEL-006753,FL-029299,Maintenance,32
DEL-006754,FL-029300,Air Traffic Control,91
DEL-006755,FL-029307,Late Aircraft Arrival,22
DEL-006756,FL-029308,Air Traffic Control,35
DEL-006757,FL-029309,Late Aircraft Arrival,19
DEL-006758,FL-029311,Air Traffic Control,83
DEL-006759,FL-029329,Security,21
DEL-006760,FL-029330,Air Traffic Control,22
DEL-006761,FL-029331,Maintenance,20
DEL-006762,FL-029335,Weather,15
DEL-006763,FL-029340,Late Aircraft Arrival,21
DEL-006764,FL-029343,Weather,96
DEL-006765,FL-029356,Air Traffic Control,48
DEL-006766,FL-029360,Late Aircraft Arrival,54
DEL-006767,FL-029366,Late Aircraft Arrival,23
DEL-006768,FL-029376,Maintenance,25
DEL-006769,FL-029378,Security,90
DEL-006770,FL-029379,Late Aircraft Arrival,28
DEL-006771,FL-029380,Maintenance,51
DEL-006772,FL-029382,Air Traffic Control,23
DEL-006773,FL-029383,Maintenance,24
DEL-006774,FL-029386,Weather,16
DEL-006775,FL-029402,Maintenance,21
DEL-006776,FL-029404,Weather,73
DEL-006777,FL-029406,Maintenance,17
DEL-006778,FL-029408,Air Traffic Control,78
DEL-006779,FL-029415,Late Aircraft Arrival,58
DEL-006780,FL-029419,Security,88
DEL-006781,FL-029427,Late Aircraft Arrival,79
DEL-006782,FL-029434,Maintenance,55
DEL-006783,FL-029442,Air Traffic Control,37
DEL-006784,FL-029449,Air Traffic Control,17
DEL-006785,FL-029453,Late Aircraft Arrival,72
DEL-006786,FL-029458,Weather,38
DEL-006787,FL-029459,Air Traffic Control,41
DEL-006788,FL-029460,Maintenance,28
DEL-006789,FL-029466,Air Traffic Control,21
DEL-006790,FL-029467,Weather,28
DEL-006791,FL-029470,Weather,17
DEL-006792,FL-029472,Maintenance,142
DEL-006793,FL-029473,Late Aircraft Arrival,35
DEL-006794,FL-029475,Air Traffic Control,25
DEL-006795,FL-029478,Weather,83
DEL-006796,FL-029479,Air Traffic Control,81
DEL-006797,FL-029482,Maintenance,44
DEL-006798,FL-029483,Late Aircraft Arrival,142
DEL-006799,FL-029484,Maintenance,65
DEL-006800,FL-029487,Late Aircraft Arrival,16
DEL-006801,FL-029488,Late Aircraft Arrival,81
DEL-006802,FL-029489,Air Traffic Control,23
DEL-006803,FL-029494,Weather,23
DEL-006804,FL-029499,Air Traffic Control,30
DEL-006805,FL-029500,Late Aircraft Arrival,107
DEL-006806,FL-029502,Maintenance,31
DEL-006807,FL-029508,Weather,85
DEL-006808,FL-029509,Security,64
DEL-006809,FL-029513,Weather,178
DEL-006810,FL-029537,Weather,85
DEL-006811,FL-029538,Air Traffic Control,18
DEL-006812,FL-029541,Security,35
DEL-006813,FL-029545,Late Aircraft Arrival,39
DEL-006814,FL-029546,Air Traffic Control,98
DEL-006815,FL-029548,Weather,35
DEL-006816,FL-029551,Late Aircraft Arrival,73
DEL-006817,FL-029556,Late Aircraft Arrival,19
DEL-006818,FL-029558,Air Traffic Control,98
DEL-006819,FL-029559,Weather,50
DEL-006820,FL-029563,Air Traffic Control,79
DEL-006821,FL-029565,Late Aircraft Arrival,46
DEL-006822,FL-029566,Air Traffic Control,27
DEL-006823,FL-029568,Late Aircraft Arrival,68
DEL-006824,FL-029580,Maintenance,15
DEL-006825,FL-029587,Late Aircraft Arrival,37
DEL-006826,FL-029588,Weather,37
DEL-006827,FL-029596,Weather,25
DEL-006828,FL-029603,Late Aircraft Arrival,43
DEL-006829,FL-029604,Late Aircraft Arrival,15
DEL-006830,FL-029607,Late Aircraft Arrival,160
DEL-006831,FL-029621,Maintenance,48
DEL-006832,FL-029624,Weather,105
DEL-006833,FL-029631,Air Traffic Control,130
DEL-006834,FL-029634,Weather,84
DEL-006835,FL-029635,Maintenance,38
DEL-006836,FL-029637,Air Traffic Control,22
DEL-006837,FL-029640,Air Traffic Control,28
DEL-006838,FL-029648,Weather,45
DEL-006839,FL-029653,Air Traffic Control,33
DEL-006840,FL-029661,Weather,164
DEL-006841,FL-029666,Maintenance,55
DEL-006842,FL-029671,Air Traffic Control,18
DEL-006843,FL-029674,Air Traffic Control,83
DEL-006844,FL-029681,Air Traffic Control,34
DEL-006845,FL-029685,Weather,132
DEL-006846,FL-029687,Late Aircraft Arrival,58
DEL-006847,FL-029691,Air Traffic Control,19
DEL-006848,FL-029698,Weather,120
DEL-006849,FL-029701,Weather,42
DEL-006850,FL-029708,Maintenance,29
DEL-006851,FL-029714,Maintenance,189
DEL-006852,FL-029717,Late Aircraft Arrival,47
DEL-006853,FL-029718,Air Traffic Control,15
DEL-006854,FL-029722,Late Aircraft Arrival,133
DEL-006855,FL-029726,Weather,30
DEL-006856,FL-029727,Air Traffic Control,53
DEL-006857,FL-029729,Security,47
DEL-006858,FL-029730,Late Aircraft Arrival,51
DEL-006859,FL-029732,Weather,22
DEL-006860,FL-029733,Maintenance,68
DEL-006861,FL-029736,Maintenance,106
DEL-006862,FL-029741,Air Traffic Control,20
DEL-006863,FL-029754,Security,101
DEL-006864,FL-029756,Weather,48
DEL-006865,FL-029759,Air Traffic Control,35
DEL-006866,FL-029761,Air Traffic Control,28
DEL-006867,FL-029762,Air Traffic Control,46
DEL-006868,FL-029765,Air Traffic Control,43
DEL-006869,FL-029767,Late Aircraft Arrival,17
DEL-006870,FL-029768,Weather,16
DEL-006871,FL-029772,Weather,49
DEL-006872,FL-029773,Air Traffic Control,17
DEL-006873,FL-029776,Air Traffic Control,91
DEL-006874,FL-029783,Air Traffic Control,16
DEL-006875,FL-029784,Air Traffic Control,21
DEL-006876,FL-029788,Late Aircraft Arrival,31
DEL-006877,FL-029791,Air Traffic Control,158
DEL-006878,FL-029802,Late Aircraft Arrival,21
DEL-006879,FL-029809,Weather,48
DEL-006880,FL-029815,Maintenance,208
DEL-006881,FL-029818,Weather,17
DEL-006882,FL-029823,Late Aircraft Arrival,18
DEL-006883,FL-029835,Air Traffic Control,132
DEL-006884,FL-029838,Late Aircraft Arrival,47
DEL-006885,FL-029840,Maintenance,20
DEL-006886,FL-029841,Weather,94
DEL-006887,FL-029848,Late Aircraft Arrival,79
DEL-006888,FL-029853,Air Traffic Control,38
DEL-006889,FL-029855,Air Traffic Control,15
DEL-006890,FL-029857,Air Traffic Control,23
DEL-006891,FL-029858,Security,47
DEL-006892,FL-029861,Weather,106
DEL-006893,FL-029866,Weather,55
DEL-006894,FL-029868,Security,132
DEL-006895,FL-029876,Late Aircraft Arrival,173
DEL-006896,FL-029879,Security,16
DEL-006897,FL-029880,Late Aircraft Arrival,42
DEL-006898,FL-029890,Weather,25
DEL-006899,FL-029893,Air Traffic Control,76
DEL-006900,FL-029895,Late Aircraft Arrival,16
DEL-006901,FL-029902,Air Traffic Control,16
DEL-006902,FL-029903,Weather,16
DEL-006903,FL-029910,Weather,17
DEL-006904,FL-029913,Air Traffic Control,119
DEL-006905,FL-029914,Maintenance,48
DEL-006906,FL-029916,Air Traffic Control,33
DEL-006907,FL-029918,Air Traffic Control,66
DEL-006908,FL-029919,Air Traffic Control,76
DEL-006909,FL-029926,Weather,57
DEL-006910,FL-029936,Maintenance,61
DEL-006911,FL-029952,Air Traffic Control,78
DEL-006912,FL-029958,Air Traffic Control,37
DEL-006913,FL-029975,Air Traffic Control,145
DEL-006914,FL-029981,Weather,47
DEL-006915,FL-029986,Maintenance,50
DEL-006916,FL-029988,Air Traffic Control,43
DEL-006917,FL-029992,Weather,33
DEL-006918,FL-029995,Maintenance,54
DEL-006919,FL-029996,Late Aircraft Arrival,21
DEL-006920,FL-029999,Maintenance,40
DEL-006921,FL-030003,Weather,29
DEL-006922,FL-030006,Weather,79
DEL-006923,FL-030010,Air Traffic Control,71
DEL-006924,FL-030012,Air Traffic Control,30
DEL-006925,FL-030017,Security,32
DEL-006926,FL-030019,Maintenance,81
DEL-006927,FL-030020,Weather,18
DEL-006928,FL-030028,Air Traffic Control,54
DEL-006929,FL-030038,Late Aircraft Arrival,99
DEL-006930,FL-030041,Late Aircraft Arrival,39
DEL-006931,FL-030043,Air Traffic Control,117
DEL-006932,FL-030045,Late Aircraft Arrival,57
DEL-006933,FL-030047,Air Traffic Control,45
DEL-006934,FL-030048,Maintenance,50
DEL-006935,FL-030049,Air Traffic Control,43
DEL-006936,FL-030053,Air Traffic Control,15
DEL-006937,FL-030054,Weather,71
DEL-006938,FL-030055,Weather,48
DEL-006939,FL-030061,Late Aircraft Arrival,26
DEL-006940,FL-030063,Late Aircraft Arrival,38
DEL-006941,FL-030064,Air Traffic Control,59
DEL-006942,FL-030066,Late Aircraft Arrival,123
DEL-006943,FL-030090,Weather,15
DEL-006944,FL-030091,Late Aircraft Arrival,122
DEL-006945,FL-030092,Late Aircraft Arrival,16
DEL-006946,FL-030096,Weather,47
DEL-006947,FL-030097,Weather,160
DEL-006948,FL-030099,Weather,27
DEL-006949,FL-030106,Weather,56
DEL-006950,FL-030109,Maintenance,34
DEL-006951,FL-030112,Weather,20
DEL-006952,FL-030117,Security,49
DEL-006953,FL-030123,Weather,32
DEL-006954,FL-030125,Air Traffic Control,43
DEL-006955,FL-030131,Air Traffic Control,18
DEL-006956,FL-030136,Weather,102
DEL-006957,FL-030137,Late Aircraft Arrival,98
DEL-006958,FL-030146,Maintenance,23
DEL-006959,FL-030148,Late Aircraft Arrival,28
DEL-006960,FL-030151,Maintenance,32
DEL-006961,FL-030154,Air Traffic Control,34
DEL-006962,FL-030165,Late Aircraft Arrival,139
DEL-006963,FL-030169,Weather,46
DEL-006964,FL-030171,Air Traffic Control,56
DEL-006965,FL-030172,Air Traffic Control,18
DEL-006966,FL-030173,Security,22
DEL-006967,FL-030174,Weather,134
DEL-006968,FL-030178,Air Traffic Control,79
DEL-006969,FL-030183,Maintenance,72
DEL-006970,FL-030185,Maintenance,67
DEL-006971,FL-030189,Maintenance,24
DEL-006972,FL-030192,Air Traffic Control,21
DEL-006973,FL-030196,Air Traffic Control,25
DEL-006974,FL-030199,Late Aircraft Arrival,65
DEL-006975,FL-030215,Air Traffic Control,175
DEL-006976,FL-030216,Weather,124
DEL-006977,FL-030221,Air Traffic Control,52
DEL-006978,FL-030232,Late Aircraft Arrival,18
DEL-006979,FL-030236,Maintenance,50
DEL-006980,FL-030237,Weather,80
DEL-006981,FL-030240,Weather,71
DEL-006982,FL-030247,Maintenance,17
DEL-006983,FL-030250,Weather,34
DEL-006984,FL-030253,Weather,47
DEL-006985,FL-030255,Weather,19
DEL-006986,FL-030257,Late Aircraft Arrival,27
DEL-006987,FL-030278,Air Traffic Control,16
DEL-006988,FL-030280,Maintenance,26
DEL-006989,FL-030282,Weather,74
DEL-006990,FL-030286,Air Traffic Control,62
DEL-006991,FL-030290,Maintenance,100
DEL-006992,FL-030295,Weather,117
DEL-006993,FL-030300,Weather,47
DEL-006994,FL-030302,Air Traffic Control,141
DEL-006995,FL-030309,Weather,61
DEL-006996,FL-030313,Late Aircraft Arrival,16
DEL-006997,FL-030319,Air Traffic Control,52
DEL-006998,FL-030320,Security,61
DEL-006999,FL-030327,Maintenance,58
DEL-007000,FL-030329,Maintenance,48
DEL-007001,FL-030331,Maintenance,34
DEL-007002,FL-030338,Security,125
DEL-007003,FL-030340,Air Traffic Control,31
DEL-007004,FL-030349,Late Aircraft Arrival,44
DEL-007005,FL-030357,Late Aircraft Arrival,101
DEL-007006,FL-030358,Air Traffic Control,68
DEL-007007,FL-030359,Weather,50
DEL-007008,FL-030367,Maintenance,46
DEL-007009,FL-030369,Maintenance,17
DEL-007010,FL-030374,Maintenance,16
DEL-007011,FL-030376,Air Traffic Control,121
DEL-007012,FL-030388,Late Aircraft Arrival,25
DEL-007013,FL-030392,Air Traffic Control,83
DEL-007014,FL-030400,Air Traffic Control,64
DEL-007015,FL-030409,Weather,75
DEL-007016,FL-030417,Security,39
DEL-007017,FL-030420,Weather,63
DEL-007018,FL-030422,Late Aircraft Arrival,36
DEL-007019,FL-030425,Late Aircraft Arrival,15
DEL-007020,FL-030426,Air Traffic Control,36
DEL-007021,FL-030427,Weather,18
DEL-007022,FL-030431,Air Traffic Control,21
DEL-007023,FL-030434,Maintenance,43
DEL-007024,FL-030436,Late Aircraft Arrival,53
DEL-007025,FL-030440,Air Traffic Control,21
DEL-007026,FL-030442,Security,115
DEL-007027,FL-030445,Weather,51
DEL-007028,FL-030446,Air Traffic Control,22
DEL-007029,FL-030448,Late Aircraft Arrival,146
DEL-007030,FL-030449,Late Aircraft Arrival,61
DEL-007031,FL-030455,Air Traffic Control,33
DEL-007032,FL-030459,Weather,72
DEL-007033,FL-030465,Security,90
DEL-007034,FL-030469,Weather,86
DEL-007035,FL-030470,Maintenance,36
DEL-007036,FL-030473,Late Aircraft Arrival,99
DEL-007037,FL-030474,Maintenance,22
DEL-007038,FL-030477,Air Traffic Control,26
DEL-007039,FL-030478,Weather,19
DEL-007040,FL-030492,Air Traffic Control,21
DEL-007041,FL-030495,Weather,95
DEL-007042,FL-030500,Weather,26
DEL-007043,FL-030503,Weather,18
DEL-007044,FL-030510,Air Traffic Control,21
DEL-007045,FL-030517,Late Aircraft Arrival,32
DEL-007046,FL-030525,Late Aircraft Arrival,27
DEL-007047,FL-030535,Late Aircraft Arrival,19
DEL-007048,FL-030538,Late Aircraft Arrival,26
DEL-007049,FL-030539,Maintenance,62
DEL-007050,FL-030547,Maintenance,17
DEL-007051,FL-030550,Maintenance,226
DEL-007052,FL-030555,Air Traffic Control,55
DEL-007053,FL-030559,Weather,98
DEL-007054,FL-030561,Security,100
DEL-007055,FL-030573,Late Aircraft Arrival,47
DEL-007056,FL-030574,Air Traffic Control,24
DEL-007057,FL-030588,Weather,188
DEL-007058,FL-030591,Weather,22
DEL-007059,FL-030601,Weather,16
DEL-007060,FL-030602,Air Traffic Control,86
DEL-007061,FL-030604,Air Traffic Control,39
DEL-007062,FL-030607,Maintenance,35
DEL-007063,FL-030613,Air Traffic Control,73
DEL-007064,FL-030618,Late Aircraft Arrival,203
DEL-007065,FL-030620,Late Aircraft Arrival,40
DEL-007066,FL-030631,Air Traffic Control,49
DEL-007067,FL-030650,Air Traffic Control,57
DEL-007068,FL-030652,Weather,88
DEL-007069,FL-030658,Air Traffic Control,37
DEL-007070,FL-030668,Maintenance,58
DEL-007071,FL-030672,Maintenance,103
DEL-007072,FL-030675,Weather,60
DEL-007073,FL-030678,Maintenance,25
DEL-007074,FL-030680,Air Traffic Control,17
DEL-007075,FL-030682,Security,99
DEL-007076,FL-030695,Air Traffic Control,33
DEL-007077,FL-030696,Weather,134
DEL-007078,FL-030706,Air Traffic Control,32
DEL-007079,FL-030718,Maintenance,192
DEL-007080,FL-030721,Late Aircraft Arrival,44
DEL-007081,FL-030723,Air Traffic Control,20
DEL-007082,FL-030727,Maintenance,26
DEL-007083,FL-030740,Weather,69
DEL-007084,FL-030745,Late Aircraft Arrival,28
DEL-007085,FL-030757,Weather,59
DEL-007086,FL-030762,Weather,22
DEL-007087,FL-030770,Maintenance,95
DEL-007088,FL-030776,Security,24
DEL-007089,FL-030785,Maintenance,173
DEL-007090,FL-030786,Weather,184
DEL-007091,FL-030789,Air Traffic Control,53
DEL-007092,FL-030792,Air Traffic Control,30
DEL-007093,FL-030798,Maintenance,33
DEL-007094,FL-030801,Air Traffic Control,48
DEL-007095,FL-030810,Maintenance,360
DEL-007096,FL-030816,Air Traffic Control,94
DEL-007097,FL-030819,Weather,15
DEL-007098,FL-030822,Weather,103
DEL-007099,FL-030834,Late Aircraft Arrival,71
DEL-007100,FL-030841,Weather,103
DEL-007101,FL-030849,Air Traffic Control,129
DEL-007102,FL-030852,Maintenance,33
DEL-007103,FL-030872,Maintenance,119
DEL-007104,FL-030879,Maintenance,61
DEL-007105,FL-030880,Air Traffic Control,31
DEL-007106,FL-030884,Weather,57
DEL-007107,FL-030898,Late Aircraft Arrival,77
DEL-007108,FL-030900,Air Traffic Control,16
DEL-007109,FL-030901,Late Aircraft Arrival,35
DEL-007110,FL-030903,Security,64
DEL-007111,FL-030905,Air Traffic Control,41
DEL-007112,FL-030911,Air Traffic Control,31
DEL-007113,FL-030913,Air Traffic Control,36
DEL-007114,FL-030915,Weather,46
DEL-007115,FL-030923,Air Traffic Control,33
DEL-007116,FL-030926,Maintenance,68
DEL-007117,FL-030927,Weather,43
DEL-007118,FL-030930,Maintenance,65
DEL-007119,FL-030932,Air Traffic Control,34
DEL-007120,FL-030936,Air Traffic Control,75
DEL-007121,FL-030939,Maintenance,24
DEL-007122,FL-030942,Weather,115
DEL-007123,FL-030943,Air Traffic Control,150
DEL-007124,FL-030946,Weather,47
DEL-007125,FL-030958,Weather,82
DEL-007126,FL-030959,Maintenance,145
DEL-007127,FL-030965,Air Traffic Control,79
DEL-007128,FL-030966,Weather,21
DEL-007129,FL-030971,Weather,19
DEL-007130,FL-030973,Weather,77
DEL-007131,FL-030977,Air Traffic Control,83
DEL-007132,FL-030979,Weather,46
DEL-007133,FL-030983,Air Traffic Control,54
DEL-007134,FL-030990,Weather,17
DEL-007135,FL-030992,Weather,27
DEL-007136,FL-030994,Air Traffic Control,46
DEL-007137,FL-031003,Air Traffic Control,16
DEL-007138,FL-031009,Late Aircraft Arrival,78
DEL-007139,FL-031012,Maintenance,53
DEL-007140,FL-031023,Weather,31
DEL-007141,FL-031026,Air Traffic Control,153
DEL-007142,FL-031031,Weather,32
DEL-007143,FL-031035,Weather,50
DEL-007144,FL-031043,Weather,73
DEL-007145,FL-031047,Maintenance,93
DEL-007146,FL-031048,Security,49
DEL-007147,FL-031049,Maintenance,18
DEL-007148,FL-031056,Late Aircraft Arrival,43
DEL-007149,FL-031058,Late Aircraft Arrival,24
DEL-007150,FL-031073,Maintenance,63
DEL-007151,FL-031084,Air Traffic Control,46
DEL-007152,FL-031085,Maintenance,49
DEL-007153,FL-031090,Weather,15
DEL-007154,FL-031093,Security,26
DEL-007155,FL-031098,Maintenance,56
DEL-007156,FL-031102,Air Traffic Control,36
DEL-007157,FL-031104,Weather,22
DEL-007158,FL-031106,Air Traffic Control,34
DEL-007159,FL-031116,Security,55
DEL-007160,FL-031123,Late Aircraft Arrival,18
DEL-007161,FL-031126,Late Aircraft Arrival,109
DEL-007162,FL-031127,Weather,107
DEL-007163,FL-031130,Weather,22
DEL-007164,FL-031131,Air Traffic Control,43
DEL-007165,FL-031137,Air Traffic Control,250
DEL-007166,FL-031141,Air Traffic Control,53
DEL-007167,FL-031142,Security,18
DEL-007168,FL-031144,Weather,38
DEL-007169,FL-031153,Air Traffic Control,61
DEL-007170,FL-031159,Air Traffic Control,48
DEL-007171,FL-031161,Late Aircraft Arrival,37
DEL-007172,FL-031162,Maintenance,41
DEL-007173,FL-031164,Air Traffic Control,21
DEL-007174,FL-031170,Air Traffic Control,42
DEL-007175,FL-031172,Late Aircraft Arrival,16
DEL-007176,FL-031174,Weather,23
DEL-007177,FL-031176,Maintenance,18
DEL-007178,FL-031181,Late Aircraft Arrival,97
DEL-007179,FL-031182,Weather,74
DEL-007180,FL-031189,Air Traffic Control,58
DEL-007181,FL-031199,Air Traffic Control,38
DEL-007182,FL-031204,Air Traffic Control,44
DEL-007183,FL-031214,Weather,22
DEL-007184,FL-031219,Late Aircraft Arrival,49
DEL-007185,FL-031224,Maintenance,32
DEL-007186,FL-031225,Air Traffic Control,15
DEL-007187,FL-031228,Air Traffic Control,16
DEL-007188,FL-031231,Late Aircraft Arrival,21
DEL-007189,FL-031240,Weather,35
DEL-007190,FL-031247,Weather,172
DEL-007191,FL-031250,Air Traffic Control,164
DEL-007192,FL-031253,Late Aircraft Arrival,23
DEL-007193,FL-031255,Air Traffic Control,42
DEL-007194,FL-031259,Late Aircraft Arrival,71
DEL-007195,FL-031260,Maintenance,131
DEL-007196,FL-031261,Air Traffic Control,222
DEL-007197,FL-031264,Security,85
DEL-007198,FL-031271,Weather,51
DEL-007199,FL-031279,Air Traffic Control,55
DEL-007200,FL-031280,Weather,19
DEL-007201,FL-031290,Air Traffic Control,22
DEL-007202,FL-031291,Weather,107
DEL-007203,FL-031293,Air Traffic Control,36
DEL-007204,FL-031294,Weather,19
DEL-007205,FL-031295,Air Traffic Control,26
DEL-007206,FL-031308,Air Traffic Control,60
DEL-007207,FL-031309,Late Aircraft Arrival,156
DEL-007208,FL-031312,Security,57
DEL-007209,FL-031320,Security,118
DEL-007210,FL-031326,Air Traffic Control,71
DEL-007211,FL-031327,Weather,22
DEL-007212,FL-031328,Maintenance,45
DEL-007213,FL-031330,Late Aircraft Arrival,29
DEL-007214,FL-031336,Late Aircraft Arrival,46
DEL-007215,FL-031344,Late Aircraft Arrival,156
DEL-007216,FL-031346,Air Traffic Control,21
DEL-007217,FL-031347,Late Aircraft Arrival,40
DEL-007218,FL-031354,Maintenance,33
DEL-007219,FL-031355,Maintenance,17
DEL-007220,FL-031358,Maintenance,16
DEL-007221,FL-031359,Security,58
DEL-007222,FL-031360,Air Traffic Control,49
DEL-007223,FL-031362,Weather,32
DEL-007224,FL-031363,Weather,36
DEL-007225,FL-031367,Air Traffic Control,70
DEL-007226,FL-031368,Late Aircraft Arrival,228
DEL-007227,FL-031369,Air Traffic Control,216
DEL-007228,FL-031371,Weather,98
DEL-007229,FL-031376,Weather,40
DEL-007230,FL-031378,Weather,35
DEL-007231,FL-031380,Maintenance,39
DEL-007232,FL-031381,Weather,134
DEL-007233,FL-031382,Weather,33
DEL-007234,FL-031383,Weather,116
DEL-007235,FL-031393,Security,50
DEL-007236,FL-031394,Security,55
DEL-007237,FL-031396,Air Traffic Control,58
DEL-007238,FL-031399,Late Aircraft Arrival,20
DEL-007239,FL-031405,Air Traffic Control,40
DEL-007240,FL-031406,Maintenance,22
DEL-007241,FL-031407,Air Traffic Control,38
DEL-007242,FL-031409,Late Aircraft Arrival,25
DEL-007243,FL-031415,Weather,64
DEL-007244,FL-031417,Late Aircraft Arrival,17
DEL-007245,FL-031420,Weather,23
DEL-007246,FL-031421,Air Traffic Control,58
DEL-007247,FL-031427,Late Aircraft Arrival,15
DEL-007248,FL-031428,Weather,61
DEL-007249,FL-031429,Weather,36
DEL-007250,FL-031430,Maintenance,92
DEL-007251,FL-031447,Security,58
DEL-007252,FL-031450,Late Aircraft Arrival,61
DEL-007253,FL-031451,Air Traffic Control,89
DEL-007254,FL-031454,Weather,101
DEL-007255,FL-031457,Air Traffic Control,90
DEL-007256,FL-031460,Weather,33
DEL-007257,FL-031464,Late Aircraft Arrival,57
DEL-007258,FL-031465,Weather,32
DEL-007259,FL-031468,Late Aircraft Arrival,63
DEL-007260,FL-031471,Late Aircraft Arrival,48
DEL-007261,FL-031479,Late Aircraft Arrival,28
DEL-007262,FL-031480,Weather,24
DEL-007263,FL-031481,Maintenance,58
DEL-007264,FL-031484,Air Traffic Control,15
DEL-007265,FL-031488,Weather,34
DEL-007266,FL-031489,Late Aircraft Arrival,50
DEL-007267,FL-031493,Air Traffic Control,38
DEL-007268,FL-031497,Weather,35
DEL-007269,FL-031501,Air Traffic Control,97
DEL-007270,FL-031502,Late Aircraft Arrival,15
DEL-007271,FL-031507,Late Aircraft Arrival,79
DEL-007272,FL-031510,Air Traffic Control,37
DEL-007273,FL-031512,Air Traffic Control,30
DEL-007274,FL-031513,Late Aircraft Arrival,183
DEL-007275,FL-031519,Weather,136
DEL-007276,FL-031522,Weather,98
DEL-007277,FL-031527,Air Traffic Control,27
DEL-007278,FL-031531,Late Aircraft Arrival,40
DEL-007279,FL-031533,Air Traffic Control,73
DEL-007280,FL-031543,Late Aircraft Arrival,33
DEL-007281,FL-031551,Air Traffic Control,63
DEL-007282,FL-031555,Security,33
DEL-007283,FL-031556,Late Aircraft Arrival,98
DEL-007284,FL-031563,Maintenance,25
DEL-007285,FL-031566,Weather,29
DEL-007286,FL-031570,Late Aircraft Arrival,86
DEL-007287,FL-031572,Security,22
DEL-007288,FL-031578,Maintenance,256
DEL-007289,FL-031580,Maintenance,27
DEL-007290,FL-031582,Late Aircraft Arrival,110
DEL-007291,FL-031585,Maintenance,153
DEL-007292,FL-031591,Late Aircraft Arrival,160
DEL-007293,FL-031597,Weather,32
DEL-007294,FL-031598,Late Aircraft Arrival,143
DEL-007295,FL-031603,Maintenance,54
DEL-007296,FL-031604,Late Aircraft Arrival,37
DEL-007297,FL-031606,Late Aircraft Arrival,23
DEL-007298,FL-031610,Maintenance,25
DEL-007299,FL-031613,Weather,147
DEL-007300,FL-031616,Security,122
DEL-007301,FL-031621,Late Aircraft Arrival,124
DEL-007302,FL-031625,Air Traffic Control,21
DEL-007303,FL-031631,Weather,15
DEL-007304,FL-031633,Air Traffic Control,22
DEL-007305,FL-031641,Late Aircraft Arrival,61
DEL-007306,FL-031646,Maintenance,36
DEL-007307,FL-031650,Late Aircraft Arrival,68
DEL-007308,FL-031655,Air Traffic Control,45
DEL-007309,FL-031659,Air Traffic Control,32
DEL-007310,FL-031665,Air Traffic Control,117
DEL-007311,FL-031677,Weather,19
DEL-007312,FL-031682,Weather,40
DEL-007313,FL-031687,Air Traffic Control,89
DEL-007314,FL-031692,Air Traffic Control,22
DEL-007315,FL-031693,Air Traffic Control,22
DEL-007316,FL-031695,Late Aircraft Arrival,44
DEL-007317,FL-031700,Air Traffic Control,29
DEL-007318,FL-031702,Maintenance,16
DEL-007319,FL-031707,Late Aircraft Arrival,19
DEL-007320,FL-031708,Weather,91
DEL-007321,FL-031711,Maintenance,69
DEL-007322,FL-031713,Maintenance,29
DEL-007323,FL-031719,Air Traffic Control,71
DEL-007324,FL-031721,Air Traffic Control,40
DEL-007325,FL-031722,Maintenance,16
DEL-007326,FL-031747,Air Traffic Control,98
DEL-007327,FL-031748,Air Traffic Control,116
DEL-007328,FL-031759,Weather,26
DEL-007329,FL-031766,Air Traffic Control,31
DEL-007330,FL-031769,Maintenance,66
DEL-007331,FL-031790,Air Traffic Control,15
DEL-007332,FL-031793,Air Traffic Control,39
DEL-007333,FL-031796,Security,59
DEL-007334,FL-031799,Weather,57
DEL-007335,FL-031800,Air Traffic Control,29
DEL-007336,FL-031803,Security,64
DEL-007337,FL-031804,Maintenance,71
DEL-007338,FL-031808,Air Traffic Control,26
DEL-007339,FL-031818,Late Aircraft Arrival,26
DEL-007340,FL-031824,Air Traffic Control,34
DEL-007341,FL-031825,Maintenance,51
DEL-007342,FL-031827,Late Aircraft Arrival,22
DEL-007343,FL-031841,Late Aircraft Arrival,157
DEL-007344,FL-031855,Weather,74
DEL-007345,FL-031859,Weather,16
DEL-007346,FL-031882,Maintenance,56
DEL-007347,FL-031883,Air Traffic Control,143
DEL-007348,FL-031885,Weather,25
DEL-007349,FL-031886,Weather,32
DEL-007350,FL-031892,Security,20
DEL-007351,FL-031893,Weather,62
DEL-007352,FL-031898,Air Traffic Control,26
DEL-007353,FL-031901,Maintenance,56
DEL-007354,FL-031903,Late Aircraft Arrival,41
DEL-007355,FL-031910,Maintenance,82
DEL-007356,FL-031914,Maintenance,17
DEL-007357,FL-031916,Maintenance,26
DEL-007358,FL-031919,Late Aircraft Arrival,16
DEL-007359,FL-031926,Late Aircraft Arrival,112
DEL-007360,FL-031932,Maintenance,24
DEL-007361,FL-031938,Maintenance,68
DEL-007362,FL-031945,Air Traffic Control,29
DEL-007363,FL-031946,Maintenance,26
DEL-007364,FL-031948,Weather,30
DEL-007365,FL-031949,Air Traffic Control,53
DEL-007366,FL-031967,Air Traffic Control,43
DEL-007367,FL-031969,Air Traffic Control,22
DEL-007368,FL-031974,Maintenance,36
DEL-007369,FL-031975,Weather,51
DEL-007370,FL-031976,Air Traffic Control,121
DEL-007371,FL-031980,Late Aircraft Arrival,15
DEL-007372,FL-031981,Air Traffic Control,90
DEL-007373,FL-031986,Late Aircraft Arrival,86
DEL-007374,FL-031989,Weather,174
DEL-007375,FL-031990,Weather,17
DEL-007376,FL-031993,Weather,117
DEL-007377,FL-031998,Late Aircraft Arrival,15
DEL-007378,FL-032002,Weather,124
DEL-007379,FL-032006,Late Aircraft Arrival,140
DEL-007380,FL-032013,Late Aircraft Arrival,121
DEL-007381,FL-032014,Maintenance,72
DEL-007382,FL-032015,Late Aircraft Arrival,85
DEL-007383,FL-032017,Weather,55
DEL-007384,FL-032019,Air Traffic Control,49
DEL-007385,FL-032021,Air Traffic Control,49
DEL-007386,FL-032023,Security,57
DEL-007387,FL-032025,Air Traffic Control,30
DEL-007388,FL-032033,Late Aircraft Arrival,49
DEL-007389,FL-032037,Weather,42
DEL-007390,FL-032042,Weather,27
DEL-007391,FL-032044,Air Traffic Control,89
DEL-007392,FL-032046,Weather,49
DEL-007393,FL-032060,Weather,39
DEL-007394,FL-032061,Air Traffic Control,224
DEL-007395,FL-032064,Late Aircraft Arrival,21
DEL-007396,FL-032068,Late Aircraft Arrival,21
DEL-007397,FL-032071,Weather,41
DEL-007398,FL-032075,Weather,30
DEL-007399,FL-032081,Air Traffic Control,56
DEL-007400,FL-032082,Security,63
DEL-007401,FL-032087,Air Traffic Control,50
DEL-007402,FL-032090,Maintenance,159
DEL-007403,FL-032096,Maintenance,67
DEL-007404,FL-032098,Weather,37
DEL-007405,FL-032099,Late Aircraft Arrival,89
DEL-007406,FL-032102,Weather,16
DEL-007407,FL-032106,Late Aircraft Arrival,37
DEL-007408,FL-032110,Maintenance,66
DEL-007409,FL-032111,Weather,32
DEL-007410,FL-032117,Weather,241
DEL-007411,FL-032118,Weather,101
DEL-007412,FL-032120,Air Traffic Control,35
DEL-007413,FL-032126,Weather,50
DEL-007414,FL-032128,Maintenance,28
DEL-007415,FL-032139,Maintenance,73
DEL-007416,FL-032147,Weather,28
DEL-007417,FL-032153,Weather,85
DEL-007418,FL-032163,Air Traffic Control,253
DEL-007419,FL-032166,Air Traffic Control,17
DEL-007420,FL-032167,Air Traffic Control,44
DEL-007421,FL-032168,Air Traffic Control,127
DEL-007422,FL-032169,Air Traffic Control,92
DEL-007423,FL-032171,Air Traffic Control,58
DEL-007424,FL-032177,Air Traffic Control,64
DEL-007425,FL-032181,Weather,41
DEL-007426,FL-032187,Weather,99
DEL-007427,FL-032188,Weather,58
DEL-007428,FL-032190,Late Aircraft Arrival,119
DEL-007429,FL-032201,Maintenance,108
DEL-007430,FL-032207,Weather,32
DEL-007431,FL-032215,Security,18
DEL-007432,FL-032216,Maintenance,89
DEL-007433,FL-032226,Late Aircraft Arrival,18
DEL-007434,FL-032231,Air Traffic Control,87
DEL-007435,FL-032232,Security,31
DEL-007436,FL-032245,Air Traffic Control,102
DEL-007437,FL-032262,Late Aircraft Arrival,50
DEL-007438,FL-032263,Late Aircraft Arrival,44
DEL-007439,FL-032264,Air Traffic Control,16
DEL-007440,FL-032265,Late Aircraft Arrival,24
DEL-007441,FL-032270,Air Traffic Control,46
DEL-007442,FL-032271,Air Traffic Control,210
DEL-007443,FL-032272,Late Aircraft Arrival,34
DEL-007444,FL-032277,Maintenance,90
DEL-007445,FL-032280,Weather,141
DEL-007446,FL-032282,Late Aircraft Arrival,16
DEL-007447,FL-032283,Weather,15
DEL-007448,FL-032284,Air Traffic Control,40
DEL-007449,FL-032285,Air Traffic Control,65
DEL-007450,FL-032286,Air Traffic Control,24
DEL-007451,FL-032289,Air Traffic Control,15
DEL-007452,FL-032292,Maintenance,18
DEL-007453,FL-032294,Late Aircraft Arrival,42
DEL-007454,FL-032296,Air Traffic Control,16
DEL-007455,FL-032298,Air Traffic Control,25
DEL-007456,FL-032302,Late Aircraft Arrival,15
DEL-007457,FL-032305,Weather,32
DEL-007458,FL-032307,Air Traffic Control,37
DEL-007459,FL-032310,Air Traffic Control,34
DEL-007460,FL-032318,Air Traffic Control,35
DEL-007461,FL-032321,Air Traffic Control,62
DEL-007462,FL-032322,Air Traffic Control,49
DEL-007463,FL-032323,Air Traffic Control,49
DEL-007464,FL-032330,Late Aircraft Arrival,18
DEL-007465,FL-032339,Weather,135
DEL-007466,FL-032341,Air Traffic Control,82
DEL-007467,FL-032343,Air Traffic Control,61
DEL-007468,FL-032345,Air Traffic Control,138
DEL-007469,FL-032348,Late Aircraft Arrival,127
DEL-007470,FL-032349,Maintenance,32
DEL-007471,FL-032350,Maintenance,26
DEL-007472,FL-032354,Weather,119
DEL-007473,FL-032360,Air Traffic Control,356
DEL-007474,FL-032364,Weather,15
DEL-007475,FL-032368,Maintenance,15
DEL-007476,FL-032372,Security,23
DEL-007477,FL-032376,Maintenance,15
DEL-007478,FL-032379,Air Traffic Control,98
DEL-007479,FL-032381,Maintenance,42
DEL-007480,FL-032386,Weather,102
DEL-007481,FL-032387,Maintenance,100
DEL-007482,FL-032388,Late Aircraft Arrival,55
DEL-007483,FL-032392,Air Traffic Control,123
DEL-007484,FL-032396,Maintenance,111
DEL-007485,FL-032399,Weather,34
DEL-007486,FL-032404,Security,72
DEL-007487,FL-032405,Air Traffic Control,46
DEL-007488,FL-032407,Air Traffic Control,49
DEL-007489,FL-032408,Air Traffic Control,21
DEL-007490,FL-032412,Security,16
DEL-007491,FL-032418,Late Aircraft Arrival,20
DEL-007492,FL-032422,Air Traffic Control,19
DEL-007493,FL-032423,Air Traffic Control,78
DEL-007494,FL-032424,Weather,43
DEL-007495,FL-032429,Late Aircraft Arrival,111
DEL-007496,FL-032430,Air Traffic Control,36
DEL-007497,FL-032432,Maintenance,30
DEL-007498,FL-032437,Maintenance,17
DEL-007499,FL-032447,Late Aircraft Arrival,67
DEL-007500,FL-032452,Weather,125
DEL-007501,FL-032454,Maintenance,92
DEL-007502,FL-032455,Weather,28
DEL-007503,FL-032467,Weather,112
DEL-007504,FL-032470,Maintenance,51
DEL-007505,FL-032475,Late Aircraft Arrival,116
DEL-007506,FL-032476,Late Aircraft Arrival,53
DEL-007507,FL-032477,Maintenance,29
DEL-007508,FL-032480,Air Traffic Control,90
DEL-007509,FL-032484,Air Traffic Control,26
DEL-007510,FL-032492,Late Aircraft Arrival,168
DEL-007511,FL-032494,Weather,45
DEL-007512,FL-032497,Maintenance,22
DEL-007513,FL-032506,Late Aircraft Arrival,16
DEL-007514,FL-032511,Weather,74
DEL-007515,FL-032514,Maintenance,18
DEL-007516,FL-032532,Late Aircraft Arrival,109
DEL-007517,FL-032541,Weather,30
DEL-007518,FL-032542,Weather,33
DEL-007519,FL-032543,Air Traffic Control,26
DEL-007520,FL-032545,Maintenance,73
DEL-007521,FL-032550,Air Traffic Control,30
DEL-007522,FL-032554,Late Aircraft Arrival,51
DEL-007523,FL-032557,Weather,20
DEL-007524,FL-032558,Late Aircraft Arrival,55
DEL-007525,FL-032565,Weather,48
DEL-007526,FL-032566,Weather,16
DEL-007527,FL-032567,Weather,26
DEL-007528,FL-032568,Air Traffic Control,149
DEL-007529,FL-032570,Air Traffic Control,22
DEL-007530,FL-032571,Air Traffic Control,38
DEL-007531,FL-032572,Weather,81
DEL-007532,FL-032578,Weather,104
DEL-007533,FL-032580,Late Aircraft Arrival,67
DEL-007534,FL-032588,Air Traffic Control,38
DEL-007535,FL-032591,Late Aircraft Arrival,35
DEL-007536,FL-032592,Air Traffic Control,42
DEL-007537,FL-032596,Late Aircraft Arrival,166
DEL-007538,FL-032614,Maintenance,45
DEL-007539,FL-032619,Late Aircraft Arrival,43
DEL-007540,FL-032621,Late Aircraft Arrival,40
DEL-007541,FL-032632,Late Aircraft Arrival,65
DEL-007542,FL-032639,Late Aircraft Arrival,37
DEL-007543,FL-032656,Late Aircraft Arrival,36
DEL-007544,FL-032658,Late Aircraft Arrival,76
DEL-007545,FL-032664,Air Traffic Control,111
DEL-007546,FL-032670,Security,30
DEL-007547,FL-032675,Air Traffic Control,40
DEL-007548,FL-032681,Maintenance,40
DEL-007549,FL-032684,Air Traffic Control,16
DEL-007550,FL-032686,Maintenance,111
DEL-007551,FL-032698,Weather,26
DEL-007552,FL-032699,Air Traffic Control,53
DEL-007553,FL-032703,Maintenance,37
DEL-007554,FL-032705,Air Traffic Control,15
DEL-007555,FL-032710,Air Traffic Control,69
DEL-007556,FL-032715,Air Traffic Control,24
DEL-007557,FL-032717,Maintenance,31
DEL-007558,FL-032718,Late Aircraft Arrival,82
DEL-007559,FL-032719,Maintenance,19
DEL-007560,FL-032721,Weather,19
DEL-007561,FL-032729,Air Traffic Control,131
DEL-007562,FL-032731,Air Traffic Control,67
DEL-007563,FL-032734,Weather,35
DEL-007564,FL-032735,Late Aircraft Arrival,28
DEL-007565,FL-032736,Weather,90
DEL-007566,FL-032738,Maintenance,82
DEL-007567,FL-032741,Maintenance,27
DEL-007568,FL-032745,Late Aircraft Arrival,25
DEL-007569,FL-032749,Weather,155
DEL-007570,FL-032752,Security,54
DEL-007571,FL-032753,Maintenance,18
DEL-007572,FL-032754,Late Aircraft Arrival,47
DEL-007573,FL-032756,Security,17
DEL-007574,FL-032757,Weather,129
DEL-007575,FL-032758,Weather,92
DEL-007576,FL-032759,Air Traffic Control,92
DEL-007577,FL-032760,Late Aircraft Arrival,16
DEL-007578,FL-032766,Maintenance,15
DEL-007579,FL-032767,Air Traffic Control,55
DEL-007580,FL-032768,Weather,93
DEL-007581,FL-032772,Air Traffic Control,22
DEL-007582,FL-032775,Weather,72
DEL-007583,FL-032782,Security,258
DEL-007584,FL-032786,Maintenance,29
DEL-007585,FL-032788,Late Aircraft Arrival,77
DEL-007586,FL-032796,Weather,112
DEL-007587,FL-032799,Air Traffic Control,44
DEL-007588,FL-032800,Air Traffic Control,20
DEL-007589,FL-032804,Weather,27
DEL-007590,FL-032806,Air Traffic Control,99
DEL-007591,FL-032807,Maintenance,19
DEL-007592,FL-032815,Weather,54
DEL-007593,FL-032823,Weather,167
DEL-007594,FL-032825,Air Traffic Control,37
DEL-007595,FL-032844,Air Traffic Control,143
DEL-007596,FL-032852,Late Aircraft Arrival,27
DEL-007597,FL-032856,Maintenance,25
DEL-007598,FL-032861,Late Aircraft Arrival,90
DEL-007599,FL-032864,Weather,82
DEL-007600,FL-032867,Maintenance,84
DEL-007601,FL-032868,Weather,59
DEL-007602,FL-032870,Maintenance,18
DEL-007603,FL-032872,Maintenance,78
DEL-007604,FL-032875,Late Aircraft Arrival,64
DEL-007605,FL-032880,Late Aircraft Arrival,45
DEL-007606,FL-032882,Air Traffic Control,16
DEL-007607,FL-032890,Maintenance,45
DEL-007608,FL-032893,Late Aircraft Arrival,65
DEL-007609,FL-032895,Air Traffic Control,55
DEL-007610,FL-032901,Weather,26
DEL-007611,FL-032904,Weather,30
DEL-007612,FL-032908,Air Traffic Control,87
DEL-007613,FL-032910,Late Aircraft Arrival,133
DEL-007614,FL-032914,Security,316
DEL-007615,FL-032922,Air Traffic Control,35
DEL-007616,FL-032930,Weather,25
DEL-007617,FL-032937,Late Aircraft Arrival,32
DEL-007618,FL-032947,Air Traffic Control,53
DEL-007619,FL-032951,Maintenance,76
DEL-007620,FL-032956,Air Traffic Control,107
DEL-007621,FL-032962,Air Traffic Control,70
DEL-007622,FL-032974,Weather,27
DEL-007623,FL-032981,Air Traffic Control,41
DEL-007624,FL-032982,Air Traffic Control,35
DEL-007625,FL-032985,Security,21
DEL-007626,FL-032987,Late Aircraft Arrival,106
DEL-007627,FL-032990,Air Traffic Control,75
DEL-007628,FL-032994,Air Traffic Control,74
DEL-007629,FL-032995,Air Traffic Control,43
DEL-007630,FL-032996,Maintenance,86
DEL-007631,FL-032999,Maintenance,101
DEL-007632,FL-033004,Weather,18
DEL-007633,FL-033005,Security,60
DEL-007634,FL-033008,Weather,123
DEL-007635,FL-033009,Air Traffic Control,40
DEL-007636,FL-033014,Weather,76
DEL-007637,FL-033016,Air Traffic Control,88
DEL-007638,FL-033017,Maintenance,94
DEL-007639,FL-033027,Security,140
DEL-007640,FL-033047,Air Traffic Control,53
DEL-007641,FL-033051,Maintenance,30
DEL-007642,FL-033059,Weather,15
DEL-007643,FL-033072,Weather,87
DEL-007644,FL-033073,Maintenance,55
DEL-007645,FL-033078,Late Aircraft Arrival,59
DEL-007646,FL-033082,Maintenance,49
DEL-007647,FL-033083,Air Traffic Control,69
DEL-007648,FL-033084,Weather,22
DEL-007649,FL-033089,Weather,21
DEL-007650,FL-033091,Maintenance,54
DEL-007651,FL-033092,Weather,55
DEL-007652,FL-033097,Late Aircraft Arrival,15
DEL-007653,FL-033101,Weather,34
DEL-007654,FL-033105,Maintenance,16
DEL-007655,FL-033107,Weather,19
DEL-007656,FL-033108,Maintenance,27
DEL-007657,FL-033109,Weather,131
DEL-007658,FL-033110,Air Traffic Control,29
DEL-007659,FL-033112,Air Traffic Control,100
DEL-007660,FL-033115,Maintenance,210
DEL-007661,FL-033128,Weather,118
DEL-007662,FL-033129,Maintenance,21
DEL-007663,FL-033142,Late Aircraft Arrival,119
DEL-007664,FL-033144,Maintenance,26
DEL-007665,FL-033146,Maintenance,96
DEL-007666,FL-033152,Weather,63
DEL-007667,FL-033153,Air Traffic Control,33
DEL-007668,FL-033155,Weather,19
DEL-007669,FL-033157,Air Traffic Control,16
DEL-007670,FL-033158,Weather,17
DEL-007671,FL-033162,Security,20
DEL-007672,FL-033164,Maintenance,51
DEL-007673,FL-033166,Air Traffic Control,36
DEL-007674,FL-033168,Weather,26
DEL-007675,FL-033171,Air Traffic Control,17
DEL-007676,FL-033182,Weather,21
DEL-007677,FL-033184,Late Aircraft Arrival,79
DEL-007678,FL-033188,Late Aircraft Arrival,67
DEL-007679,FL-033192,Weather,28
DEL-007680,FL-033198,Late Aircraft Arrival,30
DEL-007681,FL-033201,Maintenance,45
DEL-007682,FL-033207,Air Traffic Control,31
DEL-007683,FL-033208,Security,36
DEL-007684,FL-033213,Air Traffic Control,32
DEL-007685,FL-033214,Weather,60
DEL-007686,FL-033216,Late Aircraft Arrival,62
DEL-007687,FL-033233,Air Traffic Control,131
DEL-007688,FL-033239,Air Traffic Control,39
DEL-007689,FL-033243,Maintenance,129
DEL-007690,FL-033247,Air Traffic Control,21
DEL-007691,FL-033252,Weather,174
DEL-007692,FL-033265,Maintenance,117
DEL-007693,FL-033266,Security,131
DEL-007694,FL-033268,Maintenance,81
DEL-007695,FL-033273,Weather,117
DEL-007696,FL-033275,Air Traffic Control,33
DEL-007697,FL-033280,Maintenance,41
DEL-007698,FL-033284,Weather,92
DEL-007699,FL-033289,Maintenance,66
DEL-007700,FL-033294,Late Aircraft Arrival,89
DEL-007701,FL-033304,Late Aircraft Arrival,105
DEL-007702,FL-033316,Air Traffic Control,107
DEL-007703,FL-033317,Air Traffic Control,103
DEL-007704,FL-033318,Maintenance,67
DEL-007705,FL-033323,Air Traffic Control,89
DEL-007706,FL-033327,Maintenance,80
DEL-007707,FL-033329,Weather,68
DEL-007708,FL-033331,Weather,101
DEL-007709,FL-033335,Maintenance,50
DEL-007710,FL-033339,Weather,81
DEL-007711,FL-033343,Maintenance,69
DEL-007712,FL-033345,Air Traffic Control,29
DEL-007713,FL-033354,Late Aircraft Arrival,125
DEL-007714,FL-033369,Air Traffic Control,72
DEL-007715,FL-033373,Late Aircraft Arrival,41
DEL-007716,FL-033374,Late Aircraft Arrival,87
DEL-007717,FL-033383,Maintenance,20
DEL-007718,FL-033384,Security,32
DEL-007719,FL-033389,Air Traffic Control,197
DEL-007720,FL-033391,Air Traffic Control,125
DEL-007721,FL-033398,Air Traffic Control,205
DEL-007722,FL-033419,Late Aircraft Arrival,26
DEL-007723,FL-033420,Late Aircraft Arrival,34
DEL-007724,FL-033422,Weather,49
DEL-007725,FL-033425,Late Aircraft Arrival,70
DEL-007726,FL-033429,Weather,60
DEL-007727,FL-033449,Maintenance,24
DEL-007728,FL-033451,Maintenance,78
DEL-007729,FL-033458,Weather,77
DEL-007730,FL-033459,Maintenance,47
DEL-007731,FL-033465,Weather,74
DEL-007732,FL-033478,Air Traffic Control,26
DEL-007733,FL-033483,Weather,34
DEL-007734,FL-033484,Air Traffic Control,26
DEL-007735,FL-033487,Maintenance,22
DEL-007736,FL-033489,Weather,51
DEL-007737,FL-033492,Weather,16
DEL-007738,FL-033494,Weather,23
DEL-007739,FL-033498,Weather,64
DEL-007740,FL-033509,Weather,99
DEL-007741,FL-033528,Maintenance,19
DEL-007742,FL-033532,Late Aircraft Arrival,81
DEL-007743,FL-033535,Late Aircraft Arrival,36
DEL-007744,FL-033536,Security,43
DEL-007745,FL-033545,Late Aircraft Arrival,78
DEL-007746,FL-033547,Air Traffic Control,87
DEL-007747,FL-033552,Air Traffic Control,47
DEL-007748,FL-033555,Air Traffic Control,52
DEL-007749,FL-033557,Air Traffic Control,24
DEL-007750,FL-033562,Maintenance,22
DEL-007751,FL-033569,Late Aircraft Arrival,49
DEL-007752,FL-033574,Late Aircraft Arrival,118
DEL-007753,FL-033589,Late Aircraft Arrival,59
DEL-007754,FL-033591,Air Traffic Control,26
DEL-007755,FL-033596,Late Aircraft Arrival,76
DEL-007756,FL-033608,Maintenance,41
DEL-007757,FL-033612,Air Traffic Control,62
DEL-007758,FL-033614,Air Traffic Control,26
DEL-007759,FL-033618,Air Traffic Control,117
DEL-007760,FL-033627,Weather,40
DEL-007761,FL-033632,Late Aircraft Arrival,51
DEL-007762,FL-033638,Weather,87
DEL-007763,FL-033647,Weather,59
DEL-007764,FL-033649,Maintenance,89
DEL-007765,FL-033653,Late Aircraft Arrival,38
DEL-007766,FL-033656,Security,48
DEL-007767,FL-033660,Late Aircraft Arrival,16
DEL-007768,FL-033663,Air Traffic Control,21
DEL-007769,FL-033669,Weather,49
DEL-007770,FL-033670,Weather,55
DEL-007771,FL-033673,Weather,49
DEL-007772,FL-033680,Maintenance,68
DEL-007773,FL-033685,Late Aircraft Arrival,43
DEL-007774,FL-033686,Air Traffic Control,29
DEL-007775,FL-033690,Weather,80
DEL-007776,FL-033691,Air Traffic Control,72
DEL-007777,FL-033701,Air Traffic Control,82
DEL-007778,FL-033703,Late Aircraft Arrival,20
DEL-007779,FL-033708,Air Traffic Control,33
DEL-007780,FL-033711,Maintenance,92
DEL-007781,FL-033712,Security,52
DEL-007782,FL-033713,Weather,15
DEL-007783,FL-033717,Air Traffic Control,145
DEL-007784,FL-033726,Late Aircraft Arrival,16
DEL-007785,FL-033734,Late Aircraft Arrival,22
DEL-007786,FL-033735,Weather,146
DEL-007787,FL-033740,Late Aircraft Arrival,87
DEL-007788,FL-033744,Maintenance,23
DEL-007789,FL-033745,Air Traffic Control,51
DEL-007790,FL-033747,Maintenance,96
DEL-007791,FL-033750,Weather,29
DEL-007792,FL-033755,Maintenance,66
DEL-007793,FL-033756,Late Aircraft Arrival,66
DEL-007794,FL-033766,Weather,43
DEL-007795,FL-033773,Air Traffic Control,26
DEL-007796,FL-033780,Weather,20
DEL-007797,FL-033786,Air Traffic Control,26
DEL-007798,FL-033787,Weather,37
DEL-007799,FL-033788,Weather,37
DEL-007800,FL-033792,Weather,33
DEL-007801,FL-033805,Maintenance,29
DEL-007802,FL-033812,Maintenance,72
DEL-007803,FL-033820,Maintenance,25
DEL-007804,FL-033822,Late Aircraft Arrival,29
DEL-007805,FL-033823,Weather,25
DEL-007806,FL-033828,Maintenance,123
DEL-007807,FL-033835,Air Traffic Control,16
DEL-007808,FL-033841,Security,20
DEL-007809,FL-033846,Security,31
DEL-007810,FL-033847,Maintenance,33
DEL-007811,FL-033849,Maintenance,41
DEL-007812,FL-033854,Air Traffic Control,47
DEL-007813,FL-033867,Late Aircraft Arrival,22
DEL-007814,FL-033868,Maintenance,77
DEL-007815,FL-033871,Air Traffic Control,95
DEL-007816,FL-033877,Air Traffic Control,52
DEL-007817,FL-033885,Maintenance,93
DEL-007818,FL-033886,Air Traffic Control,61
DEL-007819,FL-033893,Weather,77
DEL-007820,FL-033896,Air Traffic Control,30
DEL-007821,FL-033897,Air Traffic Control,96
DEL-007822,FL-033908,Maintenance,15
DEL-007823,FL-033918,Air Traffic Control,64
DEL-007824,FL-033921,Air Traffic Control,28
DEL-007825,FL-033923,Late Aircraft Arrival,107
DEL-007826,FL-033927,Late Aircraft Arrival,22
DEL-007827,FL-033928,Maintenance,23
DEL-007828,FL-033932,Air Traffic Control,15
DEL-007829,FL-033941,Weather,56
DEL-007830,FL-033942,Air Traffic Control,26
DEL-007831,FL-033943,Air Traffic Control,27
DEL-007832,FL-033945,Weather,41
DEL-007833,FL-033946,Security,104
DEL-007834,FL-033948,Air Traffic Control,22
DEL-007835,FL-033950,Maintenance,41
DEL-007836,FL-033955,Maintenance,104
DEL-007837,FL-033956,Air Traffic Control,25
DEL-007838,FL-033966,Maintenance,61
DEL-007839,FL-033970,Weather,68
DEL-007840,FL-033973,Air Traffic Control,73
DEL-007841,FL-033976,Air Traffic Control,16
DEL-007842,FL-033982,Air Traffic Control,134
DEL-007843,FL-033996,Air Traffic Control,46
DEL-007844,FL-033997,Late Aircraft Arrival,16
DEL-007845,FL-033999,Air Traffic Control,63
DEL-007846,FL-034002,Weather,30
DEL-007847,FL-034004,Maintenance,26
DEL-007848,FL-034006,Late Aircraft Arrival,35
DEL-007849,FL-034012,Maintenance,45
DEL-007850,FL-034017,Air Traffic Control,17
DEL-007851,FL-034024,Air Traffic Control,24
DEL-007852,FL-034025,Air Traffic Control,63
DEL-007853,FL-034028,Air Traffic Control,222
DEL-007854,FL-034030,Maintenance,50
DEL-007855,FL-034041,Security,125
DEL-007856,FL-034042,Weather,58
DEL-007857,FL-034043,Weather,44
DEL-007858,FL-034045,Maintenance,126
DEL-007859,FL-034046,Maintenance,55
DEL-007860,FL-034049,Maintenance,31
DEL-007861,FL-034052,Air Traffic Control,85
DEL-007862,FL-034056,Weather,39
DEL-007863,FL-034059,Air Traffic Control,90
DEL-007864,FL-034064,Weather,71
DEL-007865,FL-034069,Air Traffic Control,22
DEL-007866,FL-034071,Weather,139
DEL-007867,FL-034072,Weather,18
DEL-007868,FL-034075,Late Aircraft Arrival,156
DEL-007869,FL-034080,Air Traffic Control,44
DEL-007870,FL-034086,Maintenance,59
DEL-007871,FL-034089,Maintenance,21
DEL-007872,FL-034095,Air Traffic Control,32
DEL-007873,FL-034103,Air Traffic Control,171
DEL-007874,FL-034104,Weather,95
DEL-007875,FL-034109,Maintenance,244
DEL-007876,FL-034113,Maintenance,22
DEL-007877,FL-034115,Late Aircraft Arrival,142
DEL-007878,FL-034119,Weather,26
DEL-007879,FL-034129,Weather,45
DEL-007880,FL-034135,Air Traffic Control,34
DEL-007881,FL-034136,Air Traffic Control,123
DEL-007882,FL-034143,Late Aircraft Arrival,23
DEL-007883,FL-034149,Maintenance,41
DEL-007884,FL-034150,Air Traffic Control,87
DEL-007885,FL-034151,Late Aircraft Arrival,22
DEL-007886,FL-034152,Security,73
DEL-007887,FL-034154,Air Traffic Control,40
DEL-007888,FL-034157,Air Traffic Control,70
DEL-007889,FL-034166,Late Aircraft Arrival,21
DEL-007890,FL-034168,Maintenance,27
DEL-007891,FL-034171,Air Traffic Control,21
DEL-007892,FL-034172,Air Traffic Control,58
DEL-007893,FL-034174,Weather,40
DEL-007894,FL-034182,Air Traffic Control,39
DEL-007895,FL-034183,Maintenance,58
DEL-007896,FL-034185,Weather,26
DEL-007897,FL-034190,Air Traffic Control,60
DEL-007898,FL-034207,Weather,78
DEL-007899,FL-034208,Weather,17
DEL-007900,FL-034209,Late Aircraft Arrival,101
DEL-007901,FL-034210,Weather,15
DEL-007902,FL-034213,Air Traffic Control,81
DEL-007903,FL-034221,Air Traffic Control,41
DEL-007904,FL-034230,Air Traffic Control,35
DEL-007905,FL-034235,Maintenance,38
DEL-007906,FL-034237,Air Traffic Control,89
DEL-007907,FL-034238,Weather,32
DEL-007908,FL-034243,Air Traffic Control,82
DEL-007909,FL-034248,Late Aircraft Arrival,30
DEL-007910,FL-034249,Weather,25
DEL-007911,FL-034252,Late Aircraft Arrival,41
DEL-007912,FL-034255,Weather,78
DEL-007913,FL-034269,Air Traffic Control,21
DEL-007914,FL-034270,Air Traffic Control,28
DEL-007915,FL-034272,Maintenance,44
DEL-007916,FL-034275,Late Aircraft Arrival,32
DEL-007917,FL-034276,Late Aircraft Arrival,30
DEL-007918,FL-034279,Maintenance,35
DEL-007919,FL-034297,Air Traffic Control,38
DEL-007920,FL-034299,Air Traffic Control,81
DEL-007921,FL-034307,Maintenance,35
DEL-007922,FL-034308,Maintenance,47
DEL-007923,FL-034309,Weather,34
DEL-007924,FL-034310,Weather,19
DEL-007925,FL-034312,Late Aircraft Arrival,49
DEL-007926,FL-034315,Security,90
DEL-007927,FL-034324,Air Traffic Control,19
DEL-007928,FL-034326,Maintenance,25
DEL-007929,FL-034330,Weather,28
DEL-007930,FL-034345,Maintenance,17
DEL-007931,FL-034352,Maintenance,38
DEL-007932,FL-034353,Maintenance,39
DEL-007933,FL-034355,Weather,127
DEL-007934,FL-034357,Air Traffic Control,19
DEL-007935,FL-034365,Late Aircraft Arrival,16
DEL-007936,FL-034370,Weather,18
DEL-007937,FL-034374,Air Traffic Control,25
DEL-007938,FL-034375,Air Traffic Control,20
DEL-007939,FL-034377,Late Aircraft Arrival,39
DEL-007940,FL-034378,Maintenance,83
DEL-007941,FL-034379,Late Aircraft Arrival,50
DEL-007942,FL-034382,Air Traffic Control,15
DEL-007943,FL-034392,Weather,22
DEL-007944,FL-034393,Weather,226
DEL-007945,FL-034395,Weather,105
DEL-007946,FL-034396,Weather,48
DEL-007947,FL-034400,Weather,25
DEL-007948,FL-034402,Air Traffic Control,21
DEL-007949,FL-034405,Late Aircraft Arrival,15
DEL-007950,FL-034406,Weather,107
DEL-007951,FL-034407,Maintenance,62
DEL-007952,FL-034418,Air Traffic Control,35
DEL-007953,FL-034426,Air Traffic Control,43
DEL-007954,FL-034427,Maintenance,22
DEL-007955,FL-034428,Air Traffic Control,91
DEL-007956,FL-034433,Weather,25
DEL-007957,FL-034434,Air Traffic Control,51
DEL-007958,FL-034441,Late Aircraft Arrival,75
DEL-007959,FL-034445,Weather,35
DEL-007960,FL-034447,Maintenance,22
DEL-007961,FL-034449,Security,23
DEL-007962,FL-034451,Maintenance,64
DEL-007963,FL-034453,Maintenance,28
DEL-007964,FL-034454,Maintenance,28
DEL-007965,FL-034455,Maintenance,85
DEL-007966,FL-034456,Late Aircraft Arrival,31
DEL-007967,FL-034458,Weather,83
DEL-007968,FL-034459,Weather,55
DEL-007969,FL-034460,Maintenance,59
DEL-007970,FL-034466,Weather,80
DEL-007971,FL-034470,Weather,154
DEL-007972,FL-034472,Late Aircraft Arrival,39
DEL-007973,FL-034475,Air Traffic Control,59
DEL-007974,FL-034481,Late Aircraft Arrival,121
DEL-007975,FL-034487,Air Traffic Control,47
DEL-007976,FL-034502,Late Aircraft Arrival,17
DEL-007977,FL-034503,Air Traffic Control,17
DEL-007978,FL-034508,Maintenance,87
DEL-007979,FL-034509,Late Aircraft Arrival,24
DEL-007980,FL-034511,Late Aircraft Arrival,37
DEL-007981,FL-034518,Air Traffic Control,24
DEL-007982,FL-034520,Late Aircraft Arrival,17
DEL-007983,FL-034522,Weather,136
DEL-007984,FL-034539,Late Aircraft Arrival,312
DEL-007985,FL-034541,Weather,51
DEL-007986,FL-034554,Weather,85
DEL-007987,FL-034555,Weather,28
DEL-007988,FL-034556,Weather,26
DEL-007989,FL-034557,Air Traffic Control,39
DEL-007990,FL-034559,Late Aircraft Arrival,59
DEL-007991,FL-034562,Air Traffic Control,38
DEL-007992,FL-034565,Weather,23
DEL-007993,FL-034568,Weather,231
DEL-007994,FL-034569,Late Aircraft Arrival,18
DEL-007995,FL-034579,Air Traffic Control,28
DEL-007996,FL-034587,Air Traffic Control,23
DEL-007997,FL-034591,Maintenance,93
DEL-007998,FL-034592,Air Traffic Control,116
DEL-007999,FL-034595,Air Traffic Control,42
DEL-008000,FL-034600,Late Aircraft Arrival,86
DEL-008001,FL-034605,Security,38
DEL-008002,FL-034615,Late Aircraft Arrival,103
DEL-008003,FL-034617,Air Traffic Control,44
DEL-008004,FL-034622,Maintenance,31
DEL-008005,FL-034626,Air Traffic Control,73
DEL-008006,FL-034628,Weather,35
DEL-008007,FL-034629,Air Traffic Control,102
DEL-008008,FL-034630,Air Traffic Control,20
DEL-008009,FL-034633,Maintenance,108
DEL-008010,FL-034637,Late Aircraft Arrival,92
DEL-008011,FL-034638,Air Traffic Control,99
DEL-008012,FL-034641,Weather,61
DEL-008013,FL-034651,Air Traffic Control,22
DEL-008014,FL-034652,Maintenance,49
DEL-008015,FL-034655,Air Traffic Control,21
DEL-008016,FL-034660,Late Aircraft Arrival,31
DEL-008017,FL-034672,Late Aircraft Arrival,22
DEL-008018,FL-034674,Maintenance,84
DEL-008019,FL-034675,Maintenance,16
DEL-008020,FL-034677,Weather,46
DEL-008021,FL-034678,Air Traffic Control,36
DEL-008022,FL-034679,Air Traffic Control,40
DEL-008023,FL-034681,Security,99
DEL-008024,FL-034684,Weather,88
DEL-008025,FL-034690,Maintenance,15
DEL-008026,FL-034692,Weather,77
DEL-008027,FL-034698,Air Traffic Control,39
DEL-008028,FL-034699,Air Traffic Control,49
DEL-008029,FL-034710,Air Traffic Control,70
DEL-008030,FL-034717,Late Aircraft Arrival,49
DEL-008031,FL-034721,Air Traffic Control,87
DEL-008032,FL-034725,Maintenance,128
DEL-008033,FL-034727,Maintenance,21
DEL-008034,FL-034728,Weather,15
DEL-008035,FL-034730,Weather,19
DEL-008036,FL-034735,Air Traffic Control,53
DEL-008037,FL-034737,Late Aircraft Arrival,26
DEL-008038,FL-034745,Air Traffic Control,17
DEL-008039,FL-034746,Maintenance,33
DEL-008040,FL-034757,Weather,91
DEL-008041,FL-034758,Weather,46
DEL-008042,FL-034763,Air Traffic Control,33
DEL-008043,FL-034769,Weather,62
DEL-008044,FL-034781,Maintenance,45
DEL-008045,FL-034783,Maintenance,24
DEL-008046,FL-034788,Late Aircraft Arrival,38
DEL-008047,FL-034790,Late Aircraft Arrival,100
DEL-008048,FL-034791,Maintenance,21
DEL-008049,FL-034796,Late Aircraft Arrival,17
DEL-008050,FL-034797,Maintenance,24
DEL-008051,FL-034798,Weather,17
DEL-008052,FL-034799,Weather,22
DEL-008053,FL-034806,Late Aircraft Arrival,18
DEL-008054,FL-034808,Late Aircraft Arrival,56
DEL-008055,FL-034813,Security,64
DEL-008056,FL-034814,Weather,34
DEL-008057,FL-034815,Air Traffic Control,26
DEL-008058,FL-034819,Weather,122
DEL-008059,FL-034823,Security,33
DEL-008060,FL-034829,Maintenance,23
DEL-008061,FL-034832,Air Traffic Control,56
DEL-008062,FL-034839,Air Traffic Control,41
DEL-008063,FL-034840,Late Aircraft Arrival,21
DEL-008064,FL-034850,Maintenance,25
DEL-008065,FL-034857,Air Traffic Control,20
DEL-008066,FL-034858,Maintenance,26
DEL-008067,FL-034859,Maintenance,34
DEL-008068,FL-034862,Air Traffic Control,20
DEL-008069,FL-034864,Air Traffic Control,64
DEL-008070,FL-034868,Maintenance,17
DEL-008071,FL-034886,Air Traffic Control,117
DEL-008072,FL-034889,Late Aircraft Arrival,80
DEL-008073,FL-034896,Weather,39
DEL-008074,FL-034899,Late Aircraft Arrival,77
DEL-008075,FL-034902,Late Aircraft Arrival,21
DEL-008076,FL-034909,Maintenance,141
DEL-008077,FL-034911,Weather,15
DEL-008078,FL-034917,Weather,18
DEL-008079,FL-034921,Security,45
DEL-008080,FL-034923,Late Aircraft Arrival,48
DEL-008081,FL-034930,Security,112
DEL-008082,FL-034931,Air Traffic Control,125
DEL-008083,FL-034941,Weather,30
DEL-008084,FL-034944,Late Aircraft Arrival,69
DEL-008085,FL-034947,Late Aircraft Arrival,74
DEL-008086,FL-034952,Maintenance,59
DEL-008087,FL-034963,Weather,44
DEL-008088,FL-034966,Security,62
DEL-008089,FL-034967,Air Traffic Control,27
DEL-008090,FL-034980,Late Aircraft Arrival,124
DEL-008091,FL-034983,Air Traffic Control,70
DEL-008092,FL-034987,Late Aircraft Arrival,21
DEL-008093,FL-034989,Maintenance,58
DEL-008094,FL-034995,Maintenance,62
DEL-008095,FL-034996,Air Traffic Control,40
DEL-008096,FL-034997,Air Traffic Control,21
DEL-008097,FL-035001,Weather,227
DEL-008098,FL-035007,Weather,28
DEL-008099,FL-035009,Weather,20
DEL-008100,FL-035018,Maintenance,34
DEL-008101,FL-035032,Weather,107
DEL-008102,FL-035034,Air Traffic Control,103
DEL-008103,FL-035036,Weather,120
DEL-008104,FL-035041,Late Aircraft Arrival,91
DEL-008105,FL-035043,Late Aircraft Arrival,49
DEL-008106,FL-035049,Air Traffic Control,108
DEL-008107,FL-035062,Air Traffic Control,17
DEL-008108,FL-035063,Air Traffic Control,24
DEL-008109,FL-035066,Weather,21
DEL-008110,FL-035069,Late Aircraft Arrival,84
DEL-008111,FL-035072,Weather,141
DEL-008112,FL-035073,Maintenance,46
DEL-008113,FL-035081,Security,59
DEL-008114,FL-035089,Weather,77
DEL-008115,FL-035091,Late Aircraft Arrival,30
DEL-008116,FL-035101,Air Traffic Control,15
DEL-008117,FL-035106,Weather,36
DEL-008118,FL-035107,Weather,109
DEL-008119,FL-035108,Weather,33
DEL-008120,FL-035110,Weather,42
DEL-008121,FL-035112,Weather,37
DEL-008122,FL-035115,Weather,18
DEL-008123,FL-035117,Air Traffic Control,19
DEL-008124,FL-035119,Air Traffic Control,37
DEL-008125,FL-035123,Air Traffic Control,74
DEL-008126,FL-035127,Air Traffic Control,129
DEL-008127,FL-035131,Air Traffic Control,18
DEL-008128,FL-035146,Late Aircraft Arrival,119
DEL-008129,FL-035149,Weather,24
DEL-008130,FL-035152,Maintenance,80
DEL-008131,FL-035153,Maintenance,88
DEL-008132,FL-035154,Weather,51
DEL-008133,FL-035155,Maintenance,25
DEL-008134,FL-035165,Weather,18
DEL-008135,FL-035167,Late Aircraft Arrival,31
DEL-008136,FL-035173,Maintenance,75
DEL-008137,FL-035175,Late Aircraft Arrival,120
DEL-008138,FL-035181,Maintenance,46
DEL-008139,FL-035183,Weather,52
DEL-008140,FL-035186,Air Traffic Control,52
DEL-008141,FL-035193,Late Aircraft Arrival,36
DEL-008142,FL-035195,Weather,26
DEL-008143,FL-035200,Late Aircraft Arrival,89
DEL-008144,FL-035201,Air Traffic Control,98
DEL-008145,FL-035204,Air Traffic Control,20
DEL-008146,FL-035215,Weather,41
DEL-008147,FL-035216,Maintenance,78
DEL-008148,FL-035218,Weather,107
DEL-008149,FL-035220,Weather,23
DEL-008150,FL-035229,Weather,75
DEL-008151,FL-035230,Weather,63
DEL-008152,FL-035241,Air Traffic Control,52
DEL-008153,FL-035243,Late Aircraft Arrival,80
DEL-008154,FL-035252,Maintenance,88
DEL-008155,FL-035253,Air Traffic Control,42
DEL-008156,FL-035263,Maintenance,29
DEL-008157,FL-035266,Late Aircraft Arrival,151
DEL-008158,FL-035267,Maintenance,29
DEL-008159,FL-035271,Air Traffic Control,20
DEL-008160,FL-035272,Late Aircraft Arrival,121
DEL-008161,FL-035277,Late Aircraft Arrival,155
DEL-008162,FL-035278,Air Traffic Control,30
DEL-008163,FL-035279,Weather,17
DEL-008164,FL-035280,Air Traffic Control,53
DEL-008165,FL-035284,Air Traffic Control,15
DEL-008166,FL-035285,Weather,86
DEL-008167,FL-035291,Air Traffic Control,132
DEL-008168,FL-035293,Air Traffic Control,21
DEL-008169,FL-035305,Late Aircraft Arrival,37
DEL-008170,FL-035312,Air Traffic Control,22
DEL-008171,FL-035317,Maintenance,43
DEL-008172,FL-035319,Late Aircraft Arrival,90
DEL-008173,FL-035329,Weather,91
DEL-008174,FL-035330,Maintenance,155
DEL-008175,FL-035331,Late Aircraft Arrival,25
DEL-008176,FL-035332,Air Traffic Control,37
DEL-008177,FL-035333,Weather,46
DEL-008178,FL-035334,Maintenance,48
DEL-008179,FL-035341,Late Aircraft Arrival,44
DEL-008180,FL-035345,Weather,34
DEL-008181,FL-035353,Security,72
DEL-008182,FL-035354,Late Aircraft Arrival,39
DEL-008183,FL-035358,Maintenance,32
DEL-008184,FL-035362,Late Aircraft Arrival,79
DEL-008185,FL-035370,Maintenance,97
DEL-008186,FL-035376,Air Traffic Control,19
DEL-008187,FL-035378,Maintenance,26
DEL-008188,FL-035381,Maintenance,38
DEL-008189,FL-035384,Security,41
DEL-008190,FL-035386,Air Traffic Control,30
DEL-008191,FL-035390,Air Traffic Control,77
DEL-008192,FL-035391,Late Aircraft Arrival,110
DEL-008193,FL-035392,Air Traffic Control,100
DEL-008194,FL-035395,Late Aircraft Arrival,99
DEL-008195,FL-035396,Late Aircraft Arrival,86
DEL-008196,FL-035402,Air Traffic Control,16
DEL-008197,FL-035413,Maintenance,62
DEL-008198,FL-035426,Weather,153
DEL-008199,FL-035439,Air Traffic Control,27
DEL-008200,FL-035447,Maintenance,88
DEL-008201,FL-035448,Maintenance,29
DEL-008202,FL-035450,Air Traffic Control,31
DEL-008203,FL-035451,Air Traffic Control,19
DEL-008204,FL-035452,Maintenance,53
DEL-008205,FL-035454,Maintenance,174
DEL-008206,FL-035474,Air Traffic Control,93
DEL-008207,FL-035475,Weather,64
DEL-008208,FL-035478,Security,137
DEL-008209,FL-035480,Maintenance,168
DEL-008210,FL-035481,Air Traffic Control,85
DEL-008211,FL-035487,Air Traffic Control,100
DEL-008212,FL-035488,Maintenance,46
DEL-008213,FL-035491,Air Traffic Control,29
DEL-008214,FL-035499,Weather,44
DEL-008215,FL-035502,Air Traffic Control,109
DEL-008216,FL-035505,Weather,26
DEL-008217,FL-035508,Weather,43
DEL-008218,FL-035510,Security,36
DEL-008219,FL-035513,Late Aircraft Arrival,75
DEL-008220,FL-035515,Air Traffic Control,52
DEL-008221,FL-035523,Weather,43
DEL-008222,FL-035525,Weather,24
DEL-008223,FL-035534,Weather,35
DEL-008224,FL-035540,Late Aircraft Arrival,18
DEL-008225,FL-035541,Weather,46
DEL-008226,FL-035546,Weather,59
DEL-008227,FL-035547,Air Traffic Control,102
DEL-008228,FL-035549,Maintenance,35
DEL-008229,FL-035553,Air Traffic Control,39
DEL-008230,FL-035560,Weather,69
DEL-008231,FL-035563,Weather,26
DEL-008232,FL-035566,Late Aircraft Arrival,60
DEL-008233,FL-035568,Late Aircraft Arrival,37
DEL-008234,FL-035570,Weather,104
DEL-008235,FL-035571,Late Aircraft Arrival,123
DEL-008236,FL-035581,Weather,36
DEL-008237,FL-035582,Weather,15
DEL-008238,FL-035583,Late Aircraft Arrival,23
DEL-008239,FL-035598,Security,16
DEL-008240,FL-035599,Weather,39
DEL-008241,FL-035601,Air Traffic Control,74
DEL-008242,FL-035602,Air Traffic Control,25
DEL-008243,FL-035619,Weather,50
DEL-008244,FL-035620,Air Traffic Control,26
DEL-008245,FL-035623,Late Aircraft Arrival,53
DEL-008246,FL-035628,Air Traffic Control,78
DEL-008247,FL-035639,Weather,87
DEL-008248,FL-035641,Air Traffic Control,16
DEL-008249,FL-035644,Maintenance,66
DEL-008250,FL-035649,Late Aircraft Arrival,24
DEL-008251,FL-035652,Maintenance,151
DEL-008252,FL-035659,Air Traffic Control,72
DEL-008253,FL-035663,Maintenance,74
DEL-008254,FL-035667,Weather,29
DEL-008255,FL-035675,Security,35
DEL-008256,FL-035677,Maintenance,17
DEL-008257,FL-035686,Security,24
DEL-008258,FL-035690,Weather,84
DEL-008259,FL-035692,Late Aircraft Arrival,42
DEL-008260,FL-035694,Security,112
DEL-008261,FL-035697,Late Aircraft Arrival,121
DEL-008262,FL-035719,Late Aircraft Arrival,34
DEL-008263,FL-035721,Maintenance,71
DEL-008264,FL-035723,Air Traffic Control,36
DEL-008265,FL-035729,Weather,89
DEL-008266,FL-035738,Air Traffic Control,99
DEL-008267,FL-035739,Air Traffic Control,118
DEL-008268,FL-035740,Air Traffic Control,17
DEL-008269,FL-035742,Weather,41
DEL-008270,FL-035755,Air Traffic Control,89
DEL-008271,FL-035759,Late Aircraft Arrival,36
DEL-008272,FL-035770,Late Aircraft Arrival,89
DEL-008273,FL-035772,Air Traffic Control,50
DEL-008274,FL-035773,Air Traffic Control,36
DEL-008275,FL-035774,Air Traffic Control,17
DEL-008276,FL-035775,Late Aircraft Arrival,39
DEL-008277,FL-035786,Weather,68
DEL-008278,FL-035787,Air Traffic Control,20
DEL-008279,FL-035788,Maintenance,50
DEL-008280,FL-035789,Maintenance,52
DEL-008281,FL-035798,Late Aircraft Arrival,173
DEL-008282,FL-035804,Maintenance,61
DEL-008283,FL-035807,Late Aircraft Arrival,45
DEL-008284,FL-035821,Weather,91
DEL-008285,FL-035833,Late Aircraft Arrival,57
DEL-008286,FL-035835,Late Aircraft Arrival,103
DEL-008287,FL-035843,Air Traffic Control,19
DEL-008288,FL-035845,Air Traffic Control,75
DEL-008289,FL-035847,Late Aircraft Arrival,28
DEL-008290,FL-035850,Late Aircraft Arrival,69
DEL-008291,FL-035851,Maintenance,15
DEL-008292,FL-035855,Security,35
DEL-008293,FL-035862,Air Traffic Control,50
DEL-008294,FL-035864,Security,55
DEL-008295,FL-035865,Maintenance,56
DEL-008296,FL-035866,Maintenance,179
DEL-008297,FL-035869,Late Aircraft Arrival,25
DEL-008298,FL-035870,Maintenance,84
DEL-008299,FL-035883,Air Traffic Control,68
DEL-008300,FL-035887,Late Aircraft Arrival,194
DEL-008301,FL-035896,Weather,30
DEL-008302,FL-035897,Maintenance,22
DEL-008303,FL-035901,Maintenance,19
DEL-008304,FL-035905,Maintenance,36
DEL-008305,FL-035906,Air Traffic Control,101
DEL-008306,FL-035908,Maintenance,25
DEL-008307,FL-035913,Air Traffic Control,42
DEL-008308,FL-035917,Air Traffic Control,51
DEL-008309,FL-035923,Maintenance,24
DEL-008310,FL-035926,Late Aircraft Arrival,15
DEL-008311,FL-035929,Maintenance,62
DEL-008312,FL-035939,Weather,27
DEL-008313,FL-035943,Late Aircraft Arrival,72
DEL-008314,FL-035948,Late Aircraft Arrival,28
DEL-008315,FL-035950,Air Traffic Control,35
DEL-008316,FL-035956,Weather,23
DEL-008317,FL-035958,Air Traffic Control,30
DEL-008318,FL-035962,Security,108
DEL-008319,FL-035964,Weather,25
DEL-008320,FL-035966,Late Aircraft Arrival,47
DEL-008321,FL-035969,Air Traffic Control,48
DEL-008322,FL-035971,Weather,58
DEL-008323,FL-035972,Air Traffic Control,50
DEL-008324,FL-035978,Air Traffic Control,44
DEL-008325,FL-035979,Air Traffic Control,118
DEL-008326,FL-035982,Air Traffic Control,108
DEL-008327,FL-035985,Air Traffic Control,45
DEL-008328,FL-035986,Maintenance,100
DEL-008329,FL-035989,Weather,64
DEL-008330,FL-035993,Maintenance,42
DEL-008331,FL-035998,Weather,45
DEL-008332,FL-035999,Air Traffic Control,15
DEL-008333,FL-036001,Air Traffic Control,40
DEL-008334,FL-036003,Air Traffic Control,18
DEL-008335,FL-036011,Weather,33
DEL-008336,FL-036013,Maintenance,17
DEL-008337,FL-036014,Weather,143
DEL-008338,FL-036015,Air Traffic Control,72
DEL-008339,FL-036023,Weather,91
DEL-008340,FL-036033,Late Aircraft Arrival,37
DEL-008341,FL-036034,Maintenance,24
DEL-008342,FL-036049,Weather,163
DEL-008343,FL-036050,Weather,56
DEL-008344,FL-036053,Maintenance,34
DEL-008345,FL-036058,Air Traffic Control,51
DEL-008346,FL-036061,Security,82
DEL-008347,FL-036067,Air Traffic Control,31
DEL-008348,FL-036068,Weather,28
DEL-008349,FL-036069,Weather,37
DEL-008350,FL-036070,Weather,93
DEL-008351,FL-036073,Maintenance,21
DEL-008352,FL-036074,Weather,51
DEL-008353,FL-036080,Weather,40
DEL-008354,FL-036082,Air Traffic Control,36
DEL-008355,FL-036088,Weather,94
DEL-008356,FL-036090,Maintenance,35
DEL-008357,FL-036091,Weather,44
DEL-008358,FL-036095,Air Traffic Control,95
DEL-008359,FL-036102,Late Aircraft Arrival,188
DEL-008360,FL-036105,Maintenance,28
DEL-008361,FL-036108,Air Traffic Control,54
DEL-008362,FL-036111,Weather,17
DEL-008363,FL-036112,Late Aircraft Arrival,19
DEL-008364,FL-036119,Air Traffic Control,66
DEL-008365,FL-036121,Weather,50
DEL-008366,FL-036123,Air Traffic Control,93
DEL-008367,FL-036125,Maintenance,117
DEL-008368,FL-036129,Air Traffic Control,65
DEL-008369,FL-036138,Maintenance,39
DEL-008370,FL-036140,Security,76
DEL-008371,FL-036141,Maintenance,23
DEL-008372,FL-036144,Air Traffic Control,51
DEL-008373,FL-036149,Late Aircraft Arrival,81
DEL-008374,FL-036152,Maintenance,29
DEL-008375,FL-036153,Maintenance,83
DEL-008376,FL-036157,Air Traffic Control,163
DEL-008377,FL-036160,Weather,87
DEL-008378,FL-036161,Air Traffic Control,48
DEL-008379,FL-036164,Late Aircraft Arrival,105
DEL-008380,FL-036168,Late Aircraft Arrival,49
DEL-008381,FL-036169,Weather,125
DEL-008382,FL-036175,Air Traffic Control,152
DEL-008383,FL-036186,Air Traffic Control,30
DEL-008384,FL-036194,Air Traffic Control,41
DEL-008385,FL-036195,Late Aircraft Arrival,19
DEL-008386,FL-036199,Weather,15
DEL-008387,FL-036201,Weather,30
DEL-008388,FL-036211,Air Traffic Control,24
DEL-008389,FL-036215,Air Traffic Control,44
DEL-008390,FL-036219,Maintenance,23
DEL-008391,FL-036222,Late Aircraft Arrival,21
DEL-008392,FL-036241,Late Aircraft Arrival,84
DEL-008393,FL-036245,Security,31
DEL-008394,FL-036257,Weather,23
DEL-008395,FL-036263,Air Traffic Control,19
DEL-008396,FL-036264,Maintenance,356
DEL-008397,FL-036271,Security,117
DEL-008398,FL-036282,Maintenance,44
DEL-008399,FL-036285,Security,67
DEL-008400,FL-036290,Air Traffic Control,66
DEL-008401,FL-036297,Late Aircraft Arrival,103
DEL-008402,FL-036302,Maintenance,31
DEL-008403,FL-036303,Maintenance,26
DEL-008404,FL-036306,Weather,47
DEL-008405,FL-036308,Maintenance,23
DEL-008406,FL-036319,Air Traffic Control,28
DEL-008407,FL-036328,Maintenance,27
DEL-008408,FL-036336,Maintenance,49
DEL-008409,FL-036343,Security,18
DEL-008410,FL-036356,Air Traffic Control,53
DEL-008411,FL-036362,Weather,61
DEL-008412,FL-036366,Air Traffic Control,22
DEL-008413,FL-036367,Weather,36
DEL-008414,FL-036370,Weather,120
DEL-008415,FL-036375,Air Traffic Control,24
DEL-008416,FL-036376,Maintenance,32
DEL-008417,FL-036403,Air Traffic Control,66
DEL-008418,FL-036408,Late Aircraft Arrival,47
DEL-008419,FL-036422,Weather,37
DEL-008420,FL-036444,Air Traffic Control,19
DEL-008421,FL-036458,Late Aircraft Arrival,111
DEL-008422,FL-036461,Late Aircraft Arrival,116
DEL-008423,FL-036464,Weather,16
DEL-008424,FL-036479,Air Traffic Control,66
DEL-008425,FL-036485,Weather,22
DEL-008426,FL-036487,Weather,43
DEL-008427,FL-036491,Weather,33
DEL-008428,FL-036492,Air Traffic Control,38
DEL-008429,FL-036494,Air Traffic Control,39
DEL-008430,FL-036495,Air Traffic Control,67
DEL-008431,FL-036496,Weather,44
DEL-008432,FL-036502,Weather,46
DEL-008433,FL-036504,Security,49
DEL-008434,FL-036505,Late Aircraft Arrival,29
DEL-008435,FL-036509,Maintenance,53
DEL-008436,FL-036511,Maintenance,26
DEL-008437,FL-036516,Weather,55
DEL-008438,FL-036522,Weather,67
DEL-008439,FL-036523,Maintenance,30
DEL-008440,FL-036524,Air Traffic Control,37
DEL-008441,FL-036535,Late Aircraft Arrival,28
DEL-008442,FL-036538,Late Aircraft Arrival,35
DEL-008443,FL-036545,Air Traffic Control,22
DEL-008444,FL-036546,Weather,21
DEL-008445,FL-036547,Weather,26
DEL-008446,FL-036551,Maintenance,36
DEL-008447,FL-036552,Air Traffic Control,50
DEL-008448,FL-036556,Late Aircraft Arrival,23
DEL-008449,FL-036559,Maintenance,76
DEL-008450,FL-036562,Late Aircraft Arrival,25
DEL-008451,FL-036563,Maintenance,70
DEL-008452,FL-036571,Weather,18
DEL-008453,FL-036579,Air Traffic Control,18
DEL-008454,FL-036582,Late Aircraft Arrival,60
DEL-008455,FL-036583,Maintenance,78
DEL-008456,FL-036591,Air Traffic Control,22
DEL-008457,FL-036592,Security,67
DEL-008458,FL-036609,Late Aircraft Arrival,22
DEL-008459,FL-036610,Maintenance,19
DEL-008460,FL-036613,Late Aircraft Arrival,240
DEL-008461,FL-036615,Late Aircraft Arrival,152
DEL-008462,FL-036621,Maintenance,26
DEL-008463,FL-036629,Air Traffic Control,43
DEL-008464,FL-036632,Weather,25
DEL-008465,FL-036639,Weather,32
DEL-008466,FL-036641,Security,15
DEL-008467,FL-036647,Weather,16
DEL-008468,FL-036651,Weather,60
DEL-008469,FL-036655,Air Traffic Control,49
DEL-008470,FL-036657,Late Aircraft Arrival,85
DEL-008471,FL-036679,Late Aircraft Arrival,41
DEL-008472,FL-036681,Air Traffic Control,22
DEL-008473,FL-036683,Late Aircraft Arrival,88
DEL-008474,FL-036691,Weather,49
DEL-008475,FL-036698,Air Traffic Control,155
DEL-008476,FL-036716,Maintenance,71
DEL-008477,FL-036718,Weather,34
DEL-008478,FL-036724,Air Traffic Control,98
DEL-008479,FL-036726,Late Aircraft Arrival,22
DEL-008480,FL-036727,Maintenance,18
DEL-008481,FL-036730,Late Aircraft Arrival,77
DEL-008482,FL-036742,Air Traffic Control,50
DEL-008483,FL-036747,Security,213
DEL-008484,FL-036748,Air Traffic Control,86
DEL-008485,FL-036752,Air Traffic Control,61
DEL-008486,FL-036753,Air Traffic Control,21
DEL-008487,FL-036754,Maintenance,30
DEL-008488,FL-036759,Air Traffic Control,46
DEL-008489,FL-036762,Maintenance,115
DEL-008490,FL-036769,Maintenance,30
DEL-008491,FL-036775,Weather,145
DEL-008492,FL-036776,Air Traffic Control,92
DEL-008493,FL-036778,Weather,51
DEL-008494,FL-036782,Late Aircraft Arrival,60
DEL-008495,FL-036787,Late Aircraft Arrival,128
DEL-008496,FL-036793,Maintenance,62
DEL-008497,FL-036797,Maintenance,47
DEL-008498,FL-036805,Late Aircraft Arrival,41
DEL-008499,FL-036811,Late Aircraft Arrival,71
DEL-008500,FL-036817,Maintenance,25
DEL-008501,FL-036820,Weather,42
DEL-008502,FL-036824,Air Traffic Control,81
DEL-008503,FL-036833,Maintenance,41
DEL-008504,FL-036839,Maintenance,20
DEL-008505,FL-036840,Air Traffic Control,109
DEL-008506,FL-036846,Weather,37
DEL-008507,FL-036848,Air Traffic Control,109
DEL-008508,FL-036852,Air Traffic Control,50
DEL-008509,FL-036855,Late Aircraft Arrival,117
DEL-008510,FL-036857,Weather,69
DEL-008511,FL-036871,Maintenance,82
DEL-008512,FL-036879,Weather,37
DEL-008513,FL-036881,Maintenance,77
DEL-008514,FL-036883,Air Traffic Control,15
DEL-008515,FL-036884,Weather,48
DEL-008516,FL-036891,Late Aircraft Arrival,59
DEL-008517,FL-036894,Air Traffic Control,69
DEL-008518,FL-036898,Maintenance,149
DEL-008519,FL-036901,Air Traffic Control,57
DEL-008520,FL-036902,Air Traffic Control,64
DEL-008521,FL-036913,Late Aircraft Arrival,37
DEL-008522,FL-036917,Air Traffic Control,110
DEL-008523,FL-036919,Weather,94
DEL-008524,FL-036921,Security,58
DEL-008525,FL-036936,Weather,192
DEL-008526,FL-036937,Air Traffic Control,68
DEL-008527,FL-036940,Maintenance,55
DEL-008528,FL-036958,Weather,18
DEL-008529,FL-036962,Air Traffic Control,43
DEL-008530,FL-036963,Air Traffic Control,44
DEL-008531,FL-036967,Late Aircraft Arrival,73
DEL-008532,FL-036968,Late Aircraft Arrival,213
DEL-008533,FL-036975,Air Traffic Control,76
DEL-008534,FL-036976,Weather,23
DEL-008535,FL-036977,Air Traffic Control,40
DEL-008536,FL-036978,Air Traffic Control,50
DEL-008537,FL-036979,Maintenance,19
DEL-008538,FL-036980,Late Aircraft Arrival,46
DEL-008539,FL-036983,Weather,69
DEL-008540,FL-036984,Weather,32
DEL-008541,FL-036986,Air Traffic Control,56
DEL-008542,FL-036990,Maintenance,18
DEL-008543,FL-036993,Air Traffic Control,92
DEL-008544,FL-036997,Maintenance,40
DEL-008545,FL-036998,Security,64
DEL-008546,FL-037000,Maintenance,44
DEL-008547,FL-037002,Late Aircraft Arrival,30
DEL-008548,FL-037003,Weather,23
DEL-008549,FL-037004,Air Traffic Control,26
DEL-008550,FL-037006,Maintenance,52
DEL-008551,FL-037020,Maintenance,26
DEL-008552,FL-037024,Late Aircraft Arrival,79
DEL-008553,FL-037025,Weather,38
DEL-008554,FL-037026,Maintenance,56
DEL-008555,FL-037032,Weather,18
DEL-008556,FL-037034,Late Aircraft Arrival,121
DEL-008557,FL-037035,Air Traffic Control,58
DEL-008558,FL-037037,Maintenance,22
DEL-008559,FL-037038,Air Traffic Control,162
DEL-008560,FL-037048,Air Traffic Control,60
DEL-008561,FL-037050,Maintenance,85
DEL-008562,FL-037051,Late Aircraft Arrival,104
DEL-008563,FL-037061,Air Traffic Control,25
DEL-008564,FL-037065,Maintenance,87
DEL-008565,FL-037066,Air Traffic Control,19
DEL-008566,FL-037068,Weather,22
DEL-008567,FL-037069,Weather,163
DEL-008568,FL-037071,Air Traffic Control,65
DEL-008569,FL-037075,Weather,61
DEL-008570,FL-037080,Air Traffic Control,40
DEL-008571,FL-037082,Air Traffic Control,37
DEL-008572,FL-037085,Air Traffic Control,92
DEL-008573,FL-037091,Late Aircraft Arrival,91
DEL-008574,FL-037092,Air Traffic Control,19
DEL-008575,FL-037106,Air Traffic Control,67
DEL-008576,FL-037113,Weather,23
DEL-008577,FL-037116,Late Aircraft Arrival,23
DEL-008578,FL-037117,Late Aircraft Arrival,63
DEL-008579,FL-037123,Weather,46
DEL-008580,FL-037132,Late Aircraft Arrival,24
DEL-008581,FL-037135,Air Traffic Control,37
DEL-008582,FL-037136,Air Traffic Control,35
DEL-008583,FL-037137,Weather,28
DEL-008584,FL-037145,Maintenance,18
DEL-008585,FL-037147,Air Traffic Control,139
DEL-008586,FL-037148,Weather,106
DEL-008587,FL-037154,Weather,41
DEL-008588,FL-037159,Maintenance,51
DEL-008589,FL-037161,Maintenance,15
DEL-008590,FL-037162,Weather,79
DEL-008591,FL-037164,Weather,15
DEL-008592,FL-037166,Weather,120
DEL-008593,FL-037170,Weather,28
DEL-008594,FL-037174,Air Traffic Control,27
DEL-008595,FL-037176,Late Aircraft Arrival,104
DEL-008596,FL-037183,Weather,25
DEL-008597,FL-037186,Air Traffic Control,16
DEL-008598,FL-037187,Late Aircraft Arrival,55
DEL-008599,FL-037189,Maintenance,29
DEL-008600,FL-037203,Late Aircraft Arrival,29
DEL-008601,FL-037208,Maintenance,146
DEL-008602,FL-037211,Maintenance,25
DEL-008603,FL-037212,Air Traffic Control,38
DEL-008604,FL-037214,Late Aircraft Arrival,21
DEL-008605,FL-037219,Air Traffic Control,85
DEL-008606,FL-037227,Maintenance,100
DEL-008607,FL-037231,Weather,31
DEL-008608,FL-037246,Air Traffic Control,45
DEL-008609,FL-037247,Weather,86
DEL-008610,FL-037248,Weather,20
DEL-008611,FL-037252,Maintenance,24
DEL-008612,FL-037254,Late Aircraft Arrival,200
DEL-008613,FL-037258,Air Traffic Control,91
DEL-008614,FL-037261,Security,46
DEL-008615,FL-037263,Weather,31
DEL-008616,FL-037267,Air Traffic Control,65
DEL-008617,FL-037271,Weather,103
DEL-008618,FL-037273,Late Aircraft Arrival,36
DEL-008619,FL-037297,Weather,79
DEL-008620,FL-037299,Maintenance,53
DEL-008621,FL-037300,Weather,20
DEL-008622,FL-037305,Security,73
DEL-008623,FL-037309,Weather,22
DEL-008624,FL-037313,Maintenance,40
DEL-008625,FL-037317,Air Traffic Control,87
DEL-008626,FL-037318,Weather,24
DEL-008627,FL-037329,Air Traffic Control,19
DEL-008628,FL-037330,Late Aircraft Arrival,40
DEL-008629,FL-037332,Air Traffic Control,93
DEL-008630,FL-037337,Maintenance,51
DEL-008631,FL-037341,Air Traffic Control,31
DEL-008632,FL-037345,Air Traffic Control,149
DEL-008633,FL-037347,Maintenance,61
DEL-008634,FL-037353,Weather,84
DEL-008635,FL-037355,Late Aircraft Arrival,70
DEL-008636,FL-037357,Late Aircraft Arrival,42
DEL-008637,FL-037361,Maintenance,105
DEL-008638,FL-037364,Maintenance,112
DEL-008639,FL-037366,Weather,16
DEL-008640,FL-037369,Weather,97
DEL-008641,FL-037371,Weather,15
DEL-008642,FL-037375,Maintenance,176
DEL-008643,FL-037378,Weather,47
DEL-008644,FL-037379,Air Traffic Control,49
DEL-008645,FL-037384,Maintenance,20
DEL-008646,FL-037390,Maintenance,30
DEL-008647,FL-037392,Late Aircraft Arrival,31
DEL-008648,FL-037396,Weather,19
DEL-008649,FL-037399,Air Traffic Control,128
DEL-008650,FL-037407,Security,24
DEL-008651,FL-037409,Late Aircraft Arrival,22
DEL-008652,FL-037414,Late Aircraft Arrival,67
DEL-008653,FL-037415,Air Traffic Control,35
DEL-008654,FL-037417,Weather,48
DEL-008655,FL-037422,Weather,15
DEL-008656,FL-037424,Late Aircraft Arrival,83
DEL-008657,FL-037426,Late Aircraft Arrival,20
DEL-008658,FL-037431,Late Aircraft Arrival,64
DEL-008659,FL-037434,Air Traffic Control,34
DEL-008660,FL-037450,Weather,43
DEL-008661,FL-037473,Weather,51
DEL-008662,FL-037475,Air Traffic Control,24
DEL-008663,FL-037476,Weather,60
DEL-008664,FL-037478,Security,70
DEL-008665,FL-037479,Late Aircraft Arrival,16
DEL-008666,FL-037480,Air Traffic Control,142
DEL-008667,FL-037481,Air Traffic Control,34
DEL-008668,FL-037482,Late Aircraft Arrival,139
DEL-008669,FL-037492,Air Traffic Control,60
DEL-008670,FL-037497,Weather,28
DEL-008671,FL-037498,Security,91
DEL-008672,FL-037500,Air Traffic Control,28
DEL-008673,FL-037503,Air Traffic Control,57
DEL-008674,FL-037508,Weather,43
DEL-008675,FL-037517,Late Aircraft Arrival,29
DEL-008676,FL-037526,Maintenance,27
DEL-008677,FL-037527,Air Traffic Control,118
DEL-008678,FL-037528,Weather,18
DEL-008679,FL-037531,Late Aircraft Arrival,37
DEL-008680,FL-037535,Maintenance,89
DEL-008681,FL-037540,Maintenance,17
DEL-008682,FL-037542,Late Aircraft Arrival,38
DEL-008683,FL-037546,Maintenance,67
DEL-008684,FL-037549,Air Traffic Control,23
DEL-008685,FL-037552,Air Traffic Control,48
DEL-008686,FL-037558,Air Traffic Control,77
DEL-008687,FL-037560,Weather,33
DEL-008688,FL-037567,Air Traffic Control,103
DEL-008689,FL-037600,Late Aircraft Arrival,84
DEL-008690,FL-037604,Late Aircraft Arrival,92
DEL-008691,FL-037606,Air Traffic Control,42
DEL-008692,FL-037616,Weather,30
DEL-008693,FL-037617,Air Traffic Control,95
DEL-008694,FL-037621,Maintenance,44
DEL-008695,FL-037626,Security,49
DEL-008696,FL-037630,Air Traffic Control,20
DEL-008697,FL-037631,Air Traffic Control,33
DEL-008698,FL-037634,Weather,48
DEL-008699,FL-037636,Maintenance,50
DEL-008700,FL-037638,Weather,90
DEL-008701,FL-037646,Maintenance,119
DEL-008702,FL-037648,Late Aircraft Arrival,72
DEL-008703,FL-037654,Weather,152
DEL-008704,FL-037656,Weather,111
DEL-008705,FL-037657,Weather,61
DEL-008706,FL-037659,Air Traffic Control,16
DEL-008707,FL-037675,Maintenance,70
DEL-008708,FL-037683,Maintenance,25
DEL-008709,FL-037684,Late Aircraft Arrival,19
DEL-008710,FL-037686,Maintenance,31
DEL-008711,FL-037687,Weather,24
DEL-008712,FL-037689,Maintenance,28
DEL-008713,FL-037692,Late Aircraft Arrival,69
DEL-008714,FL-037697,Weather,24
DEL-008715,FL-037700,Maintenance,37
DEL-008716,FL-037702,Security,21
DEL-008717,FL-037704,Maintenance,22
DEL-008718,FL-037715,Air Traffic Control,93
DEL-008719,FL-037717,Air Traffic Control,43
DEL-008720,FL-037724,Air Traffic Control,98
DEL-008721,FL-037729,Air Traffic Control,37
DEL-008722,FL-037731,Air Traffic Control,51
DEL-008723,FL-037732,Air Traffic Control,90
DEL-008724,FL-037737,Maintenance,26
DEL-008725,FL-037751,Late Aircraft Arrival,34
DEL-008726,FL-037753,Air Traffic Control,40
DEL-008727,FL-037754,Maintenance,72
DEL-008728,FL-037755,Maintenance,29
DEL-008729,FL-037756,Weather,50
DEL-008730,FL-037757,Air Traffic Control,18
DEL-008731,FL-037759,Late Aircraft Arrival,44
DEL-008732,FL-037761,Maintenance,94
DEL-008733,FL-037768,Air Traffic Control,27
DEL-008734,FL-037774,Maintenance,37
DEL-008735,FL-037775,Late Aircraft Arrival,93
DEL-008736,FL-037787,Air Traffic Control,42
DEL-008737,FL-037790,Weather,73
DEL-008738,FL-037794,Air Traffic Control,37
DEL-008739,FL-037799,Air Traffic Control,58
DEL-008740,FL-037800,Weather,45
DEL-008741,FL-037803,Air Traffic Control,51
DEL-008742,FL-037809,Weather,28
DEL-008743,FL-037813,Air Traffic Control,24
DEL-008744,FL-037820,Air Traffic Control,100
DEL-008745,FL-037824,Air Traffic Control,57
DEL-008746,FL-037833,Air Traffic Control,53
DEL-008747,FL-037851,Maintenance,21
DEL-008748,FL-037853,Late Aircraft Arrival,36
DEL-008749,FL-037855,Air Traffic Control,203
DEL-008750,FL-037856,Maintenance,15
DEL-008751,FL-037864,Late Aircraft Arrival,67
DEL-008752,FL-037865,Maintenance,36
DEL-008753,FL-037869,Weather,17
DEL-008754,FL-037871,Air Traffic Control,99
DEL-008755,FL-037876,Late Aircraft Arrival,85
DEL-008756,FL-037879,Maintenance,73
DEL-008757,FL-037881,Air Traffic Control,36
DEL-008758,FL-037886,Maintenance,150
DEL-008759,FL-037887,Air Traffic Control,116
DEL-008760,FL-037894,Security,31
DEL-008761,FL-037895,Weather,84
DEL-008762,FL-037904,Air Traffic Control,45
DEL-008763,FL-037907,Weather,50
DEL-008764,FL-037912,Maintenance,160
DEL-008765,FL-037915,Weather,77
DEL-008766,FL-037916,Maintenance,89
DEL-008767,FL-037920,Late Aircraft Arrival,17
DEL-008768,FL-037921,Maintenance,113
DEL-008769,FL-037924,Late Aircraft Arrival,41
DEL-008770,FL-037925,Late Aircraft Arrival,24
DEL-008771,FL-037929,Maintenance,166
DEL-008772,FL-037938,Maintenance,20
DEL-008773,FL-037942,Weather,46
DEL-008774,FL-037944,Maintenance,104
DEL-008775,FL-037953,Security,77
DEL-008776,FL-037956,Maintenance,26
DEL-008777,FL-037961,Weather,71
DEL-008778,FL-037964,Air Traffic Control,28
DEL-008779,FL-037965,Maintenance,58
DEL-008780,FL-037966,Weather,163
DEL-008781,FL-037969,Air Traffic Control,23
DEL-008782,FL-037975,Air Traffic Control,21
DEL-008783,FL-037978,Maintenance,24
DEL-008784,FL-037980,Weather,210
DEL-008785,FL-037984,Air Traffic Control,46
DEL-008786,FL-037988,Maintenance,82
DEL-008787,FL-037994,Weather,82
DEL-008788,FL-038007,Weather,33
DEL-008789,FL-038008,Air Traffic Control,19
DEL-008790,FL-038009,Maintenance,125
DEL-008791,FL-038014,Air Traffic Control,49
DEL-008792,FL-038029,Late Aircraft Arrival,42
DEL-008793,FL-038036,Security,95
DEL-008794,FL-038046,Late Aircraft Arrival,43
DEL-008795,FL-038053,Late Aircraft Arrival,76
DEL-008796,FL-038054,Maintenance,15
DEL-008797,FL-038055,Late Aircraft Arrival,38
DEL-008798,FL-038057,Weather,22
DEL-008799,FL-038067,Maintenance,71
DEL-008800,FL-038068,Maintenance,24
DEL-008801,FL-038080,Late Aircraft Arrival,39
DEL-008802,FL-038081,Maintenance,15
DEL-008803,FL-038085,Late Aircraft Arrival,15
DEL-008804,FL-038086,Weather,85
DEL-008805,FL-038087,Maintenance,43
DEL-008806,FL-038088,Late Aircraft Arrival,40
DEL-008807,FL-038098,Maintenance,53
DEL-008808,FL-038106,Air Traffic Control,67
DEL-008809,FL-038116,Air Traffic Control,23
DEL-008810,FL-038119,Late Aircraft Arrival,17
DEL-008811,FL-038123,Air Traffic Control,31
DEL-008812,FL-038136,Air Traffic Control,105
DEL-008813,FL-038137,Air Traffic Control,74
DEL-008814,FL-038149,Maintenance,165
DEL-008815,FL-038150,Maintenance,72
DEL-008816,FL-038152,Air Traffic Control,66
DEL-008817,FL-038157,Weather,18
DEL-008818,FL-038160,Maintenance,35
DEL-008819,FL-038161,Late Aircraft Arrival,73
DEL-008820,FL-038165,Late Aircraft Arrival,68
DEL-008821,FL-038168,Weather,17
DEL-008822,FL-038172,Weather,174
DEL-008823,FL-038179,Weather,42
DEL-008824,FL-038188,Air Traffic Control,37
DEL-008825,FL-038193,Air Traffic Control,42
DEL-008826,FL-038200,Air Traffic Control,15
DEL-008827,FL-038201,Air Traffic Control,24
DEL-008828,FL-038210,Maintenance,99
DEL-008829,FL-038219,Air Traffic Control,71
DEL-008830,FL-038220,Security,107
DEL-008831,FL-038223,Air Traffic Control,15
DEL-008832,FL-038224,Weather,28
DEL-008833,FL-038225,Weather,127
DEL-008834,FL-038230,Air Traffic Control,65
DEL-008835,FL-038240,Air Traffic Control,63
DEL-008836,FL-038241,Maintenance,47
DEL-008837,FL-038242,Air Traffic Control,52
DEL-008838,FL-038243,Late Aircraft Arrival,19
DEL-008839,FL-038244,Weather,63
DEL-008840,FL-038251,Maintenance,25
DEL-008841,FL-038254,Air Traffic Control,125
DEL-008842,FL-038257,Maintenance,17
DEL-008843,FL-038264,Air Traffic Control,40
DEL-008844,FL-038269,Air Traffic Control,103
DEL-008845,FL-038271,Maintenance,15
DEL-008846,FL-038272,Air Traffic Control,31
DEL-008847,FL-038274,Maintenance,16
DEL-008848,FL-038275,Late Aircraft Arrival,42
DEL-008849,FL-038284,Air Traffic Control,66
DEL-008850,FL-038285,Late Aircraft Arrival,66
DEL-008851,FL-038289,Maintenance,15
DEL-008852,FL-038290,Maintenance,32
DEL-008853,FL-038291,Air Traffic Control,167
DEL-008854,FL-038300,Late Aircraft Arrival,35
DEL-008855,FL-038303,Maintenance,53
DEL-008856,FL-038306,Air Traffic Control,75
DEL-008857,FL-038309,Weather,64
DEL-008858,FL-038310,Maintenance,39
DEL-008859,FL-038312,Late Aircraft Arrival,48
DEL-008860,FL-038321,Weather,53
DEL-008861,FL-038327,Weather,54
DEL-008862,FL-038331,Air Traffic Control,41
DEL-008863,FL-038338,Weather,42
DEL-008864,FL-038341,Maintenance,75
DEL-008865,FL-038345,Weather,50
DEL-008866,FL-038346,Air Traffic Control,51
DEL-008867,FL-038347,Air Traffic Control,112
DEL-008868,FL-038350,Maintenance,89
DEL-008869,FL-038351,Late Aircraft Arrival,28
DEL-008870,FL-038352,Late Aircraft Arrival,40
DEL-008871,FL-038366,Weather,18
DEL-008872,FL-038368,Maintenance,48
DEL-008873,FL-038369,Late Aircraft Arrival,41
DEL-008874,FL-038370,Maintenance,32
DEL-008875,FL-038374,Late Aircraft Arrival,81
DEL-008876,FL-038378,Air Traffic Control,19
DEL-008877,FL-038379,Weather,184
DEL-008878,FL-038384,Air Traffic Control,19
DEL-008879,FL-038386,Air Traffic Control,35
DEL-008880,FL-038390,Air Traffic Control,47
DEL-008881,FL-038393,Air Traffic Control,139
DEL-008882,FL-038404,Maintenance,155
DEL-008883,FL-038416,Maintenance,53
DEL-008884,FL-038417,Late Aircraft Arrival,15
DEL-008885,FL-038427,Security,68
DEL-008886,FL-038429,Late Aircraft Arrival,88
DEL-008887,FL-038431,Air Traffic Control,17
DEL-008888,FL-038438,Maintenance,61
DEL-008889,FL-038442,Maintenance,15
DEL-008890,FL-038444,Weather,62
DEL-008891,FL-038459,Maintenance,23
DEL-008892,FL-038468,Weather,46
DEL-008893,FL-038474,Air Traffic Control,58
DEL-008894,FL-038477,Air Traffic Control,16
DEL-008895,FL-038479,Weather,26
DEL-008896,FL-038482,Air Traffic Control,134
DEL-008897,FL-038484,Air Traffic Control,23
DEL-008898,FL-038492,Late Aircraft Arrival,31
DEL-008899,FL-038493,Weather,39
DEL-008900,FL-038494,Late Aircraft Arrival,51
DEL-008901,FL-038496,Air Traffic Control,47
DEL-008902,FL-038501,Maintenance,65
DEL-008903,FL-038508,Maintenance,36
DEL-008904,FL-038510,Maintenance,151
DEL-008905,FL-038511,Weather,23
DEL-008906,FL-038517,Air Traffic Control,89
DEL-008907,FL-038519,Air Traffic Control,54
DEL-008908,FL-038523,Air Traffic Control,58
DEL-008909,FL-038525,Maintenance,44
DEL-008910,FL-038528,Air Traffic Control,64
DEL-008911,FL-038534,Late Aircraft Arrival,17
DEL-008912,FL-038535,Weather,101
DEL-008913,FL-038537,Maintenance,41
DEL-008914,FL-038539,Maintenance,46
DEL-008915,FL-038540,Weather,211
DEL-008916,FL-038544,Air Traffic Control,76
DEL-008917,FL-038552,Security,28
DEL-008918,FL-038560,Maintenance,57
DEL-008919,FL-038561,Late Aircraft Arrival,65
DEL-008920,FL-038563,Maintenance,16
DEL-008921,FL-038573,Air Traffic Control,108
DEL-008922,FL-038577,Security,62
DEL-008923,FL-038578,Maintenance,27
DEL-008924,FL-038581,Air Traffic Control,25
DEL-008925,FL-038584,Maintenance,25
DEL-008926,FL-038586,Late Aircraft Arrival,107
DEL-008927,FL-038603,Late Aircraft Arrival,16
DEL-008928,FL-038604,Late Aircraft Arrival,45
DEL-008929,FL-038605,Weather,44
DEL-008930,FL-038607,Late Aircraft Arrival,105
DEL-008931,FL-038614,Weather,25
DEL-008932,FL-038620,Air Traffic Control,143
DEL-008933,FL-038627,Late Aircraft Arrival,44
DEL-008934,FL-038629,Maintenance,21
DEL-008935,FL-038637,Weather,25
DEL-008936,FL-038645,Maintenance,21
DEL-008937,FL-038653,Air Traffic Control,31
DEL-008938,FL-038658,Maintenance,45
DEL-008939,FL-038660,Late Aircraft Arrival,62
DEL-008940,FL-038661,Air Traffic Control,23
DEL-008941,FL-038669,Air Traffic Control,121
DEL-008942,FL-038682,Air Traffic Control,112
DEL-008943,FL-038688,Air Traffic Control,23
DEL-008944,FL-038689,Weather,83
DEL-008945,FL-038695,Late Aircraft Arrival,68
DEL-008946,FL-038698,Maintenance,26
DEL-008947,FL-038701,Security,53
DEL-008948,FL-038702,Air Traffic Control,32
DEL-008949,FL-038703,Late Aircraft Arrival,35
DEL-008950,FL-038705,Air Traffic Control,115
DEL-008951,FL-038711,Weather,101
DEL-008952,FL-038712,Air Traffic Control,23
DEL-008953,FL-038719,Air Traffic Control,16
DEL-008954,FL-038723,Late Aircraft Arrival,139
DEL-008955,FL-038726,Maintenance,18
DEL-008956,FL-038727,Late Aircraft Arrival,94
DEL-008957,FL-038730,Air Traffic Control,42
DEL-008958,FL-038731,Weather,31
DEL-008959,FL-038739,Weather,23
DEL-008960,FL-038740,Maintenance,73
DEL-008961,FL-038759,Air Traffic Control,104
DEL-008962,FL-038760,Air Traffic Control,442
DEL-008963,FL-038766,Maintenance,35
DEL-008964,FL-038767,Air Traffic Control,67
DEL-008965,FL-038773,Late Aircraft Arrival,156
DEL-008966,FL-038779,Security,56
DEL-008967,FL-038791,Air Traffic Control,70
DEL-008968,FL-038795,Air Traffic Control,33
DEL-008969,FL-038796,Weather,42
DEL-008970,FL-038799,Late Aircraft Arrival,15
DEL-008971,FL-038804,Late Aircraft Arrival,52
DEL-008972,FL-038805,Late Aircraft Arrival,27
DEL-008973,FL-038813,Weather,75
DEL-008974,FL-038821,Weather,31
DEL-008975,FL-038822,Late Aircraft Arrival,17
DEL-008976,FL-038828,Air Traffic Control,47
DEL-008977,FL-038829,Maintenance,21
DEL-008978,FL-038834,Maintenance,24
DEL-008979,FL-038836,Maintenance,52
DEL-008980,FL-038842,Weather,102
DEL-008981,FL-038845,Security,226
DEL-008982,FL-038846,Air Traffic Control,42
DEL-008983,FL-038856,Air Traffic Control,34
DEL-008984,FL-038859,Weather,68
DEL-008985,FL-038879,Weather,51
DEL-008986,FL-038880,Maintenance,47
DEL-008987,FL-038884,Air Traffic Control,34
DEL-008988,FL-038885,Weather,15
DEL-008989,FL-038887,Weather,37
DEL-008990,FL-038890,Weather,35
DEL-008991,FL-038891,Late Aircraft Arrival,98
DEL-008992,FL-038893,Weather,30
DEL-008993,FL-038895,Late Aircraft Arrival,82
DEL-008994,FL-038896,Air Traffic Control,19
DEL-008995,FL-038897,Weather,244
DEL-008996,FL-038900,Air Traffic Control,19
DEL-008997,FL-038901,Maintenance,58
DEL-008998,FL-038902,Air Traffic Control,38
DEL-008999,FL-038906,Late Aircraft Arrival,43
DEL-009000,FL-038915,Air Traffic Control,40
DEL-009001,FL-038926,Air Traffic Control,196
DEL-009002,FL-038931,Air Traffic Control,26
DEL-009003,FL-038937,Air Traffic Control,62
DEL-009004,FL-038940,Air Traffic Control,36
DEL-009005,FL-038943,Maintenance,143
DEL-009006,FL-038946,Air Traffic Control,15
DEL-009007,FL-038951,Air Traffic Control,26
DEL-009008,FL-038953,Maintenance,25
DEL-009009,FL-038954,Maintenance,65
DEL-009010,FL-038975,Weather,62
DEL-009011,FL-038976,Maintenance,161
DEL-009012,FL-038977,Late Aircraft Arrival,90
DEL-009013,FL-038978,Late Aircraft Arrival,49
DEL-009014,FL-038984,Air Traffic Control,46
DEL-009015,FL-038992,Late Aircraft Arrival,43
DEL-009016,FL-039004,Weather,61
DEL-009017,FL-039009,Maintenance,139
DEL-009018,FL-039016,Maintenance,33
DEL-009019,FL-039021,Late Aircraft Arrival,142
DEL-009020,FL-039023,Weather,19
DEL-009021,FL-039029,Late Aircraft Arrival,122
DEL-009022,FL-039030,Late Aircraft Arrival,62
DEL-009023,FL-039031,Weather,124
DEL-009024,FL-039032,Air Traffic Control,163
DEL-009025,FL-039033,Weather,26
DEL-009026,FL-039047,Late Aircraft Arrival,145
DEL-009027,FL-039050,Air Traffic Control,33
DEL-009028,FL-039058,Late Aircraft Arrival,81
DEL-009029,FL-039061,Weather,95
DEL-009030,FL-039067,Late Aircraft Arrival,52
DEL-009031,FL-039068,Late Aircraft Arrival,39
DEL-009032,FL-039071,Security,41
DEL-009033,FL-039075,Maintenance,35
DEL-009034,FL-039083,Maintenance,25
DEL-009035,FL-039084,Weather,34
DEL-009036,FL-039087,Air Traffic Control,49
DEL-009037,FL-039088,Weather,40
DEL-009038,FL-039091,Weather,70
DEL-009039,FL-039093,Late Aircraft Arrival,15
DEL-009040,FL-039096,Weather,105
DEL-009041,FL-039099,Air Traffic Control,47
DEL-009042,FL-039112,Weather,15
DEL-009043,FL-039115,Air Traffic Control,122
DEL-009044,FL-039116,Air Traffic Control,57
DEL-009045,FL-039117,Late Aircraft Arrival,64
DEL-009046,FL-039118,Weather,36
DEL-009047,FL-039121,Air Traffic Control,25
DEL-009048,FL-039122,Late Aircraft Arrival,66
DEL-009049,FL-039125,Maintenance,64
DEL-009050,FL-039136,Late Aircraft Arrival,85
DEL-009051,FL-039139,Air Traffic Control,52
DEL-009052,FL-039143,Air Traffic Control,123
DEL-009053,FL-039144,Weather,36
DEL-009054,FL-039149,Weather,77
DEL-009055,FL-039151,Security,29
DEL-009056,FL-039152,Weather,60
DEL-009057,FL-039171,Air Traffic Control,21
DEL-009058,FL-039178,Late Aircraft Arrival,27
DEL-009059,FL-039180,Maintenance,26
DEL-009060,FL-039187,Weather,36
DEL-009061,FL-039189,Air Traffic Control,16
DEL-009062,FL-039191,Air Traffic Control,50
DEL-009063,FL-039195,Maintenance,30
DEL-009064,FL-039204,Weather,16
DEL-009065,FL-039223,Maintenance,24
DEL-009066,FL-039235,Air Traffic Control,17
DEL-009067,FL-039252,Weather,112
DEL-009068,FL-039253,Air Traffic Control,17
DEL-009069,FL-039254,Air Traffic Control,77
DEL-009070,FL-039262,Air Traffic Control,33
DEL-009071,FL-039273,Weather,47
DEL-009072,FL-039275,Maintenance,40
DEL-009073,FL-039282,Air Traffic Control,34
DEL-009074,FL-039285,Late Aircraft Arrival,63
DEL-009075,FL-039292,Maintenance,47
DEL-009076,FL-039294,Late Aircraft Arrival,160
DEL-009077,FL-039300,Maintenance,102
DEL-009078,FL-039302,Weather,42
DEL-009079,FL-039303,Maintenance,22
DEL-009080,FL-039307,Air Traffic Control,20
DEL-009081,FL-039309,Weather,29
DEL-009082,FL-039313,Late Aircraft Arrival,60
DEL-009083,FL-039314,Air Traffic Control,37
DEL-009084,FL-039323,Air Traffic Control,74
DEL-009085,FL-039326,Weather,44
DEL-009086,FL-039333,Maintenance,84
DEL-009087,FL-039334,Air Traffic Control,73
DEL-009088,FL-039336,Late Aircraft Arrival,106
DEL-009089,FL-039338,Maintenance,41
DEL-009090,FL-039342,Air Traffic Control,61
DEL-009091,FL-039351,Weather,56
DEL-009092,FL-039355,Late Aircraft Arrival,15
DEL-009093,FL-039357,Weather,52
DEL-009094,FL-039359,Air Traffic Control,67
DEL-009095,FL-039360,Late Aircraft Arrival,205
DEL-009096,FL-039364,Maintenance,44
DEL-009097,FL-039371,Air Traffic Control,126
DEL-009098,FL-039373,Late Aircraft Arrival,72
DEL-009099,FL-039375,Late Aircraft Arrival,66
DEL-009100,FL-039377,Maintenance,29
DEL-009101,FL-039380,Air Traffic Control,35
DEL-009102,FL-039382,Air Traffic Control,54
DEL-009103,FL-039383,Security,188
DEL-009104,FL-039384,Air Traffic Control,89
DEL-009105,FL-039385,Air Traffic Control,51
DEL-009106,FL-039386,Air Traffic Control,53
DEL-009107,FL-039389,Late Aircraft Arrival,175
DEL-009108,FL-039390,Air Traffic Control,26
DEL-009109,FL-039396,Weather,80
DEL-009110,FL-039398,Air Traffic Control,42
DEL-009111,FL-039402,Late Aircraft Arrival,15
DEL-009112,FL-039407,Air Traffic Control,100
DEL-009113,FL-039408,Air Traffic Control,194
DEL-009114,FL-039412,Maintenance,95
DEL-009115,FL-039414,Maintenance,37
DEL-009116,FL-039416,Maintenance,20
DEL-009117,FL-039427,Weather,45
DEL-009118,FL-039447,Maintenance,78
DEL-009119,FL-039460,Late Aircraft Arrival,18
DEL-009120,FL-039462,Late Aircraft Arrival,34
DEL-009121,FL-039466,Maintenance,72
DEL-009122,FL-039469,Maintenance,101
DEL-009123,FL-039471,Weather,104
DEL-009124,FL-039473,Maintenance,66
DEL-009125,FL-039477,Maintenance,15
DEL-009126,FL-039484,Maintenance,20
DEL-009127,FL-039488,Late Aircraft Arrival,28
DEL-009128,FL-039491,Maintenance,23
DEL-009129,FL-039493,Weather,39
DEL-009130,FL-039503,Late Aircraft Arrival,115
DEL-009131,FL-039505,Late Aircraft Arrival,15
DEL-009132,FL-039512,Air Traffic Control,98
DEL-009133,FL-039514,Weather,166
DEL-009134,FL-039518,Late Aircraft Arrival,22
DEL-009135,FL-039525,Weather,236
DEL-009136,FL-039527,Maintenance,51
DEL-009137,FL-039528,Weather,52
DEL-009138,FL-039530,Maintenance,17
DEL-009139,FL-039535,Air Traffic Control,112
DEL-009140,FL-039536,Air Traffic Control,21
DEL-009141,FL-039543,Maintenance,57
DEL-009142,FL-039547,Maintenance,108
DEL-009143,FL-039553,Air Traffic Control,27
DEL-009144,FL-039557,Air Traffic Control,62
DEL-009145,FL-039561,Late Aircraft Arrival,51
DEL-009146,FL-039562,Maintenance,42
DEL-009147,FL-039566,Late Aircraft Arrival,55
DEL-009148,FL-039576,Weather,27
DEL-009149,FL-039577,Weather,96
DEL-009150,FL-039578,Maintenance,37
DEL-009151,FL-039585,Security,66
DEL-009152,FL-039589,Air Traffic Control,170
DEL-009153,FL-039591,Air Traffic Control,47
DEL-009154,FL-039594,Air Traffic Control,15
DEL-009155,FL-039597,Maintenance,31
DEL-009156,FL-039605,Weather,27
DEL-009157,FL-039611,Maintenance,70
DEL-009158,FL-039613,Maintenance,22
DEL-009159,FL-039617,Maintenance,35
DEL-009160,FL-039619,Air Traffic Control,188
DEL-009161,FL-039623,Air Traffic Control,117
DEL-009162,FL-039633,Maintenance,54
DEL-009163,FL-039636,Air Traffic Control,27
DEL-009164,FL-039638,Late Aircraft Arrival,60
DEL-009165,FL-039643,Late Aircraft Arrival,25
DEL-009166,FL-039644,Weather,23
DEL-009167,FL-039653,Weather,16
DEL-009168,FL-039658,Late Aircraft Arrival,34
DEL-009169,FL-039665,Maintenance,46
DEL-009170,FL-039670,Air Traffic Control,25
DEL-009171,FL-039673,Air Traffic Control,18
DEL-009172,FL-039674,Maintenance,38
DEL-009173,FL-039680,Weather,66
DEL-009174,FL-039684,Air Traffic Control,25
DEL-009175,FL-039685,Weather,104
DEL-009176,FL-039690,Late Aircraft Arrival,46
DEL-009177,FL-039694,Maintenance,21
DEL-009178,FL-039695,Maintenance,41
DEL-009179,FL-039696,Weather,15
DEL-009180,FL-039699,Late Aircraft Arrival,19
DEL-009181,FL-039713,Late Aircraft Arrival,17
DEL-009182,FL-039717,Maintenance,173
DEL-009183,FL-039722,Air Traffic Control,60
DEL-009184,FL-039724,Air Traffic Control,78
DEL-009185,FL-039731,Maintenance,51
DEL-009186,FL-039735,Late Aircraft Arrival,72
DEL-009187,FL-039756,Maintenance,46
DEL-009188,FL-039760,Air Traffic Control,30
DEL-009189,FL-039761,Weather,20
DEL-009190,FL-039763,Air Traffic Control,72
DEL-009191,FL-039769,Air Traffic Control,77
DEL-009192,FL-039771,Late Aircraft Arrival,26
DEL-009193,FL-039779,Maintenance,172
DEL-009194,FL-039783,Air Traffic Control,32
DEL-009195,FL-039785,Weather,82
DEL-009196,FL-039788,Weather,53
DEL-009197,FL-039801,Air Traffic Control,163
DEL-009198,FL-039809,Maintenance,28
DEL-009199,FL-039830,Air Traffic Control,26
DEL-009200,FL-039834,Air Traffic Control,19
DEL-009201,FL-039838,Air Traffic Control,47
DEL-009202,FL-039845,Air Traffic Control,49
DEL-009203,FL-039850,Late Aircraft Arrival,159
DEL-009204,FL-039861,Weather,85
DEL-009205,FL-039864,Air Traffic Control,230
DEL-009206,FL-039866,Weather,34
DEL-009207,FL-039868,Weather,55
DEL-009208,FL-039875,Late Aircraft Arrival,81
DEL-009209,FL-039877,Air Traffic Control,17
DEL-009210,FL-039878,Maintenance,35
DEL-009211,FL-039884,Maintenance,16
DEL-009212,FL-039885,Air Traffic Control,81
DEL-009213,FL-039889,Maintenance,111
DEL-009214,FL-039890,Weather,62
DEL-009215,FL-039893,Weather,67
DEL-009216,FL-039899,Late Aircraft Arrival,35
DEL-009217,FL-039909,Air Traffic Control,41
DEL-009218,FL-039911,Late Aircraft Arrival,17
DEL-009219,FL-039912,Maintenance,148
DEL-009220,FL-039915,Late Aircraft Arrival,17
DEL-009221,FL-039916,Late Aircraft Arrival,62
DEL-009222,FL-039923,Weather,58
DEL-009223,FL-039926,Late Aircraft Arrival,47
DEL-009224,FL-039929,Late Aircraft Arrival,83
DEL-009225,FL-039943,Air Traffic Control,19
DEL-009226,FL-039946,Security,36
DEL-009227,FL-039947,Weather,74
DEL-009228,FL-039949,Air Traffic Control,151
DEL-009229,FL-039950,Late Aircraft Arrival,57
DEL-009230,FL-039951,Weather,64
DEL-009231,FL-039973,Weather,36
DEL-009232,FL-039976,Air Traffic Control,28
DEL-009233,FL-039978,Maintenance,105
DEL-009234,FL-039981,Weather,63
DEL-009235,FL-039988,Air Traffic Control,19
DEL-009236,FL-040006,Weather,77
DEL-009237,FL-040009,Maintenance,123
DEL-009238,FL-040011,Air Traffic Control,19
DEL-009239,FL-040016,Weather,46
DEL-009240,FL-040017,Maintenance,58
DEL-009241,FL-040019,Weather,30
DEL-009242,FL-040026,Air Traffic Control,17
DEL-009243,FL-040027,Air Traffic Control,75
DEL-009244,FL-040031,Maintenance,74
DEL-009245,FL-040032,Maintenance,22
DEL-009246,FL-040036,Weather,118
DEL-009247,FL-040044,Weather,86
DEL-009248,FL-040045,Weather,93
DEL-009249,FL-040046,Maintenance,19
DEL-009250,FL-040055,Maintenance,72
DEL-009251,FL-040059,Air Traffic Control,54
DEL-009252,FL-040064,Weather,15
DEL-009253,FL-040067,Air Traffic Control,195
DEL-009254,FL-040082,Air Traffic Control,52
DEL-009255,FL-040084,Air Traffic Control,142
DEL-009256,FL-040087,Weather,228
DEL-009257,FL-040101,Weather,44
DEL-009258,FL-040119,Late Aircraft Arrival,81
DEL-009259,FL-040120,Maintenance,111
DEL-009260,FL-040121,Weather,21
DEL-009261,FL-040125,Air Traffic Control,117
DEL-009262,FL-040129,Maintenance,159
DEL-009263,FL-040132,Air Traffic Control,27
DEL-009264,FL-040134,Maintenance,30
DEL-009265,FL-040145,Maintenance,100
DEL-009266,FL-040148,Maintenance,72
DEL-009267,FL-040158,Air Traffic Control,33
DEL-009268,FL-040160,Maintenance,39
DEL-009269,FL-040172,Air Traffic Control,70
DEL-009270,FL-040176,Weather,95
DEL-009271,FL-040177,Weather,43
DEL-009272,FL-040179,Weather,26
DEL-009273,FL-040185,Air Traffic Control,70
DEL-009274,FL-040190,Late Aircraft Arrival,68
DEL-009275,FL-040196,Weather,129
DEL-009276,FL-040206,Air Traffic Control,17
DEL-009277,FL-040208,Late Aircraft Arrival,118
DEL-009278,FL-040220,Maintenance,52
DEL-009279,FL-040235,Weather,139
DEL-009280,FL-040236,Weather,49
DEL-009281,FL-040239,Air Traffic Control,96
DEL-009282,FL-040240,Late Aircraft Arrival,180
DEL-009283,FL-040246,Maintenance,64
DEL-009284,FL-040247,Air Traffic Control,18
DEL-009285,FL-040249,Air Traffic Control,117
DEL-009286,FL-040250,Late Aircraft Arrival,22
DEL-009287,FL-040252,Late Aircraft Arrival,61
DEL-009288,FL-040253,Air Traffic Control,87
DEL-009289,FL-040264,Weather,77
DEL-009290,FL-040267,Late Aircraft Arrival,84
DEL-009291,FL-040274,Weather,59
DEL-009292,FL-040275,Weather,167
DEL-009293,FL-040284,Air Traffic Control,60
DEL-009294,FL-040287,Late Aircraft Arrival,39
DEL-009295,FL-040288,Weather,17
DEL-009296,FL-040289,Security,25
DEL-009297,FL-040296,Weather,34
DEL-009298,FL-040298,Maintenance,18
DEL-009299,FL-040300,Air Traffic Control,16
DEL-009300,FL-040304,Air Traffic Control,63
DEL-009301,FL-040307,Weather,128
DEL-009302,FL-040312,Air Traffic Control,21
DEL-009303,FL-040313,Maintenance,32
DEL-009304,FL-040317,Security,38
DEL-009305,FL-040318,Maintenance,27
DEL-009306,FL-040323,Late Aircraft Arrival,41
DEL-009307,FL-040330,Late Aircraft Arrival,20
DEL-009308,FL-040336,Late Aircraft Arrival,81
DEL-009309,FL-040340,Air Traffic Control,62
DEL-009310,FL-040344,Late Aircraft Arrival,204
DEL-009311,FL-040349,Late Aircraft Arrival,34
DEL-009312,FL-040351,Late Aircraft Arrival,43
DEL-009313,FL-040365,Air Traffic Control,44
DEL-009314,FL-040369,Air Traffic Control,59
DEL-009315,FL-040374,Maintenance,29
DEL-009316,FL-040375,Air Traffic Control,61
DEL-009317,FL-040376,Late Aircraft Arrival,45
DEL-009318,FL-040382,Maintenance,75
DEL-009319,FL-040388,Late Aircraft Arrival,60
DEL-009320,FL-040394,Weather,28
DEL-009321,FL-040396,Air Traffic Control,16
DEL-009322,FL-040397,Air Traffic Control,36
DEL-009323,FL-040399,Weather,23
DEL-009324,FL-040403,Late Aircraft Arrival,64
DEL-009325,FL-040426,Air Traffic Control,32
DEL-009326,FL-040428,Maintenance,50
DEL-009327,FL-040436,Air Traffic Control,88
DEL-009328,FL-040444,Air Traffic Control,26
DEL-009329,FL-040445,Late Aircraft Arrival,138
DEL-009330,FL-040447,Air Traffic Control,55
DEL-009331,FL-040458,Weather,181
DEL-009332,FL-040460,Weather,22
DEL-009333,FL-040467,Weather,54
DEL-009334,FL-040470,Weather,86
DEL-009335,FL-040477,Late Aircraft Arrival,43
DEL-009336,FL-040478,Air Traffic Control,64
DEL-009337,FL-040485,Weather,30
DEL-009338,FL-040488,Weather,96
DEL-009339,FL-040493,Weather,22
DEL-009340,FL-040495,Air Traffic Control,22
DEL-009341,FL-040503,Air Traffic Control,90
DEL-009342,FL-040512,Weather,23
DEL-009343,FL-040513,Maintenance,56
DEL-009344,FL-040519,Weather,87
DEL-009345,FL-040527,Air Traffic Control,115
DEL-009346,FL-040529,Maintenance,53
DEL-009347,FL-040530,Air Traffic Control,46
DEL-009348,FL-040532,Late Aircraft Arrival,62
DEL-009349,FL-040536,Weather,34
DEL-009350,FL-040537,Air Traffic Control,17
DEL-009351,FL-040541,Weather,72
DEL-009352,FL-040543,Air Traffic Control,49
DEL-009353,FL-040546,Maintenance,69
DEL-009354,FL-040547,Weather,33
DEL-009355,FL-040551,Air Traffic Control,58
DEL-009356,FL-040555,Late Aircraft Arrival,43
DEL-009357,FL-040560,Late Aircraft Arrival,54
DEL-009358,FL-040566,Air Traffic Control,90
DEL-009359,FL-040570,Maintenance,40
DEL-009360,FL-040571,Maintenance,35
DEL-009361,FL-040572,Security,35
DEL-009362,FL-040575,Maintenance,125
DEL-009363,FL-040577,Air Traffic Control,60
DEL-009364,FL-040579,Weather,39
DEL-009365,FL-040580,Maintenance,24
DEL-009366,FL-040584,Air Traffic Control,35
DEL-009367,FL-040586,Weather,83
DEL-009368,FL-040589,Air Traffic Control,28
DEL-009369,FL-040597,Weather,50
DEL-009370,FL-040599,Late Aircraft Arrival,21
DEL-009371,FL-040602,Weather,108
DEL-009372,FL-040604,Air Traffic Control,44
DEL-009373,FL-040609,Weather,92
DEL-009374,FL-040613,Maintenance,21
DEL-009375,FL-040617,Weather,47
DEL-009376,FL-040619,Security,15
DEL-009377,FL-040622,Late Aircraft Arrival,73
DEL-009378,FL-040625,Weather,168
DEL-009379,FL-040630,Late Aircraft Arrival,25
DEL-009380,FL-040636,Weather,68
DEL-009381,FL-040638,Air Traffic Control,96
DEL-009382,FL-040651,Air Traffic Control,62
DEL-009383,FL-040656,Air Traffic Control,22
DEL-009384,FL-040659,Maintenance,62
DEL-009385,FL-040661,Air Traffic Control,51
DEL-009386,FL-040682,Weather,25
DEL-009387,FL-040686,Maintenance,52
DEL-009388,FL-040697,Maintenance,99
DEL-009389,FL-040702,Air Traffic Control,84
DEL-009390,FL-040713,Maintenance,84
DEL-009391,FL-040721,Weather,123
DEL-009392,FL-040722,Security,47
DEL-009393,FL-040725,Air Traffic Control,60
DEL-009394,FL-040735,Maintenance,72
DEL-009395,FL-040740,Air Traffic Control,24
DEL-009396,FL-040749,Weather,58
DEL-009397,FL-040752,Late Aircraft Arrival,127
DEL-009398,FL-040753,Late Aircraft Arrival,15
DEL-009399,FL-040754,Air Traffic Control,43
DEL-009400,FL-040758,Weather,40
DEL-009401,FL-040760,Late Aircraft Arrival,36
DEL-009402,FL-040763,Security,198
DEL-009403,FL-040764,Weather,19
DEL-009404,FL-040765,Air Traffic Control,28
DEL-009405,FL-040776,Air Traffic Control,38
DEL-009406,FL-040782,Air Traffic Control,29
DEL-009407,FL-040784,Maintenance,54
DEL-009408,FL-040792,Security,26
DEL-009409,FL-040793,Air Traffic Control,52
DEL-009410,FL-040796,Maintenance,33
DEL-009411,FL-040800,Air Traffic Control,39
DEL-009412,FL-040807,Air Traffic Control,107
DEL-009413,FL-040808,Weather,78
DEL-009414,FL-040810,Air Traffic Control,27
DEL-009415,FL-040812,Air Traffic Control,26
DEL-009416,FL-040816,Late Aircraft Arrival,24
DEL-009417,FL-040822,Air Traffic Control,49
DEL-009418,FL-040827,Weather,30
DEL-009419,FL-040834,Weather,201
DEL-009420,FL-040844,Air Traffic Control,29
DEL-009421,FL-040857,Weather,60
DEL-009422,FL-040865,Late Aircraft Arrival,59
DEL-009423,FL-040869,Air Traffic Control,39
DEL-009424,FL-040870,Maintenance,15
DEL-009425,FL-040871,Air Traffic Control,129
DEL-009426,FL-040872,Late Aircraft Arrival,16
DEL-009427,FL-040875,Maintenance,124
DEL-009428,FL-040877,Late Aircraft Arrival,70
DEL-009429,FL-040879,Air Traffic Control,27
DEL-009430,FL-040883,Maintenance,23
DEL-009431,FL-040897,Air Traffic Control,22
DEL-009432,FL-040901,Weather,33
DEL-009433,FL-040902,Weather,195
DEL-009434,FL-040904,Air Traffic Control,80
DEL-009435,FL-040905,Weather,53
DEL-009436,FL-040914,Late Aircraft Arrival,17
DEL-009437,FL-040918,Air Traffic Control,49
DEL-009438,FL-040919,Weather,66
DEL-009439,FL-040922,Air Traffic Control,28
DEL-009440,FL-040927,Weather,111
DEL-009441,FL-040928,Weather,20
DEL-009442,FL-040936,Air Traffic Control,83
DEL-009443,FL-040941,Weather,47
DEL-009444,FL-040943,Weather,84
DEL-009445,FL-040946,Security,46
DEL-009446,FL-040951,Maintenance,25
DEL-009447,FL-040952,Security,55
DEL-009448,FL-040954,Weather,27
DEL-009449,FL-040955,Weather,26
DEL-009450,FL-040957,Air Traffic Control,28
DEL-009451,FL-040958,Maintenance,35
DEL-009452,FL-040960,Air Traffic Control,97
DEL-009453,FL-040963,Air Traffic Control,157
DEL-009454,FL-040969,Late Aircraft Arrival,34
DEL-009455,FL-040974,Late Aircraft Arrival,22
DEL-009456,FL-040981,Late Aircraft Arrival,135
DEL-009457,FL-040983,Air Traffic Control,58
DEL-009458,FL-040985,Late Aircraft Arrival,63
DEL-009459,FL-040987,Air Traffic Control,27
DEL-009460,FL-040993,Air Traffic Control,164
DEL-009461,FL-040995,Weather,42
DEL-009462,FL-040997,Maintenance,139
DEL-009463,FL-041011,Air Traffic Control,66
DEL-009464,FL-041013,Weather,29
DEL-009465,FL-041019,Air Traffic Control,33
DEL-009466,FL-041021,Weather,17
DEL-009467,FL-041022,Late Aircraft Arrival,112
DEL-009468,FL-041024,Air Traffic Control,36
DEL-009469,FL-041028,Weather,84
DEL-009470,FL-041030,Maintenance,86
DEL-009471,FL-041035,Late Aircraft Arrival,107
DEL-009472,FL-041038,Late Aircraft Arrival,22
DEL-009473,FL-041040,Air Traffic Control,59
DEL-009474,FL-041042,Air Traffic Control,61
DEL-009475,FL-041057,Maintenance,19
DEL-009476,FL-041058,Air Traffic Control,71
DEL-009477,FL-041061,Maintenance,39
DEL-009478,FL-041065,Air Traffic Control,83
DEL-009479,FL-041074,Air Traffic Control,33
DEL-009480,FL-041076,Air Traffic Control,29
DEL-009481,FL-041086,Air Traffic Control,186
DEL-009482,FL-041090,Air Traffic Control,64
DEL-009483,FL-041092,Security,73
DEL-009484,FL-041097,Weather,17
DEL-009485,FL-041099,Weather,228
DEL-009486,FL-041100,Weather,65
DEL-009487,FL-041104,Air Traffic Control,34
DEL-009488,FL-041109,Weather,70
DEL-009489,FL-041112,Air Traffic Control,40
DEL-009490,FL-041116,Weather,19
DEL-009491,FL-041118,Weather,43
DEL-009492,FL-041125,Maintenance,32
DEL-009493,FL-041127,Late Aircraft Arrival,49
DEL-009494,FL-041133,Air Traffic Control,27
DEL-009495,FL-041136,Air Traffic Control,25
DEL-009496,FL-041137,Weather,45
DEL-009497,FL-041141,Late Aircraft Arrival,37
DEL-009498,FL-041143,Air Traffic Control,36
DEL-009499,FL-041147,Late Aircraft Arrival,35
DEL-009500,FL-041151,Weather,75
DEL-009501,FL-041155,Weather,25
DEL-009502,FL-041156,Weather,117
DEL-009503,FL-041158,Maintenance,67
DEL-009504,FL-041169,Air Traffic Control,57
DEL-009505,FL-041171,Late Aircraft Arrival,42
DEL-009506,FL-041172,Air Traffic Control,87
DEL-009507,FL-041186,Maintenance,46
DEL-009508,FL-041187,Weather,46
DEL-009509,FL-041195,Weather,80
DEL-009510,FL-041197,Maintenance,35
DEL-009511,FL-041198,Air Traffic Control,32
DEL-009512,FL-041200,Air Traffic Control,63
DEL-009513,FL-041205,Weather,24
DEL-009514,FL-041207,Weather,70
DEL-009515,FL-041208,Late Aircraft Arrival,62
DEL-009516,FL-041216,Air Traffic Control,32
DEL-009517,FL-041220,Security,46
DEL-009518,FL-041221,Security,53
DEL-009519,FL-041224,Maintenance,169
DEL-009520,FL-041234,Air Traffic Control,22
DEL-009521,FL-041240,Air Traffic Control,111
DEL-009522,FL-041241,Maintenance,22
DEL-009523,FL-041244,Late Aircraft Arrival,17
DEL-009524,FL-041253,Late Aircraft Arrival,165
DEL-009525,FL-041262,Security,42
DEL-009526,FL-041264,Maintenance,19
DEL-009527,FL-041267,Weather,83
DEL-009528,FL-041268,Weather,46
DEL-009529,FL-041291,Air Traffic Control,33
DEL-009530,FL-041297,Security,139
DEL-009531,FL-041304,Air Traffic Control,17
DEL-009532,FL-041305,Air Traffic Control,56
DEL-009533,FL-041309,Air Traffic Control,15
DEL-009534,FL-041313,Maintenance,17
DEL-009535,FL-041318,Weather,29
DEL-009536,FL-041322,Weather,18
DEL-009537,FL-041326,Security,28
DEL-009538,FL-041330,Weather,80
DEL-009539,FL-041336,Maintenance,34
DEL-009540,FL-041337,Late Aircraft Arrival,47
DEL-009541,FL-041345,Maintenance,47
DEL-009542,FL-041346,Air Traffic Control,84
DEL-009543,FL-041359,Maintenance,16
DEL-009544,FL-041364,Late Aircraft Arrival,55
DEL-009545,FL-041365,Air Traffic Control,44
DEL-009546,FL-041367,Weather,27
DEL-009547,FL-041369,Air Traffic Control,36
DEL-009548,FL-041373,Air Traffic Control,33
DEL-009549,FL-041382,Weather,28
DEL-009550,FL-041388,Weather,117
DEL-009551,FL-041390,Air Traffic Control,20
DEL-009552,FL-041404,Weather,19
DEL-009553,FL-041408,Late Aircraft Arrival,76
DEL-009554,FL-041411,Weather,30
DEL-009555,FL-041418,Air Traffic Control,54
DEL-009556,FL-041421,Air Traffic Control,22
DEL-009557,FL-041422,Air Traffic Control,21
DEL-009558,FL-041424,Maintenance,16
DEL-009559,FL-041426,Air Traffic Control,15
DEL-009560,FL-041432,Security,30
DEL-009561,FL-041444,Weather,57
DEL-009562,FL-041445,Weather,84
DEL-009563,FL-041453,Air Traffic Control,145
DEL-009564,FL-041456,Air Traffic Control,101
DEL-009565,FL-041467,Weather,53
DEL-009566,FL-041476,Air Traffic Control,24
DEL-009567,FL-041488,Maintenance,19
DEL-009568,FL-041491,Air Traffic Control,42
DEL-009569,FL-041495,Air Traffic Control,65
DEL-009570,FL-041499,Maintenance,49
DEL-009571,FL-041501,Air Traffic Control,41
DEL-009572,FL-041503,Weather,20
DEL-009573,FL-041504,Late Aircraft Arrival,28
DEL-009574,FL-041509,Air Traffic Control,28
DEL-009575,FL-041513,Weather,66
DEL-009576,FL-041533,Air Traffic Control,113
DEL-009577,FL-041534,Air Traffic Control,27
DEL-009578,FL-041536,Weather,37
DEL-009579,FL-041540,Weather,49
DEL-009580,FL-041541,Weather,49
DEL-009581,FL-041543,Air Traffic Control,160
DEL-009582,FL-041546,Air Traffic Control,43
DEL-009583,FL-041560,Weather,27
DEL-009584,FL-041562,Air Traffic Control,124
DEL-009585,FL-041569,Maintenance,26
DEL-009586,FL-041572,Air Traffic Control,82
DEL-009587,FL-041576,Air Traffic Control,126
DEL-009588,FL-041578,Late Aircraft Arrival,16
DEL-009589,FL-041582,Late Aircraft Arrival,36
DEL-009590,FL-041584,Maintenance,15
DEL-009591,FL-041586,Air Traffic Control,104
DEL-009592,FL-041588,Air Traffic Control,17
DEL-009593,FL-041589,Air Traffic Control,15
DEL-009594,FL-041590,Weather,23
DEL-009595,FL-041591,Air Traffic Control,41
DEL-009596,FL-041595,Air Traffic Control,42
DEL-009597,FL-041598,Air Traffic Control,52
DEL-009598,FL-041602,Maintenance,37
DEL-009599,FL-041614,Weather,36
DEL-009600,FL-041616,Weather,25
DEL-009601,FL-041619,Late Aircraft Arrival,79
DEL-009602,FL-041622,Weather,30
DEL-009603,FL-041624,Weather,38
DEL-009604,FL-041625,Weather,96
DEL-009605,FL-041630,Maintenance,66
DEL-009606,FL-041631,Air Traffic Control,71
DEL-009607,FL-041633,Late Aircraft Arrival,58
DEL-009608,FL-041637,Weather,119
DEL-009609,FL-041638,Weather,24
DEL-009610,FL-041642,Weather,154
DEL-009611,FL-041643,Weather,16
DEL-009612,FL-041648,Maintenance,236
DEL-009613,FL-041669,Weather,26
DEL-009614,FL-041680,Weather,31
DEL-009615,FL-041681,Air Traffic Control,32
DEL-009616,FL-041686,Weather,19
DEL-009617,FL-041691,Weather,22
DEL-009618,FL-041695,Maintenance,35
DEL-009619,FL-041696,Maintenance,37
DEL-009620,FL-041702,Air Traffic Control,69
DEL-009621,FL-041703,Weather,43
DEL-009622,FL-041707,Weather,22
DEL-009623,FL-041727,Late Aircraft Arrival,16
DEL-009624,FL-041728,Maintenance,80
DEL-009625,FL-041732,Late Aircraft Arrival,32
DEL-009626,FL-041735,Weather,24
DEL-009627,FL-041737,Air Traffic Control,106
DEL-009628,FL-041739,Weather,47
DEL-009629,FL-041743,Maintenance,112
DEL-009630,FL-041745,Weather,45
DEL-009631,FL-041751,Weather,21
DEL-009632,FL-041752,Late Aircraft Arrival,35
DEL-009633,FL-041754,Late Aircraft Arrival,147
DEL-009634,FL-041755,Maintenance,125
DEL-009635,FL-041757,Air Traffic Control,137
DEL-009636,FL-041758,Weather,16
DEL-009637,FL-041763,Air Traffic Control,92
DEL-009638,FL-041765,Air Traffic Control,40
DEL-009639,FL-041774,Maintenance,56
DEL-009640,FL-041784,Late Aircraft Arrival,89
DEL-009641,FL-041788,Air Traffic Control,57
DEL-009642,FL-041790,Weather,20
DEL-009643,FL-041795,Air Traffic Control,97
DEL-009644,FL-041800,Weather,22
DEL-009645,FL-041804,Weather,67
DEL-009646,FL-041809,Air Traffic Control,28
DEL-009647,FL-041812,Maintenance,102
DEL-009648,FL-041827,Weather,142
DEL-009649,FL-041828,Air Traffic Control,22
DEL-009650,FL-041830,Air Traffic Control,51
DEL-009651,FL-041838,Maintenance,39
DEL-009652,FL-041842,Weather,18
DEL-009653,FL-041851,Late Aircraft Arrival,47
DEL-009654,FL-041853,Air Traffic Control,26
DEL-009655,FL-041855,Late Aircraft Arrival,20
DEL-009656,FL-041869,Security,19
DEL-009657,FL-041871,Weather,23
DEL-009658,FL-041873,Air Traffic Control,98
DEL-009659,FL-041874,Air Traffic Control,83
DEL-009660,FL-041878,Air Traffic Control,24
DEL-009661,FL-041886,Late Aircraft Arrival,92
DEL-009662,FL-041887,Air Traffic Control,39
DEL-009663,FL-041909,Maintenance,108
DEL-009664,FL-041912,Air Traffic Control,26
DEL-009665,FL-041914,Late Aircraft Arrival,22
DEL-009666,FL-041916,Late Aircraft Arrival,17
DEL-009667,FL-041923,Security,148
DEL-009668,FL-041930,Air Traffic Control,83
DEL-009669,FL-041940,Air Traffic Control,51
DEL-009670,FL-041941,Maintenance,86
DEL-009671,FL-041942,Maintenance,37
DEL-009672,FL-041943,Weather,23
DEL-009673,FL-041947,Maintenance,116
DEL-009674,FL-041948,Security,84
DEL-009675,FL-041952,Maintenance,48
DEL-009676,FL-041968,Weather,35
DEL-009677,FL-041970,Maintenance,116
DEL-009678,FL-041977,Weather,119
DEL-009679,FL-041980,Weather,23
DEL-009680,FL-041981,Late Aircraft Arrival,35
DEL-009681,FL-041982,Late Aircraft Arrival,28
DEL-009682,FL-041983,Late Aircraft Arrival,29
DEL-009683,FL-041986,Air Traffic Control,89
DEL-009684,FL-041987,Late Aircraft Arrival,47
DEL-009685,FL-041991,Late Aircraft Arrival,71
DEL-009686,FL-041999,Security,32
DEL-009687,FL-042004,Air Traffic Control,63
DEL-009688,FL-042010,Air Traffic Control,34
DEL-009689,FL-042015,Weather,52
DEL-009690,FL-042019,Air Traffic Control,92
DEL-009691,FL-042023,Air Traffic Control,74
DEL-009692,FL-042026,Air Traffic Control,18
DEL-009693,FL-042029,Air Traffic Control,73
DEL-009694,FL-042032,Air Traffic Control,96
DEL-009695,FL-042034,Late Aircraft Arrival,38
DEL-009696,FL-042042,Air Traffic Control,32
DEL-009697,FL-042048,Weather,26
DEL-009698,FL-042054,Air Traffic Control,21
DEL-009699,FL-042055,Weather,27
DEL-009700,FL-042063,Maintenance,41
DEL-009701,FL-042069,Late Aircraft Arrival,15
DEL-009702,FL-042070,Weather,30
DEL-009703,FL-042071,Weather,62
DEL-009704,FL-042079,Late Aircraft Arrival,49
DEL-009705,FL-042080,Air Traffic Control,31
DEL-009706,FL-042091,Weather,31
DEL-009707,FL-042094,Late Aircraft Arrival,38
DEL-009708,FL-042098,Air Traffic Control,164
DEL-009709,FL-042100,Maintenance,68
DEL-009710,FL-042101,Late Aircraft Arrival,79
DEL-009711,FL-042103,Weather,41
DEL-009712,FL-042111,Weather,19
DEL-009713,FL-042116,Weather,62
DEL-009714,FL-042118,Air Traffic Control,68
DEL-009715,FL-042119,Maintenance,18
DEL-009716,FL-042124,Air Traffic Control,91
DEL-009717,FL-042125,Weather,85
DEL-009718,FL-042128,Weather,37
DEL-009719,FL-042131,Air Traffic Control,79
DEL-009720,FL-042143,Weather,193
DEL-009721,FL-042150,Weather,66
DEL-009722,FL-042152,Weather,136
DEL-009723,FL-042156,Maintenance,20
DEL-009724,FL-042160,Air Traffic Control,177
DEL-009725,FL-042168,Air Traffic Control,48
DEL-009726,FL-042174,Weather,22
DEL-009727,FL-042178,Late Aircraft Arrival,25
DEL-009728,FL-042185,Late Aircraft Arrival,31
DEL-009729,FL-042190,Air Traffic Control,35
DEL-009730,FL-042192,Maintenance,141
DEL-009731,FL-042200,Maintenance,35
DEL-009732,FL-042201,Late Aircraft Arrival,47
DEL-009733,FL-042205,Weather,95
DEL-009734,FL-042207,Late Aircraft Arrival,33
DEL-009735,FL-042212,Late Aircraft Arrival,27
DEL-009736,FL-042214,Weather,144
DEL-009737,FL-042217,Maintenance,24
DEL-009738,FL-042219,Air Traffic Control,40
DEL-009739,FL-042220,Maintenance,107
DEL-009740,FL-042222,Maintenance,21
DEL-009741,FL-042224,Weather,43
DEL-009742,FL-042233,Air Traffic Control,35
DEL-009743,FL-042234,Weather,43
DEL-009744,FL-042239,Air Traffic Control,112
DEL-009745,FL-042240,Air Traffic Control,50
DEL-009746,FL-042257,Security,24
DEL-009747,FL-042260,Weather,40
DEL-009748,FL-042262,Maintenance,361
DEL-009749,FL-042265,Air Traffic Control,37
DEL-009750,FL-042269,Weather,57
DEL-009751,FL-042293,Security,67
DEL-009752,FL-042295,Weather,45
DEL-009753,FL-042296,Weather,61
DEL-009754,FL-042298,Weather,19
DEL-009755,FL-042305,Weather,140
DEL-009756,FL-042312,Maintenance,43
DEL-009757,FL-042314,Late Aircraft Arrival,28
DEL-009758,FL-042316,Weather,59
DEL-009759,FL-042320,Weather,53
DEL-009760,FL-042327,Air Traffic Control,16
DEL-009761,FL-042332,Air Traffic Control,16
DEL-009762,FL-042333,Weather,27
DEL-009763,FL-042338,Air Traffic Control,39
DEL-009764,FL-042340,Security,51
DEL-009765,FL-042342,Maintenance,67
DEL-009766,FL-042348,Maintenance,47
DEL-009767,FL-042349,Maintenance,77
DEL-009768,FL-042350,Air Traffic Control,21
DEL-009769,FL-042358,Late Aircraft Arrival,133
DEL-009770,FL-042361,Late Aircraft Arrival,40
DEL-009771,FL-042369,Maintenance,21
DEL-009772,FL-042376,Maintenance,19
DEL-009773,FL-042384,Air Traffic Control,115
DEL-009774,FL-042385,Late Aircraft Arrival,26
DEL-009775,FL-042387,Late Aircraft Arrival,29
DEL-009776,FL-042391,Maintenance,113
DEL-009777,FL-042392,Weather,23
DEL-009778,FL-042405,Weather,45
DEL-009779,FL-042409,Late Aircraft Arrival,23
DEL-009780,FL-042427,Late Aircraft Arrival,24
DEL-009781,FL-042431,Weather,34
DEL-009782,FL-042437,Weather,97
DEL-009783,FL-042450,Maintenance,70
DEL-009784,FL-042454,Weather,38
DEL-009785,FL-042457,Weather,77
DEL-009786,FL-042465,Maintenance,78
DEL-009787,FL-042466,Weather,30
DEL-009788,FL-042467,Air Traffic Control,26
DEL-009789,FL-042469,Air Traffic Control,30
DEL-009790,FL-042470,Air Traffic Control,64
DEL-009791,FL-042471,Weather,33
DEL-009792,FL-042472,Air Traffic Control,63
DEL-009793,FL-042477,Late Aircraft Arrival,41
DEL-009794,FL-042495,Air Traffic Control,35
DEL-009795,FL-042507,Weather,44
DEL-009796,FL-042509,Air Traffic Control,29
DEL-009797,FL-042511,Maintenance,31
DEL-009798,FL-042514,Weather,15
DEL-009799,FL-042518,Maintenance,41
DEL-009800,FL-042520,Maintenance,22
DEL-009801,FL-042528,Maintenance,18
DEL-009802,FL-042533,Late Aircraft Arrival,87
DEL-009803,FL-042534,Weather,54
DEL-009804,FL-042538,Air Traffic Control,47
DEL-009805,FL-042540,Maintenance,42
DEL-009806,FL-042541,Air Traffic Control,33
DEL-009807,FL-042556,Maintenance,18
DEL-009808,FL-042564,Security,29
DEL-009809,FL-042566,Weather,49
DEL-009810,FL-042567,Air Traffic Control,96
DEL-009811,FL-042571,Weather,75
DEL-009812,FL-042579,Weather,103
DEL-009813,FL-042585,Security,46
DEL-009814,FL-042586,Maintenance,20
DEL-009815,FL-042594,Weather,35
DEL-009816,FL-042603,Late Aircraft Arrival,18
DEL-009817,FL-042604,Security,67
DEL-009818,FL-042611,Air Traffic Control,236
DEL-009819,FL-042616,Late Aircraft Arrival,37
DEL-009820,FL-042627,Weather,31
DEL-009821,FL-042641,Air Traffic Control,24
DEL-009822,FL-042643,Air Traffic Control,73
DEL-009823,FL-042653,Maintenance,157
DEL-009824,FL-042657,Maintenance,16
DEL-009825,FL-042660,Air Traffic Control,15
DEL-009826,FL-042669,Air Traffic Control,34
DEL-009827,FL-042678,Maintenance,20
DEL-009828,FL-042689,Late Aircraft Arrival,73
DEL-009829,FL-042690,Security,66
DEL-009830,FL-042692,Late Aircraft Arrival,85
DEL-009831,FL-042694,Weather,20
DEL-009832,FL-042700,Air Traffic Control,22
DEL-009833,FL-042701,Weather,27
DEL-009834,FL-042707,Weather,48
DEL-009835,FL-042711,Maintenance,32
DEL-009836,FL-042712,Maintenance,64
DEL-009837,FL-042727,Air Traffic Control,43
DEL-009838,FL-042732,Maintenance,25
DEL-009839,FL-042734,Weather,37
DEL-009840,FL-042745,Weather,63
DEL-009841,FL-042749,Air Traffic Control,15
DEL-009842,FL-042750,Weather,61
DEL-009843,FL-042751,Air Traffic Control,48
DEL-009844,FL-042753,Maintenance,31
DEL-009845,FL-042756,Weather,15
DEL-009846,FL-042757,Late Aircraft Arrival,40
DEL-009847,FL-042758,Air Traffic Control,77
DEL-009848,FL-042760,Maintenance,34
DEL-009849,FL-042762,Weather,35
DEL-009850,FL-042772,Weather,74
DEL-009851,FL-042776,Air Traffic Control,197
DEL-009852,FL-042777,Late Aircraft Arrival,45
DEL-009853,FL-042785,Weather,18
DEL-009854,FL-042790,Air Traffic Control,112
DEL-009855,FL-042793,Security,161
DEL-009856,FL-042797,Maintenance,32
DEL-009857,FL-042799,Maintenance,43
DEL-009858,FL-042800,Late Aircraft Arrival,33
DEL-009859,FL-042801,Maintenance,65
DEL-009860,FL-042803,Maintenance,46
DEL-009861,FL-042804,Weather,73
DEL-009862,FL-042807,Late Aircraft Arrival,45
DEL-009863,FL-042813,Air Traffic Control,32
DEL-009864,FL-042819,Maintenance,75
DEL-009865,FL-042821,Late Aircraft Arrival,18
DEL-009866,FL-042823,Weather,23
DEL-009867,FL-042827,Air Traffic Control,22
DEL-009868,FL-042829,Air Traffic Control,49
DEL-009869,FL-042835,Air Traffic Control,29
DEL-009870,FL-042836,Air Traffic Control,21
DEL-009871,FL-042837,Maintenance,69
DEL-009872,FL-042841,Weather,142
DEL-009873,FL-042849,Weather,62
DEL-009874,FL-042852,Weather,20
DEL-009875,FL-042854,Late Aircraft Arrival,85
DEL-009876,FL-042863,Air Traffic Control,38
DEL-009877,FL-042868,Weather,44
DEL-009878,FL-042875,Security,154
DEL-009879,FL-042880,Maintenance,79
DEL-009880,FL-042886,Air Traffic Control,25
DEL-009881,FL-042889,Weather,30
DEL-009882,FL-042891,Security,73
DEL-009883,FL-042902,Maintenance,72
DEL-009884,FL-042908,Air Traffic Control,23
DEL-009885,FL-042917,Weather,60
DEL-009886,FL-042920,Weather,186
DEL-009887,FL-042930,Security,52
DEL-009888,FL-042938,Late Aircraft Arrival,92
DEL-009889,FL-042939,Weather,130
DEL-009890,FL-042940,Security,15
DEL-009891,FL-042949,Late Aircraft Arrival,28
DEL-009892,FL-042950,Air Traffic Control,89
DEL-009893,FL-042954,Late Aircraft Arrival,108
DEL-009894,FL-042957,Maintenance,54
DEL-009895,FL-042962,Late Aircraft Arrival,71
DEL-009896,FL-042964,Air Traffic Control,57
DEL-009897,FL-042972,Maintenance,19
DEL-009898,FL-042978,Air Traffic Control,39
DEL-009899,FL-042979,Maintenance,15
DEL-009900,FL-042981,Maintenance,179
DEL-009901,FL-042986,Air Traffic Control,20
DEL-009902,FL-042990,Late Aircraft Arrival,15
DEL-009903,FL-042991,Security,16
DEL-009904,FL-042992,Air Traffic Control,35
DEL-009905,FL-042999,Weather,46
DEL-009906,FL-043000,Air Traffic Control,20
DEL-009907,FL-043002,Late Aircraft Arrival,46
DEL-009908,FL-043004,Late Aircraft Arrival,38
DEL-009909,FL-043010,Air Traffic Control,289
DEL-009910,FL-043016,Maintenance,38
DEL-009911,FL-043021,Air Traffic Control,45
DEL-009912,FL-043025,Weather,16
DEL-009913,FL-043029,Maintenance,78
DEL-009914,FL-043031,Late Aircraft Arrival,57
DEL-009915,FL-043032,Maintenance,27
DEL-009916,FL-043034,Late Aircraft Arrival,104
DEL-009917,FL-043042,Weather,20
DEL-009918,FL-043045,Air Traffic Control,41
DEL-009919,FL-043046,Weather,25
DEL-009920,FL-043049,Air Traffic Control,24
DEL-009921,FL-043054,Maintenance,56
DEL-009922,FL-043057,Weather,71
DEL-009923,FL-043058,Maintenance,80
DEL-009924,FL-043063,Weather,56
DEL-009925,FL-043065,Air Traffic Control,113
DEL-009926,FL-043069,Late Aircraft Arrival,17
DEL-009927,FL-043076,Weather,62
DEL-009928,FL-043080,Maintenance,138
DEL-009929,FL-043082,Maintenance,23
DEL-009930,FL-043086,Maintenance,38
DEL-009931,FL-043099,Weather,141
DEL-009932,FL-043123,Maintenance,94
DEL-009933,FL-043125,Late Aircraft Arrival,54
DEL-009934,FL-043131,Weather,37
DEL-009935,FL-043133,Late Aircraft Arrival,21
DEL-009936,FL-043142,Weather,18
DEL-009937,FL-043146,Air Traffic Control,26
DEL-009938,FL-043149,Air Traffic Control,30
DEL-009939,FL-043150,Late Aircraft Arrival,62
DEL-009940,FL-043151,Air Traffic Control,16
DEL-009941,FL-043152,Late Aircraft Arrival,37
DEL-009942,FL-043154,Air Traffic Control,15
DEL-009943,FL-043158,Air Traffic Control,72
DEL-009944,FL-043161,Security,34
DEL-009945,FL-043167,Maintenance,82
DEL-009946,FL-043168,Weather,151
DEL-009947,FL-043170,Air Traffic Control,62
DEL-009948,FL-043172,Weather,65
DEL-009949,FL-043175,Maintenance,37
DEL-009950,FL-043178,Weather,61
DEL-009951,FL-043179,Weather,24
DEL-009952,FL-043181,Security,175
DEL-009953,FL-043186,Maintenance,28
DEL-009954,FL-043187,Weather,16
DEL-009955,FL-043197,Air Traffic Control,33
DEL-009956,FL-043207,Weather,78
DEL-009957,FL-043209,Weather,61
DEL-009958,FL-043217,Late Aircraft Arrival,18
DEL-009959,FL-043218,Maintenance,21
DEL-009960,FL-043223,Late Aircraft Arrival,300
DEL-009961,FL-043226,Late Aircraft Arrival,40
DEL-009962,FL-043228,Weather,167
DEL-009963,FL-043230,Late Aircraft Arrival,30
DEL-009964,FL-043234,Late Aircraft Arrival,23
DEL-009965,FL-043248,Late Aircraft Arrival,172
DEL-009966,FL-043262,Security,65
DEL-009967,FL-043265,Late Aircraft Arrival,50
DEL-009968,FL-043266,Late Aircraft Arrival,108
DEL-009969,FL-043273,Late Aircraft Arrival,115
DEL-009970,FL-043275,Weather,15
DEL-009971,FL-043277,Weather,29
DEL-009972,FL-043280,Air Traffic Control,146
DEL-009973,FL-043296,Maintenance,35
DEL-009974,FL-043297,Late Aircraft Arrival,81
DEL-009975,FL-043298,Weather,75
DEL-009976,FL-043299,Air Traffic Control,40
DEL-009977,FL-043302,Maintenance,20
DEL-009978,FL-043303,Late Aircraft Arrival,64
DEL-009979,FL-043318,Weather,73
DEL-009980,FL-043322,Air Traffic Control,75
DEL-009981,FL-043325,Air Traffic Control,108
DEL-009982,FL-043327,Weather,76
DEL-009983,FL-043336,Maintenance,154
DEL-009984,FL-043347,Maintenance,77
DEL-009985,FL-043351,Air Traffic Control,30
DEL-009986,FL-043358,Weather,18
DEL-009987,FL-043360,Maintenance,81
DEL-009988,FL-043369,Security,25
DEL-009989,FL-043370,Weather,20
DEL-009990,FL-043377,Air Traffic Control,29
DEL-009991,FL-043378,Air Traffic Control,120
DEL-009992,FL-043384,Weather,41
DEL-009993,FL-043385,Air Traffic Control,24
DEL-009994,FL-043387,Late Aircraft Arrival,28
DEL-009995,FL-043388,Weather,114
DEL-009996,FL-043391,Late Aircraft Arrival,174
DEL-009997,FL-043402,Maintenance,45
DEL-009998,FL-043404,Air Traffic Control,78
DEL-009999,FL-043405,Late Aircraft Arrival,23
DEL-010000,FL-043415,Late Aircraft Arrival,16
DEL-010001,FL-043444,Weather,15
DEL-010002,FL-043447,Air Traffic Control,26
DEL-010003,FL-043459,Air Traffic Control,48
DEL-010004,FL-043461,Weather,53
DEL-010005,FL-043465,Weather,61
DEL-010006,FL-043468,Security,104
DEL-010007,FL-043471,Late Aircraft Arrival,131
DEL-010008,FL-043475,Security,57
DEL-010009,FL-043483,Maintenance,115
DEL-010010,FL-043485,Maintenance,22
DEL-010011,FL-043499,Maintenance,30
DEL-010012,FL-043502,Maintenance,27
DEL-010013,FL-043506,Weather,40
DEL-010014,FL-043515,Weather,80
DEL-010015,FL-043523,Air Traffic Control,35
DEL-010016,FL-043530,Air Traffic Control,45
DEL-010017,FL-043536,Maintenance,29
DEL-010018,FL-043539,Late Aircraft Arrival,60
DEL-010019,FL-043543,Maintenance,107
DEL-010020,FL-043550,Air Traffic Control,60
DEL-010021,FL-043552,Air Traffic Control,48
DEL-010022,FL-043554,Air Traffic Control,77
DEL-010023,FL-043555,Weather,25
DEL-010024,FL-043562,Air Traffic Control,67
DEL-010025,FL-043568,Air Traffic Control,33
DEL-010026,FL-043573,Air Traffic Control,37
DEL-010027,FL-043575,Weather,342
DEL-010028,FL-043581,Weather,77
DEL-010029,FL-043582,Weather,44
DEL-010030,FL-043584,Late Aircraft Arrival,36
DEL-010031,FL-043599,Weather,43
DEL-010032,FL-043602,Maintenance,30
DEL-010033,FL-043608,Maintenance,15
DEL-010034,FL-043611,Maintenance,27
DEL-010035,FL-043612,Air Traffic Control,55
DEL-010036,FL-043614,Weather,15
DEL-010037,FL-043617,Weather,42
DEL-010038,FL-043618,Maintenance,62
DEL-010039,FL-043620,Air Traffic Control,55
DEL-010040,FL-043627,Maintenance,31
DEL-010041,FL-043638,Maintenance,82
DEL-010042,FL-043641,Late Aircraft Arrival,72
DEL-010043,FL-043648,Air Traffic Control,25
DEL-010044,FL-043659,Late Aircraft Arrival,51
DEL-010045,FL-043676,Weather,41
DEL-010046,FL-043678,Maintenance,24
DEL-010047,FL-043685,Air Traffic Control,65
DEL-010048,FL-043689,Weather,99
DEL-010049,FL-043692,Maintenance,55
DEL-010050,FL-043693,Weather,34
DEL-010051,FL-043698,Late Aircraft Arrival,16
DEL-010052,FL-043700,Air Traffic Control,232
DEL-010053,FL-043702,Weather,164
DEL-010054,FL-043709,Maintenance,30
DEL-010055,FL-043711,Air Traffic Control,21
DEL-010056,FL-043726,Air Traffic Control,43
DEL-010057,FL-043728,Maintenance,53
DEL-010058,FL-043734,Air Traffic Control,23
DEL-010059,FL-043742,Late Aircraft Arrival,134
DEL-010060,FL-043749,Air Traffic Control,59
DEL-010061,FL-043757,Late Aircraft Arrival,31
DEL-010062,FL-043760,Weather,33
DEL-010063,FL-043761,Weather,19
DEL-010064,FL-043762,Maintenance,155
DEL-010065,FL-043774,Air Traffic Control,52
DEL-010066,FL-043794,Late Aircraft Arrival,31
DEL-010067,FL-043803,Maintenance,17
DEL-010068,FL-043804,Air Traffic Control,35
DEL-010069,FL-043809,Late Aircraft Arrival,18
DEL-010070,FL-043825,Weather,153
DEL-010071,FL-043826,Maintenance,18
DEL-010072,FL-043827,Air Traffic Control,18
DEL-010073,FL-043837,Air Traffic Control,21
DEL-010074,FL-043842,Security,189
DEL-010075,FL-043845,Late Aircraft Arrival,19
DEL-010076,FL-043846,Maintenance,165
DEL-010077,FL-043852,Late Aircraft Arrival,34
DEL-010078,FL-043854,Air Traffic Control,81
DEL-010079,FL-043856,Late Aircraft Arrival,74
DEL-010080,FL-043860,Weather,151
DEL-010081,FL-043876,Weather,20
DEL-010082,FL-043881,Maintenance,68
DEL-010083,FL-043886,Late Aircraft Arrival,108
DEL-010084,FL-043888,Air Traffic Control,25
DEL-010085,FL-043891,Air Traffic Control,17
DEL-010086,FL-043895,Weather,86
DEL-010087,FL-043896,Weather,34
DEL-010088,FL-043902,Air Traffic Control,32
DEL-010089,FL-043904,Air Traffic Control,70
DEL-010090,FL-043910,Late Aircraft Arrival,90
DEL-010091,FL-043912,Late Aircraft Arrival,32
DEL-010092,FL-043916,Security,260
DEL-010093,FL-043927,Weather,93
DEL-010094,FL-043935,Weather,26
DEL-010095,FL-043937,Air Traffic Control,17
DEL-010096,FL-043939,Weather,68
DEL-010097,FL-043942,Weather,47
DEL-010098,FL-043945,Air Traffic Control,140
DEL-010099,FL-043952,Maintenance,40
DEL-010100,FL-043956,Late Aircraft Arrival,89
DEL-010101,FL-043958,Maintenance,56
DEL-010102,FL-043963,Weather,32
DEL-010103,FL-043965,Air Traffic Control,30
DEL-010104,FL-043967,Late Aircraft Arrival,48
DEL-010105,FL-043968,Air Traffic Control,63
DEL-010106,FL-043971,Late Aircraft Arrival,24
DEL-010107,FL-043972,Maintenance,37
DEL-010108,FL-043974,Late Aircraft Arrival,75
DEL-010109,FL-043975,Maintenance,44
DEL-010110,FL-043984,Weather,16
DEL-010111,FL-043995,Air Traffic Control,18
DEL-010112,FL-043998,Weather,35
DEL-010113,FL-044000,Weather,103
DEL-010114,FL-044007,Security,62
DEL-010115,FL-044008,Air Traffic Control,56
DEL-010116,FL-044012,Weather,61
DEL-010117,FL-044020,Weather,58
DEL-010118,FL-044021,Weather,85
DEL-010119,FL-044022,Late Aircraft Arrival,26
DEL-010120,FL-044029,Maintenance,59
DEL-010121,FL-044032,Late Aircraft Arrival,67
DEL-010122,FL-044037,Maintenance,66
DEL-010123,FL-044042,Weather,50
DEL-010124,FL-044044,Air Traffic Control,55
DEL-010125,FL-044046,Maintenance,48
DEL-010126,FL-044047,Weather,19
DEL-010127,FL-044051,Maintenance,37
DEL-010128,FL-044052,Weather,310
DEL-010129,FL-044054,Maintenance,119
DEL-010130,FL-044056,Weather,115
DEL-010131,FL-044067,Late Aircraft Arrival,58
DEL-010132,FL-044077,Maintenance,68
DEL-010133,FL-044079,Air Traffic Control,61
DEL-010134,FL-044082,Air Traffic Control,41
DEL-010135,FL-044091,Air Traffic Control,147
DEL-010136,FL-044102,Air Traffic Control,15
DEL-010137,FL-044104,Air Traffic Control,45
DEL-010138,FL-044107,Weather,59
DEL-010139,FL-044108,Weather,54
DEL-010140,FL-044109,Weather,79
DEL-010141,FL-044114,Late Aircraft Arrival,23
DEL-010142,FL-044117,Late Aircraft Arrival,29
DEL-010143,FL-044121,Weather,16
DEL-010144,FL-044122,Weather,65
DEL-010145,FL-044125,Weather,42
DEL-010146,FL-044126,Maintenance,22
DEL-010147,FL-044131,Weather,132
DEL-010148,FL-044136,Late Aircraft Arrival,29
DEL-010149,FL-044145,Maintenance,33
DEL-010150,FL-044146,Air Traffic Control,20
DEL-010151,FL-044157,Air Traffic Control,25
DEL-010152,FL-044161,Security,16
DEL-010153,FL-044165,Air Traffic Control,15
DEL-010154,FL-044171,Maintenance,25
DEL-010155,FL-044172,Late Aircraft Arrival,41
DEL-010156,FL-044175,Air Traffic Control,96
DEL-010157,FL-044178,Late Aircraft Arrival,16
DEL-010158,FL-044181,Maintenance,33
DEL-010159,FL-044182,Weather,141
DEL-010160,FL-044192,Maintenance,70
DEL-010161,FL-044194,Weather,72
DEL-010162,FL-044196,Security,28
DEL-010163,FL-044197,Maintenance,65
DEL-010164,FL-044209,Maintenance,36
DEL-010165,FL-044213,Late Aircraft Arrival,19
DEL-010166,FL-044214,Late Aircraft Arrival,23
DEL-010167,FL-044218,Weather,59
DEL-010168,FL-044225,Weather,88
DEL-010169,FL-044228,Air Traffic Control,98
DEL-010170,FL-044240,Late Aircraft Arrival,47
DEL-010171,FL-044243,Maintenance,21
DEL-010172,FL-044246,Late Aircraft Arrival,15
DEL-010173,FL-044250,Air Traffic Control,23
DEL-010174,FL-044265,Security,27
DEL-010175,FL-044274,Maintenance,148
DEL-010176,FL-044277,Maintenance,51
DEL-010177,FL-044278,Air Traffic Control,19
DEL-010178,FL-044279,Maintenance,91
DEL-010179,FL-044297,Late Aircraft Arrival,29
DEL-010180,FL-044302,Weather,70
DEL-010181,FL-044307,Air Traffic Control,36
DEL-010182,FL-044310,Maintenance,69
DEL-010183,FL-044311,Weather,99
DEL-010184,FL-044317,Air Traffic Control,86
DEL-010185,FL-044321,Weather,61
DEL-010186,FL-044322,Weather,107
DEL-010187,FL-044324,Late Aircraft Arrival,19
DEL-010188,FL-044337,Air Traffic Control,95
DEL-010189,FL-044342,Weather,96
DEL-010190,FL-044346,Maintenance,46
DEL-010191,FL-044347,Air Traffic Control,20
DEL-010192,FL-044363,Maintenance,73
DEL-010193,FL-044371,Late Aircraft Arrival,64
DEL-010194,FL-044377,Air Traffic Control,88
DEL-010195,FL-044381,Weather,15
DEL-010196,FL-044386,Air Traffic Control,16
DEL-010197,FL-044390,Late Aircraft Arrival,27
DEL-010198,FL-044393,Air Traffic Control,93
DEL-010199,FL-044409,Weather,21
DEL-010200,FL-044413,Air Traffic Control,20
DEL-010201,FL-044414,Weather,137
DEL-010202,FL-044415,Weather,28
DEL-010203,FL-044416,Weather,22
DEL-010204,FL-044418,Air Traffic Control,33
DEL-010205,FL-044429,Maintenance,17
DEL-010206,FL-044430,Security,42
DEL-010207,FL-044433,Weather,228
DEL-010208,FL-044435,Maintenance,31
DEL-010209,FL-044437,Weather,43
DEL-010210,FL-044439,Late Aircraft Arrival,67
DEL-010211,FL-044440,Air Traffic Control,17
DEL-010212,FL-044449,Late Aircraft Arrival,88
DEL-010213,FL-044451,Air Traffic Control,110
DEL-010214,FL-044453,Air Traffic Control,22
DEL-010215,FL-044456,Late Aircraft Arrival,37
DEL-010216,FL-044467,Air Traffic Control,29
DEL-010217,FL-044470,Weather,41
DEL-010218,FL-044475,Air Traffic Control,36
DEL-010219,FL-044476,Air Traffic Control,24
DEL-010220,FL-044480,Weather,25
DEL-010221,FL-044482,Maintenance,150
DEL-010222,FL-044484,Air Traffic Control,68
DEL-010223,FL-044492,Weather,53
DEL-010224,FL-044493,Air Traffic Control,121
DEL-010225,FL-044498,Maintenance,15
DEL-010226,FL-044502,Air Traffic Control,30
DEL-010227,FL-044513,Maintenance,79
DEL-010228,FL-044517,Weather,78
DEL-010229,FL-044522,Weather,31
DEL-010230,FL-044523,Weather,85
DEL-010231,FL-044526,Maintenance,17
DEL-010232,FL-044532,Late Aircraft Arrival,112
DEL-010233,FL-044553,Weather,15
DEL-010234,FL-044554,Air Traffic Control,30
DEL-010235,FL-044558,Air Traffic Control,60
DEL-010236,FL-044561,Weather,31
DEL-010237,FL-044566,Air Traffic Control,95
DEL-010238,FL-044575,Air Traffic Control,33
DEL-010239,FL-044576,Weather,35
DEL-010240,FL-044588,Maintenance,35
DEL-010241,FL-044593,Air Traffic Control,16
DEL-010242,FL-044594,Late Aircraft Arrival,20
DEL-010243,FL-044599,Weather,18
DEL-010244,FL-044604,Air Traffic Control,83
DEL-010245,FL-044608,Air Traffic Control,16
DEL-010246,FL-044609,Air Traffic Control,16
DEL-010247,FL-044610,Late Aircraft Arrival,39
DEL-010248,FL-044613,Maintenance,58
DEL-010249,FL-044614,Security,45
DEL-010250,FL-044623,Maintenance,16
DEL-010251,FL-044624,Weather,22
DEL-010252,FL-044627,Air Traffic Control,107
DEL-010253,FL-044628,Security,88
DEL-010254,FL-044630,Air Traffic Control,210
DEL-010255,FL-044633,Maintenance,150
DEL-010256,FL-044634,Late Aircraft Arrival,61
DEL-010257,FL-044635,Late Aircraft Arrival,41
DEL-010258,FL-044639,Late Aircraft Arrival,118
DEL-010259,FL-044644,Security,111
DEL-010260,FL-044645,Weather,49
DEL-010261,FL-044648,Late Aircraft Arrival,59
DEL-010262,FL-044652,Weather,44
DEL-010263,FL-044658,Weather,70
DEL-010264,FL-044663,Maintenance,64
DEL-010265,FL-044675,Maintenance,29
DEL-010266,FL-044680,Weather,39
DEL-010267,FL-044681,Air Traffic Control,56
DEL-010268,FL-044686,Air Traffic Control,15
DEL-010269,FL-044688,Security,78
DEL-010270,FL-044689,Late Aircraft Arrival,64
DEL-010271,FL-044695,Air Traffic Control,78
DEL-010272,FL-044697,Maintenance,96
DEL-010273,FL-044700,Weather,18
DEL-010274,FL-044701,Weather,29
DEL-010275,FL-044707,Late Aircraft Arrival,98
DEL-010276,FL-044715,Late Aircraft Arrival,16
DEL-010277,FL-044721,Air Traffic Control,185
DEL-010278,FL-044722,Weather,77
DEL-010279,FL-044741,Security,61
DEL-010280,FL-044742,Weather,28
DEL-010281,FL-044746,Air Traffic Control,32
DEL-010282,FL-044750,Maintenance,47
DEL-010283,FL-044757,Weather,21
DEL-010284,FL-044760,Air Traffic Control,31
DEL-010285,FL-044772,Air Traffic Control,32
DEL-010286,FL-044783,Air Traffic Control,15
DEL-010287,FL-044790,Weather,31
DEL-010288,FL-044791,Maintenance,61
DEL-010289,FL-044793,Late Aircraft Arrival,21
DEL-010290,FL-044794,Air Traffic Control,86
DEL-010291,FL-044795,Weather,56
DEL-010292,FL-044796,Weather,52
DEL-010293,FL-044806,Air Traffic Control,38
DEL-010294,FL-044807,Air Traffic Control,62
DEL-010295,FL-044811,Weather,178
DEL-010296,FL-044812,Maintenance,58
DEL-010297,FL-044813,Air Traffic Control,33
DEL-010298,FL-044816,Security,40
DEL-010299,FL-044820,Weather,34
DEL-010300,FL-044825,Late Aircraft Arrival,29
DEL-010301,FL-044831,Late Aircraft Arrival,89
DEL-010302,FL-044837,Maintenance,192
DEL-010303,FL-044838,Air Traffic Control,80
DEL-010304,FL-044842,Maintenance,182
DEL-010305,FL-044843,Late Aircraft Arrival,229
DEL-010306,FL-044844,Maintenance,39
DEL-010307,FL-044846,Weather,87
DEL-010308,FL-044848,Late Aircraft Arrival,24
DEL-010309,FL-044851,Maintenance,35
DEL-010310,FL-044852,Late Aircraft Arrival,61
DEL-010311,FL-044857,Maintenance,102
DEL-010312,FL-044862,Late Aircraft Arrival,23
DEL-010313,FL-044863,Weather,53
DEL-010314,FL-044867,Security,151
DEL-010315,FL-044880,Air Traffic Control,26
DEL-010316,FL-044883,Air Traffic Control,19
DEL-010317,FL-044889,Late Aircraft Arrival,123
DEL-010318,FL-044891,Weather,20
DEL-010319,FL-044902,Late Aircraft Arrival,20
DEL-010320,FL-044903,Air Traffic Control,82
DEL-010321,FL-044906,Weather,43
DEL-010322,FL-044922,Weather,37
DEL-010323,FL-044924,Maintenance,23
DEL-010324,FL-044925,Weather,52
DEL-010325,FL-044927,Late Aircraft Arrival,46
DEL-010326,FL-044931,Air Traffic Control,102
DEL-010327,FL-044939,Late Aircraft Arrival,66
DEL-010328,FL-044942,Air Traffic Control,77
DEL-010329,FL-044943,Maintenance,54
DEL-010330,FL-044944,Weather,114
DEL-010331,FL-044955,Air Traffic Control,25
DEL-010332,FL-044958,Late Aircraft Arrival,37
DEL-010333,FL-044959,Air Traffic Control,126
DEL-010334,FL-044960,Air Traffic Control,24
DEL-010335,FL-044966,Late Aircraft Arrival,63
DEL-010336,FL-044968,Maintenance,27
DEL-010337,FL-044971,Maintenance,40
DEL-010338,FL-044972,Late Aircraft Arrival,114
DEL-010339,FL-044982,Weather,167
DEL-010340,FL-044984,Late Aircraft Arrival,92
DEL-010341,FL-044988,Weather,20
DEL-010342,FL-044993,Air Traffic Control,59
DEL-010343,FL-044996,Weather,74
DEL-010344,FL-045004,Late Aircraft Arrival,88
DEL-010345,FL-045007,Air Traffic Control,88
DEL-010346,FL-045015,Weather,39
DEL-010347,FL-045020,Weather,61
DEL-010348,FL-045031,Security,98
DEL-010349,FL-045034,Weather,84
DEL-010350,FL-045035,Weather,32
DEL-010351,FL-045040,Air Traffic Control,20
DEL-010352,FL-045044,Weather,33
DEL-010353,FL-045045,Weather,27
DEL-010354,FL-045048,Air Traffic Control,23
DEL-010355,FL-045052,Air Traffic Control,23
DEL-010356,FL-045057,Weather,20
DEL-010357,FL-045059,Weather,31
DEL-010358,FL-045065,Air Traffic Control,38
DEL-010359,FL-045069,Air Traffic Control,36
DEL-010360,FL-045070,Air Traffic Control,35
DEL-010361,FL-045077,Air Traffic Control,63
DEL-010362,FL-045081,Weather,58
DEL-010363,FL-045082,Air Traffic Control,55
DEL-010364,FL-045104,Late Aircraft Arrival,18
DEL-010365,FL-045111,Late Aircraft Arrival,29
DEL-010366,FL-045113,Air Traffic Control,33
DEL-010367,FL-045115,Air Traffic Control,42
DEL-010368,FL-045116,Air Traffic Control,113
DEL-010369,FL-045121,Air Traffic Control,54
DEL-010370,FL-045124,Maintenance,21
DEL-010371,FL-045127,Late Aircraft Arrival,21
DEL-010372,FL-045129,Maintenance,77
DEL-010373,FL-045132,Weather,50
DEL-010374,FL-045133,Late Aircraft Arrival,44
DEL-010375,FL-045136,Maintenance,42
DEL-010376,FL-045141,Air Traffic Control,16
DEL-010377,FL-045146,Air Traffic Control,16
DEL-010378,FL-045154,Weather,54
DEL-010379,FL-045155,Security,16
DEL-010380,FL-045167,Late Aircraft Arrival,65
DEL-010381,FL-045171,Maintenance,18
DEL-010382,FL-045173,Air Traffic Control,121
DEL-010383,FL-045176,Air Traffic Control,24
DEL-010384,FL-045199,Air Traffic Control,49
DEL-010385,FL-045201,Weather,30
DEL-010386,FL-045213,Maintenance,81
DEL-010387,FL-045223,Late Aircraft Arrival,27
DEL-010388,FL-045225,Weather,57
DEL-010389,FL-045226,Air Traffic Control,60
DEL-010390,FL-045227,Air Traffic Control,38
DEL-010391,FL-045234,Air Traffic Control,24
DEL-010392,FL-045238,Weather,38
DEL-010393,FL-045239,Air Traffic Control,24
DEL-010394,FL-045243,Maintenance,18
DEL-010395,FL-045262,Weather,114
DEL-010396,FL-045263,Weather,24
DEL-010397,FL-045282,Weather,33
DEL-010398,FL-045287,Late Aircraft Arrival,52
DEL-010399,FL-045298,Air Traffic Control,17
DEL-010400,FL-045302,Air Traffic Control,49
DEL-010401,FL-045307,Weather,70
DEL-010402,FL-045310,Late Aircraft Arrival,59
DEL-010403,FL-045311,Late Aircraft Arrival,24
DEL-010404,FL-045314,Weather,41
DEL-010405,FL-045317,Air Traffic Control,34
DEL-010406,FL-045319,Maintenance,107
DEL-010407,FL-045328,Air Traffic Control,59
DEL-010408,FL-045338,Late Aircraft Arrival,25
DEL-010409,FL-045339,Maintenance,54
DEL-010410,FL-045340,Air Traffic Control,45
DEL-010411,FL-045344,Maintenance,93
DEL-010412,FL-045346,Weather,82
DEL-010413,FL-045349,Weather,18
DEL-010414,FL-045353,Air Traffic Control,39
DEL-010415,FL-045356,Security,96
DEL-010416,FL-045359,Maintenance,18
DEL-010417,FL-045365,Air Traffic Control,16
DEL-010418,FL-045369,Late Aircraft Arrival,52
DEL-010419,FL-045376,Maintenance,25
DEL-010420,FL-045377,Air Traffic Control,219
DEL-010421,FL-045384,Air Traffic Control,125
DEL-010422,FL-045389,Air Traffic Control,64
DEL-010423,FL-045394,Weather,55
DEL-010424,FL-045395,Security,40
DEL-010425,FL-045399,Air Traffic Control,50
DEL-010426,FL-045406,Late Aircraft Arrival,84
DEL-010427,FL-045407,Late Aircraft Arrival,74
DEL-010428,FL-045409,Weather,77
DEL-010429,FL-045420,Late Aircraft Arrival,147
DEL-010430,FL-045424,Late Aircraft Arrival,164
DEL-010431,FL-045428,Late Aircraft Arrival,86
DEL-010432,FL-045431,Weather,54
DEL-010433,FL-045437,Maintenance,50
DEL-010434,FL-045474,Maintenance,35
DEL-010435,FL-045482,Late Aircraft Arrival,81
DEL-010436,FL-045488,Weather,17
DEL-010437,FL-045492,Maintenance,23
DEL-010438,FL-045493,Weather,45
DEL-010439,FL-045495,Maintenance,73
DEL-010440,FL-045502,Weather,48
DEL-010441,FL-045507,Maintenance,28
DEL-010442,FL-045511,Weather,106
DEL-010443,FL-045513,Air Traffic Control,56
DEL-010444,FL-045516,Weather,26
DEL-010445,FL-045532,Maintenance,17
DEL-010446,FL-045540,Maintenance,171
DEL-010447,FL-045541,Security,96
DEL-010448,FL-045547,Late Aircraft Arrival,67
DEL-010449,FL-045549,Maintenance,48
DEL-010450,FL-045556,Weather,22
DEL-010451,FL-045557,Maintenance,90
DEL-010452,FL-045562,Weather,15
DEL-010453,FL-045566,Late Aircraft Arrival,27
DEL-010454,FL-045567,Weather,35
DEL-010455,FL-045581,Air Traffic Control,25
DEL-010456,FL-045590,Maintenance,39
DEL-010457,FL-045593,Weather,22
DEL-010458,FL-045600,Maintenance,72
DEL-010459,FL-045607,Air Traffic Control,25
DEL-010460,FL-045611,Weather,32
DEL-010461,FL-045625,Air Traffic Control,54
DEL-010462,FL-045626,Air Traffic Control,15
DEL-010463,FL-045629,Maintenance,65
DEL-010464,FL-045630,Maintenance,55
DEL-010465,FL-045631,Air Traffic Control,15
DEL-010466,FL-045635,Air Traffic Control,17
DEL-010467,FL-045636,Maintenance,68
DEL-010468,FL-045637,Air Traffic Control,43
DEL-010469,FL-045642,Late Aircraft Arrival,115
DEL-010470,FL-045643,Late Aircraft Arrival,40
DEL-010471,FL-045645,Weather,85
DEL-010472,FL-045649,Weather,15
DEL-010473,FL-045661,Late Aircraft Arrival,160
DEL-010474,FL-045664,Weather,24
DEL-010475,FL-045669,Air Traffic Control,57
DEL-010476,FL-045678,Weather,20
DEL-010477,FL-045680,Air Traffic Control,84
DEL-010478,FL-045687,Air Traffic Control,194
DEL-010479,FL-045692,Late Aircraft Arrival,63
DEL-010480,FL-045701,Maintenance,21
DEL-010481,FL-045703,Weather,61
DEL-010482,FL-045705,Air Traffic Control,29
DEL-010483,FL-045707,Maintenance,42
DEL-010484,FL-045716,Security,38
DEL-010485,FL-045719,Maintenance,85
DEL-010486,FL-045721,Air Traffic Control,69
DEL-010487,FL-045727,Late Aircraft Arrival,23
DEL-010488,FL-045728,Weather,19
DEL-010489,FL-045729,Late Aircraft Arrival,51
DEL-010490,FL-045735,Weather,51
DEL-010491,FL-045741,Air Traffic Control,50
DEL-010492,FL-045742,Late Aircraft Arrival,72
DEL-010493,FL-045745,Late Aircraft Arrival,76
DEL-010494,FL-045747,Air Traffic Control,37
DEL-010495,FL-045751,Air Traffic Control,61
DEL-010496,FL-045753,Maintenance,73
DEL-010497,FL-045761,Weather,33
DEL-010498,FL-045765,Weather,37
DEL-010499,FL-045774,Air Traffic Control,38
DEL-010500,FL-045780,Late Aircraft Arrival,38
DEL-010501,FL-045782,Weather,15
DEL-010502,FL-045785,Late Aircraft Arrival,57
DEL-010503,FL-045787,Air Traffic Control,45
DEL-010504,FL-045790,Late Aircraft Arrival,199
DEL-010505,FL-045791,Weather,106
DEL-010506,FL-045796,Maintenance,20
DEL-010507,FL-045799,Weather,19
DEL-010508,FL-045807,Maintenance,37
DEL-010509,FL-045808,Weather,32
DEL-010510,FL-045809,Air Traffic Control,81
DEL-010511,FL-045810,Weather,15
DEL-010512,FL-045817,Weather,111
DEL-010513,FL-045819,Air Traffic Control,119
DEL-010514,FL-045827,Maintenance,33
DEL-010515,FL-045828,Air Traffic Control,40
DEL-010516,FL-045829,Late Aircraft Arrival,53
DEL-010517,FL-045830,Weather,38
DEL-010518,FL-045841,Air Traffic Control,38
DEL-010519,FL-045843,Late Aircraft Arrival,50
DEL-010520,FL-045848,Air Traffic Control,100
DEL-010521,FL-045850,Air Traffic Control,248
DEL-010522,FL-045853,Weather,25
DEL-010523,FL-045859,Air Traffic Control,35
DEL-010524,FL-045860,Maintenance,82
DEL-010525,FL-045861,Weather,56
DEL-010526,FL-045865,Air Traffic Control,17
DEL-010527,FL-045867,Air Traffic Control,45
DEL-010528,FL-045869,Weather,40
DEL-010529,FL-045872,Maintenance,67
DEL-010530,FL-045875,Air Traffic Control,111
DEL-010531,FL-045876,Late Aircraft Arrival,32
DEL-010532,FL-045881,Weather,71
DEL-010533,FL-045892,Late Aircraft Arrival,76
DEL-010534,FL-045895,Air Traffic Control,44
DEL-010535,FL-045904,Maintenance,36
DEL-010536,FL-045907,Maintenance,19
DEL-010537,FL-045908,Maintenance,139
DEL-010538,FL-045910,Air Traffic Control,39
DEL-010539,FL-045914,Maintenance,95
DEL-010540,FL-045926,Air Traffic Control,18
DEL-010541,FL-045928,Maintenance,16
DEL-010542,FL-045930,Security,60
DEL-010543,FL-045934,Air Traffic Control,22
DEL-010544,FL-045938,Weather,24
DEL-010545,FL-045939,Air Traffic Control,110
DEL-010546,FL-045944,Air Traffic Control,34
DEL-010547,FL-045946,Weather,80
DEL-010548,FL-045952,Maintenance,60
DEL-010549,FL-045965,Weather,22
DEL-010550,FL-045966,Maintenance,41
DEL-010551,FL-045967,Air Traffic Control,304
DEL-010552,FL-045971,Weather,40
DEL-010553,FL-045975,Late Aircraft Arrival,17
DEL-010554,FL-045978,Air Traffic Control,49
DEL-010555,FL-045990,Late Aircraft Arrival,49
DEL-010556,FL-045991,Security,33
DEL-010557,FL-045992,Security,40
DEL-010558,FL-045993,Air Traffic Control,121
DEL-010559,FL-045995,Air Traffic Control,78
DEL-010560,FL-046004,Late Aircraft Arrival,15
DEL-010561,FL-046005,Late Aircraft Arrival,43
DEL-010562,FL-046006,Air Traffic Control,101
DEL-010563,FL-046011,Late Aircraft Arrival,28
DEL-010564,FL-046019,Air Traffic Control,38
DEL-010565,FL-046031,Weather,77
DEL-010566,FL-046035,Air Traffic Control,28
DEL-010567,FL-046036,Late Aircraft Arrival,43
DEL-010568,FL-046039,Security,32
DEL-010569,FL-046046,Late Aircraft Arrival,61
DEL-010570,FL-046048,Late Aircraft Arrival,19
DEL-010571,FL-046053,Late Aircraft Arrival,38
DEL-010572,FL-046057,Late Aircraft Arrival,35
DEL-010573,FL-046060,Air Traffic Control,64
DEL-010574,FL-046064,Maintenance,63
DEL-010575,FL-046077,Air Traffic Control,103
DEL-010576,FL-046079,Late Aircraft Arrival,21
DEL-010577,FL-046082,Weather,215
DEL-010578,FL-046085,Air Traffic Control,46
DEL-010579,FL-046088,Weather,74
DEL-010580,FL-046092,Air Traffic Control,57
DEL-010581,FL-046093,Air Traffic Control,41
DEL-010582,FL-046094,Maintenance,137
DEL-010583,FL-046096,Maintenance,73
DEL-010584,FL-046102,Maintenance,120
DEL-010585,FL-046104,Weather,62
DEL-010586,FL-046105,Late Aircraft Arrival,28
DEL-010587,FL-046106,Weather,48
DEL-010588,FL-046110,Weather,37
DEL-010589,FL-046112,Maintenance,79
DEL-010590,FL-046113,Air Traffic Control,35
DEL-010591,FL-046118,Weather,84
DEL-010592,FL-046119,Air Traffic Control,18
DEL-010593,FL-046126,Air Traffic Control,30
DEL-010594,FL-046128,Air Traffic Control,99
DEL-010595,FL-046129,Late Aircraft Arrival,180
DEL-010596,FL-046130,Weather,49
DEL-010597,FL-046138,Weather,50
DEL-010598,FL-046147,Weather,124
DEL-010599,FL-046148,Air Traffic Control,57
DEL-010600,FL-046151,Late Aircraft Arrival,118
DEL-010601,FL-046153,Air Traffic Control,134
DEL-010602,FL-046154,Air Traffic Control,17
DEL-010603,FL-046158,Late Aircraft Arrival,54
DEL-010604,FL-046162,Maintenance,27
DEL-010605,FL-046166,Air Traffic Control,25
DEL-010606,FL-046170,Air Traffic Control,34
DEL-010607,FL-046171,Air Traffic Control,41
DEL-010608,FL-046182,Weather,66
DEL-010609,FL-046183,Weather,24
DEL-010610,FL-046184,Maintenance,24
DEL-010611,FL-046185,Weather,38
DEL-010612,FL-046186,Maintenance,111
DEL-010613,FL-046194,Security,28
DEL-010614,FL-046197,Air Traffic Control,83
DEL-010615,FL-046200,Weather,49
DEL-010616,FL-046207,Air Traffic Control,72
DEL-010617,FL-046219,Late Aircraft Arrival,55
DEL-010618,FL-046231,Late Aircraft Arrival,158
DEL-010619,FL-046238,Air Traffic Control,68
DEL-010620,FL-046246,Maintenance,37
DEL-010621,FL-046247,Weather,48
DEL-010622,FL-046255,Weather,25
DEL-010623,FL-046275,Maintenance,72
DEL-010624,FL-046278,Late Aircraft Arrival,16
DEL-010625,FL-046295,Maintenance,19
DEL-010626,FL-046296,Late Aircraft Arrival,51
DEL-010627,FL-046301,Late Aircraft Arrival,70
DEL-010628,FL-046309,Weather,105
DEL-010629,FL-046314,Air Traffic Control,65
DEL-010630,FL-046316,Air Traffic Control,15
DEL-010631,FL-046322,Weather,47
DEL-010632,FL-046331,Maintenance,80
DEL-010633,FL-046334,Air Traffic Control,132
DEL-010634,FL-046336,Air Traffic Control,107
DEL-010635,FL-046337,Air Traffic Control,35
DEL-010636,FL-046339,Late Aircraft Arrival,20
DEL-010637,FL-046341,Security,66
DEL-010638,FL-046350,Weather,52
DEL-010639,FL-046351,Maintenance,29
DEL-010640,FL-046353,Air Traffic Control,91
DEL-010641,FL-046354,Maintenance,59
DEL-010642,FL-046365,Air Traffic Control,75
DEL-010643,FL-046368,Air Traffic Control,32
DEL-010644,FL-046385,Weather,36
DEL-010645,FL-046386,Air Traffic Control,47
DEL-010646,FL-046392,Maintenance,17
DEL-010647,FL-046393,Weather,27
DEL-010648,FL-046401,Weather,17
DEL-010649,FL-046402,Security,60
DEL-010650,FL-046407,Air Traffic Control,31
DEL-010651,FL-046414,Late Aircraft Arrival,21
DEL-010652,FL-046415,Air Traffic Control,24
DEL-010653,FL-046423,Weather,50
DEL-010654,FL-046425,Weather,20
DEL-010655,FL-046432,Air Traffic Control,113
DEL-010656,FL-046433,Security,27
DEL-010657,FL-046445,Late Aircraft Arrival,41
DEL-010658,FL-046455,Air Traffic Control,70
DEL-010659,FL-046460,Air Traffic Control,49
DEL-010660,FL-046467,Air Traffic Control,37
DEL-010661,FL-046476,Weather,33
DEL-010662,FL-046478,Maintenance,26
DEL-010663,FL-046480,Weather,40
DEL-010664,FL-046485,Weather,59
DEL-010665,FL-046492,Weather,51
DEL-010666,FL-046493,Maintenance,78
DEL-010667,FL-046494,Maintenance,28
DEL-010668,FL-046502,Air Traffic Control,66
DEL-010669,FL-046506,Weather,19
DEL-010670,FL-046509,Late Aircraft Arrival,47
DEL-010671,FL-046516,Late Aircraft Arrival,38
DEL-010672,FL-046517,Maintenance,52
DEL-010673,FL-046522,Air Traffic Control,20
DEL-010674,FL-046523,Maintenance,44
DEL-010675,FL-046526,Air Traffic Control,15
DEL-010676,FL-046528,Weather,71
DEL-010677,FL-046532,Air Traffic Control,140
DEL-010678,FL-046536,Late Aircraft Arrival,96
DEL-010679,FL-046555,Maintenance,15
DEL-010680,FL-046557,Air Traffic Control,16
DEL-010681,FL-046558,Air Traffic Control,170
DEL-010682,FL-046559,Weather,78
DEL-010683,FL-046560,Late Aircraft Arrival,42
DEL-010684,FL-046562,Weather,74
DEL-010685,FL-046563,Air Traffic Control,67
DEL-010686,FL-046566,Maintenance,26
DEL-010687,FL-046570,Weather,48
DEL-010688,FL-046576,Weather,102
DEL-010689,FL-046583,Air Traffic Control,57
DEL-010690,FL-046587,Late Aircraft Arrival,53
DEL-010691,FL-046588,Air Traffic Control,105
DEL-010692,FL-046591,Air Traffic Control,18
DEL-010693,FL-046596,Late Aircraft Arrival,42
DEL-010694,FL-046598,Air Traffic Control,54
DEL-010695,FL-046602,Air Traffic Control,26
DEL-010696,FL-046603,Security,41
DEL-010697,FL-046608,Air Traffic Control,40
DEL-010698,FL-046621,Weather,39
DEL-010699,FL-046623,Air Traffic Control,191
DEL-010700,FL-046630,Air Traffic Control,27
DEL-010701,FL-046634,Weather,38
DEL-010702,FL-046637,Air Traffic Control,44
DEL-010703,FL-046639,Weather,31
DEL-010704,FL-046646,Weather,25
DEL-010705,FL-046647,Maintenance,46
DEL-010706,FL-046651,Air Traffic Control,103
DEL-010707,FL-046654,Weather,41
DEL-010708,FL-046656,Maintenance,25
DEL-010709,FL-046659,Weather,106
DEL-010710,FL-046661,Air Traffic Control,98
DEL-010711,FL-046665,Maintenance,160
DEL-010712,FL-046668,Weather,29
DEL-010713,FL-046673,Weather,80
DEL-010714,FL-046680,Late Aircraft Arrival,178
DEL-010715,FL-046683,Late Aircraft Arrival,36
DEL-010716,FL-046687,Weather,75
DEL-010717,FL-046693,Maintenance,86
DEL-010718,FL-046694,Air Traffic Control,103
DEL-010719,FL-046701,Weather,182
DEL-010720,FL-046702,Security,43
DEL-010721,FL-046706,Maintenance,58
DEL-010722,FL-046711,Weather,44
DEL-010723,FL-046713,Air Traffic Control,62
DEL-010724,FL-046730,Security,22
DEL-010725,FL-046731,Weather,80
DEL-010726,FL-046732,Air Traffic Control,109
DEL-010727,FL-046741,Air Traffic Control,16
DEL-010728,FL-046743,Late Aircraft Arrival,85
DEL-010729,FL-046752,Air Traffic Control,52
DEL-010730,FL-046756,Weather,53
DEL-010731,FL-046762,Weather,89
DEL-010732,FL-046764,Weather,143
DEL-010733,FL-046767,Maintenance,20
DEL-010734,FL-046772,Security,48
DEL-010735,FL-046773,Air Traffic Control,19
DEL-010736,FL-046777,Late Aircraft Arrival,21
DEL-010737,FL-046778,Air Traffic Control,143
DEL-010738,FL-046788,Weather,132
DEL-010739,FL-046790,Late Aircraft Arrival,46
DEL-010740,FL-046794,Weather,120
DEL-010741,FL-046802,Air Traffic Control,82
DEL-010742,FL-046808,Air Traffic Control,23
DEL-010743,FL-046813,Maintenance,61
DEL-010744,FL-046814,Late Aircraft Arrival,110
DEL-010745,FL-046819,Air Traffic Control,68
DEL-010746,FL-046822,Weather,15
DEL-010747,FL-046825,Maintenance,37
DEL-010748,FL-046826,Weather,22
DEL-010749,FL-046827,Weather,19
DEL-010750,FL-046828,Maintenance,25
DEL-010751,FL-046833,Maintenance,148
DEL-010752,FL-046835,Air Traffic Control,42
DEL-010753,FL-046837,Maintenance,65
DEL-010754,FL-046839,Late Aircraft Arrival,182
DEL-010755,FL-046842,Late Aircraft Arrival,44
DEL-010756,FL-046864,Air Traffic Control,70
DEL-010757,FL-046865,Air Traffic Control,28
DEL-010758,FL-046866,Late Aircraft Arrival,36
DEL-010759,FL-046869,Late Aircraft Arrival,19
DEL-010760,FL-046872,Weather,99
DEL-010761,FL-046877,Air Traffic Control,96
DEL-010762,FL-046887,Maintenance,27
DEL-010763,FL-046890,Air Traffic Control,78
DEL-010764,FL-046893,Air Traffic Control,27
DEL-010765,FL-046894,Late Aircraft Arrival,80
DEL-010766,FL-046896,Air Traffic Control,39
DEL-010767,FL-046898,Maintenance,26
DEL-010768,FL-046903,Air Traffic Control,50
DEL-010769,FL-046908,Air Traffic Control,37
DEL-010770,FL-046914,Late Aircraft Arrival,48
DEL-010771,FL-046915,Air Traffic Control,108
DEL-010772,FL-046918,Air Traffic Control,37
DEL-010773,FL-046921,Weather,41
DEL-010774,FL-046925,Maintenance,70
DEL-010775,FL-046930,Maintenance,177
DEL-010776,FL-046936,Air Traffic Control,139
DEL-010777,FL-046937,Air Traffic Control,119
DEL-010778,FL-046945,Air Traffic Control,87
DEL-010779,FL-046949,Security,34
DEL-010780,FL-046956,Late Aircraft Arrival,23
DEL-010781,FL-046961,Air Traffic Control,33
DEL-010782,FL-046964,Late Aircraft Arrival,76
DEL-010783,FL-046968,Air Traffic Control,22
DEL-010784,FL-046974,Maintenance,113
DEL-010785,FL-046978,Security,20
DEL-010786,FL-046983,Weather,22
DEL-010787,FL-046990,Maintenance,45
DEL-010788,FL-046992,Late Aircraft Arrival,44
DEL-010789,FL-046999,Late Aircraft Arrival,37
DEL-010790,FL-047000,Late Aircraft Arrival,56
DEL-010791,FL-047002,Air Traffic Control,113
DEL-010792,FL-047006,Air Traffic Control,81
DEL-010793,FL-047013,Late Aircraft Arrival,57
DEL-010794,FL-047014,Weather,58
DEL-010795,FL-047016,Late Aircraft Arrival,77
DEL-010796,FL-047018,Maintenance,27
DEL-010797,FL-047026,Weather,61
DEL-010798,FL-047027,Late Aircraft Arrival,55
DEL-010799,FL-047029,Maintenance,132
DEL-010800,FL-047038,Late Aircraft Arrival,102
DEL-010801,FL-047039,Weather,38
DEL-010802,FL-047045,Air Traffic Control,15
DEL-010803,FL-047046,Weather,47
DEL-010804,FL-047057,Late Aircraft Arrival,20
DEL-010805,FL-047064,Security,134
DEL-010806,FL-047069,Late Aircraft Arrival,47
DEL-010807,FL-047071,Security,34
DEL-010808,FL-047074,Security,58
DEL-010809,FL-047080,Security,40
DEL-010810,FL-047082,Air Traffic Control,71
DEL-010811,FL-047084,Maintenance,24
DEL-010812,FL-047088,Security,32
DEL-010813,FL-047089,Air Traffic Control,24
DEL-010814,FL-047093,Weather,61
DEL-010815,FL-047097,Maintenance,147
DEL-010816,FL-047100,Weather,46
DEL-010817,FL-047102,Air Traffic Control,31
DEL-010818,FL-047103,Weather,38
DEL-010819,FL-047104,Air Traffic Control,25
DEL-010820,FL-047105,Maintenance,62
DEL-010821,FL-047106,Maintenance,66
DEL-010822,FL-047116,Air Traffic Control,21
DEL-010823,FL-047117,Late Aircraft Arrival,29
DEL-010824,FL-047118,Late Aircraft Arrival,24
DEL-010825,FL-047119,Late Aircraft Arrival,41
DEL-010826,FL-047121,Weather,17
DEL-010827,FL-047123,Maintenance,71
DEL-010828,FL-047124,Air Traffic Control,46
DEL-010829,FL-047125,Maintenance,73
DEL-010830,FL-047130,Late Aircraft Arrival,77
DEL-010831,FL-047136,Air Traffic Control,45
DEL-010832,FL-047138,Maintenance,124
DEL-010833,FL-047148,Air Traffic Control,80
DEL-010834,FL-047150,Late Aircraft Arrival,58
DEL-010835,FL-047159,Security,19
DEL-010836,FL-047160,Air Traffic Control,21
DEL-010837,FL-047161,Weather,18
DEL-010838,FL-047165,Air Traffic Control,282
DEL-010839,FL-047170,Air Traffic Control,258
DEL-010840,FL-047173,Air Traffic Control,58
DEL-010841,FL-047182,Security,29
DEL-010842,FL-047186,Maintenance,20
DEL-010843,FL-047188,Air Traffic Control,16
DEL-010844,FL-047190,Weather,33
DEL-010845,FL-047194,Security,45
DEL-010846,FL-047195,Maintenance,33
DEL-010847,FL-047203,Late Aircraft Arrival,36
DEL-010848,FL-047210,Weather,124
DEL-010849,FL-047213,Maintenance,23
DEL-010850,FL-047215,Air Traffic Control,30
DEL-010851,FL-047220,Air Traffic Control,91
DEL-010852,FL-047222,Weather,15
DEL-010853,FL-047231,Weather,16
DEL-010854,FL-047234,Weather,17
DEL-010855,FL-047246,Maintenance,101
DEL-010856,FL-047249,Late Aircraft Arrival,18
DEL-010857,FL-047250,Weather,54
DEL-010858,FL-047254,Air Traffic Control,21
DEL-010859,FL-047257,Air Traffic Control,94
DEL-010860,FL-047259,Air Traffic Control,47
DEL-010861,FL-047267,Weather,17
DEL-010862,FL-047268,Weather,36
DEL-010863,FL-047271,Air Traffic Control,28
DEL-010864,FL-047276,Maintenance,78
DEL-010865,FL-047285,Weather,62
DEL-010866,FL-047310,Late Aircraft Arrival,46
DEL-010867,FL-047316,Weather,68
DEL-010868,FL-047322,Maintenance,39
DEL-010869,FL-047324,Air Traffic Control,63
DEL-010870,FL-047325,Maintenance,43
DEL-010871,FL-047358,Maintenance,55
DEL-010872,FL-047363,Air Traffic Control,24
DEL-010873,FL-047368,Air Traffic Control,33
DEL-010874,FL-047370,Air Traffic Control,24
DEL-010875,FL-047373,Air Traffic Control,56
DEL-010876,FL-047378,Air Traffic Control,16
DEL-010877,FL-047380,Late Aircraft Arrival,27
DEL-010878,FL-047381,Weather,55
DEL-010879,FL-047383,Late Aircraft Arrival,18
DEL-010880,FL-047384,Maintenance,35
DEL-010881,FL-047387,Late Aircraft Arrival,53
DEL-010882,FL-047389,Maintenance,35
DEL-010883,FL-047395,Late Aircraft Arrival,110
DEL-010884,FL-047398,Weather,75
DEL-010885,FL-047400,Weather,45
DEL-010886,FL-047401,Weather,332
DEL-010887,FL-047407,Late Aircraft Arrival,40
DEL-010888,FL-047410,Air Traffic Control,113
DEL-010889,FL-047413,Late Aircraft Arrival,32
DEL-010890,FL-047416,Air Traffic Control,46
DEL-010891,FL-047422,Maintenance,20
DEL-010892,FL-047430,Air Traffic Control,44
DEL-010893,FL-047433,Weather,30
DEL-010894,FL-047438,Maintenance,84
DEL-010895,FL-047444,Maintenance,43
DEL-010896,FL-047447,Maintenance,111
DEL-010897,FL-047449,Air Traffic Control,94
DEL-010898,FL-047457,Air Traffic Control,39
DEL-010899,FL-047463,Maintenance,66
DEL-010900,FL-047464,Late Aircraft Arrival,61
DEL-010901,FL-047465,Air Traffic Control,16
DEL-010902,FL-047467,Late Aircraft Arrival,16
DEL-010903,FL-047470,Maintenance,21
DEL-010904,FL-047472,Weather,40
DEL-010905,FL-047483,Late Aircraft Arrival,54
DEL-010906,FL-047488,Weather,44
DEL-010907,FL-047490,Air Traffic Control,23
DEL-010908,FL-047499,Weather,40
DEL-010909,FL-047502,Air Traffic Control,45
DEL-010910,FL-047507,Weather,19
DEL-010911,FL-047509,Air Traffic Control,139
DEL-010912,FL-047512,Weather,55
DEL-010913,FL-047516,Late Aircraft Arrival,32
DEL-010914,FL-047518,Weather,61
DEL-010915,FL-047522,Late Aircraft Arrival,79
DEL-010916,FL-047525,Air Traffic Control,47
DEL-010917,FL-047527,Weather,17
DEL-010918,FL-047528,Weather,50
DEL-010919,FL-047529,Maintenance,119
DEL-010920,FL-047530,Maintenance,23
DEL-010921,FL-047542,Air Traffic Control,59
DEL-010922,FL-047547,Weather,15
DEL-010923,FL-047550,Air Traffic Control,97
DEL-010924,FL-047552,Maintenance,31
DEL-010925,FL-047556,Air Traffic Control,30
DEL-010926,FL-047557,Weather,63
DEL-010927,FL-047566,Weather,37
DEL-010928,FL-047568,Late Aircraft Arrival,36
DEL-010929,FL-047573,Air Traffic Control,82
DEL-010930,FL-047575,Weather,59
DEL-010931,FL-047576,Maintenance,18
DEL-010932,FL-047582,Weather,114
DEL-010933,FL-047588,Air Traffic Control,39
DEL-010934,FL-047591,Late Aircraft Arrival,21
DEL-010935,FL-047592,Late Aircraft Arrival,53
DEL-010936,FL-047593,Weather,57
DEL-010937,FL-047595,Air Traffic Control,51
DEL-010938,FL-047597,Maintenance,84
DEL-010939,FL-047598,Maintenance,42
DEL-010940,FL-047606,Air Traffic Control,40
DEL-010941,FL-047607,Air Traffic Control,26
DEL-010942,FL-047618,Weather,44
DEL-010943,FL-047624,Weather,136
DEL-010944,FL-047631,Weather,54
DEL-010945,FL-047632,Weather,33
DEL-010946,FL-047633,Air Traffic Control,152
DEL-010947,FL-047640,Late Aircraft Arrival,33
DEL-010948,FL-047643,Air Traffic Control,23
DEL-010949,FL-047656,Maintenance,45
DEL-010950,FL-047659,Late Aircraft Arrival,184
DEL-010951,FL-047666,Late Aircraft Arrival,89
DEL-010952,FL-047671,Air Traffic Control,46
DEL-010953,FL-047674,Air Traffic Control,123
DEL-010954,FL-047677,Weather,44
DEL-010955,FL-047678,Weather,23
DEL-010956,FL-047690,Air Traffic Control,134
DEL-010957,FL-047692,Maintenance,60
DEL-010958,FL-047695,Maintenance,30
DEL-010959,FL-047696,Late Aircraft Arrival,63
DEL-010960,FL-047699,Air Traffic Control,66
DEL-010961,FL-047706,Air Traffic Control,61
DEL-010962,FL-047715,Weather,53
DEL-010963,FL-047725,Late Aircraft Arrival,36
DEL-010964,FL-047726,Late Aircraft Arrival,20
DEL-010965,FL-047728,Maintenance,63
DEL-010966,FL-047732,Air Traffic Control,79
DEL-010967,FL-047733,Maintenance,85
DEL-010968,FL-047735,Air Traffic Control,115
DEL-010969,FL-047739,Late Aircraft Arrival,24
DEL-010970,FL-047747,Weather,68
DEL-010971,FL-047748,Weather,118
DEL-010972,FL-047752,Weather,84
DEL-010973,FL-047761,Late Aircraft Arrival,53
DEL-010974,FL-047767,Maintenance,59
DEL-010975,FL-047774,Late Aircraft Arrival,60
DEL-010976,FL-047775,Weather,16
DEL-010977,FL-047780,Weather,107
DEL-010978,FL-047781,Late Aircraft Arrival,30
DEL-010979,FL-047785,Air Traffic Control,22
DEL-010980,FL-047792,Air Traffic Control,68
DEL-010981,FL-047797,Weather,67
DEL-010982,FL-047799,Maintenance,203
DEL-010983,FL-047802,Air Traffic Control,164
DEL-010984,FL-047814,Weather,43
DEL-010985,FL-047815,Maintenance,23
DEL-010986,FL-047816,Air Traffic Control,79
DEL-010987,FL-047818,Air Traffic Control,35
DEL-010988,FL-047820,Weather,54
DEL-010989,FL-047822,Weather,198
DEL-010990,FL-047828,Weather,18
DEL-010991,FL-047830,Weather,30
DEL-010992,FL-047834,Air Traffic Control,16
DEL-010993,FL-047838,Maintenance,148
DEL-010994,FL-047843,Maintenance,51
DEL-010995,FL-047851,Air Traffic Control,15
DEL-010996,FL-047853,Weather,47
DEL-010997,FL-047860,Maintenance,86
DEL-010998,FL-047866,Late Aircraft Arrival,102
DEL-010999,FL-047869,Maintenance,23
DEL-011000,FL-047875,Air Traffic Control,15
DEL-011001,FL-047879,Air Traffic Control,58
DEL-011002,FL-047888,Weather,40
DEL-011003,FL-047889,Weather,25
DEL-011004,FL-047896,Late Aircraft Arrival,28
DEL-011005,FL-047899,Security,43
DEL-011006,FL-047902,Maintenance,59
DEL-011007,FL-047904,Maintenance,34
DEL-011008,FL-047910,Weather,24
DEL-011009,FL-047913,Weather,50
DEL-011010,FL-047921,Air Traffic Control,77
DEL-011011,FL-047928,Weather,99
DEL-011012,FL-047931,Weather,96
DEL-011013,FL-047936,Weather,20
DEL-011014,FL-047937,Maintenance,62
DEL-011015,FL-047938,Air Traffic Control,50
DEL-011016,FL-047945,Maintenance,185
DEL-011017,FL-047946,Air Traffic Control,93
DEL-011018,FL-047948,Maintenance,93
DEL-011019,FL-047953,Late Aircraft Arrival,100
DEL-011020,FL-047954,Air Traffic Control,38
DEL-011021,FL-047955,Maintenance,19
DEL-011022,FL-047966,Maintenance,94
DEL-011023,FL-047972,Late Aircraft Arrival,15
DEL-011024,FL-047973,Air Traffic Control,40
DEL-011025,FL-047980,Weather,22
DEL-011026,FL-047982,Air Traffic Control,85
DEL-011027,FL-047984,Air Traffic Control,47
DEL-011028,FL-047992,Weather,38
DEL-011029,FL-048000,Late Aircraft Arrival,63
DEL-011030,FL-048002,Late Aircraft Arrival,32
DEL-011031,FL-048003,Air Traffic Control,78
DEL-011032,FL-048010,Late Aircraft Arrival,118
DEL-011033,FL-048012,Air Traffic Control,93
DEL-011034,FL-048016,Air Traffic Control,26
DEL-011035,FL-048017,Maintenance,41
DEL-011036,FL-048018,Air Traffic Control,164
DEL-011037,FL-048025,Air Traffic Control,173
DEL-011038,FL-048027,Late Aircraft Arrival,27
DEL-011039,FL-048028,Late Aircraft Arrival,51
DEL-011040,FL-048038,Security,59
DEL-011041,FL-048039,Weather,23
DEL-011042,FL-048042,Late Aircraft Arrival,92
DEL-011043,FL-048045,Air Traffic Control,22
DEL-011044,FL-048047,Weather,24
DEL-011045,FL-048054,Late Aircraft Arrival,35
DEL-011046,FL-048055,Late Aircraft Arrival,36
DEL-011047,FL-048059,Maintenance,51
DEL-011048,FL-048063,Maintenance,25
DEL-011049,FL-048074,Air Traffic Control,26
DEL-011050,FL-048077,Air Traffic Control,25
DEL-011051,FL-048084,Air Traffic Control,69
DEL-011052,FL-048085,Air Traffic Control,23
DEL-011053,FL-048086,Weather,30
DEL-011054,FL-048089,Late Aircraft Arrival,19
DEL-011055,FL-048090,Air Traffic Control,97
DEL-011056,FL-048092,Air Traffic Control,83
DEL-011057,FL-048098,Air Traffic Control,35
DEL-011058,FL-048104,Maintenance,76
DEL-011059,FL-048111,Weather,95
DEL-011060,FL-048113,Maintenance,18
DEL-011061,FL-048129,Weather,41
DEL-011062,FL-048132,Maintenance,17
DEL-011063,FL-048134,Air Traffic Control,40
DEL-011064,FL-048137,Late Aircraft Arrival,22
DEL-011065,FL-048141,Weather,102
DEL-011066,FL-048151,Air Traffic Control,34
DEL-011067,FL-048161,Late Aircraft Arrival,71
DEL-011068,FL-048179,Weather,39
DEL-011069,FL-048180,Air Traffic Control,54
DEL-011070,FL-048185,Security,174
DEL-011071,FL-048193,Security,130
DEL-011072,FL-048195,Air Traffic Control,75
DEL-011073,FL-048200,Air Traffic Control,22
DEL-011074,FL-048211,Maintenance,54
DEL-011075,FL-048215,Air Traffic Control,29
DEL-011076,FL-048217,Air Traffic Control,128
DEL-011077,FL-048221,Weather,39
DEL-011078,FL-048225,Air Traffic Control,76
DEL-011079,FL-048238,Air Traffic Control,51
DEL-011080,FL-048239,Late Aircraft Arrival,37
DEL-011081,FL-048240,Security,57
DEL-011082,FL-048241,Maintenance,72
DEL-011083,FL-048244,Air Traffic Control,34
DEL-011084,FL-048248,Maintenance,45
DEL-011085,FL-048251,Maintenance,45
DEL-011086,FL-048254,Late Aircraft Arrival,199
DEL-011087,FL-048261,Air Traffic Control,30
DEL-011088,FL-048264,Air Traffic Control,76
DEL-011089,FL-048269,Air Traffic Control,77
DEL-011090,FL-048273,Maintenance,23
DEL-011091,FL-048274,Air Traffic Control,42
DEL-011092,FL-048276,Maintenance,23
DEL-011093,FL-048280,Air Traffic Control,116
DEL-011094,FL-048283,Weather,64
DEL-011095,FL-048284,Late Aircraft Arrival,61
DEL-011096,FL-048285,Weather,115
DEL-011097,FL-048288,Weather,16
DEL-011098,FL-048293,Maintenance,94
DEL-011099,FL-048301,Weather,71
DEL-011100,FL-048305,Air Traffic Control,85
DEL-011101,FL-048306,Weather,37
DEL-011102,FL-048308,Weather,92
DEL-011103,FL-048311,Maintenance,18
DEL-011104,FL-048314,Maintenance,61
DEL-011105,FL-048315,Maintenance,107
DEL-011106,FL-048321,Late Aircraft Arrival,72
DEL-011107,FL-048324,Late Aircraft Arrival,16
DEL-011108,FL-048343,Maintenance,16
DEL-011109,FL-048353,Air Traffic Control,29
DEL-011110,FL-048356,Late Aircraft Arrival,80
DEL-011111,FL-048357,Late Aircraft Arrival,104
DEL-011112,FL-048359,Late Aircraft Arrival,46
DEL-011113,FL-048368,Air Traffic Control,15
DEL-011114,FL-048384,Maintenance,110
DEL-011115,FL-048393,Late Aircraft Arrival,22
DEL-011116,FL-048400,Weather,43
DEL-011117,FL-048401,Late Aircraft Arrival,18
DEL-011118,FL-048411,Weather,29
DEL-011119,FL-048412,Weather,16
DEL-011120,FL-048414,Air Traffic Control,16
DEL-011121,FL-048416,Air Traffic Control,61
DEL-011122,FL-048420,Air Traffic Control,50
DEL-011123,FL-048422,Air Traffic Control,56
DEL-011124,FL-048439,Weather,89
DEL-011125,FL-048441,Weather,30
DEL-011126,FL-048444,Maintenance,16
DEL-011127,FL-048451,Maintenance,113
DEL-011128,FL-048466,Air Traffic Control,28
DEL-011129,FL-048469,Weather,73
DEL-011130,FL-048470,Maintenance,94
DEL-011131,FL-048471,Maintenance,72
DEL-011132,FL-048473,Weather,37
DEL-011133,FL-048474,Air Traffic Control,30
DEL-011134,FL-048475,Weather,26
DEL-011135,FL-048481,Maintenance,31
DEL-011136,FL-048483,Maintenance,108
DEL-011137,FL-048484,Weather,45
DEL-011138,FL-048487,Maintenance,77
DEL-011139,FL-048488,Weather,17
DEL-011140,FL-048491,Maintenance,189
DEL-011141,FL-048496,Weather,17
DEL-011142,FL-048505,Air Traffic Control,21
DEL-011143,FL-048507,Air Traffic Control,82
DEL-011144,FL-048514,Late Aircraft Arrival,116
DEL-011145,FL-048515,Air Traffic Control,29
DEL-011146,FL-048520,Late Aircraft Arrival,38
DEL-011147,FL-048523,Air Traffic Control,161
DEL-011148,FL-048524,Maintenance,37
DEL-011149,FL-048529,Air Traffic Control,20
DEL-011150,FL-048531,Maintenance,30
DEL-011151,FL-048539,Weather,19
DEL-011152,FL-048540,Air Traffic Control,45
DEL-011153,FL-048552,Air Traffic Control,47
DEL-011154,FL-048559,Weather,93
DEL-011155,FL-048568,Air Traffic Control,31
DEL-011156,FL-048572,Security,15
DEL-011157,FL-048575,Air Traffic Control,20
DEL-011158,FL-048579,Late Aircraft Arrival,136
DEL-011159,FL-048589,Weather,35
DEL-011160,FL-048590,Weather,130
DEL-011161,FL-048592,Maintenance,134
DEL-011162,FL-048593,Air Traffic Control,80
DEL-011163,FL-048599,Weather,31
DEL-011164,FL-048603,Maintenance,23
DEL-011165,FL-048608,Maintenance,50
DEL-011166,FL-048613,Maintenance,42
DEL-011167,FL-048616,Weather,25
DEL-011168,FL-048617,Weather,27
DEL-011169,FL-048618,Air Traffic Control,27
DEL-011170,FL-048625,Air Traffic Control,33
DEL-011171,FL-048631,Air Traffic Control,61
DEL-011172,FL-048635,Maintenance,100
DEL-011173,FL-048641,Air Traffic Control,65
DEL-011174,FL-048642,Weather,28
DEL-011175,FL-048644,Maintenance,62
DEL-011176,FL-048647,Maintenance,95
DEL-011177,FL-048650,Weather,72
DEL-011178,FL-048652,Late Aircraft Arrival,48
DEL-011179,FL-048655,Air Traffic Control,18
DEL-011180,FL-048660,Late Aircraft Arrival,21
DEL-011181,FL-048662,Maintenance,24
DEL-011182,FL-048664,Maintenance,173
DEL-011183,FL-048668,Late Aircraft Arrival,31
DEL-011184,FL-048671,Late Aircraft Arrival,74
DEL-011185,FL-048672,Air Traffic Control,40
DEL-011186,FL-048674,Late Aircraft Arrival,34
DEL-011187,FL-048677,Weather,28
DEL-011188,FL-048690,Late Aircraft Arrival,24
DEL-011189,FL-048695,Late Aircraft Arrival,80
DEL-011190,FL-048708,Maintenance,47
DEL-011191,FL-048711,Air Traffic Control,47
DEL-011192,FL-048718,Weather,18
DEL-011193,FL-048725,Air Traffic Control,57
DEL-011194,FL-048733,Air Traffic Control,145
DEL-011195,FL-048735,Late Aircraft Arrival,16
DEL-011196,FL-048736,Late Aircraft Arrival,56
DEL-011197,FL-048740,Late Aircraft Arrival,54
DEL-011198,FL-048741,Late Aircraft Arrival,95
DEL-011199,FL-048745,Air Traffic Control,211
DEL-011200,FL-048747,Late Aircraft Arrival,29
DEL-011201,FL-048749,Air Traffic Control,31
DEL-011202,FL-048750,Weather,18
DEL-011203,FL-048752,Late Aircraft Arrival,93
DEL-011204,FL-048760,Air Traffic Control,37
DEL-011205,FL-048764,Air Traffic Control,70
DEL-011206,FL-048768,Air Traffic Control,109
DEL-011207,FL-048770,Security,17
DEL-011208,FL-048772,Maintenance,33
DEL-011209,FL-048773,Weather,37
DEL-011210,FL-048783,Air Traffic Control,32
DEL-011211,FL-048784,Late Aircraft Arrival,16
DEL-011212,FL-048791,Air Traffic Control,42
DEL-011213,FL-048797,Weather,40
DEL-011214,FL-048801,Maintenance,22
DEL-011215,FL-048812,Maintenance,135
DEL-011216,FL-048815,Maintenance,70
DEL-011217,FL-048822,Maintenance,27
DEL-011218,FL-048824,Weather,50
DEL-011219,FL-048830,Security,208
DEL-011220,FL-048831,Late Aircraft Arrival,54
DEL-011221,FL-048832,Air Traffic Control,103
DEL-011222,FL-048836,Air Traffic Control,133
DEL-011223,FL-048841,Security,47
DEL-011224,FL-048850,Air Traffic Control,19
DEL-011225,FL-048856,Maintenance,40
DEL-011226,FL-048863,Weather,74
DEL-011227,FL-048871,Maintenance,68
DEL-011228,FL-048872,Late Aircraft Arrival,46
DEL-011229,FL-048875,Air Traffic Control,125
DEL-011230,FL-048876,Late Aircraft Arrival,36
DEL-011231,FL-048885,Late Aircraft Arrival,62
DEL-011232,FL-048888,Air Traffic Control,75
DEL-011233,FL-048889,Late Aircraft Arrival,34
DEL-011234,FL-048892,Late Aircraft Arrival,30
DEL-011235,FL-048895,Weather,51
DEL-011236,FL-048902,Air Traffic Control,80
DEL-011237,FL-048908,Security,54
DEL-011238,FL-048915,Late Aircraft Arrival,274
DEL-011239,FL-048918,Weather,15
DEL-011240,FL-048919,Weather,28
DEL-011241,FL-048921,Air Traffic Control,82
DEL-011242,FL-048922,Weather,69
DEL-011243,FL-048923,Air Traffic Control,31
DEL-011244,FL-048929,Weather,40
DEL-011245,FL-048930,Weather,94
DEL-011246,FL-048936,Maintenance,49
DEL-011247,FL-048937,Weather,42
DEL-011248,FL-048941,Late Aircraft Arrival,27
DEL-011249,FL-048942,Late Aircraft Arrival,58
DEL-011250,FL-048944,Maintenance,44
DEL-011251,FL-048946,Security,73
DEL-011252,FL-048955,Security,43
DEL-011253,FL-048957,Weather,98
DEL-011254,FL-048959,Weather,53
DEL-011255,FL-048961,Weather,69
DEL-011256,FL-048964,Late Aircraft Arrival,46
DEL-011257,FL-048977,Maintenance,71
DEL-011258,FL-048978,Security,22
DEL-011259,FL-048984,Maintenance,15
DEL-011260,FL-048988,Air Traffic Control,151
DEL-011261,FL-048990,Weather,53
DEL-011262,FL-048992,Late Aircraft Arrival,57
DEL-011263,FL-048996,Air Traffic Control,22
DEL-011264,FL-048999,Air Traffic Control,43
DEL-011265,FL-049002,Weather,16
DEL-011266,FL-049008,Air Traffic Control,15
DEL-011267,FL-049014,Air Traffic Control,16
DEL-011268,FL-049020,Weather,98
DEL-011269,FL-049021,Late Aircraft Arrival,18
DEL-011270,FL-049029,Weather,48
DEL-011271,FL-049032,Maintenance,129
DEL-011272,FL-049036,Late Aircraft Arrival,204
DEL-011273,FL-049039,Weather,27
DEL-011274,FL-049041,Air Traffic Control,52
DEL-011275,FL-049044,Late Aircraft Arrival,24
DEL-011276,FL-049047,Late Aircraft Arrival,164
DEL-011277,FL-049048,Maintenance,94
DEL-011278,FL-049056,Maintenance,20
DEL-011279,FL-049060,Late Aircraft Arrival,87
DEL-011280,FL-049067,Maintenance,129
DEL-011281,FL-049069,Air Traffic Control,20
DEL-011282,FL-049070,Late Aircraft Arrival,21
DEL-011283,FL-049083,Maintenance,92
DEL-011284,FL-049086,Late Aircraft Arrival,25
DEL-011285,FL-049091,Weather,28
DEL-011286,FL-049093,Air Traffic Control,47
DEL-011287,FL-049098,Air Traffic Control,34
DEL-011288,FL-049101,Air Traffic Control,26
DEL-011289,FL-049107,Security,34
DEL-011290,FL-049109,Late Aircraft Arrival,52
DEL-011291,FL-049112,Air Traffic Control,27
DEL-011292,FL-049115,Maintenance,16
DEL-011293,FL-049123,Air Traffic Control,30
DEL-011294,FL-049125,Weather,26
DEL-011295,FL-049131,Maintenance,15
DEL-011296,FL-049154,Weather,63
DEL-011297,FL-049164,Maintenance,35
DEL-011298,FL-049167,Air Traffic Control,15
DEL-011299,FL-049170,Air Traffic Control,22
DEL-011300,FL-049171,Weather,17
DEL-011301,FL-049172,Air Traffic Control,64
DEL-011302,FL-049174,Weather,76
DEL-011303,FL-049176,Air Traffic Control,26
DEL-011304,FL-049179,Security,29
DEL-011305,FL-049181,Late Aircraft Arrival,80
DEL-011306,FL-049186,Air Traffic Control,54
DEL-011307,FL-049191,Air Traffic Control,70
DEL-011308,FL-049193,Maintenance,35
DEL-011309,FL-049195,Late Aircraft Arrival,77
DEL-011310,FL-049198,Air Traffic Control,56
DEL-011311,FL-049202,Late Aircraft Arrival,31
DEL-011312,FL-049203,Weather,94
DEL-011313,FL-049204,Late Aircraft Arrival,142
DEL-011314,FL-049210,Weather,28
DEL-011315,FL-049213,Weather,18
DEL-011316,FL-049215,Weather,100
DEL-011317,FL-049219,Air Traffic Control,120
DEL-011318,FL-049222,Air Traffic Control,24
DEL-011319,FL-049224,Maintenance,90
DEL-011320,FL-049227,Maintenance,20
DEL-011321,FL-049241,Weather,136
DEL-011322,FL-049246,Late Aircraft Arrival,95
DEL-011323,FL-049251,Air Traffic Control,15
DEL-011324,FL-049252,Weather,135
DEL-011325,FL-049255,Maintenance,20
DEL-011326,FL-049260,Maintenance,94
DEL-011327,FL-049263,Late Aircraft Arrival,47
DEL-011328,FL-049266,Weather,97
DEL-011329,FL-049267,Air Traffic Control,76
DEL-011330,FL-049270,Maintenance,33
DEL-011331,FL-049273,Maintenance,151
DEL-011332,FL-049276,Weather,48
DEL-011333,FL-049282,Air Traffic Control,19
DEL-011334,FL-049283,Air Traffic Control,55
DEL-011335,FL-049290,Maintenance,16
DEL-011336,FL-049299,Air Traffic Control,205
DEL-011337,FL-049300,Security,84
DEL-011338,FL-049302,Security,151
DEL-011339,FL-049303,Maintenance,45
DEL-011340,FL-049306,Late Aircraft Arrival,100
DEL-011341,FL-049307,Air Traffic Control,16
DEL-011342,FL-049321,Late Aircraft Arrival,24
DEL-011343,FL-049334,Weather,52
DEL-011344,FL-049341,Security,84
DEL-011345,FL-049356,Maintenance,133
DEL-011346,FL-049360,Weather,33
DEL-011347,FL-049368,Late Aircraft Arrival,94
DEL-011348,FL-049371,Air Traffic Control,24
DEL-011349,FL-049373,Air Traffic Control,72
DEL-011350,FL-049375,Late Aircraft Arrival,42
DEL-011351,FL-049380,Maintenance,47
DEL-011352,FL-049382,Air Traffic Control,107
DEL-011353,FL-049394,Late Aircraft Arrival,17
DEL-011354,FL-049399,Late Aircraft Arrival,24
DEL-011355,FL-049400,Air Traffic Control,23
DEL-011356,FL-049403,Weather,33
DEL-011357,FL-049408,Air Traffic Control,30
DEL-011358,FL-049414,Late Aircraft Arrival,95
DEL-011359,FL-049430,Weather,26
DEL-011360,FL-049435,Weather,56
DEL-011361,FL-049436,Security,91
DEL-011362,FL-049441,Security,20
DEL-011363,FL-049444,Weather,24
DEL-011364,FL-049450,Maintenance,20
DEL-011365,FL-049457,Air Traffic Control,40
DEL-011366,FL-049459,Air Traffic Control,26
DEL-011367,FL-049460,Weather,27
DEL-011368,FL-049464,Air Traffic Control,133
DEL-011369,FL-049469,Air Traffic Control,40
DEL-011370,FL-049471,Late Aircraft Arrival,82
DEL-011371,FL-049477,Security,17
DEL-011372,FL-049485,Maintenance,147
DEL-011373,FL-049493,Late Aircraft Arrival,15
DEL-011374,FL-049498,Weather,99
DEL-011375,FL-049501,Weather,64
DEL-011376,FL-049505,Air Traffic Control,24
DEL-011377,FL-049508,Late Aircraft Arrival,34
DEL-011378,FL-049517,Air Traffic Control,74
DEL-011379,FL-049524,Air Traffic Control,134
DEL-011380,FL-049526,Air Traffic Control,45
DEL-011381,FL-049532,Weather,164
DEL-011382,FL-049540,Weather,24
DEL-011383,FL-049555,Weather,90
DEL-011384,FL-049565,Air Traffic Control,137
DEL-011385,FL-049566,Late Aircraft Arrival,70
DEL-011386,FL-049568,Weather,38
DEL-011387,FL-049577,Weather,104
DEL-011388,FL-049579,Security,54
DEL-011389,FL-049581,Maintenance,22
DEL-011390,FL-049584,Maintenance,95
DEL-011391,FL-049590,Late Aircraft Arrival,22
DEL-011392,FL-049592,Weather,144
DEL-011393,FL-049609,Weather,61
DEL-011394,FL-049610,Weather,38
DEL-011395,FL-049619,Weather,103
DEL-011396,FL-049621,Weather,36
DEL-011397,FL-049623,Air Traffic Control,16
DEL-011398,FL-049629,Air Traffic Control,25
DEL-011399,FL-049631,Late Aircraft Arrival,17
DEL-011400,FL-049632,Air Traffic Control,32
DEL-011401,FL-049635,Weather,44
DEL-011402,FL-049642,Maintenance,29
DEL-011403,FL-049643,Air Traffic Control,76
DEL-011404,FL-049656,Weather,39
DEL-011405,FL-049657,Maintenance,45
DEL-011406,FL-049660,Late Aircraft Arrival,22
DEL-011407,FL-049662,Weather,86
DEL-011408,FL-049663,Late Aircraft Arrival,73
DEL-011409,FL-049664,Maintenance,41
DEL-011410,FL-049673,Late Aircraft Arrival,23
DEL-011411,FL-049674,Maintenance,125
DEL-011412,FL-049678,Weather,76
DEL-011413,FL-049679,Maintenance,140
DEL-011414,FL-049681,Maintenance,26
DEL-011415,FL-049686,Late Aircraft Arrival,61
DEL-011416,FL-049688,Late Aircraft Arrival,15
DEL-011417,FL-049689,Maintenance,123
DEL-011418,FL-049691,Security,132
DEL-011419,FL-049694,Air Traffic Control,86
DEL-011420,FL-049697,Weather,62
DEL-011421,FL-049698,Late Aircraft Arrival,179
DEL-011422,FL-049700,Maintenance,63
DEL-011423,FL-049701,Late Aircraft Arrival,35
DEL-011424,FL-049704,Maintenance,71
DEL-011425,FL-049709,Late Aircraft Arrival,21
DEL-011426,FL-049710,Air Traffic Control,31
DEL-011427,FL-049717,Weather,101
DEL-011428,FL-049723,Air Traffic Control,141
DEL-011429,FL-049726,Air Traffic Control,55
DEL-011430,FL-049728,Air Traffic Control,117
DEL-011431,FL-049729,Weather,34
DEL-011432,FL-049730,Air Traffic Control,32
DEL-011433,FL-049738,Weather,69
DEL-011434,FL-049743,Maintenance,79
DEL-011435,FL-049745,Weather,114
DEL-011436,FL-049749,Maintenance,63
DEL-011437,FL-049754,Late Aircraft Arrival,21
DEL-011438,FL-049757,Air Traffic Control,21
DEL-011439,FL-049761,Late Aircraft Arrival,88
DEL-011440,FL-049763,Air Traffic Control,80
DEL-011441,FL-049772,Weather,87
DEL-011442,FL-049773,Maintenance,44
DEL-011443,FL-049775,Weather,40
DEL-011444,FL-049782,Weather,96
DEL-011445,FL-049797,Weather,150
DEL-011446,FL-049799,Air Traffic Control,51
DEL-011447,FL-049803,Air Traffic Control,115
DEL-011448,FL-049804,Late Aircraft Arrival,39
DEL-011449,FL-049805,Maintenance,95
DEL-011450,FL-049806,Weather,41
DEL-011451,FL-049808,Late Aircraft Arrival,15
DEL-011452,FL-049813,Maintenance,35
DEL-011453,FL-049815,Weather,129
DEL-011454,FL-049818,Air Traffic Control,86
DEL-011455,FL-049834,Air Traffic Control,34
DEL-011456,FL-049839,Maintenance,78
DEL-011457,FL-049843,Late Aircraft Arrival,19
DEL-011458,FL-049861,Late Aircraft Arrival,19
DEL-011459,FL-049862,Maintenance,52
DEL-011460,FL-049866,Weather,36
DEL-011461,FL-049867,Air Traffic Control,186
DEL-011462,FL-049873,Weather,60
DEL-011463,FL-049877,Weather,29
DEL-011464,FL-049880,Maintenance,64
DEL-011465,FL-049886,Weather,37
DEL-011466,FL-049889,Security,54
DEL-011467,FL-049892,Security,33
DEL-011468,FL-049893,Weather,81
DEL-011469,FL-049897,Weather,43
DEL-011470,FL-049901,Air Traffic Control,132
DEL-011471,FL-049904,Maintenance,47
DEL-011472,FL-049905,Maintenance,25
DEL-011473,FL-049908,Weather,39
DEL-011474,FL-049911,Maintenance,32
DEL-011475,FL-049919,Weather,42
DEL-011476,FL-049921,Weather,64
DEL-011477,FL-049923,Maintenance,74
DEL-011478,FL-049926,Maintenance,42
DEL-011479,FL-049927,Air Traffic Control,27
DEL-011480,FL-049929,Weather,41
DEL-011481,FL-049931,Air Traffic Control,93
DEL-011482,FL-049936,Late Aircraft Arrival,41
DEL-011483,FL-049967,Air Traffic Control,236
DEL-011484,FL-049968,Air Traffic Control,62
DEL-011485,FL-049971,Security,38
DEL-011486,FL-049972,Air Traffic Control,100
DEL-011487,FL-049975,Maintenance,39
DEL-011488,FL-049976,Weather,67
DEL-011489,FL-049978,Weather,25
DEL-011490,FL-049982,Maintenance,24
DEL-011491,FL-049990,Maintenance,120
DEL-011492,FL-049991,Weather,110
DEL-011493,FL-049994,Air Traffic Control,27
DEL-011494,FL-049997,Maintenance,53
DEL-011495,FL-050000,Air Traffic Control,67
DEL-011496,FL-050002,Air Traffic Control,117
DEL-011497,FL-050006,Security,48
DEL-011498,FL-050007,Air Traffic Control,100
DEL-011499,FL-050010,Weather,24
DEL-011500,FL-050013,Air Traffic Control,24
DEL-011501,FL-050017,Security,138
DEL-011502,FL-050024,Air Traffic Control,168
DEL-011503,FL-050026,Weather,20
DEL-011504,FL-050028,Air Traffic Control,59
DEL-011505,FL-050030,Air Traffic Control,23
DEL-011506,FL-050031,Weather,18
DEL-011507,FL-050037,Weather,82
DEL-011508,FL-050041,Late Aircraft Arrival,38
DEL-011509,FL-050046,Air Traffic Control,97
DEL-011510,FL-050052,Weather,105
DEL-011511,FL-050059,Weather,43
DEL-011512,FL-050060,Late Aircraft Arrival,33
DEL-011513,FL-050062,Late Aircraft Arrival,35
DEL-011514,FL-050064,Weather,30
DEL-011515,FL-050065,Air Traffic Control,116
DEL-011516,FL-050071,Maintenance,33
DEL-011517,FL-050072,Weather,36
DEL-011518,FL-050076,Maintenance,49
DEL-011519,FL-050081,Maintenance,35
DEL-011520,FL-050083,Air Traffic Control,37
DEL-011521,FL-050090,Late Aircraft Arrival,25
DEL-011522,FL-050096,Weather,71
DEL-011523,FL-050097,Late Aircraft Arrival,70
DEL-011524,FL-050101,Air Traffic Control,112
DEL-011525,FL-050106,Maintenance,72
DEL-011526,FL-050108,Late Aircraft Arrival,43
DEL-011527,FL-050110,Air Traffic Control,15
DEL-011528,FL-050119,Weather,63
DEL-011529,FL-050127,Late Aircraft Arrival,26
DEL-011530,FL-050133,Late Aircraft Arrival,21
DEL-011531,FL-050135,Late Aircraft Arrival,81
DEL-011532,FL-050138,Late Aircraft Arrival,133
DEL-011533,FL-050148,Air Traffic Control,17
DEL-011534,FL-050150,Air Traffic Control,102
DEL-011535,FL-050161,Air Traffic Control,33
DEL-011536,FL-050164,Weather,16
DEL-011537,FL-050166,Weather,40
DEL-011538,FL-050176,Maintenance,19
DEL-011539,FL-050177,Air Traffic Control,75
DEL-011540,FL-050189,Air Traffic Control,16
DEL-011541,FL-050192,Air Traffic Control,24
DEL-011542,FL-050196,Weather,151
DEL-011543,FL-050199,Air Traffic Control,17
DEL-011544,FL-050207,Air Traffic Control,66
DEL-011545,FL-050209,Air Traffic Control,113
DEL-011546,FL-050211,Weather,28
DEL-011547,FL-050214,Weather,19
DEL-011548,FL-050218,Air Traffic Control,66
DEL-011549,FL-050222,Late Aircraft Arrival,171
DEL-011550,FL-050241,Weather,39
DEL-011551,FL-050243,Late Aircraft Arrival,32
DEL-011552,FL-050244,Late Aircraft Arrival,51
DEL-011553,FL-050254,Maintenance,126
DEL-011554,FL-050255,Weather,25
DEL-011555,FL-050261,Maintenance,77
DEL-011556,FL-050277,Weather,36
DEL-011557,FL-050287,Air Traffic Control,31
DEL-011558,FL-050291,Air Traffic Control,68
DEL-011559,FL-050301,Weather,28
DEL-011560,FL-050303,Late Aircraft Arrival,15
DEL-011561,FL-050307,Late Aircraft Arrival,65
DEL-011562,FL-050313,Security,18
DEL-011563,FL-050318,Maintenance,91
DEL-011564,FL-050320,Weather,50
DEL-011565,FL-050326,Security,24
DEL-011566,FL-050332,Security,33
DEL-011567,FL-050333,Maintenance,19
DEL-011568,FL-050342,Late Aircraft Arrival,46
DEL-011569,FL-050343,Maintenance,38
DEL-011570,FL-050346,Weather,23
DEL-011571,FL-050347,Air Traffic Control,18
DEL-011572,FL-050357,Late Aircraft Arrival,67
DEL-011573,FL-050359,Air Traffic Control,52
DEL-011574,FL-050360,Maintenance,44
DEL-011575,FL-050364,Late Aircraft Arrival,63
DEL-011576,FL-050366,Air Traffic Control,61
DEL-011577,FL-050367,Late Aircraft Arrival,17
DEL-011578,FL-050368,Maintenance,48
DEL-011579,FL-050369,Late Aircraft Arrival,39
DEL-011580,FL-050370,Weather,32
DEL-011581,FL-050371,Late Aircraft Arrival,15
DEL-011582,FL-050374,Maintenance,24
DEL-011583,FL-050377,Maintenance,41
DEL-011584,FL-050379,Maintenance,100
DEL-011585,FL-050385,Air Traffic Control,50
DEL-011586,FL-050389,Security,155
DEL-011587,FL-050391,Air Traffic Control,52
DEL-011588,FL-050394,Late Aircraft Arrival,47
DEL-011589,FL-050398,Weather,29
DEL-011590,FL-050400,Late Aircraft Arrival,27
DEL-011591,FL-050410,Weather,147
DEL-011592,FL-050411,Air Traffic Control,51
DEL-011593,FL-050415,Air Traffic Control,19
DEL-011594,FL-050420,Air Traffic Control,81
DEL-011595,FL-050426,Maintenance,18
DEL-011596,FL-050432,Maintenance,27
DEL-011597,FL-050434,Air Traffic Control,40
DEL-011598,FL-050439,Weather,154
DEL-011599,FL-050448,Weather,20
DEL-011600,FL-050458,Air Traffic Control,112
DEL-011601,FL-050460,Weather,31
DEL-011602,FL-050465,Maintenance,61
DEL-011603,FL-050471,Maintenance,34
DEL-011604,FL-050476,Weather,30
DEL-011605,FL-050479,Weather,58
DEL-011606,FL-050481,Maintenance,28
DEL-011607,FL-050482,Air Traffic Control,29
DEL-011608,FL-050489,Late Aircraft Arrival,56
DEL-011609,FL-050490,Air Traffic Control,53
DEL-011610,FL-050491,Weather,18
DEL-011611,FL-050493,Air Traffic Control,20
DEL-011612,FL-050494,Air Traffic Control,80
DEL-011613,FL-050502,Air Traffic Control,58
DEL-011614,FL-050517,Maintenance,35
DEL-011615,FL-050531,Weather,65
DEL-011616,FL-050533,Late Aircraft Arrival,37
DEL-011617,FL-050535,Maintenance,28
DEL-011618,FL-050536,Late Aircraft Arrival,107
DEL-011619,FL-050540,Air Traffic Control,23
DEL-011620,FL-050542,Weather,32
DEL-011621,FL-050543,Late Aircraft Arrival,72
DEL-011622,FL-050544,Weather,87
DEL-011623,FL-050555,Maintenance,26
DEL-011624,FL-050556,Late Aircraft Arrival,159
DEL-011625,FL-050560,Security,25
DEL-011626,FL-050563,Late Aircraft Arrival,91
DEL-011627,FL-050567,Late Aircraft Arrival,49
DEL-011628,FL-050573,Weather,67
DEL-011629,FL-050582,Air Traffic Control,46
DEL-011630,FL-050584,Weather,53
DEL-011631,FL-050585,Maintenance,125
DEL-011632,FL-050588,Weather,54
DEL-011633,FL-050592,Maintenance,53
DEL-011634,FL-050594,Air Traffic Control,33
DEL-011635,FL-050603,Weather,45
DEL-011636,FL-050605,Late Aircraft Arrival,124
DEL-011637,FL-050615,Maintenance,32
DEL-011638,FL-050616,Weather,71
DEL-011639,FL-050624,Weather,27
DEL-011640,FL-050627,Weather,80
DEL-011641,FL-050632,Late Aircraft Arrival,32
DEL-011642,FL-050635,Weather,24
DEL-011643,FL-050637,Late Aircraft Arrival,54
DEL-011644,FL-050638,Air Traffic Control,73
DEL-011645,FL-050639,Weather,43
DEL-011646,FL-050642,Maintenance,44
DEL-011647,FL-050645,Late Aircraft Arrival,223
DEL-011648,FL-050647,Air Traffic Control,36
DEL-011649,FL-050652,Weather,34
DEL-011650,FL-050661,Air Traffic Control,19
DEL-011651,FL-050673,Late Aircraft Arrival,30
DEL-011652,FL-050675,Air Traffic Control,55
DEL-011653,FL-050685,Air Traffic Control,163
DEL-011654,FL-050690,Weather,62
DEL-011655,FL-050695,Security,73
DEL-011656,FL-050705,Air Traffic Control,18
DEL-011657,FL-050708,Air Traffic Control,25
DEL-011658,FL-050710,Maintenance,48
DEL-011659,FL-050717,Weather,63
DEL-011660,FL-050731,Air Traffic Control,22
DEL-011661,FL-050733,Weather,38
DEL-011662,FL-050737,Air Traffic Control,92
DEL-011663,FL-050758,Late Aircraft Arrival,42
DEL-011664,FL-050761,Air Traffic Control,203
DEL-011665,FL-050763,Weather,49
DEL-011666,FL-050767,Weather,64
DEL-011667,FL-050775,Air Traffic Control,126
DEL-011668,FL-050781,Maintenance,41
DEL-011669,FL-050782,Weather,24
DEL-011670,FL-050783,Maintenance,57
DEL-011671,FL-050785,Weather,72
DEL-011672,FL-050793,Maintenance,130
DEL-011673,FL-050801,Late Aircraft Arrival,41
DEL-011674,FL-050803,Weather,75
DEL-011675,FL-050812,Weather,30
DEL-011676,FL-050821,Weather,173
DEL-011677,FL-050822,Late Aircraft Arrival,40
DEL-011678,FL-050827,Air Traffic Control,73
DEL-011679,FL-050828,Weather,24
DEL-011680,FL-050840,Air Traffic Control,22
DEL-011681,FL-050842,Security,20
DEL-011682,FL-050843,Maintenance,34
DEL-011683,FL-050851,Weather,31
DEL-011684,FL-050854,Maintenance,18
DEL-011685,FL-050858,Maintenance,18
DEL-011686,FL-050859,Air Traffic Control,37
DEL-011687,FL-050863,Air Traffic Control,71
DEL-011688,FL-050864,Air Traffic Control,42
DEL-011689,FL-050873,Air Traffic Control,22
DEL-011690,FL-050874,Late Aircraft Arrival,74
DEL-011691,FL-050875,Security,31
DEL-011692,FL-050876,Maintenance,33
DEL-011693,FL-050877,Air Traffic Control,87
DEL-011694,FL-050883,Weather,27
DEL-011695,FL-050887,Air Traffic Control,96
DEL-011696,FL-050894,Maintenance,31
DEL-011697,FL-050895,Weather,168
DEL-011698,FL-050904,Air Traffic Control,46
DEL-011699,FL-050912,Maintenance,66
DEL-011700,FL-050913,Late Aircraft Arrival,34
DEL-011701,FL-050919,Maintenance,34
DEL-011702,FL-050921,Weather,84
DEL-011703,FL-050925,Air Traffic Control,53
DEL-011704,FL-050926,Weather,89
DEL-011705,FL-050956,Air Traffic Control,26
DEL-011706,FL-050958,Late Aircraft Arrival,54
DEL-011707,FL-050965,Maintenance,92
DEL-011708,FL-050968,Air Traffic Control,64
DEL-011709,FL-050970,Late Aircraft Arrival,38
DEL-011710,FL-050972,Late Aircraft Arrival,17
DEL-011711,FL-050975,Air Traffic Control,28
DEL-011712,FL-050976,Late Aircraft Arrival,19
DEL-011713,FL-050981,Weather,137
DEL-011714,FL-050983,Air Traffic Control,98
DEL-011715,FL-050986,Late Aircraft Arrival,116
DEL-011716,FL-050987,Weather,34
DEL-011717,FL-050988,Weather,166
DEL-011718,FL-050991,Air Traffic Control,20
DEL-011719,FL-050992,Late Aircraft Arrival,61
DEL-011720,FL-050996,Maintenance,30
DEL-011721,FL-050999,Weather,20
DEL-011722,FL-051010,Maintenance,150
DEL-011723,FL-051014,Air Traffic Control,122
DEL-011724,FL-051017,Air Traffic Control,23
DEL-011725,FL-051029,Weather,16
DEL-011726,FL-051036,Late Aircraft Arrival,78
DEL-011727,FL-051042,Weather,26
DEL-011728,FL-051049,Maintenance,36
DEL-011729,FL-051060,Weather,123
DEL-011730,FL-051068,Weather,22
DEL-011731,FL-051077,Air Traffic Control,59
DEL-011732,FL-051079,Air Traffic Control,22
DEL-011733,FL-051086,Maintenance,71
DEL-011734,FL-051088,Air Traffic Control,73
DEL-011735,FL-051089,Security,21
DEL-011736,FL-051092,Air Traffic Control,84
DEL-011737,FL-051096,Maintenance,80
DEL-011738,FL-051107,Weather,19
DEL-011739,FL-051108,Air Traffic Control,24
DEL-011740,FL-051116,Late Aircraft Arrival,33
DEL-011741,FL-051121,Air Traffic Control,28
DEL-011742,FL-051124,Weather,32
DEL-011743,FL-051125,Air Traffic Control,27
DEL-011744,FL-051128,Air Traffic Control,26
DEL-011745,FL-051133,Weather,20
DEL-011746,FL-051137,Air Traffic Control,42
DEL-011747,FL-051142,Air Traffic Control,24
DEL-011748,FL-051147,Security,24
DEL-011749,FL-051148,Air Traffic Control,17
DEL-011750,FL-051156,Maintenance,16
DEL-011751,FL-051158,Weather,206
DEL-011752,FL-051162,Weather,89
DEL-011753,FL-051172,Late Aircraft Arrival,19
DEL-011754,FL-051174,Weather,105
DEL-011755,FL-051178,Late Aircraft Arrival,51
DEL-011756,FL-051190,Air Traffic Control,19
DEL-011757,FL-051191,Weather,22
DEL-011758,FL-051200,Maintenance,19
DEL-011759,FL-051202,Maintenance,58
DEL-011760,FL-051206,Air Traffic Control,57
DEL-011761,FL-051211,Weather,34
DEL-011762,FL-051215,Air Traffic Control,16
DEL-011763,FL-051218,Weather,62
DEL-011764,FL-051222,Maintenance,15
DEL-011765,FL-051224,Air Traffic Control,40
DEL-011766,FL-051230,Air Traffic Control,40
DEL-011767,FL-051232,Weather,63
DEL-011768,FL-051237,Air Traffic Control,133
DEL-011769,FL-051238,Maintenance,146
DEL-011770,FL-051242,Late Aircraft Arrival,76
DEL-011771,FL-051244,Weather,28
DEL-011772,FL-051246,Air Traffic Control,103
DEL-011773,FL-051254,Air Traffic Control,45
DEL-011774,FL-051263,Late Aircraft Arrival,34
DEL-011775,FL-051264,Weather,182
DEL-011776,FL-051269,Weather,17
DEL-011777,FL-051277,Air Traffic Control,104
DEL-011778,FL-051281,Late Aircraft Arrival,32
DEL-011779,FL-051287,Weather,45
DEL-011780,FL-051296,Air Traffic Control,33
DEL-011781,FL-051299,Maintenance,78
DEL-011782,FL-051300,Weather,16
DEL-011783,FL-051301,Air Traffic Control,30
DEL-011784,FL-051323,Air Traffic Control,15
DEL-011785,FL-051325,Air Traffic Control,55
DEL-011786,FL-051331,Maintenance,56
DEL-011787,FL-051332,Maintenance,161
DEL-011788,FL-051334,Maintenance,225
DEL-011789,FL-051337,Air Traffic Control,146
DEL-011790,FL-051341,Air Traffic Control,93
DEL-011791,FL-051343,Maintenance,17
DEL-011792,FL-051352,Maintenance,20
DEL-011793,FL-051355,Maintenance,35
DEL-011794,FL-051367,Air Traffic Control,65
DEL-011795,FL-051369,Weather,15
DEL-011796,FL-051370,Weather,15
DEL-011797,FL-051379,Air Traffic Control,20
DEL-011798,FL-051382,Weather,86
DEL-011799,FL-051390,Security,55
DEL-011800,FL-051395,Maintenance,23
DEL-011801,FL-051397,Air Traffic Control,18
DEL-011802,FL-051407,Late Aircraft Arrival,48
DEL-011803,FL-051411,Late Aircraft Arrival,53
DEL-011804,FL-051419,Weather,29
DEL-011805,FL-051423,Air Traffic Control,53
DEL-011806,FL-051424,Weather,61
DEL-011807,FL-051439,Maintenance,74
DEL-011808,FL-051442,Late Aircraft Arrival,221
DEL-011809,FL-051456,Late Aircraft Arrival,18
DEL-011810,FL-051457,Weather,176
DEL-011811,FL-051464,Weather,61
DEL-011812,FL-051467,Security,138
DEL-011813,FL-051468,Weather,44
DEL-011814,FL-051470,Weather,60
DEL-011815,FL-051474,Security,17
DEL-011816,FL-051478,Air Traffic Control,47
DEL-011817,FL-051493,Maintenance,35
DEL-011818,FL-051494,Weather,57
DEL-011819,FL-051497,Air Traffic Control,206
DEL-011820,FL-051498,Maintenance,28
DEL-011821,FL-051504,Air Traffic Control,74
DEL-011822,FL-051506,Weather,18
DEL-011823,FL-051513,Air Traffic Control,30
DEL-011824,FL-051514,Air Traffic Control,27
DEL-011825,FL-051518,Weather,54
DEL-011826,FL-051520,Late Aircraft Arrival,46
DEL-011827,FL-051521,Late Aircraft Arrival,25
DEL-011828,FL-051522,Late Aircraft Arrival,175
DEL-011829,FL-051524,Maintenance,35
DEL-011830,FL-051527,Air Traffic Control,86
DEL-011831,FL-051533,Weather,20
DEL-011832,FL-051536,Maintenance,34
DEL-011833,FL-051538,Maintenance,46
DEL-011834,FL-051539,Air Traffic Control,16
DEL-011835,FL-051540,Air Traffic Control,17
DEL-011836,FL-051544,Weather,152
DEL-011837,FL-051548,Weather,35
DEL-011838,FL-051552,Late Aircraft Arrival,273
DEL-011839,FL-051558,Air Traffic Control,27
DEL-011840,FL-051562,Air Traffic Control,63
DEL-011841,FL-051566,Security,78
DEL-011842,FL-051568,Late Aircraft Arrival,45
DEL-011843,FL-051569,Air Traffic Control,28
DEL-011844,FL-051574,Air Traffic Control,87
DEL-011845,FL-051575,Air Traffic Control,163
DEL-011846,FL-051578,Weather,35
DEL-011847,FL-051583,Air Traffic Control,29
DEL-011848,FL-051585,Weather,62
DEL-011849,FL-051586,Maintenance,19
DEL-011850,FL-051589,Air Traffic Control,15
DEL-011851,FL-051591,Weather,111
DEL-011852,FL-051597,Maintenance,127
DEL-011853,FL-051605,Maintenance,40
DEL-011854,FL-051614,Air Traffic Control,28
DEL-011855,FL-051617,Weather,34
DEL-011856,FL-051621,Late Aircraft Arrival,30
DEL-011857,FL-051622,Late Aircraft Arrival,116
DEL-011858,FL-051625,Air Traffic Control,56
DEL-011859,FL-051627,Maintenance,24
DEL-011860,FL-051630,Maintenance,33
DEL-011861,FL-051632,Air Traffic Control,21
DEL-011862,FL-051634,Maintenance,44
DEL-011863,FL-051636,Weather,36
DEL-011864,FL-051639,Weather,19
DEL-011865,FL-051641,Late Aircraft Arrival,64
DEL-011866,FL-051655,Late Aircraft Arrival,49
DEL-011867,FL-051663,Weather,136
DEL-011868,FL-051664,Weather,58
DEL-011869,FL-051673,Security,97
DEL-011870,FL-051685,Late Aircraft Arrival,33
DEL-011871,FL-051692,Air Traffic Control,47
DEL-011872,FL-051693,Weather,50
DEL-011873,FL-051697,Weather,57
DEL-011874,FL-051704,Security,98
DEL-011875,FL-051710,Air Traffic Control,92
DEL-011876,FL-051711,Late Aircraft Arrival,21
DEL-011877,FL-051714,Late Aircraft Arrival,22
DEL-011878,FL-051721,Air Traffic Control,87
DEL-011879,FL-051722,Late Aircraft Arrival,39
DEL-011880,FL-051724,Security,30
DEL-011881,FL-051731,Weather,159
DEL-011882,FL-051732,Weather,38
DEL-011883,FL-051734,Late Aircraft Arrival,29
DEL-011884,FL-051735,Security,91
DEL-011885,FL-051739,Maintenance,68
DEL-011886,FL-051740,Weather,16
DEL-011887,FL-051742,Security,134
DEL-011888,FL-051743,Weather,114
DEL-011889,FL-051756,Maintenance,55
DEL-011890,FL-051757,Maintenance,95
DEL-011891,FL-051780,Late Aircraft Arrival,84
DEL-011892,FL-051784,Air Traffic Control,16
DEL-011893,FL-051787,Air Traffic Control,58
DEL-011894,FL-051789,Late Aircraft Arrival,40
DEL-011895,FL-051797,Air Traffic Control,19
DEL-011896,FL-051801,Maintenance,50
DEL-011897,FL-051805,Air Traffic Control,59
DEL-011898,FL-051808,Weather,59
DEL-011899,FL-051815,Weather,65
DEL-011900,FL-051819,Late Aircraft Arrival,55
DEL-011901,FL-051829,Security,118
DEL-011902,FL-051830,Late Aircraft Arrival,60
DEL-011903,FL-051831,Late Aircraft Arrival,15
DEL-011904,FL-051836,Maintenance,29
DEL-011905,FL-051837,Weather,34
DEL-011906,FL-051839,Late Aircraft Arrival,62
DEL-011907,FL-051841,Air Traffic Control,56
DEL-011908,FL-051843,Weather,28
DEL-011909,FL-051845,Maintenance,31
DEL-011910,FL-051846,Maintenance,42
DEL-011911,FL-051849,Air Traffic Control,24
DEL-011912,FL-051859,Security,16
DEL-011913,FL-051868,Air Traffic Control,21
DEL-011914,FL-051872,Maintenance,67
DEL-011915,FL-051876,Late Aircraft Arrival,102
DEL-011916,FL-051883,Maintenance,26
DEL-011917,FL-051885,Weather,17
DEL-011918,FL-051887,Air Traffic Control,97
DEL-011919,FL-051891,Weather,88
DEL-011920,FL-051896,Maintenance,90
DEL-011921,FL-051899,Air Traffic Control,219
DEL-011922,FL-051902,Maintenance,106
DEL-011923,FL-051903,Weather,81
DEL-011924,FL-051906,Late Aircraft Arrival,82
DEL-011925,FL-051908,Maintenance,106
DEL-011926,FL-051910,Air Traffic Control,37
DEL-011927,FL-051912,Late Aircraft Arrival,46
DEL-011928,FL-051916,Late Aircraft Arrival,97
DEL-011929,FL-051917,Weather,40
DEL-011930,FL-051919,Maintenance,178
DEL-011931,FL-051920,Late Aircraft Arrival,107
DEL-011932,FL-051922,Air Traffic Control,37
DEL-011933,FL-051926,Air Traffic Control,35
DEL-011934,FL-051928,Maintenance,97
DEL-011935,FL-051932,Weather,34
DEL-011936,FL-051933,Maintenance,48
DEL-011937,FL-051939,Maintenance,25
DEL-011938,FL-051941,Air Traffic Control,40
DEL-011939,FL-051942,Weather,63
DEL-011940,FL-051944,Air Traffic Control,67
DEL-011941,FL-051945,Late Aircraft Arrival,20
DEL-011942,FL-051949,Weather,43
DEL-011943,FL-051953,Late Aircraft Arrival,84
DEL-011944,FL-051956,Weather,50
DEL-011945,FL-051958,Late Aircraft Arrival,30
DEL-011946,FL-051959,Maintenance,94
DEL-011947,FL-051968,Air Traffic Control,95
DEL-011948,FL-051990,Maintenance,33
DEL-011949,FL-051996,Air Traffic Control,55
DEL-011950,FL-051999,Weather,74
DEL-011951,FL-052004,Air Traffic Control,71
DEL-011952,FL-052005,Weather,20
DEL-011953,FL-052006,Weather,46
DEL-011954,FL-052007,Weather,50
DEL-011955,FL-052012,Weather,65
DEL-011956,FL-052014,Late Aircraft Arrival,29
DEL-011957,FL-052015,Weather,36
DEL-011958,FL-052034,Maintenance,59
DEL-011959,FL-052035,Weather,18
DEL-011960,FL-052047,Air Traffic Control,79
DEL-011961,FL-052056,Late Aircraft Arrival,57
DEL-011962,FL-052063,Weather,26
DEL-011963,FL-052064,Air Traffic Control,73
DEL-011964,FL-052066,Maintenance,41
DEL-011965,FL-052067,Maintenance,40
DEL-011966,FL-052068,Air Traffic Control,25
DEL-011967,FL-052070,Weather,17
DEL-011968,FL-052076,Maintenance,95
DEL-011969,FL-052077,Late Aircraft Arrival,15
DEL-011970,FL-052080,Air Traffic Control,35
DEL-011971,FL-052081,Security,31
DEL-011972,FL-052082,Air Traffic Control,55
DEL-011973,FL-052084,Security,28
DEL-011974,FL-052088,Weather,56
DEL-011975,FL-052091,Weather,259
DEL-011976,FL-052096,Weather,47
DEL-011977,FL-052118,Air Traffic Control,37
DEL-011978,FL-052119,Maintenance,41
DEL-011979,FL-052120,Air Traffic Control,129
DEL-011980,FL-052124,Weather,20
DEL-011981,FL-052126,Weather,43
DEL-011982,FL-052129,Weather,38
DEL-011983,FL-052135,Late Aircraft Arrival,31
DEL-011984,FL-052140,Late Aircraft Arrival,101
DEL-011985,FL-052145,Security,35
DEL-011986,FL-052147,Air Traffic Control,120
DEL-011987,FL-052152,Air Traffic Control,19
DEL-011988,FL-052158,Air Traffic Control,41
DEL-011989,FL-052159,Weather,102
DEL-011990,FL-052166,Maintenance,24
DEL-011991,FL-052170,Air Traffic Control,32
DEL-011992,FL-052171,Maintenance,129
DEL-011993,FL-052173,Maintenance,190
DEL-011994,FL-052184,Air Traffic Control,99
DEL-011995,FL-052188,Maintenance,33
DEL-011996,FL-052189,Late Aircraft Arrival,53
DEL-011997,FL-052193,Security,22
DEL-011998,FL-052195,Late Aircraft Arrival,71
DEL-011999,FL-052199,Air Traffic Control,42
DEL-012000,FL-052202,Maintenance,100
DEL-012001,FL-052203,Security,18
DEL-012002,FL-052204,Weather,35
DEL-012003,FL-052206,Security,42
DEL-012004,FL-052214,Late Aircraft Arrival,28
DEL-012005,FL-052222,Late Aircraft Arrival,84
DEL-012006,FL-052223,Late Aircraft Arrival,16
DEL-012007,FL-052229,Air Traffic Control,39
DEL-012008,FL-052234,Weather,128
DEL-012009,FL-052236,Weather,36
DEL-012010,FL-052239,Late Aircraft Arrival,66
DEL-012011,FL-052243,Late Aircraft Arrival,39
DEL-012012,FL-052245,Late Aircraft Arrival,89
DEL-012013,FL-052250,Air Traffic Control,28
DEL-012014,FL-052251,Air Traffic Control,23
DEL-012015,FL-052261,Late Aircraft Arrival,43
DEL-012016,FL-052268,Weather,105
DEL-012017,FL-052272,Maintenance,22
DEL-012018,FL-052277,Maintenance,149
DEL-012019,FL-052280,Late Aircraft Arrival,61
DEL-012020,FL-052281,Weather,191
DEL-012021,FL-052283,Air Traffic Control,43
DEL-012022,FL-052285,Weather,17
DEL-012023,FL-052286,Late Aircraft Arrival,27
DEL-012024,FL-052287,Air Traffic Control,17
DEL-012025,FL-052294,Weather,45
DEL-012026,FL-052296,Weather,42
DEL-012027,FL-052307,Weather,75
DEL-012028,FL-052308,Weather,68
DEL-012029,FL-052311,Weather,50
DEL-012030,FL-052316,Weather,20
DEL-012031,FL-052317,Maintenance,119
DEL-012032,FL-052332,Late Aircraft Arrival,38
DEL-012033,FL-052333,Maintenance,65
DEL-012034,FL-052337,Weather,63
DEL-012035,FL-052338,Air Traffic Control,22
DEL-012036,FL-052345,Air Traffic Control,43
DEL-012037,FL-052346,Weather,53
DEL-012038,FL-052347,Weather,26
DEL-012039,FL-052353,Late Aircraft Arrival,53
DEL-012040,FL-052356,Late Aircraft Arrival,46
DEL-012041,FL-052372,Security,113
DEL-012042,FL-052373,Maintenance,65
DEL-012043,FL-052374,Maintenance,37
DEL-012044,FL-052378,Air Traffic Control,33
DEL-012045,FL-052389,Maintenance,42
DEL-012046,FL-052395,Maintenance,27
DEL-012047,FL-052402,Weather,34
DEL-012048,FL-052403,Maintenance,176
DEL-012049,FL-052405,Late Aircraft Arrival,36
DEL-012050,FL-052406,Late Aircraft Arrival,54
DEL-012051,FL-052410,Late Aircraft Arrival,35
DEL-012052,FL-052414,Maintenance,53
DEL-012053,FL-052415,Air Traffic Control,68
DEL-012054,FL-052416,Late Aircraft Arrival,30
DEL-012055,FL-052429,Security,61
DEL-012056,FL-052448,Weather,89
DEL-012057,FL-052452,Air Traffic Control,67
DEL-012058,FL-052453,Weather,173
DEL-012059,FL-052455,Weather,42
DEL-012060,FL-052477,Weather,227
DEL-012061,FL-052478,Late Aircraft Arrival,20
DEL-012062,FL-052479,Late Aircraft Arrival,80
DEL-012063,FL-052485,Late Aircraft Arrival,137
DEL-012064,FL-052486,Maintenance,96
DEL-012065,FL-052488,Air Traffic Control,103
DEL-012066,FL-052497,Late Aircraft Arrival,85
DEL-012067,FL-052498,Weather,67
DEL-012068,FL-052499,Air Traffic Control,168
DEL-012069,FL-052500,Air Traffic Control,80
DEL-012070,FL-052517,Maintenance,16
DEL-012071,FL-052518,Weather,50
DEL-012072,FL-052519,Air Traffic Control,108
DEL-012073,FL-052520,Air Traffic Control,19
DEL-012074,FL-052523,Maintenance,59
DEL-012075,FL-052524,Late Aircraft Arrival,117
DEL-012076,FL-052538,Air Traffic Control,29
DEL-012077,FL-052539,Maintenance,28
DEL-012078,FL-052543,Security,19
DEL-012079,FL-052544,Weather,49
DEL-012080,FL-052551,Weather,27
DEL-012081,FL-052571,Weather,17
DEL-012082,FL-052574,Weather,74
DEL-012083,FL-052578,Air Traffic Control,87
DEL-012084,FL-052580,Air Traffic Control,18
DEL-012085,FL-052584,Weather,57
DEL-012086,FL-052591,Air Traffic Control,46
DEL-012087,FL-052594,Weather,50
DEL-012088,FL-052596,Maintenance,18
DEL-012089,FL-052599,Late Aircraft Arrival,52
DEL-012090,FL-052604,Weather,19
DEL-012091,FL-052607,Late Aircraft Arrival,42
DEL-012092,FL-052622,Weather,265
DEL-012093,FL-052626,Late Aircraft Arrival,59
DEL-012094,FL-052632,Late Aircraft Arrival,85
DEL-012095,FL-052638,Late Aircraft Arrival,19
DEL-012096,FL-052641,Weather,23
DEL-012097,FL-052643,Late Aircraft Arrival,84
DEL-012098,FL-052646,Weather,101
DEL-012099,FL-052651,Weather,30
DEL-012100,FL-052657,Weather,101
DEL-012101,FL-052662,Maintenance,17
DEL-012102,FL-052665,Weather,31
DEL-012103,FL-052668,Maintenance,45
DEL-012104,FL-052669,Air Traffic Control,40
DEL-012105,FL-052672,Air Traffic Control,37
DEL-012106,FL-052679,Maintenance,73
DEL-012107,FL-052690,Weather,45
DEL-012108,FL-052694,Weather,54
DEL-012109,FL-052696,Air Traffic Control,17
DEL-012110,FL-052700,Maintenance,112
DEL-012111,FL-052701,Air Traffic Control,44
DEL-012112,FL-052703,Weather,82
DEL-012113,FL-052704,Late Aircraft Arrival,59
DEL-012114,FL-052711,Air Traffic Control,70
DEL-012115,FL-052730,Maintenance,86
DEL-012116,FL-052737,Maintenance,101
DEL-012117,FL-052738,Air Traffic Control,157
DEL-012118,FL-052749,Weather,19
DEL-012119,FL-052759,Air Traffic Control,24
DEL-012120,FL-052763,Maintenance,83
DEL-012121,FL-052767,Weather,45
DEL-012122,FL-052768,Air Traffic Control,83
DEL-012123,FL-052769,Air Traffic Control,99
DEL-012124,FL-052775,Air Traffic Control,49
DEL-012125,FL-052776,Security,60
DEL-012126,FL-052781,Weather,87
DEL-012127,FL-052782,Maintenance,77
DEL-012128,FL-052783,Weather,22
DEL-012129,FL-052788,Weather,95
DEL-012130,FL-052790,Weather,15
DEL-012131,FL-052795,Air Traffic Control,28
DEL-012132,FL-052796,Late Aircraft Arrival,22
DEL-012133,FL-052797,Maintenance,30
DEL-012134,FL-052798,Air Traffic Control,52
DEL-012135,FL-052801,Maintenance,73
DEL-012136,FL-052804,Air Traffic Control,61
DEL-012137,FL-052805,Weather,86
DEL-012138,FL-052806,Late Aircraft Arrival,102
DEL-012139,FL-052821,Maintenance,23
DEL-012140,FL-052823,Weather,58
DEL-012141,FL-052829,Air Traffic Control,248
DEL-012142,FL-052833,Late Aircraft Arrival,20
DEL-012143,FL-052834,Maintenance,48
DEL-012144,FL-052848,Air Traffic Control,31
DEL-012145,FL-052851,Weather,68
DEL-012146,FL-052852,Air Traffic Control,26
DEL-012147,FL-052854,Weather,49
DEL-012148,FL-052855,Security,21
DEL-012149,FL-052857,Late Aircraft Arrival,22
DEL-012150,FL-052858,Late Aircraft Arrival,21
DEL-012151,FL-052861,Air Traffic Control,117
DEL-012152,FL-052870,Security,61
DEL-012153,FL-052871,Maintenance,142
DEL-012154,FL-052875,Air Traffic Control,23
DEL-012155,FL-052881,Weather,28
DEL-012156,FL-052886,Air Traffic Control,27
DEL-012157,FL-052890,Weather,23
DEL-012158,FL-052895,Weather,171
DEL-012159,FL-052896,Weather,26
DEL-012160,FL-052899,Late Aircraft Arrival,47
DEL-012161,FL-052903,Air Traffic Control,77
DEL-012162,FL-052904,Air Traffic Control,49
DEL-012163,FL-052913,Air Traffic Control,26
DEL-012164,FL-052914,Air Traffic Control,58
DEL-012165,FL-052919,Weather,75
DEL-012166,FL-052931,Maintenance,88
DEL-012167,FL-052933,Late Aircraft Arrival,47
DEL-012168,FL-052937,Maintenance,55
DEL-012169,FL-052949,Late Aircraft Arrival,81
DEL-012170,FL-052950,Weather,41
DEL-012171,FL-052954,Maintenance,98
DEL-012172,FL-052957,Air Traffic Control,58
DEL-012173,FL-052962,Air Traffic Control,16
DEL-012174,FL-052963,Air Traffic Control,24
DEL-012175,FL-052971,Weather,60
DEL-012176,FL-052980,Air Traffic Control,100
DEL-012177,FL-052985,Maintenance,136
DEL-012178,FL-052986,Weather,33
DEL-012179,FL-052995,Weather,89
DEL-012180,FL-052999,Air Traffic Control,49
DEL-012181,FL-053004,Security,59
DEL-012182,FL-053017,Late Aircraft Arrival,18
DEL-012183,FL-053018,Late Aircraft Arrival,17
DEL-012184,FL-053025,Air Traffic Control,36
DEL-012185,FL-053028,Air Traffic Control,30
DEL-012186,FL-053030,Air Traffic Control,111
DEL-012187,FL-053037,Maintenance,111
DEL-012188,FL-053041,Air Traffic Control,19
DEL-012189,FL-053043,Late Aircraft Arrival,91
DEL-012190,FL-053046,Late Aircraft Arrival,53
DEL-012191,FL-053051,Security,137
DEL-012192,FL-053054,Air Traffic Control,71
DEL-012193,FL-053057,Weather,48
DEL-012194,FL-053069,Late Aircraft Arrival,31
DEL-012195,FL-053070,Late Aircraft Arrival,41
DEL-012196,FL-053074,Air Traffic Control,39
DEL-012197,FL-053076,Air Traffic Control,59
DEL-012198,FL-053077,Air Traffic Control,105
DEL-012199,FL-053078,Maintenance,25
DEL-012200,FL-053082,Air Traffic Control,76
DEL-012201,FL-053086,Air Traffic Control,84
DEL-012202,FL-053094,Air Traffic Control,22
DEL-012203,FL-053095,Security,38
DEL-012204,FL-053102,Air Traffic Control,47
DEL-012205,FL-053103,Air Traffic Control,18
DEL-012206,FL-053120,Late Aircraft Arrival,23
DEL-012207,FL-053122,Weather,70
DEL-012208,FL-053124,Air Traffic Control,19
DEL-012209,FL-053125,Maintenance,82
DEL-012210,FL-053132,Late Aircraft Arrival,156
DEL-012211,FL-053136,Late Aircraft Arrival,39
DEL-012212,FL-053142,Weather,42
DEL-012213,FL-053148,Weather,47
DEL-012214,FL-053150,Weather,46
DEL-012215,FL-053152,Late Aircraft Arrival,208
DEL-012216,FL-053155,Maintenance,31
DEL-012217,FL-053158,Maintenance,19
DEL-012218,FL-053161,Maintenance,68
DEL-012219,FL-053164,Weather,87
DEL-012220,FL-053165,Security,109
DEL-012221,FL-053166,Weather,27
DEL-012222,FL-053168,Weather,126
DEL-012223,FL-053169,Late Aircraft Arrival,41
DEL-012224,FL-053171,Late Aircraft Arrival,220
DEL-012225,FL-053174,Maintenance,77
DEL-012226,FL-053175,Air Traffic Control,81
DEL-012227,FL-053176,Maintenance,53
DEL-012228,FL-053177,Weather,138
DEL-012229,FL-053181,Maintenance,33
DEL-012230,FL-053182,Late Aircraft Arrival,61
DEL-012231,FL-053184,Maintenance,160
DEL-012232,FL-053190,Weather,29
DEL-012233,FL-053194,Maintenance,16
DEL-012234,FL-053209,Maintenance,15
DEL-012235,FL-053210,Late Aircraft Arrival,67
DEL-012236,FL-053213,Weather,52
DEL-012237,FL-053228,Air Traffic Control,68
DEL-012238,FL-053231,Air Traffic Control,91
DEL-012239,FL-053244,Weather,46
DEL-012240,FL-053248,Weather,60
DEL-012241,FL-053264,Weather,18
DEL-012242,FL-053268,Weather,63
DEL-012243,FL-053269,Late Aircraft Arrival,21
DEL-012244,FL-053272,Late Aircraft Arrival,52
DEL-012245,FL-053275,Weather,33
DEL-012246,FL-053278,Maintenance,155
DEL-012247,FL-053296,Weather,24
DEL-012248,FL-053298,Weather,36
DEL-012249,FL-053310,Weather,51
DEL-012250,FL-053312,Air Traffic Control,137
DEL-012251,FL-053313,Late Aircraft Arrival,44
DEL-012252,FL-053315,Air Traffic Control,100
DEL-012253,FL-053316,Weather,41
DEL-012254,FL-053324,Late Aircraft Arrival,57
DEL-012255,FL-053331,Air Traffic Control,22
DEL-012256,FL-053335,Air Traffic Control,24
DEL-012257,FL-053337,Maintenance,37
DEL-012258,FL-053338,Weather,47
DEL-012259,FL-053343,Air Traffic Control,23
DEL-012260,FL-053344,Air Traffic Control,61
DEL-012261,FL-053351,Weather,18
DEL-012262,FL-053358,Late Aircraft Arrival,15
DEL-012263,FL-053359,Maintenance,167
DEL-012264,FL-053363,Late Aircraft Arrival,85
DEL-012265,FL-053364,Late Aircraft Arrival,15
DEL-012266,FL-053367,Late Aircraft Arrival,109
DEL-012267,FL-053369,Late Aircraft Arrival,46
DEL-012268,FL-053371,Weather,50
DEL-012269,FL-053372,Maintenance,85
DEL-012270,FL-053373,Maintenance,27
DEL-012271,FL-053374,Air Traffic Control,43
DEL-012272,FL-053377,Late Aircraft Arrival,18
DEL-012273,FL-053381,Air Traffic Control,48
DEL-012274,FL-053383,Weather,115
DEL-012275,FL-053391,Late Aircraft Arrival,111
DEL-012276,FL-053400,Weather,53
DEL-012277,FL-053405,Late Aircraft Arrival,44
DEL-012278,FL-053420,Weather,41
DEL-012279,FL-053421,Late Aircraft Arrival,34
DEL-012280,FL-053424,Air Traffic Control,21
DEL-012281,FL-053429,Weather,32
DEL-012282,FL-053431,Air Traffic Control,86
DEL-012283,FL-053441,Security,27
DEL-012284,FL-053450,Late Aircraft Arrival,54
DEL-012285,FL-053451,Late Aircraft Arrival,121
DEL-012286,FL-053456,Weather,28
DEL-012287,FL-053457,Air Traffic Control,26
DEL-012288,FL-053464,Weather,50
DEL-012289,FL-053466,Weather,34
DEL-012290,FL-053468,Weather,63
DEL-012291,FL-053471,Weather,36
DEL-012292,FL-053473,Air Traffic Control,19
DEL-012293,FL-053475,Late Aircraft Arrival,44
DEL-012294,FL-053485,Weather,60
DEL-012295,FL-053488,Weather,38
DEL-012296,FL-053494,Security,36
DEL-012297,FL-053496,Air Traffic Control,44
DEL-012298,FL-053497,Air Traffic Control,42
DEL-012299,FL-053500,Weather,111
DEL-012300,FL-053508,Maintenance,161
DEL-012301,FL-053509,Maintenance,17
DEL-012302,FL-053517,Maintenance,111
DEL-012303,FL-053522,Late Aircraft Arrival,43
DEL-012304,FL-053523,Late Aircraft Arrival,50
DEL-012305,FL-053538,Late Aircraft Arrival,46
DEL-012306,FL-053539,Late Aircraft Arrival,22
DEL-012307,FL-053540,Late Aircraft Arrival,45
DEL-012308,FL-053541,Weather,18
DEL-012309,FL-053548,Air Traffic Control,112
DEL-012310,FL-053552,Maintenance,167
DEL-012311,FL-053553,Air Traffic Control,72
DEL-012312,FL-053555,Weather,127
DEL-012313,FL-053561,Weather,20
DEL-012314,FL-053567,Late Aircraft Arrival,48
DEL-012315,FL-053568,Weather,110
DEL-012316,FL-053569,Weather,106
DEL-012317,FL-053573,Security,67
DEL-012318,FL-053574,Maintenance,49
DEL-012319,FL-053576,Air Traffic Control,42
DEL-012320,FL-053582,Air Traffic Control,15
DEL-012321,FL-053585,Weather,175
DEL-012322,FL-053588,Air Traffic Control,33
DEL-012323,FL-053590,Late Aircraft Arrival,57
DEL-012324,FL-053592,Late Aircraft Arrival,54
DEL-012325,FL-053593,Weather,35
DEL-012326,FL-053596,Late Aircraft Arrival,74
DEL-012327,FL-053598,Maintenance,138
DEL-012328,FL-053600,Late Aircraft Arrival,87
DEL-012329,FL-053615,Weather,91
DEL-012330,FL-053617,Maintenance,89
DEL-012331,FL-053624,Weather,33
DEL-012332,FL-053630,Late Aircraft Arrival,40
DEL-012333,FL-053635,Late Aircraft Arrival,17
DEL-012334,FL-053636,Weather,84
DEL-012335,FL-053647,Maintenance,67
DEL-012336,FL-053650,Late Aircraft Arrival,48
DEL-012337,FL-053655,Late Aircraft Arrival,140
DEL-012338,FL-053662,Air Traffic Control,32
DEL-012339,FL-053664,Weather,16
DEL-012340,FL-053677,Weather,71
DEL-012341,FL-053680,Maintenance,82
DEL-012342,FL-053686,Late Aircraft Arrival,110
DEL-012343,FL-053695,Weather,20
DEL-012344,FL-053699,Air Traffic Control,183
DEL-012345,FL-053700,Late Aircraft Arrival,114
DEL-012346,FL-053702,Late Aircraft Arrival,27
DEL-012347,FL-053703,Air Traffic Control,117
DEL-012348,FL-053706,Air Traffic Control,16
DEL-012349,FL-053711,Late Aircraft Arrival,25
DEL-012350,FL-053714,Late Aircraft Arrival,33
DEL-012351,FL-053717,Air Traffic Control,27
DEL-012352,FL-053720,Air Traffic Control,25
DEL-012353,FL-053721,Weather,162
DEL-012354,FL-053725,Maintenance,59
DEL-012355,FL-053727,Weather,74
DEL-012356,FL-053733,Maintenance,38
DEL-012357,FL-053734,Late Aircraft Arrival,109
DEL-012358,FL-053737,Maintenance,50
DEL-012359,FL-053739,Maintenance,145
DEL-012360,FL-053742,Weather,32
DEL-012361,FL-053744,Late Aircraft Arrival,33
DEL-012362,FL-053749,Security,67
DEL-012363,FL-053756,Maintenance,37
DEL-012364,FL-053758,Weather,149
DEL-012365,FL-053766,Weather,24
DEL-012366,FL-053773,Maintenance,73
DEL-012367,FL-053776,Air Traffic Control,69
DEL-012368,FL-053777,Maintenance,58
DEL-012369,FL-053779,Late Aircraft Arrival,103
DEL-012370,FL-053780,Air Traffic Control,34
DEL-012371,FL-053783,Maintenance,24
DEL-012372,FL-053787,Maintenance,131
DEL-012373,FL-053793,Security,19
DEL-012374,FL-053802,Maintenance,44
DEL-012375,FL-053804,Maintenance,83
DEL-012376,FL-053807,Late Aircraft Arrival,44
DEL-012377,FL-053808,Air Traffic Control,18
DEL-012378,FL-053815,Weather,60
DEL-012379,FL-053825,Weather,37
DEL-012380,FL-053830,Maintenance,55
DEL-012381,FL-053831,Maintenance,52
DEL-012382,FL-053834,Air Traffic Control,55
DEL-012383,FL-053837,Maintenance,19
DEL-012384,FL-053840,Maintenance,31
DEL-012385,FL-053850,Weather,33
DEL-012386,FL-053855,Late Aircraft Arrival,76
DEL-012387,FL-053856,Weather,24
DEL-012388,FL-053860,Weather,24
DEL-012389,FL-053872,Weather,40
DEL-012390,FL-053875,Air Traffic Control,26
DEL-012391,FL-053883,Weather,100
DEL-012392,FL-053886,Weather,37
DEL-012393,FL-053891,Late Aircraft Arrival,17
DEL-012394,FL-053897,Late Aircraft Arrival,65
DEL-012395,FL-053898,Late Aircraft Arrival,19
DEL-012396,FL-053901,Weather,88
DEL-012397,FL-053902,Weather,56
DEL-012398,FL-053903,Maintenance,30
DEL-012399,FL-053905,Weather,41
DEL-012400,FL-053921,Air Traffic Control,31
DEL-012401,FL-053933,Security,34
DEL-012402,FL-053934,Weather,25
DEL-012403,FL-053943,Air Traffic Control,144
DEL-012404,FL-053945,Air Traffic Control,74
DEL-012405,FL-053946,Maintenance,116
DEL-012406,FL-053951,Air Traffic Control,21
DEL-012407,FL-053952,Air Traffic Control,31
DEL-012408,FL-053960,Air Traffic Control,17
DEL-012409,FL-053961,Security,65
DEL-012410,FL-053963,Air Traffic Control,148
DEL-012411,FL-053970,Air Traffic Control,104
DEL-012412,FL-053975,Late Aircraft Arrival,27
DEL-012413,FL-053981,Air Traffic Control,94
DEL-012414,FL-053988,Late Aircraft Arrival,77
DEL-012415,FL-053989,Air Traffic Control,144
DEL-012416,FL-053997,Air Traffic Control,79
DEL-012417,FL-054002,Air Traffic Control,37
DEL-012418,FL-054020,Air Traffic Control,39
DEL-012419,FL-054021,Air Traffic Control,87
DEL-012420,FL-054030,Air Traffic Control,65
DEL-012421,FL-054032,Air Traffic Control,57
DEL-012422,FL-054034,Air Traffic Control,153
DEL-012423,FL-054042,Air Traffic Control,33
DEL-012424,FL-054045,Weather,36
DEL-012425,FL-054047,Air Traffic Control,19
DEL-012426,FL-054052,Maintenance,39
DEL-012427,FL-054053,Maintenance,20
DEL-012428,FL-054063,Maintenance,20
DEL-012429,FL-054069,Security,100
DEL-012430,FL-054075,Air Traffic Control,41
DEL-012431,FL-054077,Late Aircraft Arrival,43
DEL-012432,FL-054081,Security,20
DEL-012433,FL-054082,Maintenance,78
DEL-012434,FL-054085,Weather,30
DEL-012435,FL-054086,Air Traffic Control,32
DEL-012436,FL-054089,Weather,37
DEL-012437,FL-054095,Air Traffic Control,15
DEL-012438,FL-054100,Maintenance,31
DEL-012439,FL-054102,Weather,50
DEL-012440,FL-054108,Air Traffic Control,94
DEL-012441,FL-054109,Air Traffic Control,95
DEL-012442,FL-054113,Late Aircraft Arrival,24
DEL-012443,FL-054116,Weather,81
DEL-012444,FL-054120,Air Traffic Control,70
DEL-012445,FL-054123,Weather,103
DEL-012446,FL-054127,Weather,150
DEL-012447,FL-054135,Maintenance,35
DEL-012448,FL-054138,Air Traffic Control,54
DEL-012449,FL-054139,Weather,62
DEL-012450,FL-054145,Maintenance,18
DEL-012451,FL-054150,Air Traffic Control,39
DEL-012452,FL-054153,Late Aircraft Arrival,28
DEL-012453,FL-054158,Late Aircraft Arrival,46
DEL-012454,FL-054170,Weather,85
DEL-012455,FL-054175,Late Aircraft Arrival,22
DEL-012456,FL-054187,Maintenance,39
DEL-012457,FL-054188,Late Aircraft Arrival,76
DEL-012458,FL-054191,Security,21
DEL-012459,FL-054192,Maintenance,19
DEL-012460,FL-054194,Air Traffic Control,196
DEL-012461,FL-054198,Maintenance,41
DEL-012462,FL-054208,Weather,37
DEL-012463,FL-054209,Weather,45
DEL-012464,FL-054210,Air Traffic Control,33
DEL-012465,FL-054215,Air Traffic Control,36
DEL-012466,FL-054232,Air Traffic Control,320
DEL-012467,FL-054234,Weather,38
DEL-012468,FL-054235,Air Traffic Control,58
DEL-012469,FL-054239,Weather,15
DEL-012470,FL-054250,Late Aircraft Arrival,51
DEL-012471,FL-054257,Air Traffic Control,33
DEL-012472,FL-054258,Maintenance,20
DEL-012473,FL-054261,Maintenance,25
DEL-012474,FL-054266,Late Aircraft Arrival,49
DEL-012475,FL-054267,Late Aircraft Arrival,56
DEL-012476,FL-054268,Late Aircraft Arrival,95
DEL-012477,FL-054270,Late Aircraft Arrival,47
DEL-012478,FL-054272,Weather,148
DEL-012479,FL-054274,Late Aircraft Arrival,57
DEL-012480,FL-054276,Air Traffic Control,111
DEL-012481,FL-054278,Late Aircraft Arrival,41
DEL-012482,FL-054282,Late Aircraft Arrival,43
DEL-012483,FL-054284,Security,120
DEL-012484,FL-054293,Late Aircraft Arrival,74
DEL-012485,FL-054315,Weather,74
DEL-012486,FL-054319,Weather,69
DEL-012487,FL-054332,Air Traffic Control,72
DEL-012488,FL-054336,Air Traffic Control,22
DEL-012489,FL-054338,Air Traffic Control,38
DEL-012490,FL-054341,Weather,27
DEL-012491,FL-054348,Security,75
DEL-012492,FL-054365,Air Traffic Control,64
DEL-012493,FL-054366,Late Aircraft Arrival,38
DEL-012494,FL-054374,Weather,34
DEL-012495,FL-054376,Air Traffic Control,16
DEL-012496,FL-054379,Maintenance,62
DEL-012497,FL-054382,Maintenance,263
DEL-012498,FL-054383,Security,88
DEL-012499,FL-054393,Weather,55
DEL-012500,FL-054394,Weather,47
DEL-012501,FL-054395,Weather,78
DEL-012502,FL-054396,Weather,80
DEL-012503,FL-054397,Maintenance,134
DEL-012504,FL-054400,Air Traffic Control,72
DEL-012505,FL-054401,Weather,152
DEL-012506,FL-054402,Weather,27
DEL-012507,FL-054404,Air Traffic Control,68
DEL-012508,FL-054406,Weather,74
DEL-012509,FL-054416,Air Traffic Control,18
DEL-012510,FL-054419,Weather,30
DEL-012511,FL-054420,Late Aircraft Arrival,100
DEL-012512,FL-054427,Air Traffic Control,93
DEL-012513,FL-054431,Air Traffic Control,153
DEL-012514,FL-054432,Late Aircraft Arrival,108
DEL-012515,FL-054434,Weather,38
DEL-012516,FL-054435,Security,126
DEL-012517,FL-054438,Air Traffic Control,188
DEL-012518,FL-054439,Maintenance,23
DEL-012519,FL-054442,Maintenance,46
DEL-012520,FL-054446,Weather,21
DEL-012521,FL-054457,Late Aircraft Arrival,35
DEL-012522,FL-054465,Late Aircraft Arrival,21
DEL-012523,FL-054469,Weather,19
DEL-012524,FL-054474,Maintenance,89
DEL-012525,FL-054475,Air Traffic Control,24
DEL-012526,FL-054479,Maintenance,53
DEL-012527,FL-054486,Air Traffic Control,27
DEL-012528,FL-054495,Maintenance,26
DEL-012529,FL-054500,Maintenance,28
DEL-012530,FL-054502,Weather,36
DEL-012531,FL-054506,Air Traffic Control,28
DEL-012532,FL-054511,Maintenance,116
DEL-012533,FL-054512,Weather,55
DEL-012534,FL-054514,Weather,17
DEL-012535,FL-054517,Maintenance,30
DEL-012536,FL-054523,Maintenance,29
DEL-012537,FL-054525,Maintenance,37
DEL-012538,FL-054538,Late Aircraft Arrival,50
DEL-012539,FL-054540,Air Traffic Control,31
DEL-012540,FL-054544,Maintenance,64
DEL-012541,FL-054549,Air Traffic Control,26
DEL-012542,FL-054550,Maintenance,32
DEL-012543,FL-054556,Late Aircraft Arrival,15
DEL-012544,FL-054558,Weather,46
DEL-012545,FL-054559,Weather,26
DEL-012546,FL-054561,Air Traffic Control,22
DEL-012547,FL-054566,Air Traffic Control,70
DEL-012548,FL-054571,Weather,33
DEL-012549,FL-054576,Weather,30
DEL-012550,FL-054581,Maintenance,27
DEL-012551,FL-054586,Air Traffic Control,123
DEL-012552,FL-054590,Security,30
DEL-012553,FL-054593,Air Traffic Control,58
DEL-012554,FL-054600,Weather,37
DEL-012555,FL-054604,Late Aircraft Arrival,58
DEL-012556,FL-054606,Air Traffic Control,40
DEL-012557,FL-054619,Late Aircraft Arrival,25
DEL-012558,FL-054630,Late Aircraft Arrival,55
DEL-012559,FL-054638,Maintenance,43
DEL-012560,FL-054639,Maintenance,48
DEL-012561,FL-054642,Late Aircraft Arrival,122
DEL-012562,FL-054647,Air Traffic Control,35
DEL-012563,FL-054652,Maintenance,145
DEL-012564,FL-054657,Air Traffic Control,54
DEL-012565,FL-054660,Weather,42
DEL-012566,FL-054675,Air Traffic Control,53
DEL-012567,FL-054681,Maintenance,92
DEL-012568,FL-054692,Weather,18
DEL-012569,FL-054699,Air Traffic Control,34
DEL-012570,FL-054703,Weather,80
DEL-012571,FL-054704,Air Traffic Control,92
DEL-012572,FL-054720,Weather,25
DEL-012573,FL-054726,Maintenance,24
DEL-012574,FL-054730,Air Traffic Control,22
DEL-012575,FL-054733,Maintenance,49
DEL-012576,FL-054738,Maintenance,15
DEL-012577,FL-054741,Maintenance,48
DEL-012578,FL-054743,Late Aircraft Arrival,40
DEL-012579,FL-054746,Air Traffic Control,39
DEL-012580,FL-054752,Air Traffic Control,84
DEL-012581,FL-054763,Weather,84
DEL-012582,FL-054765,Air Traffic Control,43
DEL-012583,FL-054767,Maintenance,49
DEL-012584,FL-054768,Air Traffic Control,27
DEL-012585,FL-054771,Late Aircraft Arrival,26
DEL-012586,FL-054787,Air Traffic Control,69
DEL-012587,FL-054790,Weather,69
DEL-012588,FL-054792,Air Traffic Control,41
DEL-012589,FL-054793,Air Traffic Control,38
DEL-012590,FL-054799,Weather,17
DEL-012591,FL-054807,Security,159
DEL-012592,FL-054817,Air Traffic Control,93
DEL-012593,FL-054819,Late Aircraft Arrival,16
DEL-012594,FL-054822,Late Aircraft Arrival,41
DEL-012595,FL-054824,Weather,23
DEL-012596,FL-054830,Weather,62
DEL-012597,FL-054832,Weather,16
DEL-012598,FL-054844,Late Aircraft Arrival,54
DEL-012599,FL-054851,Maintenance,52
DEL-012600,FL-054853,Late Aircraft Arrival,213
DEL-012601,FL-054857,Air Traffic Control,117
DEL-012602,FL-054858,Air Traffic Control,78
DEL-012603,FL-054860,Late Aircraft Arrival,71
DEL-012604,FL-054862,Weather,116
DEL-012605,FL-054866,Air Traffic Control,81
DEL-012606,FL-054870,Late Aircraft Arrival,24
DEL-012607,FL-054873,Air Traffic Control,30
DEL-012608,FL-054878,Air Traffic Control,29
DEL-012609,FL-054879,Air Traffic Control,28
DEL-012610,FL-054880,Weather,103
DEL-012611,FL-054881,Weather,38
DEL-012612,FL-054882,Air Traffic Control,19
DEL-012613,FL-054884,Security,36
DEL-012614,FL-054888,Air Traffic Control,17
DEL-012615,FL-054890,Late Aircraft Arrival,29
DEL-012616,FL-054893,Air Traffic Control,116
DEL-012617,FL-054896,Weather,47
DEL-012618,FL-054897,Maintenance,52
DEL-012619,FL-054899,Maintenance,40
DEL-012620,FL-054901,Air Traffic Control,55
DEL-012621,FL-054903,Late Aircraft Arrival,38
DEL-012622,FL-054907,Weather,41
DEL-012623,FL-054910,Security,31
DEL-012624,FL-054914,Weather,18
DEL-012625,FL-054915,Air Traffic Control,23
DEL-012626,FL-054917,Late Aircraft Arrival,36
DEL-012627,FL-054919,Maintenance,19
DEL-012628,FL-054920,Air Traffic Control,52
DEL-012629,FL-054921,Air Traffic Control,46
DEL-012630,FL-054923,Air Traffic Control,54
DEL-012631,FL-054924,Air Traffic Control,27
DEL-012632,FL-054927,Weather,199
DEL-012633,FL-054929,Weather,145
DEL-012634,FL-054932,Late Aircraft Arrival,19
DEL-012635,FL-054933,Maintenance,175
DEL-012636,FL-054937,Air Traffic Control,52
DEL-012637,FL-054938,Air Traffic Control,199
DEL-012638,FL-054942,Late Aircraft Arrival,43
DEL-012639,FL-054949,Air Traffic Control,29
DEL-012640,FL-054953,Weather,26
DEL-012641,FL-054954,Late Aircraft Arrival,56
DEL-012642,FL-054957,Late Aircraft Arrival,98
DEL-012643,FL-054964,Weather,38
DEL-012644,FL-054972,Security,32
DEL-012645,FL-054994,Air Traffic Control,36
DEL-012646,FL-054999,Maintenance,157
DEL-012647,FL-055001,Late Aircraft Arrival,28
DEL-012648,FL-055005,Weather,22
DEL-012649,FL-055009,Weather,28
DEL-012650,FL-055010,Weather,30
DEL-012651,FL-055018,Security,151
DEL-012652,FL-055020,Weather,67
DEL-012653,FL-055023,Air Traffic Control,46
DEL-012654,FL-055024,Air Traffic Control,50
DEL-012655,FL-055028,Weather,52
DEL-012656,FL-055029,Air Traffic Control,19
DEL-012657,FL-055044,Maintenance,36
DEL-012658,FL-055046,Late Aircraft Arrival,79
DEL-012659,FL-055050,Security,26
DEL-012660,FL-055057,Late Aircraft Arrival,15
DEL-012661,FL-055059,Air Traffic Control,18
DEL-012662,FL-055062,Maintenance,29
DEL-012663,FL-055064,Air Traffic Control,37
DEL-012664,FL-055066,Weather,15
DEL-012665,FL-055067,Late Aircraft Arrival,78
DEL-012666,FL-055068,Air Traffic Control,33
DEL-012667,FL-055070,Security,91
DEL-012668,FL-055076,Air Traffic Control,64
DEL-012669,FL-055078,Weather,40
DEL-012670,FL-055079,Weather,42
DEL-012671,FL-055080,Late Aircraft Arrival,53
DEL-012672,FL-055081,Air Traffic Control,48
DEL-012673,FL-055084,Air Traffic Control,62
DEL-012674,FL-055085,Air Traffic Control,74
DEL-012675,FL-055086,Security,23
DEL-012676,FL-055087,Air Traffic Control,61
DEL-012677,FL-055093,Security,161
DEL-012678,FL-055099,Weather,118
DEL-012679,FL-055101,Air Traffic Control,19
DEL-012680,FL-055103,Weather,65
DEL-012681,FL-055108,Late Aircraft Arrival,169
DEL-012682,FL-055109,Air Traffic Control,67
DEL-012683,FL-055114,Air Traffic Control,48
DEL-012684,FL-055129,Air Traffic Control,27
DEL-012685,FL-055139,Air Traffic Control,18
DEL-012686,FL-055140,Air Traffic Control,68
DEL-012687,FL-055141,Maintenance,15
DEL-012688,FL-055147,Security,20
DEL-012689,FL-055150,Air Traffic Control,53
DEL-012690,FL-055151,Weather,144
DEL-012691,FL-055161,Late Aircraft Arrival,29
DEL-012692,FL-055170,Security,88
DEL-012693,FL-055172,Air Traffic Control,34
DEL-012694,FL-055175,Late Aircraft Arrival,19
DEL-012695,FL-055180,Weather,140
DEL-012696,FL-055181,Weather,54
DEL-012697,FL-055196,Weather,55
DEL-012698,FL-055201,Air Traffic Control,35
DEL-012699,FL-055202,Maintenance,35
DEL-012700,FL-055210,Air Traffic Control,78
DEL-012701,FL-055215,Late Aircraft Arrival,43
DEL-012702,FL-055221,Maintenance,21
DEL-012703,FL-055223,Security,71
DEL-012704,FL-055224,Maintenance,94
DEL-012705,FL-055231,Air Traffic Control,38
DEL-012706,FL-055232,Weather,62
DEL-012707,FL-055241,Weather,72
DEL-012708,FL-055242,Late Aircraft Arrival,34
DEL-012709,FL-055258,Maintenance,18
DEL-012710,FL-055266,Air Traffic Control,80
DEL-012711,FL-055269,Air Traffic Control,124
DEL-012712,FL-055271,Air Traffic Control,26
DEL-012713,FL-055274,Air Traffic Control,18
DEL-012714,FL-055279,Weather,16
DEL-012715,FL-055283,Weather,22
DEL-012716,FL-055285,Late Aircraft Arrival,35
DEL-012717,FL-055287,Air Traffic Control,27
DEL-012718,FL-055288,Air Traffic Control,30
DEL-012719,FL-055295,Maintenance,78
DEL-012720,FL-055300,Air Traffic Control,21
DEL-012721,FL-055301,Maintenance,126
DEL-012722,FL-055303,Maintenance,128
DEL-012723,FL-055306,Late Aircraft Arrival,15
DEL-012724,FL-055309,Weather,40
DEL-012725,FL-055311,Weather,26
DEL-012726,FL-055312,Weather,66
DEL-012727,FL-055313,Security,76
DEL-012728,FL-055330,Weather,20
DEL-012729,FL-055331,Weather,91
DEL-012730,FL-055338,Weather,98
DEL-012731,FL-055342,Air Traffic Control,21
DEL-012732,FL-055344,Late Aircraft Arrival,54
DEL-012733,FL-055345,Late Aircraft Arrival,69
DEL-012734,FL-055346,Security,88
DEL-012735,FL-055349,Air Traffic Control,79
DEL-012736,FL-055350,Maintenance,20
DEL-012737,FL-055351,Air Traffic Control,188
DEL-012738,FL-055352,Weather,79
DEL-012739,FL-055360,Weather,151
DEL-012740,FL-055365,Weather,31
DEL-012741,FL-055366,Maintenance,62
DEL-012742,FL-055376,Air Traffic Control,29
DEL-012743,FL-055388,Air Traffic Control,58
DEL-012744,FL-055392,Late Aircraft Arrival,127
DEL-012745,FL-055396,Late Aircraft Arrival,51
DEL-012746,FL-055405,Air Traffic Control,78
DEL-012747,FL-055407,Maintenance,46
DEL-012748,FL-055411,Air Traffic Control,50
DEL-012749,FL-055413,Weather,73
DEL-012750,FL-055421,Weather,45
DEL-012751,FL-055422,Weather,54
DEL-012752,FL-055429,Air Traffic Control,18
DEL-012753,FL-055435,Air Traffic Control,30
DEL-012754,FL-055436,Air Traffic Control,127
DEL-012755,FL-055447,Maintenance,18
DEL-012756,FL-055448,Air Traffic Control,28
DEL-012757,FL-055450,Air Traffic Control,24
DEL-012758,FL-055458,Late Aircraft Arrival,152
DEL-012759,FL-055467,Air Traffic Control,42
DEL-012760,FL-055469,Maintenance,30
DEL-012761,FL-055472,Maintenance,36
DEL-012762,FL-055476,Weather,82
DEL-012763,FL-055477,Weather,33
DEL-012764,FL-055481,Maintenance,120
DEL-012765,FL-055487,Late Aircraft Arrival,43
DEL-012766,FL-055489,Air Traffic Control,40
DEL-012767,FL-055490,Weather,15
DEL-012768,FL-055495,Late Aircraft Arrival,34
DEL-012769,FL-055500,Weather,31
DEL-012770,FL-055504,Late Aircraft Arrival,87
DEL-012771,FL-055513,Air Traffic Control,47
DEL-012772,FL-055515,Air Traffic Control,59
DEL-012773,FL-055526,Maintenance,70
DEL-012774,FL-055530,Late Aircraft Arrival,86
DEL-012775,FL-055531,Air Traffic Control,16
DEL-012776,FL-055542,Weather,58
DEL-012777,FL-055546,Maintenance,46
DEL-012778,FL-055549,Security,83
DEL-012779,FL-055552,Air Traffic Control,23
DEL-012780,FL-055557,Weather,67
DEL-012781,FL-055567,Weather,100
DEL-012782,FL-055569,Weather,36
DEL-012783,FL-055573,Security,34
DEL-012784,FL-055576,Late Aircraft Arrival,75
DEL-012785,FL-055577,Weather,57
DEL-012786,FL-055578,Maintenance,57
DEL-012787,FL-055579,Late Aircraft Arrival,159
DEL-012788,FL-055583,Air Traffic Control,38
DEL-012789,FL-055592,Weather,32
DEL-012790,FL-055594,Late Aircraft Arrival,253
DEL-012791,FL-055595,Late Aircraft Arrival,16
DEL-012792,FL-055607,Weather,17
DEL-012793,FL-055609,Weather,58
DEL-012794,FL-055625,Air Traffic Control,34
DEL-012795,FL-055635,Late Aircraft Arrival,35
DEL-012796,FL-055637,Weather,20
DEL-012797,FL-055646,Air Traffic Control,40
DEL-012798,FL-055647,Weather,40
DEL-012799,FL-055651,Late Aircraft Arrival,161
DEL-012800,FL-055657,Weather,18
DEL-012801,FL-055659,Air Traffic Control,30
DEL-012802,FL-055671,Air Traffic Control,48
DEL-012803,FL-055673,Maintenance,98
DEL-012804,FL-055674,Air Traffic Control,27
DEL-012805,FL-055675,Weather,15
DEL-012806,FL-055683,Weather,18
DEL-012807,FL-055687,Air Traffic Control,27
DEL-012808,FL-055688,Air Traffic Control,20
DEL-012809,FL-055689,Late Aircraft Arrival,21
DEL-012810,FL-055692,Maintenance,24
DEL-012811,FL-055693,Late Aircraft Arrival,55
DEL-012812,FL-055695,Late Aircraft Arrival,37
DEL-012813,FL-055704,Air Traffic Control,29
DEL-012814,FL-055707,Late Aircraft Arrival,153
DEL-012815,FL-055708,Weather,80
DEL-012816,FL-055715,Air Traffic Control,135
DEL-012817,FL-055717,Security,49
DEL-012818,FL-055719,Weather,33
DEL-012819,FL-055722,Weather,27
DEL-012820,FL-055726,Air Traffic Control,40
DEL-012821,FL-055734,Air Traffic Control,37
DEL-012822,FL-055735,Air Traffic Control,18
DEL-012823,FL-055736,Maintenance,35
DEL-012824,FL-055749,Air Traffic Control,65
DEL-012825,FL-055756,Weather,42
DEL-012826,FL-055759,Air Traffic Control,77
DEL-012827,FL-055761,Maintenance,20
DEL-012828,FL-055764,Maintenance,26
DEL-012829,FL-055766,Air Traffic Control,77
DEL-012830,FL-055771,Security,50
DEL-012831,FL-055778,Air Traffic Control,83
DEL-012832,FL-055781,Weather,205
DEL-012833,FL-055782,Weather,45
DEL-012834,FL-055786,Maintenance,42
DEL-012835,FL-055787,Maintenance,37
DEL-012836,FL-055794,Air Traffic Control,15
DEL-012837,FL-055805,Air Traffic Control,15
DEL-012838,FL-055811,Late Aircraft Arrival,117
DEL-012839,FL-055812,Late Aircraft Arrival,36
DEL-012840,FL-055813,Weather,61
DEL-012841,FL-055815,Late Aircraft Arrival,22
DEL-012842,FL-055818,Maintenance,24
DEL-012843,FL-055828,Late Aircraft Arrival,29
DEL-012844,FL-055832,Maintenance,16
DEL-012845,FL-055835,Air Traffic Control,59
DEL-012846,FL-055842,Late Aircraft Arrival,16
DEL-012847,FL-055845,Maintenance,86
DEL-012848,FL-055847,Air Traffic Control,24
DEL-012849,FL-055850,Late Aircraft Arrival,63
DEL-012850,FL-055857,Air Traffic Control,38
DEL-012851,FL-055861,Air Traffic Control,33
DEL-012852,FL-055864,Late Aircraft Arrival,21
DEL-012853,FL-055865,Weather,19
DEL-012854,FL-055866,Air Traffic Control,28
DEL-012855,FL-055870,Air Traffic Control,53
DEL-012856,FL-055871,Maintenance,127
DEL-012857,FL-055879,Late Aircraft Arrival,28
DEL-012858,FL-055880,Air Traffic Control,25
DEL-012859,FL-055888,Security,50
DEL-012860,FL-055893,Maintenance,35
DEL-012861,FL-055894,Late Aircraft Arrival,29
DEL-012862,FL-055897,Late Aircraft Arrival,72
DEL-012863,FL-055900,Air Traffic Control,82
DEL-012864,FL-055907,Air Traffic Control,108
DEL-012865,FL-055910,Weather,34
DEL-012866,FL-055912,Late Aircraft Arrival,30
DEL-012867,FL-055914,Maintenance,107
DEL-012868,FL-055919,Air Traffic Control,73
DEL-012869,FL-055923,Air Traffic Control,51
DEL-012870,FL-055924,Maintenance,19
DEL-012871,FL-055933,Air Traffic Control,22
DEL-012872,FL-055936,Air Traffic Control,30
DEL-012873,FL-055938,Air Traffic Control,98
DEL-012874,FL-055943,Weather,38
DEL-012875,FL-055946,Maintenance,72
DEL-012876,FL-055949,Weather,56
DEL-012877,FL-055955,Air Traffic Control,27
DEL-012878,FL-055956,Weather,31
DEL-012879,FL-055959,Late Aircraft Arrival,32
DEL-012880,FL-055961,Maintenance,32
DEL-012881,FL-055967,Air Traffic Control,153
DEL-012882,FL-055971,Late Aircraft Arrival,56
DEL-012883,FL-055979,Air Traffic Control,40
DEL-012884,FL-055980,Late Aircraft Arrival,43
DEL-012885,FL-055986,Weather,116
DEL-012886,FL-055989,Air Traffic Control,52
DEL-012887,FL-055996,Weather,40
DEL-012888,FL-055997,Maintenance,32
DEL-012889,FL-055999,Weather,33
DEL-012890,FL-056006,Air Traffic Control,51
DEL-012891,FL-056011,Weather,17
DEL-012892,FL-056015,Air Traffic Control,15
DEL-012893,FL-056017,Maintenance,22
DEL-012894,FL-056027,Weather,48
DEL-012895,FL-056035,Air Traffic Control,15
DEL-012896,FL-056037,Maintenance,42
DEL-012897,FL-056040,Maintenance,53
DEL-012898,FL-056042,Air Traffic Control,84
DEL-012899,FL-056048,Weather,65
DEL-012900,FL-056049,Maintenance,19
DEL-012901,FL-056052,Weather,33
DEL-012902,FL-056053,Air Traffic Control,43
DEL-012903,FL-056054,Late Aircraft Arrival,39
DEL-012904,FL-056060,Late Aircraft Arrival,42
DEL-012905,FL-056061,Late Aircraft Arrival,34
DEL-012906,FL-056064,Late Aircraft Arrival,68
DEL-012907,FL-056075,Air Traffic Control,148
DEL-012908,FL-056076,Air Traffic Control,42
DEL-012909,FL-056078,Late Aircraft Arrival,75
DEL-012910,FL-056079,Maintenance,63
DEL-012911,FL-056082,Late Aircraft Arrival,30
DEL-012912,FL-056086,Maintenance,38
DEL-012913,FL-056093,Late Aircraft Arrival,76
DEL-012914,FL-056094,Air Traffic Control,17
DEL-012915,FL-056097,Air Traffic Control,93
DEL-012916,FL-056101,Air Traffic Control,52
DEL-012917,FL-056107,Weather,112
DEL-012918,FL-056109,Weather,25
DEL-012919,FL-056110,Maintenance,123
DEL-012920,FL-056111,Weather,87
DEL-012921,FL-056119,Maintenance,16
DEL-012922,FL-056128,Late Aircraft Arrival,97
DEL-012923,FL-056129,Air Traffic Control,190
DEL-012924,FL-056132,Air Traffic Control,101
DEL-012925,FL-056139,Air Traffic Control,53
DEL-012926,FL-056149,Weather,29
DEL-012927,FL-056150,Maintenance,15
DEL-012928,FL-056159,Air Traffic Control,16
DEL-012929,FL-056161,Weather,40
DEL-012930,FL-056164,Late Aircraft Arrival,19
DEL-012931,FL-056166,Air Traffic Control,22
DEL-012932,FL-056169,Weather,89
DEL-012933,FL-056170,Weather,16
DEL-012934,FL-056177,Late Aircraft Arrival,110
DEL-012935,FL-056179,Maintenance,30
DEL-012936,FL-056180,Maintenance,103
DEL-012937,FL-056181,Air Traffic Control,25
DEL-012938,FL-056187,Late Aircraft Arrival,91
DEL-012939,FL-056190,Weather,60
DEL-012940,FL-056191,Weather,20
DEL-012941,FL-056192,Weather,115
DEL-012942,FL-056198,Maintenance,115
DEL-012943,FL-056199,Late Aircraft Arrival,84
DEL-012944,FL-056200,Air Traffic Control,23
DEL-012945,FL-056201,Security,23
DEL-012946,FL-056222,Weather,15
DEL-012947,FL-056230,Maintenance,33
DEL-012948,FL-056233,Air Traffic Control,29
DEL-012949,FL-056237,Weather,33
DEL-012950,FL-056242,Security,28
DEL-012951,FL-056244,Air Traffic Control,31
DEL-012952,FL-056247,Security,16
DEL-012953,FL-056254,Weather,41
DEL-012954,FL-056256,Maintenance,45
DEL-012955,FL-056258,Late Aircraft Arrival,53
DEL-012956,FL-056260,Maintenance,51
DEL-012957,FL-056261,Weather,66
DEL-012958,FL-056262,Weather,19
DEL-012959,FL-056264,Late Aircraft Arrival,20
DEL-012960,FL-056273,Air Traffic Control,27
DEL-012961,FL-056276,Maintenance,67
DEL-012962,FL-056281,Late Aircraft Arrival,19
DEL-012963,FL-056286,Air Traffic Control,100
DEL-012964,FL-056297,Air Traffic Control,107
DEL-012965,FL-056304,Late Aircraft Arrival,34
DEL-012966,FL-056318,Air Traffic Control,114
DEL-012967,FL-056322,Late Aircraft Arrival,82
DEL-012968,FL-056323,Security,120
DEL-012969,FL-056327,Late Aircraft Arrival,35
DEL-012970,FL-056328,Maintenance,45
DEL-012971,FL-056336,Air Traffic Control,71
DEL-012972,FL-056338,Air Traffic Control,71
DEL-012973,FL-056339,Maintenance,31
DEL-012974,FL-056340,Maintenance,47
DEL-012975,FL-056343,Weather,92
DEL-012976,FL-056345,Weather,18
DEL-012977,FL-056347,Air Traffic Control,43
DEL-012978,FL-056348,Maintenance,67
DEL-012979,FL-056354,Late Aircraft Arrival,30
DEL-012980,FL-056358,Air Traffic Control,49
DEL-012981,FL-056361,Air Traffic Control,24
DEL-012982,FL-056362,Maintenance,19
DEL-012983,FL-056374,Air Traffic Control,39
DEL-012984,FL-056380,Weather,56
DEL-012985,FL-056386,Air Traffic Control,135
DEL-012986,FL-056397,Weather,53
DEL-012987,FL-056405,Air Traffic Control,162
DEL-012988,FL-056412,Maintenance,45
DEL-012989,FL-056414,Maintenance,21
DEL-012990,FL-056417,Maintenance,40
DEL-012991,FL-056420,Air Traffic Control,18
DEL-012992,FL-056425,Weather,31
DEL-012993,FL-056426,Security,69
DEL-012994,FL-056431,Air Traffic Control,34
DEL-012995,FL-056433,Maintenance,15
DEL-012996,FL-056447,Late Aircraft Arrival,110
DEL-012997,FL-056450,Weather,82
DEL-012998,FL-056451,Security,22
DEL-012999,FL-056453,Maintenance,33
DEL-013000,FL-056456,Maintenance,18
DEL-013001,FL-056462,Maintenance,185
DEL-013002,FL-056469,Security,16
DEL-013003,FL-056475,Weather,102
DEL-013004,FL-056481,Late Aircraft Arrival,65
DEL-013005,FL-056488,Late Aircraft Arrival,17
DEL-013006,FL-056501,Maintenance,37
DEL-013007,FL-056508,Air Traffic Control,29
DEL-013008,FL-056513,Late Aircraft Arrival,37
DEL-013009,FL-056521,Late Aircraft Arrival,16
DEL-013010,FL-056531,Late Aircraft Arrival,28
DEL-013011,FL-056532,Air Traffic Control,24
DEL-013012,FL-056536,Weather,33
DEL-013013,FL-056549,Air Traffic Control,40
DEL-013014,FL-056550,Air Traffic Control,93
DEL-013015,FL-056552,Late Aircraft Arrival,24
DEL-013016,FL-056553,Weather,74
DEL-013017,FL-056554,Maintenance,73
DEL-013018,FL-056559,Air Traffic Control,131
DEL-013019,FL-056562,Air Traffic Control,30
DEL-013020,FL-056571,Late Aircraft Arrival,66
DEL-013021,FL-056579,Maintenance,56
DEL-013022,FL-056584,Air Traffic Control,16
DEL-013023,FL-056586,Weather,40
DEL-013024,FL-056587,Weather,20
DEL-013025,FL-056595,Air Traffic Control,51
DEL-013026,FL-056603,Maintenance,60
DEL-013027,FL-056609,Weather,140
DEL-013028,FL-056610,Weather,15
DEL-013029,FL-056613,Security,58
DEL-013030,FL-056616,Air Traffic Control,39
DEL-013031,FL-056618,Air Traffic Control,67
DEL-013032,FL-056621,Maintenance,135
DEL-013033,FL-056625,Weather,42
DEL-013034,FL-056628,Late Aircraft Arrival,55
DEL-013035,FL-056631,Weather,19
DEL-013036,FL-056634,Weather,33
DEL-013037,FL-056640,Weather,21
DEL-013038,FL-056641,Late Aircraft Arrival,78
DEL-013039,FL-056656,Maintenance,164
DEL-013040,FL-056657,Air Traffic Control,31
DEL-013041,FL-056659,Air Traffic Control,26
DEL-013042,FL-056663,Air Traffic Control,57
DEL-013043,FL-056665,Weather,68
DEL-013044,FL-056690,Late Aircraft Arrival,29
DEL-013045,FL-056698,Weather,85
DEL-013046,FL-056704,Late Aircraft Arrival,51
DEL-013047,FL-056707,Weather,29
DEL-013048,FL-056709,Late Aircraft Arrival,74
DEL-013049,FL-056718,Air Traffic Control,63
DEL-013050,FL-056722,Weather,120
DEL-013051,FL-056724,Air Traffic Control,65
DEL-013052,FL-056729,Air Traffic Control,60
DEL-013053,FL-056730,Air Traffic Control,73
DEL-013054,FL-056741,Weather,18
DEL-013055,FL-056746,Air Traffic Control,27
DEL-013056,FL-056749,Late Aircraft Arrival,29
DEL-013057,FL-056750,Air Traffic Control,106
DEL-013058,FL-056759,Late Aircraft Arrival,20
DEL-013059,FL-056761,Weather,43
DEL-013060,FL-056769,Maintenance,27
DEL-013061,FL-056784,Weather,42
DEL-013062,FL-056790,Air Traffic Control,98
DEL-013063,FL-056796,Air Traffic Control,85
DEL-013064,FL-056797,Weather,35
DEL-013065,FL-056806,Weather,17
DEL-013066,FL-056811,Maintenance,66
DEL-013067,FL-056813,Air Traffic Control,263
DEL-013068,FL-056821,Weather,83
DEL-013069,FL-056826,Air Traffic Control,71
DEL-013070,FL-056830,Late Aircraft Arrival,46
DEL-013071,FL-056835,Weather,49
DEL-013072,FL-056837,Weather,116
DEL-013073,FL-056840,Maintenance,51
DEL-013074,FL-056842,Late Aircraft Arrival,80
DEL-013075,FL-056844,Late Aircraft Arrival,68
DEL-013076,FL-056845,Weather,50
DEL-013077,FL-056849,Air Traffic Control,41
DEL-013078,FL-056851,Air Traffic Control,15
DEL-013079,FL-056852,Weather,95
DEL-013080,FL-056853,Air Traffic Control,46
DEL-013081,FL-056857,Air Traffic Control,25
DEL-013082,FL-056869,Weather,116
DEL-013083,FL-056872,Weather,70
DEL-013084,FL-056877,Late Aircraft Arrival,63
DEL-013085,FL-056888,Maintenance,44
DEL-013086,FL-056889,Air Traffic Control,59
DEL-013087,FL-056894,Air Traffic Control,36
DEL-013088,FL-056896,Maintenance,80
DEL-013089,FL-056900,Air Traffic Control,62
DEL-013090,FL-056901,Maintenance,30
DEL-013091,FL-056906,Maintenance,20
DEL-013092,FL-056908,Air Traffic Control,37
DEL-013093,FL-056909,Weather,71
DEL-013094,FL-056912,Weather,54
DEL-013095,FL-056913,Late Aircraft Arrival,85
DEL-013096,FL-056914,Maintenance,216
DEL-013097,FL-056916,Weather,56
DEL-013098,FL-056924,Security,42
DEL-013099,FL-056932,Weather,57
DEL-013100,FL-056934,Air Traffic Control,23
DEL-013101,FL-056963,Maintenance,59
DEL-013102,FL-056965,Maintenance,26
DEL-013103,FL-056972,Late Aircraft Arrival,76
DEL-013104,FL-056980,Air Traffic Control,50
DEL-013105,FL-056983,Late Aircraft Arrival,63
DEL-013106,FL-056986,Air Traffic Control,17
DEL-013107,FL-056987,Air Traffic Control,151
DEL-013108,FL-056989,Maintenance,103
DEL-013109,FL-056993,Air Traffic Control,31
DEL-013110,FL-056997,Late Aircraft Arrival,36
DEL-013111,FL-057000,Maintenance,30
DEL-013112,FL-057013,Weather,24
DEL-013113,FL-057016,Late Aircraft Arrival,78
DEL-013114,FL-057020,Maintenance,23
DEL-013115,FL-057022,Air Traffic Control,81
DEL-013116,FL-057029,Air Traffic Control,106
DEL-013117,FL-057032,Weather,146
DEL-013118,FL-057035,Weather,278
DEL-013119,FL-057037,Maintenance,104
DEL-013120,FL-057038,Late Aircraft Arrival,21
DEL-013121,FL-057040,Air Traffic Control,41
DEL-013122,FL-057042,Weather,20
DEL-013123,FL-057044,Maintenance,22
DEL-013124,FL-057046,Maintenance,75
DEL-013125,FL-057054,Weather,81
DEL-013126,FL-057066,Late Aircraft Arrival,15
DEL-013127,FL-057067,Late Aircraft Arrival,45
DEL-013128,FL-057079,Weather,41
DEL-013129,FL-057080,Maintenance,82
DEL-013130,FL-057082,Air Traffic Control,138
DEL-013131,FL-057084,Late Aircraft Arrival,15
DEL-013132,FL-057095,Security,79
DEL-013133,FL-057096,Air Traffic Control,60
DEL-013134,FL-057100,Air Traffic Control,20
DEL-013135,FL-057101,Air Traffic Control,55
DEL-013136,FL-057107,Air Traffic Control,88
DEL-013137,FL-057113,Late Aircraft Arrival,89
DEL-013138,FL-057114,Air Traffic Control,29
DEL-013139,FL-057115,Air Traffic Control,24
DEL-013140,FL-057116,Air Traffic Control,141
DEL-013141,FL-057117,Weather,33
DEL-013142,FL-057121,Air Traffic Control,111
DEL-013143,FL-057123,Weather,54
DEL-013144,FL-057124,Maintenance,16
DEL-013145,FL-057126,Maintenance,59
DEL-013146,FL-057132,Air Traffic Control,74
DEL-013147,FL-057135,Weather,154
DEL-013148,FL-057139,Late Aircraft Arrival,18
DEL-013149,FL-057141,Late Aircraft Arrival,81
DEL-013150,FL-057144,Air Traffic Control,107
DEL-013151,FL-057150,Weather,49
DEL-013152,FL-057152,Late Aircraft Arrival,66
DEL-013153,FL-057176,Air Traffic Control,20
DEL-013154,FL-057178,Air Traffic Control,62
DEL-013155,FL-057179,Maintenance,23
DEL-013156,FL-057180,Weather,62
DEL-013157,FL-057181,Air Traffic Control,33
DEL-013158,FL-057182,Air Traffic Control,177
DEL-013159,FL-057187,Late Aircraft Arrival,52
DEL-013160,FL-057189,Weather,72
DEL-013161,FL-057191,Air Traffic Control,15
DEL-013162,FL-057193,Late Aircraft Arrival,22
DEL-013163,FL-057195,Maintenance,54
DEL-013164,FL-057202,Late Aircraft Arrival,82
DEL-013165,FL-057206,Weather,19
DEL-013166,FL-057214,Air Traffic Control,22
DEL-013167,FL-057216,Security,32
DEL-013168,FL-057226,Security,54
DEL-013169,FL-057229,Maintenance,50
DEL-013170,FL-057234,Maintenance,47
DEL-013171,FL-057238,Security,33
DEL-013172,FL-057239,Security,26
DEL-013173,FL-057244,Air Traffic Control,23
DEL-013174,FL-057248,Security,103
DEL-013175,FL-057257,Maintenance,45
DEL-013176,FL-057259,Maintenance,68
DEL-013177,FL-057260,Maintenance,38
DEL-013178,FL-057263,Maintenance,69
DEL-013179,FL-057270,Air Traffic Control,25
DEL-013180,FL-057272,Weather,118
DEL-013181,FL-057281,Air Traffic Control,26
DEL-013182,FL-057285,Weather,20
DEL-013183,FL-057288,Late Aircraft Arrival,48
DEL-013184,FL-057294,Weather,27
DEL-013185,FL-057298,Maintenance,15
DEL-013186,FL-057300,Weather,67
DEL-013187,FL-057304,Air Traffic Control,76
DEL-013188,FL-057311,Weather,17
DEL-013189,FL-057315,Late Aircraft Arrival,20
DEL-013190,FL-057327,Weather,33
DEL-013191,FL-057333,Late Aircraft Arrival,70
DEL-013192,FL-057335,Maintenance,46
DEL-013193,FL-057341,Weather,41
DEL-013194,FL-057344,Late Aircraft Arrival,60
DEL-013195,FL-057347,Weather,66
DEL-013196,FL-057357,Weather,32
DEL-013197,FL-057359,Air Traffic Control,27
DEL-013198,FL-057360,Weather,15
DEL-013199,FL-057363,Weather,22
DEL-013200,FL-057367,Air Traffic Control,40
DEL-013201,FL-057377,Security,48
DEL-013202,FL-057384,Air Traffic Control,37
DEL-013203,FL-057391,Weather,53
DEL-013204,FL-057394,Air Traffic Control,29
DEL-013205,FL-057398,Air Traffic Control,47
DEL-013206,FL-057399,Air Traffic Control,63
DEL-013207,FL-057405,Maintenance,30
DEL-013208,FL-057408,Weather,23
DEL-013209,FL-057409,Late Aircraft Arrival,67
DEL-013210,FL-057413,Weather,125
DEL-013211,FL-057415,Maintenance,29
DEL-013212,FL-057420,Maintenance,130
DEL-013213,FL-057423,Weather,36
DEL-013214,FL-057431,Maintenance,96
DEL-013215,FL-057432,Air Traffic Control,221
DEL-013216,FL-057433,Air Traffic Control,108
DEL-013217,FL-057435,Air Traffic Control,72
DEL-013218,FL-057443,Air Traffic Control,75
DEL-013219,FL-057444,Weather,15
DEL-013220,FL-057445,Air Traffic Control,65
DEL-013221,FL-057458,Weather,34
DEL-013222,FL-057459,Air Traffic Control,17
DEL-013223,FL-057465,Security,93
DEL-013224,FL-057467,Weather,77
DEL-013225,FL-057468,Weather,51
DEL-013226,FL-057472,Air Traffic Control,46
DEL-013227,FL-057481,Maintenance,25
DEL-013228,FL-057483,Weather,58
DEL-013229,FL-057488,Security,21
DEL-013230,FL-057489,Air Traffic Control,70
DEL-013231,FL-057493,Weather,110
DEL-013232,FL-057495,Air Traffic Control,92
DEL-013233,FL-057496,Air Traffic Control,157
DEL-013234,FL-057504,Security,20
DEL-013235,FL-057511,Weather,17
DEL-013236,FL-057515,Air Traffic Control,41
DEL-013237,FL-057521,Weather,68
DEL-013238,FL-057530,Security,44
DEL-013239,FL-057543,Air Traffic Control,50
DEL-013240,FL-057563,Late Aircraft Arrival,21
DEL-013241,FL-057566,Security,45
DEL-013242,FL-057568,Air Traffic Control,30
DEL-013243,FL-057571,Late Aircraft Arrival,71
DEL-013244,FL-057578,Air Traffic Control,54
DEL-013245,FL-057588,Weather,65
DEL-013246,FL-057591,Maintenance,26
DEL-013247,FL-057593,Weather,36
DEL-013248,FL-057599,Weather,50
DEL-013249,FL-057601,Late Aircraft Arrival,15
DEL-013250,FL-057606,Weather,90
DEL-013251,FL-057607,Maintenance,18
DEL-013252,FL-057608,Late Aircraft Arrival,20
DEL-013253,FL-057610,Maintenance,44
DEL-013254,FL-057611,Security,54
DEL-013255,FL-057617,Security,36
DEL-013256,FL-057647,Weather,90
DEL-013257,FL-057652,Maintenance,39
DEL-013258,FL-057653,Maintenance,17
DEL-013259,FL-057657,Maintenance,59
DEL-013260,FL-057658,Maintenance,57
DEL-013261,FL-057660,Maintenance,78
DEL-013262,FL-057666,Maintenance,66
DEL-013263,FL-057668,Maintenance,37
DEL-013264,FL-057673,Late Aircraft Arrival,89
DEL-013265,FL-057677,Late Aircraft Arrival,111
DEL-013266,FL-057688,Weather,105
DEL-013267,FL-057690,Air Traffic Control,93
DEL-013268,FL-057691,Maintenance,143
DEL-013269,FL-057699,Maintenance,22
DEL-013270,FL-057700,Air Traffic Control,42
DEL-013271,FL-057711,Weather,24
DEL-013272,FL-057713,Weather,34
DEL-013273,FL-057717,Weather,41
DEL-013274,FL-057721,Air Traffic Control,28
DEL-013275,FL-057724,Maintenance,97
DEL-013276,FL-057725,Maintenance,35
DEL-013277,FL-057728,Security,133
DEL-013278,FL-057729,Late Aircraft Arrival,28
DEL-013279,FL-057748,Air Traffic Control,59
DEL-013280,FL-057751,Air Traffic Control,90
DEL-013281,FL-057752,Weather,153
DEL-013282,FL-057755,Air Traffic Control,72
DEL-013283,FL-057759,Late Aircraft Arrival,34
DEL-013284,FL-057771,Air Traffic Control,160
DEL-013285,FL-057777,Maintenance,40
DEL-013286,FL-057778,Air Traffic Control,28
DEL-013287,FL-057784,Late Aircraft Arrival,44
DEL-013288,FL-057792,Maintenance,25
DEL-013289,FL-057808,Late Aircraft Arrival,15
DEL-013290,FL-057809,Air Traffic Control,103
DEL-013291,FL-057816,Late Aircraft Arrival,60
DEL-013292,FL-057818,Weather,57
DEL-013293,FL-057830,Late Aircraft Arrival,21
DEL-013294,FL-057843,Air Traffic Control,34
DEL-013295,FL-057848,Air Traffic Control,40
DEL-013296,FL-057851,Weather,85
DEL-013297,FL-057855,Air Traffic Control,86
DEL-013298,FL-057857,Maintenance,41
DEL-013299,FL-057861,Air Traffic Control,21
DEL-013300,FL-057863,Air Traffic Control,19
DEL-013301,FL-057864,Late Aircraft Arrival,24
DEL-013302,FL-057866,Air Traffic Control,15
DEL-013303,FL-057869,Maintenance,180
DEL-013304,FL-057870,Maintenance,20
DEL-013305,FL-057873,Air Traffic Control,278
DEL-013306,FL-057879,Maintenance,25
DEL-013307,FL-057885,Air Traffic Control,31
DEL-013308,FL-057886,Maintenance,121
DEL-013309,FL-057888,Security,32
DEL-013310,FL-057889,Late Aircraft Arrival,41
DEL-013311,FL-057898,Maintenance,20
DEL-013312,FL-057910,Weather,31
DEL-013313,FL-057915,Late Aircraft Arrival,76
DEL-013314,FL-057917,Maintenance,52
DEL-013315,FL-057918,Air Traffic Control,64
DEL-013316,FL-057922,Weather,23
DEL-013317,FL-057926,Weather,113
DEL-013318,FL-057933,Air Traffic Control,94
DEL-013319,FL-057947,Air Traffic Control,36
DEL-013320,FL-057950,Late Aircraft Arrival,22
DEL-013321,FL-057955,Maintenance,109
DEL-013322,FL-057956,Maintenance,17
DEL-013323,FL-057960,Late Aircraft Arrival,68
DEL-013324,FL-057962,Air Traffic Control,77
DEL-013325,FL-057965,Late Aircraft Arrival,52
DEL-013326,FL-057973,Maintenance,47
DEL-013327,FL-057975,Weather,221
DEL-013328,FL-057979,Air Traffic Control,204
DEL-013329,FL-057982,Weather,112
DEL-013330,FL-057984,Air Traffic Control,70
DEL-013331,FL-057996,Weather,27
DEL-013332,FL-057997,Maintenance,38
DEL-013333,FL-057999,Maintenance,103
DEL-013334,FL-058000,Maintenance,15
DEL-013335,FL-058006,Weather,152
DEL-013336,FL-058008,Air Traffic Control,76
DEL-013337,FL-058013,Late Aircraft Arrival,88
DEL-013338,FL-058015,Air Traffic Control,16
DEL-013339,FL-058018,Late Aircraft Arrival,94
DEL-013340,FL-058019,Air Traffic Control,93
DEL-013341,FL-058021,Maintenance,79
DEL-013342,FL-058031,Maintenance,53
DEL-013343,FL-058037,Late Aircraft Arrival,25
DEL-013344,FL-058040,Air Traffic Control,79
DEL-013345,FL-058043,Maintenance,80
DEL-013346,FL-058044,Late Aircraft Arrival,42
DEL-013347,FL-058045,Air Traffic Control,72
DEL-013348,FL-058047,Weather,38
DEL-013349,FL-058049,Maintenance,20
DEL-013350,FL-058060,Maintenance,25
DEL-013351,FL-058065,Air Traffic Control,22
DEL-013352,FL-058066,Weather,36
DEL-013353,FL-058075,Air Traffic Control,53
DEL-013354,FL-058078,Air Traffic Control,41
DEL-013355,FL-058084,Late Aircraft Arrival,52
DEL-013356,FL-058088,Air Traffic Control,94
DEL-013357,FL-058096,Maintenance,84
DEL-013358,FL-058098,Air Traffic Control,75
DEL-013359,FL-058102,Air Traffic Control,70
DEL-013360,FL-058103,Late Aircraft Arrival,42
DEL-013361,FL-058111,Weather,34
DEL-013362,FL-058123,Air Traffic Control,75
DEL-013363,FL-058125,Weather,68
DEL-013364,FL-058138,Weather,51
DEL-013365,FL-058141,Late Aircraft Arrival,32
DEL-013366,FL-058144,Security,134
DEL-013367,FL-058149,Air Traffic Control,77
DEL-013368,FL-058163,Late Aircraft Arrival,15
DEL-013369,FL-058170,Weather,19
DEL-013370,FL-058173,Maintenance,61
DEL-013371,FL-058181,Weather,60
DEL-013372,FL-058193,Air Traffic Control,44
DEL-013373,FL-058194,Maintenance,196
DEL-013374,FL-058197,Weather,28
DEL-013375,FL-058201,Late Aircraft Arrival,119
DEL-013376,FL-058202,Late Aircraft Arrival,75
DEL-013377,FL-058205,Maintenance,39
DEL-013378,FL-058216,Weather,84
DEL-013379,FL-058217,Late Aircraft Arrival,77
DEL-013380,FL-058221,Weather,38
DEL-013381,FL-058225,Late Aircraft Arrival,17
DEL-013382,FL-058228,Air Traffic Control,152
DEL-013383,FL-058238,Weather,44
DEL-013384,FL-058240,Security,32
DEL-013385,FL-058241,Air Traffic Control,69
DEL-013386,FL-058250,Late Aircraft Arrival,20
DEL-013387,FL-058260,Air Traffic Control,26
DEL-013388,FL-058261,Late Aircraft Arrival,132
DEL-013389,FL-058267,Security,26
DEL-013390,FL-058270,Air Traffic Control,77
DEL-013391,FL-058271,Weather,175
DEL-013392,FL-058274,Late Aircraft Arrival,38
DEL-013393,FL-058284,Late Aircraft Arrival,42
DEL-013394,FL-058288,Maintenance,56
DEL-013395,FL-058292,Late Aircraft Arrival,45
DEL-013396,FL-058294,Weather,36
DEL-013397,FL-058295,Air Traffic Control,123
DEL-013398,FL-058301,Weather,329
DEL-013399,FL-058305,Maintenance,23
DEL-013400,FL-058306,Weather,54
DEL-013401,FL-058307,Weather,51
DEL-013402,FL-058309,Air Traffic Control,26
DEL-013403,FL-058311,Air Traffic Control,80
DEL-013404,FL-058313,Late Aircraft Arrival,121
DEL-013405,FL-058315,Weather,116
DEL-013406,FL-058322,Late Aircraft Arrival,23
DEL-013407,FL-058324,Weather,74
DEL-013408,FL-058337,Air Traffic Control,87
DEL-013409,FL-058344,Air Traffic Control,93
DEL-013410,FL-058345,Air Traffic Control,31
DEL-013411,FL-058348,Security,25
DEL-013412,FL-058358,Maintenance,25
DEL-013413,FL-058372,Weather,202
DEL-013414,FL-058373,Maintenance,51
DEL-013415,FL-058379,Air Traffic Control,94
DEL-013416,FL-058383,Air Traffic Control,65
DEL-013417,FL-058385,Air Traffic Control,149
DEL-013418,FL-058387,Maintenance,147
DEL-013419,FL-058389,Weather,25
DEL-013420,FL-058395,Late Aircraft Arrival,43
DEL-013421,FL-058396,Weather,170
DEL-013422,FL-058400,Late Aircraft Arrival,114
DEL-013423,FL-058402,Air Traffic Control,104
DEL-013424,FL-058405,Air Traffic Control,35
DEL-013425,FL-058413,Maintenance,138
DEL-013426,FL-058415,Air Traffic Control,77
DEL-013427,FL-058416,Weather,21
DEL-013428,FL-058424,Weather,51
DEL-013429,FL-058427,Air Traffic Control,31
DEL-013430,FL-058435,Late Aircraft Arrival,139
DEL-013431,FL-058447,Weather,168
DEL-013432,FL-058448,Weather,97
DEL-013433,FL-058449,Maintenance,27
DEL-013434,FL-058453,Maintenance,18
DEL-013435,FL-058457,Weather,18
DEL-013436,FL-058458,Air Traffic Control,44
DEL-013437,FL-058460,Air Traffic Control,78
DEL-013438,FL-058464,Weather,62
DEL-013439,FL-058470,Late Aircraft Arrival,47
DEL-013440,FL-058474,Maintenance,194
DEL-013441,FL-058479,Weather,35
DEL-013442,FL-058482,Maintenance,24
DEL-013443,FL-058486,Late Aircraft Arrival,26
DEL-013444,FL-058491,Late Aircraft Arrival,21
DEL-013445,FL-058492,Weather,29
DEL-013446,FL-058493,Air Traffic Control,239
DEL-013447,FL-058494,Late Aircraft Arrival,24
DEL-013448,FL-058501,Late Aircraft Arrival,42
DEL-013449,FL-058511,Weather,140
DEL-013450,FL-058515,Maintenance,28
DEL-013451,FL-058519,Weather,280
DEL-013452,FL-058523,Maintenance,20
DEL-013453,FL-058546,Maintenance,20
DEL-013454,FL-058548,Maintenance,76
DEL-013455,FL-058549,Late Aircraft Arrival,41
DEL-013456,FL-058552,Late Aircraft Arrival,28
DEL-013457,FL-058558,Weather,156
DEL-013458,FL-058559,Weather,32
DEL-013459,FL-058564,Maintenance,51
DEL-013460,FL-058572,Weather,35
DEL-013461,FL-058581,Weather,19
DEL-013462,FL-058584,Air Traffic Control,57
DEL-013463,FL-058589,Air Traffic Control,41
DEL-013464,FL-058591,Air Traffic Control,21
DEL-013465,FL-058598,Air Traffic Control,73
DEL-013466,FL-058599,Late Aircraft Arrival,78
DEL-013467,FL-058605,Maintenance,15
DEL-013468,FL-058606,Weather,40
DEL-013469,FL-058607,Maintenance,18
DEL-013470,FL-058611,Air Traffic Control,20
DEL-013471,FL-058612,Maintenance,30
DEL-013472,FL-058617,Security,19
DEL-013473,FL-058630,Maintenance,86
DEL-013474,FL-058631,Security,68
DEL-013475,FL-058634,Weather,41
DEL-013476,FL-058640,Maintenance,20
DEL-013477,FL-058646,Maintenance,81
DEL-013478,FL-058653,Weather,27
DEL-013479,FL-058662,Maintenance,120
DEL-013480,FL-058670,Maintenance,39
DEL-013481,FL-058672,Late Aircraft Arrival,141
DEL-013482,FL-058680,Air Traffic Control,20
DEL-013483,FL-058681,Weather,67
DEL-013484,FL-058684,Maintenance,59
DEL-013485,FL-058686,Air Traffic Control,52
DEL-013486,FL-058691,Late Aircraft Arrival,39
DEL-013487,FL-058695,Air Traffic Control,78
DEL-013488,FL-058696,Maintenance,75
DEL-013489,FL-058698,Security,79
DEL-013490,FL-058702,Air Traffic Control,24
DEL-013491,FL-058703,Security,44
DEL-013492,FL-058705,Air Traffic Control,48
DEL-013493,FL-058707,Late Aircraft Arrival,65
DEL-013494,FL-058711,Maintenance,48
DEL-013495,FL-058717,Weather,50
DEL-013496,FL-058718,Air Traffic Control,37
DEL-013497,FL-058731,Weather,25
DEL-013498,FL-058735,Late Aircraft Arrival,54
DEL-013499,FL-058736,Maintenance,23
DEL-013500,FL-058739,Maintenance,64
DEL-013501,FL-058747,Air Traffic Control,24
DEL-013502,FL-058749,Maintenance,15
DEL-013503,FL-058756,Air Traffic Control,41
DEL-013504,FL-058764,Weather,50
DEL-013505,FL-058779,Air Traffic Control,69
DEL-013506,FL-058784,Maintenance,48
DEL-013507,FL-058789,Air Traffic Control,31
DEL-013508,FL-058792,Air Traffic Control,75
DEL-013509,FL-058795,Air Traffic Control,23
DEL-013510,FL-058796,Air Traffic Control,25
DEL-013511,FL-058797,Air Traffic Control,121
DEL-013512,FL-058801,Late Aircraft Arrival,50
DEL-013513,FL-058802,Late Aircraft Arrival,15
DEL-013514,FL-058804,Air Traffic Control,18
DEL-013515,FL-058809,Weather,27
DEL-013516,FL-058812,Maintenance,97
DEL-013517,FL-058815,Weather,81
DEL-013518,FL-058818,Late Aircraft Arrival,57
DEL-013519,FL-058819,Weather,19
DEL-013520,FL-058822,Maintenance,84
DEL-013521,FL-058824,Air Traffic Control,33
DEL-013522,FL-058833,Maintenance,28
DEL-013523,FL-058839,Maintenance,25
DEL-013524,FL-058844,Weather,37
DEL-013525,FL-058850,Late Aircraft Arrival,24
DEL-013526,FL-058867,Weather,24
DEL-013527,FL-058887,Weather,51
DEL-013528,FL-058890,Security,81
DEL-013529,FL-058891,Maintenance,121
DEL-013530,FL-058894,Weather,79
DEL-013531,FL-058899,Late Aircraft Arrival,158
DEL-013532,FL-058903,Late Aircraft Arrival,35
DEL-013533,FL-058905,Weather,41
DEL-013534,FL-058911,Weather,25
DEL-013535,FL-058912,Maintenance,30
DEL-013536,FL-058914,Air Traffic Control,32
DEL-013537,FL-058925,Late Aircraft Arrival,26
DEL-013538,FL-058926,Maintenance,63
DEL-013539,FL-058928,Air Traffic Control,70
DEL-013540,FL-058940,Maintenance,20
DEL-013541,FL-058941,Weather,28
DEL-013542,FL-058942,Late Aircraft Arrival,55
DEL-013543,FL-058944,Air Traffic Control,66
DEL-013544,FL-058946,Maintenance,158
DEL-013545,FL-058947,Weather,64
DEL-013546,FL-058963,Weather,69
DEL-013547,FL-058964,Air Traffic Control,130
DEL-013548,FL-058967,Air Traffic Control,61
DEL-013549,FL-058968,Weather,36
DEL-013550,FL-058972,Late Aircraft Arrival,66
DEL-013551,FL-058979,Air Traffic Control,19
DEL-013552,FL-058982,Late Aircraft Arrival,22
DEL-013553,FL-058988,Late Aircraft Arrival,49
DEL-013554,FL-058999,Weather,134
DEL-013555,FL-059000,Air Traffic Control,152
DEL-013556,FL-059013,Maintenance,38
DEL-013557,FL-059014,Weather,23
DEL-013558,FL-059016,Weather,342
DEL-013559,FL-059026,Weather,105
DEL-013560,FL-059029,Air Traffic Control,75
DEL-013561,FL-059030,Maintenance,34
DEL-013562,FL-059033,Weather,65
DEL-013563,FL-059037,Late Aircraft Arrival,86
DEL-013564,FL-059040,Weather,132
DEL-013565,FL-059042,Weather,94
DEL-013566,FL-059056,Maintenance,29
DEL-013567,FL-059059,Weather,106
DEL-013568,FL-059067,Weather,16
DEL-013569,FL-059068,Late Aircraft Arrival,40
DEL-013570,FL-059069,Air Traffic Control,44
DEL-013571,FL-059070,Weather,115
DEL-013572,FL-059072,Air Traffic Control,56
DEL-013573,FL-059074,Security,53
DEL-013574,FL-059079,Air Traffic Control,93
DEL-013575,FL-059080,Late Aircraft Arrival,41
DEL-013576,FL-059081,Air Traffic Control,78
DEL-013577,FL-059088,Late Aircraft Arrival,58
DEL-013578,FL-059092,Air Traffic Control,89
DEL-013579,FL-059095,Maintenance,72
DEL-013580,FL-059097,Maintenance,15
DEL-013581,FL-059104,Maintenance,72
DEL-013582,FL-059108,Weather,22
DEL-013583,FL-059112,Security,24
DEL-013584,FL-059118,Late Aircraft Arrival,44
DEL-013585,FL-059124,Air Traffic Control,16
DEL-013586,FL-059126,Weather,18
DEL-013587,FL-059129,Air Traffic Control,16
DEL-013588,FL-059139,Maintenance,76
DEL-013589,FL-059143,Air Traffic Control,17
DEL-013590,FL-059145,Weather,77
DEL-013591,FL-059152,Maintenance,18
DEL-013592,FL-059156,Late Aircraft Arrival,39
DEL-013593,FL-059159,Late Aircraft Arrival,66
DEL-013594,FL-059161,Late Aircraft Arrival,17
DEL-013595,FL-059162,Air Traffic Control,52
DEL-013596,FL-059163,Late Aircraft Arrival,69
DEL-013597,FL-059165,Late Aircraft Arrival,148
DEL-013598,FL-059168,Air Traffic Control,127
DEL-013599,FL-059172,Air Traffic Control,144
DEL-013600,FL-059173,Weather,69
DEL-013601,FL-059177,Weather,28
DEL-013602,FL-059180,Late Aircraft Arrival,81
DEL-013603,FL-059184,Maintenance,35
DEL-013604,FL-059189,Late Aircraft Arrival,50
DEL-013605,FL-059191,Air Traffic Control,89
DEL-013606,FL-059195,Air Traffic Control,56
DEL-013607,FL-059197,Late Aircraft Arrival,36
DEL-013608,FL-059199,Weather,38
DEL-013609,FL-059201,Maintenance,98
DEL-013610,FL-059202,Late Aircraft Arrival,53
DEL-013611,FL-059204,Weather,65
DEL-013612,FL-059206,Maintenance,103
DEL-013613,FL-059214,Air Traffic Control,31
DEL-013614,FL-059222,Air Traffic Control,19
DEL-013615,FL-059223,Late Aircraft Arrival,52
DEL-013616,FL-059227,Weather,119
DEL-013617,FL-059230,Maintenance,50
DEL-013618,FL-059240,Late Aircraft Arrival,18
DEL-013619,FL-059241,Air Traffic Control,29
DEL-013620,FL-059249,Air Traffic Control,35
DEL-013621,FL-059253,Air Traffic Control,37
DEL-013622,FL-059260,Weather,74
DEL-013623,FL-059261,Late Aircraft Arrival,70
DEL-013624,FL-059275,Security,25
DEL-013625,FL-059280,Late Aircraft Arrival,22
DEL-013626,FL-059281,Maintenance,128
DEL-013627,FL-059283,Late Aircraft Arrival,69
DEL-013628,FL-059285,Air Traffic Control,15
DEL-013629,FL-059287,Weather,20
DEL-013630,FL-059294,Weather,202
DEL-013631,FL-059295,Air Traffic Control,35
DEL-013632,FL-059297,Weather,38
DEL-013633,FL-059298,Weather,209
DEL-013634,FL-059300,Weather,42
DEL-013635,FL-059302,Weather,16
DEL-013636,FL-059308,Late Aircraft Arrival,30
DEL-013637,FL-059320,Weather,20
DEL-013638,FL-059321,Air Traffic Control,29
DEL-013639,FL-059323,Air Traffic Control,20
DEL-013640,FL-059329,Air Traffic Control,15
DEL-013641,FL-059332,Late Aircraft Arrival,18
DEL-013642,FL-059333,Maintenance,48
DEL-013643,FL-059336,Weather,50
DEL-013644,FL-059343,Late Aircraft Arrival,131
DEL-013645,FL-059348,Security,108
DEL-013646,FL-059352,Air Traffic Control,82
DEL-013647,FL-059353,Late Aircraft Arrival,30
DEL-013648,FL-059356,Weather,38
DEL-013649,FL-059388,Late Aircraft Arrival,22
DEL-013650,FL-059394,Air Traffic Control,96
DEL-013651,FL-059400,Maintenance,39
DEL-013652,FL-059404,Maintenance,20
DEL-013653,FL-059405,Weather,35
DEL-013654,FL-059406,Late Aircraft Arrival,36
DEL-013655,FL-059411,Late Aircraft Arrival,122
DEL-013656,FL-059415,Late Aircraft Arrival,67
DEL-013657,FL-059417,Air Traffic Control,77
DEL-013658,FL-059419,Weather,72
DEL-013659,FL-059422,Weather,62
DEL-013660,FL-059423,Air Traffic Control,76
DEL-013661,FL-059425,Air Traffic Control,46
DEL-013662,FL-059430,Weather,32
DEL-013663,FL-059431,Security,94
DEL-013664,FL-059442,Maintenance,66
DEL-013665,FL-059444,Weather,62
DEL-013666,FL-059453,Security,90
DEL-013667,FL-059455,Security,23
DEL-013668,FL-059469,Weather,48
DEL-013669,FL-059472,Late Aircraft Arrival,73
DEL-013670,FL-059475,Weather,42
DEL-013671,FL-059476,Air Traffic Control,255
DEL-013672,FL-059484,Maintenance,25
DEL-013673,FL-059487,Late Aircraft Arrival,121
DEL-013674,FL-059490,Security,57
DEL-013675,FL-059491,Air Traffic Control,29
DEL-013676,FL-059495,Weather,161
DEL-013677,FL-059501,Air Traffic Control,56
DEL-013678,FL-059507,Weather,154
DEL-013679,FL-059511,Air Traffic Control,32
DEL-013680,FL-059512,Weather,45
DEL-013681,FL-059513,Late Aircraft Arrival,45
DEL-013682,FL-059516,Weather,50
DEL-013683,FL-059530,Air Traffic Control,202
DEL-013684,FL-059533,Air Traffic Control,82
DEL-013685,FL-059537,Air Traffic Control,73
DEL-013686,FL-059542,Air Traffic Control,169
DEL-013687,FL-059544,Weather,33
DEL-013688,FL-059547,Air Traffic Control,291
DEL-013689,FL-059549,Late Aircraft Arrival,23
DEL-013690,FL-059557,Maintenance,20
DEL-013691,FL-059558,Late Aircraft Arrival,32
DEL-013692,FL-059561,Weather,61
DEL-013693,FL-059572,Maintenance,152
DEL-013694,FL-059574,Air Traffic Control,66
DEL-013695,FL-059578,Air Traffic Control,42
DEL-013696,FL-059585,Maintenance,48
DEL-013697,FL-059586,Air Traffic Control,26
DEL-013698,FL-059589,Air Traffic Control,58
DEL-013699,FL-059590,Weather,47
DEL-013700,FL-059593,Air Traffic Control,116
DEL-013701,FL-059599,Weather,65
DEL-013702,FL-059603,Weather,75
DEL-013703,FL-059605,Air Traffic Control,26
DEL-013704,FL-059607,Late Aircraft Arrival,42
DEL-013705,FL-059611,Late Aircraft Arrival,19
DEL-013706,FL-059617,Air Traffic Control,42
DEL-013707,FL-059619,Weather,75
DEL-013708,FL-059622,Late Aircraft Arrival,29
DEL-013709,FL-059623,Late Aircraft Arrival,66
DEL-013710,FL-059633,Air Traffic Control,114
DEL-013711,FL-059636,Maintenance,18
DEL-013712,FL-059639,Security,106
DEL-013713,FL-059642,Air Traffic Control,41
DEL-013714,FL-059644,Air Traffic Control,83
DEL-013715,FL-059662,Weather,15
DEL-013716,FL-059665,Maintenance,17
DEL-013717,FL-059666,Air Traffic Control,17
DEL-013718,FL-059669,Security,32
DEL-013719,FL-059670,Weather,41
DEL-013720,FL-059671,Weather,72
DEL-013721,FL-059672,Air Traffic Control,89
DEL-013722,FL-059691,Late Aircraft Arrival,77
DEL-013723,FL-059693,Late Aircraft Arrival,22
DEL-013724,FL-059698,Late Aircraft Arrival,24
DEL-013725,FL-059704,Weather,19
DEL-013726,FL-059713,Air Traffic Control,71
DEL-013727,FL-059748,Late Aircraft Arrival,108
DEL-013728,FL-059750,Air Traffic Control,16
DEL-013729,FL-059760,Weather,137
DEL-013730,FL-059761,Air Traffic Control,47
DEL-013731,FL-059763,Weather,29
DEL-013732,FL-059768,Air Traffic Control,65
DEL-013733,FL-059772,Maintenance,35
DEL-013734,FL-059779,Weather,58
DEL-013735,FL-059780,Late Aircraft Arrival,55
DEL-013736,FL-059783,Late Aircraft Arrival,142
DEL-013737,FL-059788,Air Traffic Control,67
DEL-013738,FL-059789,Maintenance,38
DEL-013739,FL-059790,Air Traffic Control,20
DEL-013740,FL-059796,Weather,22
DEL-013741,FL-059799,Maintenance,38
DEL-013742,FL-059800,Maintenance,89
DEL-013743,FL-059805,Air Traffic Control,71
DEL-013744,FL-059808,Maintenance,28
DEL-013745,FL-059819,Maintenance,35
DEL-013746,FL-059822,Air Traffic Control,30
DEL-013747,FL-059824,Maintenance,144
DEL-013748,FL-059825,Late Aircraft Arrival,63
DEL-013749,FL-059826,Security,140
DEL-013750,FL-059827,Air Traffic Control,48
DEL-013751,FL-059838,Maintenance,16
DEL-013752,FL-059854,Late Aircraft Arrival,28
DEL-013753,FL-059859,Air Traffic Control,79
DEL-013754,FL-059862,Weather,177
DEL-013755,FL-059863,Maintenance,48
DEL-013756,FL-059868,Weather,27
DEL-013757,FL-059874,Maintenance,58
DEL-013758,FL-059878,Air Traffic Control,55
DEL-013759,FL-059880,Late Aircraft Arrival,31
DEL-013760,FL-059882,Late Aircraft Arrival,16
DEL-013761,FL-059889,Security,42
DEL-013762,FL-059894,Security,115
DEL-013763,FL-059905,Late Aircraft Arrival,37
DEL-013764,FL-059906,Security,27
DEL-013765,FL-059908,Late Aircraft Arrival,85
DEL-013766,FL-059916,Weather,18
DEL-013767,FL-059919,Maintenance,16
DEL-013768,FL-059921,Late Aircraft Arrival,23
DEL-013769,FL-059929,Late Aircraft Arrival,119
DEL-013770,FL-059933,Late Aircraft Arrival,67
DEL-013771,FL-059938,Weather,32
DEL-013772,FL-059939,Late Aircraft Arrival,40
DEL-013773,FL-059941,Weather,26
DEL-013774,FL-059946,Weather,37
DEL-013775,FL-059947,Air Traffic Control,130
DEL-013776,FL-059949,Air Traffic Control,34
DEL-013777,FL-059950,Weather,91
DEL-013778,FL-059953,Late Aircraft Arrival,85
DEL-013779,FL-059954,Air Traffic Control,19
DEL-013780,FL-059955,Late Aircraft Arrival,65
DEL-013781,FL-059956,Maintenance,18
DEL-013782,FL-059959,Weather,18
DEL-013783,FL-059962,Air Traffic Control,171
DEL-013784,FL-059964,Air Traffic Control,48
DEL-013785,FL-059969,Late Aircraft Arrival,48
DEL-013786,FL-059971,Weather,27
DEL-013787,FL-059976,Weather,57
DEL-013788,FL-059991,Late Aircraft Arrival,41
DEL-013789,FL-059992,Weather,78
DEL-013790,FL-059995,Late Aircraft Arrival,22
DEL-013791,FL-060006,Maintenance,16
DEL-013792,FL-060011,Maintenance,102
DEL-013793,FL-060012,Late Aircraft Arrival,142
DEL-013794,FL-060013,Weather,40
DEL-013795,FL-060015,Security,42
DEL-013796,FL-060018,Security,17
DEL-013797,FL-060023,Air Traffic Control,73
DEL-013798,FL-060030,Late Aircraft Arrival,34
DEL-013799,FL-060031,Weather,47
DEL-013800,FL-060042,Air Traffic Control,31
DEL-013801,FL-060043,Air Traffic Control,120
DEL-013802,FL-060044,Weather,18
DEL-013803,FL-060049,Late Aircraft Arrival,18
DEL-013804,FL-060051,Air Traffic Control,62
DEL-013805,FL-060058,Late Aircraft Arrival,175
DEL-013806,FL-060059,Air Traffic Control,142
DEL-013807,FL-060062,Air Traffic Control,38
DEL-013808,FL-060067,Air Traffic Control,146
DEL-013809,FL-060069,Air Traffic Control,75
DEL-013810,FL-060071,Maintenance,19
DEL-013811,FL-060079,Late Aircraft Arrival,35
DEL-013812,FL-060082,Air Traffic Control,40
DEL-013813,FL-060110,Weather,41
DEL-013814,FL-060114,Air Traffic Control,39
DEL-013815,FL-060115,Air Traffic Control,71
DEL-013816,FL-060119,Weather,39
DEL-013817,FL-060123,Air Traffic Control,27
DEL-013818,FL-060128,Air Traffic Control,30
DEL-013819,FL-060129,Weather,31
DEL-013820,FL-060134,Weather,150
DEL-013821,FL-060146,Weather,188
DEL-013822,FL-060154,Air Traffic Control,26
DEL-013823,FL-060155,Air Traffic Control,60
DEL-013824,FL-060160,Air Traffic Control,82
DEL-013825,FL-060162,Weather,81
DEL-013826,FL-060165,Maintenance,58
DEL-013827,FL-060167,Air Traffic Control,60
DEL-013828,FL-060170,Weather,21
DEL-013829,FL-060171,Air Traffic Control,56
DEL-013830,FL-060173,Air Traffic Control,19
DEL-013831,FL-060180,Maintenance,87
DEL-013832,FL-060181,Air Traffic Control,50
DEL-013833,FL-060188,Air Traffic Control,237
DEL-013834,FL-060189,Air Traffic Control,26
DEL-013835,FL-060196,Late Aircraft Arrival,17
DEL-013836,FL-060200,Late Aircraft Arrival,24
DEL-013837,FL-060205,Late Aircraft Arrival,45
DEL-013838,FL-060209,Maintenance,59
DEL-013839,FL-060210,Maintenance,79
DEL-013840,FL-060213,Maintenance,43
DEL-013841,FL-060217,Security,33
DEL-013842,FL-060220,Late Aircraft Arrival,69
DEL-013843,FL-060227,Weather,17
DEL-013844,FL-060229,Late Aircraft Arrival,53
DEL-013845,FL-060235,Maintenance,78
DEL-013846,FL-060238,Maintenance,58
DEL-013847,FL-060239,Maintenance,213
DEL-013848,FL-060245,Late Aircraft Arrival,73
DEL-013849,FL-060247,Weather,110
DEL-013850,FL-060248,Weather,71
DEL-013851,FL-060253,Maintenance,33
DEL-013852,FL-060254,Maintenance,37
DEL-013853,FL-060259,Late Aircraft Arrival,90
DEL-013854,FL-060260,Maintenance,54
DEL-013855,FL-060262,Maintenance,32
DEL-013856,FL-060276,Weather,17
DEL-013857,FL-060279,Weather,34
DEL-013858,FL-060283,Weather,16
DEL-013859,FL-060288,Weather,16
DEL-013860,FL-060293,Air Traffic Control,23
DEL-013861,FL-060295,Security,25
DEL-013862,FL-060297,Security,20
DEL-013863,FL-060299,Maintenance,23
DEL-013864,FL-060301,Air Traffic Control,45
DEL-013865,FL-060309,Maintenance,15
DEL-013866,FL-060312,Air Traffic Control,83
DEL-013867,FL-060317,Air Traffic Control,60
DEL-013868,FL-060323,Late Aircraft Arrival,57
DEL-013869,FL-060326,Maintenance,35
DEL-013870,FL-060328,Air Traffic Control,180
DEL-013871,FL-060330,Late Aircraft Arrival,25
DEL-013872,FL-060337,Weather,50
DEL-013873,FL-060345,Maintenance,79
DEL-013874,FL-060346,Air Traffic Control,40
DEL-013875,FL-060353,Weather,71
DEL-013876,FL-060354,Security,23
DEL-013877,FL-060358,Maintenance,49
DEL-013878,FL-060359,Late Aircraft Arrival,62
DEL-013879,FL-060360,Air Traffic Control,18
DEL-013880,FL-060366,Weather,26
DEL-013881,FL-060367,Late Aircraft Arrival,116
DEL-013882,FL-060377,Late Aircraft Arrival,112
DEL-013883,FL-060384,Air Traffic Control,36
DEL-013884,FL-060385,Maintenance,30
DEL-013885,FL-060389,Late Aircraft Arrival,36
DEL-013886,FL-060393,Air Traffic Control,118
DEL-013887,FL-060396,Weather,23
DEL-013888,FL-060399,Maintenance,20
DEL-013889,FL-060401,Maintenance,114
DEL-013890,FL-060405,Air Traffic Control,81
DEL-013891,FL-060407,Air Traffic Control,36
DEL-013892,FL-060411,Weather,72
DEL-013893,FL-060414,Late Aircraft Arrival,19
DEL-013894,FL-060423,Air Traffic Control,19
DEL-013895,FL-060424,Air Traffic Control,16
DEL-013896,FL-060426,Weather,266
DEL-013897,FL-060435,Weather,64
DEL-013898,FL-060437,Air Traffic Control,30
DEL-013899,FL-060449,Weather,17
DEL-013900,FL-060450,Late Aircraft Arrival,39
DEL-013901,FL-060454,Maintenance,36
DEL-013902,FL-060461,Maintenance,105
DEL-013903,FL-060462,Weather,55
DEL-013904,FL-060464,Maintenance,38
DEL-013905,FL-060465,Security,172
DEL-013906,FL-060466,Maintenance,71
DEL-013907,FL-060469,Security,91
DEL-013908,FL-060477,Weather,55
DEL-013909,FL-060481,Air Traffic Control,17
DEL-013910,FL-060482,Weather,79
DEL-013911,FL-060489,Maintenance,122
DEL-013912,FL-060490,Maintenance,37
DEL-013913,FL-060492,Air Traffic Control,99
DEL-013914,FL-060493,Late Aircraft Arrival,33
DEL-013915,FL-060494,Air Traffic Control,16
DEL-013916,FL-060499,Weather,26
DEL-013917,FL-060502,Weather,30
DEL-013918,FL-060509,Air Traffic Control,44
DEL-013919,FL-060516,Maintenance,105
DEL-013920,FL-060540,Maintenance,109
DEL-013921,FL-060541,Maintenance,79
DEL-013922,FL-060542,Weather,97
DEL-013923,FL-060547,Weather,31
DEL-013924,FL-060558,Air Traffic Control,48
DEL-013925,FL-060559,Late Aircraft Arrival,67
DEL-013926,FL-060580,Air Traffic Control,47
DEL-013927,FL-060581,Weather,66
DEL-013928,FL-060588,Air Traffic Control,26
DEL-013929,FL-060597,Weather,109
DEL-013930,FL-060599,Air Traffic Control,48
DEL-013931,FL-060600,Maintenance,40
DEL-013932,FL-060609,Weather,21
DEL-013933,FL-060611,Late Aircraft Arrival,119
DEL-013934,FL-060625,Late Aircraft Arrival,42
DEL-013935,FL-060634,Weather,17
DEL-013936,FL-060636,Late Aircraft Arrival,34
DEL-013937,FL-060647,Security,88
DEL-013938,FL-060655,Maintenance,67
DEL-013939,FL-060660,Maintenance,118
DEL-013940,FL-060661,Maintenance,30
DEL-013941,FL-060662,Air Traffic Control,45
DEL-013942,FL-060664,Maintenance,27
DEL-013943,FL-060667,Security,18
DEL-013944,FL-060668,Weather,83
DEL-013945,FL-060678,Late Aircraft Arrival,22
DEL-013946,FL-060684,Weather,106
DEL-013947,FL-060687,Air Traffic Control,47
DEL-013948,FL-060695,Late Aircraft Arrival,35
DEL-013949,FL-060696,Air Traffic Control,65
DEL-013950,FL-060700,Late Aircraft Arrival,95
DEL-013951,FL-060705,Late Aircraft Arrival,24
DEL-013952,FL-060708,Weather,31
DEL-013953,FL-060712,Air Traffic Control,89
DEL-013954,FL-060718,Late Aircraft Arrival,159
DEL-013955,FL-060722,Maintenance,56
DEL-013956,FL-060729,Weather,190
DEL-013957,FL-060736,Late Aircraft Arrival,15
DEL-013958,FL-060739,Late Aircraft Arrival,76
DEL-013959,FL-060742,Weather,22
DEL-013960,FL-060746,Late Aircraft Arrival,46
DEL-013961,FL-060747,Maintenance,124
DEL-013962,FL-060752,Air Traffic Control,27
DEL-013963,FL-060756,Weather,101
DEL-013964,FL-060761,Air Traffic Control,19
DEL-013965,FL-060776,Maintenance,15
DEL-013966,FL-060779,Weather,87
DEL-013967,FL-060792,Maintenance,117
DEL-013968,FL-060796,Air Traffic Control,23
DEL-013969,FL-060801,Security,220
DEL-013970,FL-060803,Air Traffic Control,84
DEL-013971,FL-060812,Air Traffic Control,33
DEL-013972,FL-060818,Weather,161
DEL-013973,FL-060819,Air Traffic Control,40
DEL-013974,FL-060824,Maintenance,77
DEL-013975,FL-060834,Maintenance,39
DEL-013976,FL-060839,Air Traffic Control,32
DEL-013977,FL-060842,Air Traffic Control,51
DEL-013978,FL-060860,Late Aircraft Arrival,28
DEL-013979,FL-060864,Security,59
DEL-013980,FL-060866,Air Traffic Control,35
DEL-013981,FL-060872,Air Traffic Control,86
DEL-013982,FL-060873,Weather,58
DEL-013983,FL-060885,Late Aircraft Arrival,29
DEL-013984,FL-060887,Air Traffic Control,143
DEL-013985,FL-060890,Air Traffic Control,17
DEL-013986,FL-060893,Weather,63
DEL-013987,FL-060907,Weather,33
DEL-013988,FL-060910,Late Aircraft Arrival,48
DEL-013989,FL-060911,Late Aircraft Arrival,27
DEL-013990,FL-060912,Air Traffic Control,59
DEL-013991,FL-060914,Maintenance,23
DEL-013992,FL-060918,Security,40
DEL-013993,FL-060921,Maintenance,55
DEL-013994,FL-060923,Weather,51
DEL-013995,FL-060943,Weather,18
DEL-013996,FL-060946,Late Aircraft Arrival,79
DEL-013997,FL-060954,Air Traffic Control,23
DEL-013998,FL-060957,Late Aircraft Arrival,54
DEL-013999,FL-060959,Air Traffic Control,104
DEL-014000,FL-060965,Late Aircraft Arrival,21
DEL-014001,FL-060966,Weather,32
DEL-014002,FL-060969,Air Traffic Control,54
DEL-014003,FL-060972,Maintenance,20
DEL-014004,FL-060975,Maintenance,64
DEL-014005,FL-060979,Maintenance,38
DEL-014006,FL-060982,Weather,26
DEL-014007,FL-060984,Maintenance,32
DEL-014008,FL-060985,Air Traffic Control,114
DEL-014009,FL-060987,Maintenance,44
DEL-014010,FL-060989,Maintenance,36
DEL-014011,FL-060991,Security,102
DEL-014012,FL-061000,Late Aircraft Arrival,22
DEL-014013,FL-061001,Late Aircraft Arrival,112
DEL-014014,FL-061014,Maintenance,50
DEL-014015,FL-061017,Air Traffic Control,25
DEL-014016,FL-061018,Weather,54
DEL-014017,FL-061019,Weather,85
DEL-014018,FL-061020,Late Aircraft Arrival,18
DEL-014019,FL-061030,Air Traffic Control,104
DEL-014020,FL-061036,Weather,45
DEL-014021,FL-061039,Air Traffic Control,66
DEL-014022,FL-061040,Air Traffic Control,35
DEL-014023,FL-061041,Late Aircraft Arrival,45
DEL-014024,FL-061049,Air Traffic Control,17
DEL-014025,FL-061057,Air Traffic Control,133
DEL-014026,FL-061061,Maintenance,129
DEL-014027,FL-061064,Maintenance,41
DEL-014028,FL-061067,Weather,60
DEL-014029,FL-061071,Air Traffic Control,328
DEL-014030,FL-061078,Late Aircraft Arrival,95
DEL-014031,FL-061082,Air Traffic Control,39
DEL-014032,FL-061089,Air Traffic Control,97
DEL-014033,FL-061094,Weather,38
DEL-014034,FL-061096,Weather,26
DEL-014035,FL-061097,Air Traffic Control,57
DEL-014036,FL-061099,Air Traffic Control,39
DEL-014037,FL-061100,Late Aircraft Arrival,44
DEL-014038,FL-061101,Air Traffic Control,67
DEL-014039,FL-061116,Late Aircraft Arrival,28
DEL-014040,FL-061118,Air Traffic Control,93
DEL-014041,FL-061121,Late Aircraft Arrival,72
DEL-014042,FL-061127,Air Traffic Control,64
DEL-014043,FL-061131,Weather,15
DEL-014044,FL-061133,Maintenance,172
DEL-014045,FL-061137,Late Aircraft Arrival,97
DEL-014046,FL-061138,Air Traffic Control,72
DEL-014047,FL-061141,Air Traffic Control,38
DEL-014048,FL-061142,Weather,42
DEL-014049,FL-061147,Late Aircraft Arrival,55
DEL-014050,FL-061148,Late Aircraft Arrival,17
DEL-014051,FL-061166,Maintenance,42
DEL-014052,FL-061168,Air Traffic Control,17
DEL-014053,FL-061169,Late Aircraft Arrival,30
DEL-014054,FL-061170,Late Aircraft Arrival,54
DEL-014055,FL-061172,Weather,39
DEL-014056,FL-061176,Weather,75
DEL-014057,FL-061179,Weather,16
DEL-014058,FL-061181,Weather,18
DEL-014059,FL-061182,Maintenance,164
DEL-014060,FL-061184,Air Traffic Control,53
DEL-014061,FL-061188,Late Aircraft Arrival,81
DEL-014062,FL-061191,Weather,50
DEL-014063,FL-061193,Air Traffic Control,22
DEL-014064,FL-061203,Air Traffic Control,93
DEL-014065,FL-061207,Maintenance,79
DEL-014066,FL-061210,Late Aircraft Arrival,52
DEL-014067,FL-061213,Weather,83
DEL-014068,FL-061225,Maintenance,17
DEL-014069,FL-061231,Air Traffic Control,42
DEL-014070,FL-061234,Air Traffic Control,44
DEL-014071,FL-061243,Maintenance,205
DEL-014072,FL-061245,Weather,30
DEL-014073,FL-061247,Air Traffic Control,132
DEL-014074,FL-061250,Maintenance,18
DEL-014075,FL-061257,Weather,55
DEL-014076,FL-061259,Weather,53
DEL-014077,FL-061271,Air Traffic Control,17
DEL-014078,FL-061277,Maintenance,37
DEL-014079,FL-061279,Air Traffic Control,202
DEL-014080,FL-061281,Late Aircraft Arrival,15
DEL-014081,FL-061287,Air Traffic Control,49
DEL-014082,FL-061288,Late Aircraft Arrival,32
DEL-014083,FL-061298,Maintenance,32
DEL-014084,FL-061300,Air Traffic Control,15
DEL-014085,FL-061311,Late Aircraft Arrival,50
DEL-014086,FL-061312,Weather,49
DEL-014087,FL-061315,Air Traffic Control,23
DEL-014088,FL-061317,Air Traffic Control,43
DEL-014089,FL-061318,Air Traffic Control,39
DEL-014090,FL-061319,Late Aircraft Arrival,24
DEL-014091,FL-061322,Weather,30
DEL-014092,FL-061323,Maintenance,58
DEL-014093,FL-061325,Air Traffic Control,59
DEL-014094,FL-061337,Maintenance,45
DEL-014095,FL-061338,Weather,111
DEL-014096,FL-061345,Air Traffic Control,276
DEL-014097,FL-061347,Weather,24
DEL-014098,FL-061352,Weather,38
DEL-014099,FL-061357,Maintenance,19
DEL-014100,FL-061358,Weather,22
DEL-014101,FL-061359,Air Traffic Control,72
DEL-014102,FL-061360,Air Traffic Control,43
DEL-014103,FL-061362,Maintenance,21
DEL-014104,FL-061363,Maintenance,17
DEL-014105,FL-061365,Weather,88
DEL-014106,FL-061370,Weather,65
DEL-014107,FL-061374,Weather,57
DEL-014108,FL-061383,Air Traffic Control,55
DEL-014109,FL-061388,Late Aircraft Arrival,134
DEL-014110,FL-061389,Late Aircraft Arrival,89
DEL-014111,FL-061390,Air Traffic Control,30
DEL-014112,FL-061392,Late Aircraft Arrival,65
DEL-014113,FL-061394,Weather,39
DEL-014114,FL-061395,Air Traffic Control,107
DEL-014115,FL-061398,Air Traffic Control,52
DEL-014116,FL-061400,Maintenance,18
DEL-014117,FL-061401,Weather,243
DEL-014118,FL-061403,Air Traffic Control,70
DEL-014119,FL-061406,Maintenance,76
DEL-014120,FL-061411,Air Traffic Control,96
DEL-014121,FL-061415,Weather,90
DEL-014122,FL-061418,Maintenance,97
DEL-014123,FL-061424,Air Traffic Control,27
DEL-014124,FL-061430,Security,39
DEL-014125,FL-061438,Late Aircraft Arrival,19
DEL-014126,FL-061439,Air Traffic Control,19
DEL-014127,FL-061441,Weather,91
DEL-014128,FL-061444,Maintenance,70
DEL-014129,FL-061446,Weather,90
DEL-014130,FL-061450,Weather,47
DEL-014131,FL-061456,Weather,59
DEL-014132,FL-061457,Late Aircraft Arrival,125
DEL-014133,FL-061459,Maintenance,65
DEL-014134,FL-061469,Late Aircraft Arrival,78
DEL-014135,FL-061484,Air Traffic Control,49
DEL-014136,FL-061489,Air Traffic Control,16
DEL-014137,FL-061492,Late Aircraft Arrival,15
DEL-014138,FL-061495,Air Traffic Control,98
DEL-014139,FL-061501,Security,107
DEL-014140,FL-061505,Air Traffic Control,37
DEL-014141,FL-061507,Late Aircraft Arrival,37
DEL-014142,FL-061509,Late Aircraft Arrival,24
DEL-014143,FL-061510,Late Aircraft Arrival,21
DEL-014144,FL-061514,Late Aircraft Arrival,19
DEL-014145,FL-061515,Air Traffic Control,123
DEL-014146,FL-061516,Air Traffic Control,64
DEL-014147,FL-061524,Weather,76
DEL-014148,FL-061526,Weather,123
DEL-014149,FL-061534,Air Traffic Control,15
DEL-014150,FL-061540,Air Traffic Control,53
DEL-014151,FL-061547,Security,17
DEL-014152,FL-061552,Air Traffic Control,100
DEL-014153,FL-061554,Maintenance,198
DEL-014154,FL-061556,Air Traffic Control,38
DEL-014155,FL-061560,Weather,16
DEL-014156,FL-061563,Maintenance,31
DEL-014157,FL-061564,Air Traffic Control,54
DEL-014158,FL-061569,Air Traffic Control,22
DEL-014159,FL-061571,Weather,30
DEL-014160,FL-061574,Air Traffic Control,18
DEL-014161,FL-061575,Late Aircraft Arrival,17
DEL-014162,FL-061577,Late Aircraft Arrival,44
DEL-014163,FL-061591,Weather,37
DEL-014164,FL-061613,Air Traffic Control,69
DEL-014165,FL-061615,Maintenance,25
DEL-014166,FL-061616,Air Traffic Control,161
DEL-014167,FL-061617,Air Traffic Control,27
DEL-014168,FL-061625,Air Traffic Control,78
DEL-014169,FL-061629,Late Aircraft Arrival,128
DEL-014170,FL-061639,Air Traffic Control,93
DEL-014171,FL-061642,Late Aircraft Arrival,38
DEL-014172,FL-061643,Maintenance,41
DEL-014173,FL-061648,Maintenance,31
DEL-014174,FL-061664,Air Traffic Control,19
DEL-014175,FL-061667,Security,270
DEL-014176,FL-061668,Weather,45
DEL-014177,FL-061683,Late Aircraft Arrival,34
DEL-014178,FL-061684,Maintenance,15
DEL-014179,FL-061685,Maintenance,58
DEL-014180,FL-061690,Air Traffic Control,100
DEL-014181,FL-061696,Weather,69
DEL-014182,FL-061699,Weather,86
DEL-014183,FL-061701,Security,146
DEL-014184,FL-061703,Maintenance,137
DEL-014185,FL-061713,Late Aircraft Arrival,88
DEL-014186,FL-061716,Maintenance,15
DEL-014187,FL-061722,Maintenance,48
DEL-014188,FL-061729,Late Aircraft Arrival,46
DEL-014189,FL-061730,Air Traffic Control,20
DEL-014190,FL-061731,Weather,140
DEL-014191,FL-061732,Weather,17
DEL-014192,FL-061736,Weather,49
DEL-014193,FL-061738,Air Traffic Control,125
DEL-014194,FL-061740,Maintenance,24
DEL-014195,FL-061741,Late Aircraft Arrival,22
DEL-014196,FL-061756,Air Traffic Control,35
DEL-014197,FL-061758,Air Traffic Control,32
DEL-014198,FL-061764,Air Traffic Control,94
DEL-014199,FL-061767,Air Traffic Control,23
DEL-014200,FL-061783,Maintenance,32
DEL-014201,FL-061788,Late Aircraft Arrival,96
DEL-014202,FL-061789,Weather,30
DEL-014203,FL-061798,Weather,101
DEL-014204,FL-061824,Late Aircraft Arrival,40
DEL-014205,FL-061826,Maintenance,37
DEL-014206,FL-061830,Weather,135
DEL-014207,FL-061832,Weather,35
DEL-014208,FL-061837,Late Aircraft Arrival,34
DEL-014209,FL-061846,Weather,50
DEL-014210,FL-061852,Air Traffic Control,32
DEL-014211,FL-061857,Weather,46
DEL-014212,FL-061859,Late Aircraft Arrival,44
DEL-014213,FL-061864,Air Traffic Control,179
DEL-014214,FL-061877,Air Traffic Control,51
DEL-014215,FL-061895,Weather,59
DEL-014216,FL-061906,Weather,34
DEL-014217,FL-061908,Weather,19
DEL-014218,FL-061910,Maintenance,20
DEL-014219,FL-061915,Maintenance,114
DEL-014220,FL-061924,Maintenance,19
DEL-014221,FL-061931,Weather,160
DEL-014222,FL-061932,Maintenance,28
DEL-014223,FL-061940,Maintenance,73
DEL-014224,FL-061943,Weather,82
DEL-014225,FL-061947,Late Aircraft Arrival,91
DEL-014226,FL-061948,Maintenance,36
DEL-014227,FL-061950,Air Traffic Control,83
DEL-014228,FL-061952,Weather,106
DEL-014229,FL-061963,Weather,15
DEL-014230,FL-061965,Weather,45
DEL-014231,FL-061966,Late Aircraft Arrival,68
DEL-014232,FL-061969,Weather,65
DEL-014233,FL-061970,Maintenance,135
DEL-014234,FL-061975,Maintenance,25
DEL-014235,FL-061976,Security,155
DEL-014236,FL-061982,Weather,37
DEL-014237,FL-061987,Weather,69
DEL-014238,FL-061991,Air Traffic Control,51
DEL-014239,FL-061999,Maintenance,115
DEL-014240,FL-062001,Weather,46
DEL-014241,FL-062003,Air Traffic Control,40
DEL-014242,FL-062005,Weather,199
DEL-014243,FL-062006,Air Traffic Control,46
DEL-014244,FL-062009,Air Traffic Control,73
DEL-014245,FL-062023,Late Aircraft Arrival,24
DEL-014246,FL-062024,Maintenance,29
DEL-014247,FL-062026,Maintenance,30
DEL-014248,FL-062027,Weather,18
DEL-014249,FL-062028,Maintenance,78
DEL-014250,FL-062030,Late Aircraft Arrival,58
DEL-014251,FL-062036,Maintenance,22
DEL-014252,FL-062040,Air Traffic Control,80
DEL-014253,FL-062046,Air Traffic Control,41
DEL-014254,FL-062051,Air Traffic Control,51
DEL-014255,FL-062055,Air Traffic Control,69
DEL-014256,FL-062058,Late Aircraft Arrival,21
DEL-014257,FL-062062,Air Traffic Control,49
DEL-014258,FL-062067,Air Traffic Control,235
DEL-014259,FL-062068,Late Aircraft Arrival,53
DEL-014260,FL-062070,Weather,15
DEL-014261,FL-062073,Weather,188
DEL-014262,FL-062074,Maintenance,38
DEL-014263,FL-062077,Late Aircraft Arrival,131
DEL-014264,FL-062080,Late Aircraft Arrival,42
DEL-014265,FL-062081,Maintenance,44
DEL-014266,FL-062084,Weather,102
DEL-014267,FL-062091,Late Aircraft Arrival,92
DEL-014268,FL-062099,Air Traffic Control,220
DEL-014269,FL-062101,Air Traffic Control,29
DEL-014270,FL-062106,Maintenance,38
DEL-014271,FL-062111,Weather,17
DEL-014272,FL-062122,Weather,68
DEL-014273,FL-062123,Late Aircraft Arrival,120
DEL-014274,FL-062126,Late Aircraft Arrival,110
DEL-014275,FL-062137,Weather,16
DEL-014276,FL-062153,Maintenance,48
DEL-014277,FL-062157,Air Traffic Control,38
DEL-014278,FL-062160,Air Traffic Control,231
DEL-014279,FL-062164,Late Aircraft Arrival,110
DEL-014280,FL-062166,Air Traffic Control,57
DEL-014281,FL-062178,Late Aircraft Arrival,26
DEL-014282,FL-062180,Weather,85
DEL-014283,FL-062181,Maintenance,28
DEL-014284,FL-062183,Air Traffic Control,37
DEL-014285,FL-062184,Weather,63
DEL-014286,FL-062188,Weather,106
DEL-014287,FL-062189,Air Traffic Control,61
DEL-014288,FL-062193,Maintenance,18
DEL-014289,FL-062196,Weather,127
DEL-014290,FL-062197,Late Aircraft Arrival,159
DEL-014291,FL-062202,Air Traffic Control,66
DEL-014292,FL-062216,Maintenance,51
DEL-014293,FL-062219,Air Traffic Control,58
DEL-014294,FL-062228,Air Traffic Control,22
DEL-014295,FL-062233,Weather,92
DEL-014296,FL-062236,Weather,158
DEL-014297,FL-062237,Air Traffic Control,122
DEL-014298,FL-062239,Weather,92
DEL-014299,FL-062242,Weather,31
DEL-014300,FL-062243,Late Aircraft Arrival,66
DEL-014301,FL-062244,Maintenance,52
DEL-014302,FL-062247,Weather,32
DEL-014303,FL-062268,Weather,30
DEL-014304,FL-062276,Air Traffic Control,46
DEL-014305,FL-062280,Maintenance,53
DEL-014306,FL-062281,Air Traffic Control,32
DEL-014307,FL-062282,Maintenance,37
DEL-014308,FL-062285,Air Traffic Control,45
DEL-014309,FL-062287,Late Aircraft Arrival,37
DEL-014310,FL-062314,Weather,79
DEL-014311,FL-062315,Late Aircraft Arrival,101
DEL-014312,FL-062317,Weather,47
DEL-014313,FL-062328,Late Aircraft Arrival,58
DEL-014314,FL-062334,Air Traffic Control,75
DEL-014315,FL-062337,Security,56
DEL-014316,FL-062338,Late Aircraft Arrival,29
DEL-014317,FL-062339,Late Aircraft Arrival,54
DEL-014318,FL-062340,Maintenance,50
DEL-014319,FL-062350,Air Traffic Control,53
DEL-014320,FL-062353,Air Traffic Control,25
DEL-014321,FL-062354,Maintenance,170
DEL-014322,FL-062356,Weather,15
DEL-014323,FL-062361,Weather,25
DEL-014324,FL-062362,Maintenance,29
DEL-014325,FL-062368,Weather,83
DEL-014326,FL-062371,Air Traffic Control,26
DEL-014327,FL-062376,Maintenance,23
DEL-014328,FL-062389,Weather,44
DEL-014329,FL-062390,Weather,43
DEL-014330,FL-062394,Maintenance,39
DEL-014331,FL-062399,Maintenance,21
DEL-014332,FL-062402,Air Traffic Control,79
DEL-014333,FL-062414,Air Traffic Control,159
DEL-014334,FL-062417,Air Traffic Control,94
DEL-014335,FL-062420,Air Traffic Control,50
DEL-014336,FL-062432,Weather,16
DEL-014337,FL-062442,Maintenance,32
DEL-014338,FL-062450,Weather,25
DEL-014339,FL-062456,Weather,67
DEL-014340,FL-062459,Maintenance,16
DEL-014341,FL-062460,Late Aircraft Arrival,54
DEL-014342,FL-062468,Air Traffic Control,97
DEL-014343,FL-062473,Air Traffic Control,26
DEL-014344,FL-062477,Late Aircraft Arrival,72
DEL-014345,FL-062480,Late Aircraft Arrival,37
DEL-014346,FL-062482,Late Aircraft Arrival,139
DEL-014347,FL-062487,Maintenance,25
DEL-014348,FL-062494,Maintenance,89
DEL-014349,FL-062495,Weather,101
DEL-014350,FL-062497,Security,15
DEL-014351,FL-062499,Air Traffic Control,50
DEL-014352,FL-062504,Air Traffic Control,37
DEL-014353,FL-062505,Weather,89
DEL-014354,FL-062506,Maintenance,99
DEL-014355,FL-062508,Late Aircraft Arrival,54
DEL-014356,FL-062510,Late Aircraft Arrival,26
DEL-014357,FL-062514,Air Traffic Control,29
DEL-014358,FL-062521,Weather,47
DEL-014359,FL-062522,Maintenance,106
DEL-014360,FL-062523,Maintenance,151
DEL-014361,FL-062524,Air Traffic Control,61
DEL-014362,FL-062532,Weather,45
DEL-014363,FL-062534,Air Traffic Control,39
DEL-014364,FL-062543,Late Aircraft Arrival,39
DEL-014365,FL-062544,Weather,83
DEL-014366,FL-062545,Late Aircraft Arrival,84
DEL-014367,FL-062546,Maintenance,42
DEL-014368,FL-062550,Late Aircraft Arrival,89
DEL-014369,FL-062554,Maintenance,87
DEL-014370,FL-062556,Maintenance,23
DEL-014371,FL-062558,Maintenance,18
DEL-014372,FL-062559,Weather,102
DEL-014373,FL-062560,Late Aircraft Arrival,118
DEL-014374,FL-062561,Maintenance,128
DEL-014375,FL-062564,Weather,219
DEL-014376,FL-062568,Maintenance,108
DEL-014377,FL-062569,Air Traffic Control,132
DEL-014378,FL-062571,Maintenance,35
DEL-014379,FL-062578,Air Traffic Control,62
DEL-014380,FL-062579,Late Aircraft Arrival,23
DEL-014381,FL-062583,Maintenance,61
DEL-014382,FL-062592,Maintenance,174
DEL-014383,FL-062595,Air Traffic Control,20
DEL-014384,FL-062603,Late Aircraft Arrival,235
DEL-014385,FL-062609,Weather,17
DEL-014386,FL-062611,Weather,63
DEL-014387,FL-062614,Weather,18
DEL-014388,FL-062619,Air Traffic Control,21
DEL-014389,FL-062622,Air Traffic Control,41
DEL-014390,FL-062624,Air Traffic Control,26
DEL-014391,FL-062633,Weather,62
DEL-014392,FL-062635,Weather,84
DEL-014393,FL-062641,Maintenance,50
DEL-014394,FL-062647,Security,32
DEL-014395,FL-062648,Weather,84
DEL-014396,FL-062655,Late Aircraft Arrival,84
DEL-014397,FL-062661,Late Aircraft Arrival,16
DEL-014398,FL-062666,Weather,33
DEL-014399,FL-062671,Air Traffic Control,52
DEL-014400,FL-062675,Maintenance,79
DEL-014401,FL-062678,Air Traffic Control,30
DEL-014402,FL-062680,Air Traffic Control,71
DEL-014403,FL-062687,Maintenance,16
DEL-014404,FL-062693,Air Traffic Control,19
DEL-014405,FL-062698,Maintenance,56
DEL-014406,FL-062699,Weather,146
DEL-014407,FL-062700,Air Traffic Control,26
DEL-014408,FL-062702,Weather,25
DEL-014409,FL-062705,Late Aircraft Arrival,81
DEL-014410,FL-062712,Weather,17
DEL-014411,FL-062715,Security,51
DEL-014412,FL-062717,Weather,64
DEL-014413,FL-062718,Air Traffic Control,22
DEL-014414,FL-062719,Late Aircraft Arrival,37
DEL-014415,FL-062720,Maintenance,22
DEL-014416,FL-062722,Late Aircraft Arrival,26
DEL-014417,FL-062728,Maintenance,52
DEL-014418,FL-062730,Weather,103
DEL-014419,FL-062732,Air Traffic Control,43
DEL-014420,FL-062735,Security,149
DEL-014421,FL-062742,Weather,74
DEL-014422,FL-062743,Air Traffic Control,160
DEL-014423,FL-062750,Weather,33
DEL-014424,FL-062752,Weather,31
DEL-014425,FL-062763,Air Traffic Control,68
DEL-014426,FL-062770,Weather,54
DEL-014427,FL-062778,Weather,29
DEL-014428,FL-062779,Late Aircraft Arrival,43
DEL-014429,FL-062782,Weather,24
DEL-014430,FL-062786,Late Aircraft Arrival,189
DEL-014431,FL-062790,Air Traffic Control,39
DEL-014432,FL-062792,Weather,15
DEL-014433,FL-062793,Air Traffic Control,28
DEL-014434,FL-062796,Late Aircraft Arrival,19
DEL-014435,FL-062799,Maintenance,21
DEL-014436,FL-062802,Weather,26
DEL-014437,FL-062808,Air Traffic Control,92
DEL-014438,FL-062811,Air Traffic Control,79
DEL-014439,FL-062813,Weather,62
DEL-014440,FL-062819,Maintenance,45
DEL-014441,FL-062822,Late Aircraft Arrival,78
DEL-014442,FL-062825,Weather,56
DEL-014443,FL-062826,Weather,25
DEL-014444,FL-062828,Air Traffic Control,44
DEL-014445,FL-062832,Maintenance,20
DEL-014446,FL-062834,Maintenance,120
DEL-014447,FL-062849,Security,74
DEL-014448,FL-062854,Maintenance,71
DEL-014449,FL-062856,Late Aircraft Arrival,15
DEL-014450,FL-062857,Air Traffic Control,17
DEL-014451,FL-062872,Late Aircraft Arrival,15
DEL-014452,FL-062883,Air Traffic Control,39
DEL-014453,FL-062887,Weather,144
DEL-014454,FL-062890,Late Aircraft Arrival,25
DEL-014455,FL-062893,Air Traffic Control,52
DEL-014456,FL-062894,Late Aircraft Arrival,37
DEL-014457,FL-062895,Late Aircraft Arrival,15
DEL-014458,FL-062897,Air Traffic Control,34
DEL-014459,FL-062898,Late Aircraft Arrival,20
DEL-014460,FL-062906,Security,31
DEL-014461,FL-062907,Maintenance,20
DEL-014462,FL-062911,Late Aircraft Arrival,36
DEL-014463,FL-062917,Late Aircraft Arrival,71
DEL-014464,FL-062918,Maintenance,60
DEL-014465,FL-062924,Maintenance,68
DEL-014466,FL-062933,Late Aircraft Arrival,37
DEL-014467,FL-062935,Air Traffic Control,20
DEL-014468,FL-062939,Weather,63
DEL-014469,FL-062941,Air Traffic Control,61
DEL-014470,FL-062943,Weather,28
DEL-014471,FL-062948,Air Traffic Control,43
DEL-014472,FL-062951,Air Traffic Control,44
DEL-014473,FL-062958,Late Aircraft Arrival,71
DEL-014474,FL-062959,Air Traffic Control,43
DEL-014475,FL-062960,Air Traffic Control,56
DEL-014476,FL-062963,Air Traffic Control,86
DEL-014477,FL-062966,Air Traffic Control,89
DEL-014478,FL-062969,Maintenance,30
DEL-014479,FL-062971,Air Traffic Control,98
DEL-014480,FL-062973,Air Traffic Control,29
DEL-014481,FL-062976,Air Traffic Control,44
DEL-014482,FL-062997,Maintenance,25
DEL-014483,FL-062999,Air Traffic Control,19
DEL-014484,FL-063003,Late Aircraft Arrival,50
DEL-014485,FL-063010,Weather,30
DEL-014486,FL-063012,Maintenance,26
DEL-014487,FL-063015,Late Aircraft Arrival,56
DEL-014488,FL-063018,Late Aircraft Arrival,43
DEL-014489,FL-063023,Air Traffic Control,49
DEL-014490,FL-063026,Air Traffic Control,72
DEL-014491,FL-063030,Weather,72
DEL-014492,FL-063034,Maintenance,61
DEL-014493,FL-063041,Maintenance,20
DEL-014494,FL-063043,Weather,35
DEL-014495,FL-063046,Maintenance,28
DEL-014496,FL-063047,Weather,174
DEL-014497,FL-063048,Late Aircraft Arrival,41
DEL-014498,FL-063056,Maintenance,38
DEL-014499,FL-063064,Air Traffic Control,23
DEL-014500,FL-063067,Air Traffic Control,73
DEL-014501,FL-063068,Air Traffic Control,16
DEL-014502,FL-063069,Weather,91
DEL-014503,FL-063072,Weather,32
DEL-014504,FL-063074,Maintenance,18
DEL-014505,FL-063076,Weather,24
DEL-014506,FL-063088,Maintenance,48
DEL-014507,FL-063090,Air Traffic Control,29
DEL-014508,FL-063095,Late Aircraft Arrival,61
DEL-014509,FL-063096,Air Traffic Control,29
DEL-014510,FL-063122,Air Traffic Control,163
DEL-014511,FL-063124,Late Aircraft Arrival,16
DEL-014512,FL-063133,Air Traffic Control,105
DEL-014513,FL-063136,Air Traffic Control,35
DEL-014514,FL-063138,Late Aircraft Arrival,77
DEL-014515,FL-063145,Air Traffic Control,176
DEL-014516,FL-063147,Air Traffic Control,37
DEL-014517,FL-063148,Weather,51
DEL-014518,FL-063153,Air Traffic Control,89
DEL-014519,FL-063157,Air Traffic Control,127
DEL-014520,FL-063159,Maintenance,97
DEL-014521,FL-063161,Weather,35
DEL-014522,FL-063167,Weather,18
DEL-014523,FL-063168,Air Traffic Control,19
DEL-014524,FL-063170,Weather,136
DEL-014525,FL-063171,Maintenance,103
DEL-014526,FL-063174,Air Traffic Control,19
DEL-014527,FL-063177,Weather,69
DEL-014528,FL-063182,Weather,40
DEL-014529,FL-063189,Weather,114
DEL-014530,FL-063193,Weather,38
DEL-014531,FL-063198,Air Traffic Control,31
DEL-014532,FL-063200,Weather,29
DEL-014533,FL-063207,Air Traffic Control,84
DEL-014534,FL-063210,Weather,68
DEL-014535,FL-063216,Air Traffic Control,28
DEL-014536,FL-063219,Late Aircraft Arrival,161
DEL-014537,FL-063221,Air Traffic Control,36
DEL-014538,FL-063226,Air Traffic Control,18
DEL-014539,FL-063230,Maintenance,24
DEL-014540,FL-063233,Air Traffic Control,17
DEL-014541,FL-063240,Late Aircraft Arrival,35
DEL-014542,FL-063241,Maintenance,25
DEL-014543,FL-063242,Maintenance,71
DEL-014544,FL-063246,Late Aircraft Arrival,50
DEL-014545,FL-063247,Maintenance,52
DEL-014546,FL-063248,Air Traffic Control,57
DEL-014547,FL-063258,Air Traffic Control,44
DEL-014548,FL-063263,Late Aircraft Arrival,16
DEL-014549,FL-063265,Late Aircraft Arrival,50
DEL-014550,FL-063272,Maintenance,33
DEL-014551,FL-063278,Air Traffic Control,37
DEL-014552,FL-063281,Security,20
DEL-014553,FL-063284,Weather,90
DEL-014554,FL-063287,Weather,22
DEL-014555,FL-063290,Maintenance,275
DEL-014556,FL-063297,Weather,82
DEL-014557,FL-063298,Maintenance,20
DEL-014558,FL-063299,Air Traffic Control,31
DEL-014559,FL-063300,Late Aircraft Arrival,50
DEL-014560,FL-063302,Maintenance,148
DEL-014561,FL-063307,Weather,111
DEL-014562,FL-063309,Maintenance,92
DEL-014563,FL-063311,Maintenance,30
DEL-014564,FL-063312,Maintenance,21
DEL-014565,FL-063317,Maintenance,86
DEL-014566,FL-063320,Maintenance,62
DEL-014567,FL-063322,Late Aircraft Arrival,75
DEL-014568,FL-063324,Maintenance,41
DEL-014569,FL-063330,Weather,116
DEL-014570,FL-063341,Weather,18
DEL-014571,FL-063343,Air Traffic Control,61
DEL-014572,FL-063345,Air Traffic Control,35
DEL-014573,FL-063349,Maintenance,20
DEL-014574,FL-063353,Maintenance,25
DEL-014575,FL-063371,Air Traffic Control,111
DEL-014576,FL-063376,Late Aircraft Arrival,80
DEL-014577,FL-063381,Weather,134
DEL-014578,FL-063384,Weather,21
DEL-014579,FL-063386,Maintenance,41
DEL-014580,FL-063400,Weather,45
DEL-014581,FL-063406,Air Traffic Control,73
DEL-014582,FL-063407,Weather,31
DEL-014583,FL-063408,Air Traffic Control,74
DEL-014584,FL-063409,Weather,186
DEL-014585,FL-063415,Late Aircraft Arrival,48
DEL-014586,FL-063417,Air Traffic Control,39
DEL-014587,FL-063420,Air Traffic Control,21
DEL-014588,FL-063424,Weather,29
DEL-014589,FL-063429,Late Aircraft Arrival,17
DEL-014590,FL-063431,Air Traffic Control,20
DEL-014591,FL-063437,Air Traffic Control,147
DEL-014592,FL-063462,Weather,20
DEL-014593,FL-063463,Security,131
DEL-014594,FL-063471,Air Traffic Control,78
DEL-014595,FL-063482,Maintenance,57
DEL-014596,FL-063484,Late Aircraft Arrival,101
DEL-014597,FL-063494,Weather,30
DEL-014598,FL-063500,Security,15
DEL-014599,FL-063507,Weather,28
DEL-014600,FL-063517,Maintenance,98
DEL-014601,FL-063528,Maintenance,22
DEL-014602,FL-063529,Maintenance,36
DEL-014603,FL-063537,Maintenance,27
DEL-014604,FL-063539,Weather,102
DEL-014605,FL-063543,Weather,70
DEL-014606,FL-063552,Weather,15
DEL-014607,FL-063556,Air Traffic Control,25
DEL-014608,FL-063561,Late Aircraft Arrival,63
DEL-014609,FL-063565,Security,24
DEL-014610,FL-063570,Weather,20
DEL-014611,FL-063572,Maintenance,123
DEL-014612,FL-063578,Weather,160
DEL-014613,FL-063579,Air Traffic Control,88
DEL-014614,FL-063580,Security,59
DEL-014615,FL-063585,Weather,36
DEL-014616,FL-063597,Weather,84
DEL-014617,FL-063616,Weather,106
DEL-014618,FL-063623,Maintenance,75
DEL-014619,FL-063631,Maintenance,89
DEL-014620,FL-063634,Maintenance,24
DEL-014621,FL-063637,Weather,31
DEL-014622,FL-063639,Maintenance,94
DEL-014623,FL-063646,Air Traffic Control,152
DEL-014624,FL-063648,Air Traffic Control,17
DEL-014625,FL-063650,Late Aircraft Arrival,19
DEL-014626,FL-063655,Maintenance,78
DEL-014627,FL-063657,Weather,31
DEL-014628,FL-063669,Air Traffic Control,64
DEL-014629,FL-063670,Air Traffic Control,25
DEL-014630,FL-063673,Late Aircraft Arrival,53
DEL-014631,FL-063674,Late Aircraft Arrival,75
DEL-014632,FL-063676,Late Aircraft Arrival,147
DEL-014633,FL-063681,Maintenance,36
DEL-014634,FL-063686,Weather,31
DEL-014635,FL-063688,Late Aircraft Arrival,17
DEL-014636,FL-063694,Air Traffic Control,47
DEL-014637,FL-063696,Air Traffic Control,35
DEL-014638,FL-063711,Late Aircraft Arrival,62
DEL-014639,FL-063714,Air Traffic Control,98
DEL-014640,FL-063715,Late Aircraft Arrival,65
DEL-014641,FL-063716,Late Aircraft Arrival,58
DEL-014642,FL-063721,Weather,72
DEL-014643,FL-063724,Air Traffic Control,124
DEL-014644,FL-063725,Weather,20
DEL-014645,FL-063726,Air Traffic Control,31
DEL-014646,FL-063728,Maintenance,34
DEL-014647,FL-063733,Air Traffic Control,37
DEL-014648,FL-063737,Maintenance,33
DEL-014649,FL-063742,Weather,27
DEL-014650,FL-063753,Late Aircraft Arrival,90
DEL-014651,FL-063759,Maintenance,126
DEL-014652,FL-063760,Maintenance,52
DEL-014653,FL-063764,Air Traffic Control,73
DEL-014654,FL-063767,Weather,59
DEL-014655,FL-063770,Late Aircraft Arrival,22
DEL-014656,FL-063772,Security,62
DEL-014657,FL-063774,Weather,72
DEL-014658,FL-063776,Maintenance,80
DEL-014659,FL-063778,Air Traffic Control,84
DEL-014660,FL-063784,Maintenance,31
DEL-014661,FL-063788,Weather,28
DEL-014662,FL-063792,Air Traffic Control,24
DEL-014663,FL-063794,Security,28
DEL-014664,FL-063801,Late Aircraft Arrival,25
DEL-014665,FL-063803,Weather,43
DEL-014666,FL-063809,Maintenance,35
DEL-014667,FL-063813,Late Aircraft Arrival,104
DEL-014668,FL-063817,Air Traffic Control,28
DEL-014669,FL-063825,Air Traffic Control,80
DEL-014670,FL-063828,Weather,23
DEL-014671,FL-063833,Air Traffic Control,59
DEL-014672,FL-063845,Air Traffic Control,15
DEL-014673,FL-063853,Maintenance,82
DEL-014674,FL-063854,Maintenance,20
DEL-014675,FL-063866,Late Aircraft Arrival,52
DEL-014676,FL-063876,Weather,23
DEL-014677,FL-063880,Weather,176
DEL-014678,FL-063890,Weather,34
DEL-014679,FL-063898,Security,33
DEL-014680,FL-063902,Air Traffic Control,162
DEL-014681,FL-063903,Maintenance,44
DEL-014682,FL-063911,Weather,61
DEL-014683,FL-063917,Weather,21
DEL-014684,FL-063925,Weather,39
DEL-014685,FL-063930,Weather,125
DEL-014686,FL-063932,Air Traffic Control,37
DEL-014687,FL-063942,Air Traffic Control,28
DEL-014688,FL-063945,Maintenance,58
DEL-014689,FL-063946,Air Traffic Control,70
DEL-014690,FL-063947,Air Traffic Control,27
DEL-014691,FL-063950,Late Aircraft Arrival,124
DEL-014692,FL-063956,Weather,27
DEL-014693,FL-063959,Maintenance,77
DEL-014694,FL-063961,Air Traffic Control,43
DEL-014695,FL-063970,Air Traffic Control,38
DEL-014696,FL-063972,Weather,50
DEL-014697,FL-063976,Maintenance,159
DEL-014698,FL-063978,Air Traffic Control,55
DEL-014699,FL-063981,Late Aircraft Arrival,27
DEL-014700,FL-063988,Weather,44
DEL-014701,FL-063994,Maintenance,36
DEL-014702,FL-063996,Late Aircraft Arrival,109
DEL-014703,FL-064000,Maintenance,64
DEL-014704,FL-064001,Weather,95
DEL-014705,FL-064005,Weather,15
DEL-014706,FL-064010,Late Aircraft Arrival,16
DEL-014707,FL-064011,Maintenance,22
DEL-014708,FL-064015,Weather,16
DEL-014709,FL-064018,Late Aircraft Arrival,20
DEL-014710,FL-064019,Weather,47
DEL-014711,FL-064022,Maintenance,68
DEL-014712,FL-064024,Air Traffic Control,101
DEL-014713,FL-064030,Maintenance,31
DEL-014714,FL-064031,Late Aircraft Arrival,46
DEL-014715,FL-064036,Late Aircraft Arrival,54
DEL-014716,FL-064037,Maintenance,61
DEL-014717,FL-064038,Late Aircraft Arrival,31
DEL-014718,FL-064040,Maintenance,49
DEL-014719,FL-064042,Weather,16
DEL-014720,FL-064043,Air Traffic Control,78
DEL-014721,FL-064045,Air Traffic Control,21
DEL-014722,FL-064047,Air Traffic Control,110
DEL-014723,FL-064048,Air Traffic Control,39
DEL-014724,FL-064050,Late Aircraft Arrival,41
DEL-014725,FL-064052,Security,210
DEL-014726,FL-064062,Weather,65
DEL-014727,FL-064065,Maintenance,29
DEL-014728,FL-064071,Weather,19
DEL-014729,FL-064074,Maintenance,69
DEL-014730,FL-064079,Maintenance,58
DEL-014731,FL-064092,Weather,70
DEL-014732,FL-064095,Air Traffic Control,24
DEL-014733,FL-064098,Air Traffic Control,18
DEL-014734,FL-064105,Late Aircraft Arrival,18
DEL-014735,FL-064115,Air Traffic Control,48
DEL-014736,FL-064117,Weather,61
DEL-014737,FL-064137,Late Aircraft Arrival,46
DEL-014738,FL-064138,Air Traffic Control,24
DEL-014739,FL-064140,Maintenance,33
DEL-014740,FL-064143,Late Aircraft Arrival,81
DEL-014741,FL-064145,Air Traffic Control,32
DEL-014742,FL-064148,Weather,112
DEL-014743,FL-064157,Weather,30
DEL-014744,FL-064159,Late Aircraft Arrival,31
DEL-014745,FL-064163,Late Aircraft Arrival,51
DEL-014746,FL-064168,Maintenance,40
DEL-014747,FL-064169,Maintenance,30
DEL-014748,FL-064172,Weather,36
DEL-014749,FL-064194,Weather,202
DEL-014750,FL-064209,Maintenance,52
DEL-014751,FL-064213,Air Traffic Control,172
DEL-014752,FL-064215,Air Traffic Control,59
DEL-014753,FL-064225,Maintenance,15
DEL-014754,FL-064228,Late Aircraft Arrival,62
DEL-014755,FL-064232,Maintenance,66
DEL-014756,FL-064243,Air Traffic Control,99
DEL-014757,FL-064245,Air Traffic Control,39
DEL-014758,FL-064250,Air Traffic Control,38
DEL-014759,FL-064255,Air Traffic Control,66
DEL-014760,FL-064258,Weather,36
DEL-014761,FL-064261,Maintenance,55
DEL-014762,FL-064264,Air Traffic Control,80
DEL-014763,FL-064266,Late Aircraft Arrival,49
DEL-014764,FL-064275,Security,50
DEL-014765,FL-064277,Weather,43
DEL-014766,FL-064278,Late Aircraft Arrival,43
DEL-014767,FL-064281,Maintenance,15
DEL-014768,FL-064282,Weather,183
DEL-014769,FL-064283,Late Aircraft Arrival,64
DEL-014770,FL-064287,Weather,33
DEL-014771,FL-064288,Maintenance,127
DEL-014772,FL-064295,Late Aircraft Arrival,42
DEL-014773,FL-064300,Air Traffic Control,61
DEL-014774,FL-064303,Air Traffic Control,226
DEL-014775,FL-064304,Late Aircraft Arrival,57
DEL-014776,FL-064311,Late Aircraft Arrival,26
DEL-014777,FL-064312,Air Traffic Control,50
DEL-014778,FL-064313,Maintenance,28
DEL-014779,FL-064317,Maintenance,24
DEL-014780,FL-064318,Air Traffic Control,54
DEL-014781,FL-064323,Late Aircraft Arrival,63
DEL-014782,FL-064329,Air Traffic Control,21
DEL-014783,FL-064330,Maintenance,16
DEL-014784,FL-064332,Weather,98
DEL-014785,FL-064333,Weather,77
DEL-014786,FL-064340,Air Traffic Control,30
DEL-014787,FL-064347,Air Traffic Control,44
DEL-014788,FL-064360,Air Traffic Control,53
DEL-014789,FL-064365,Air Traffic Control,25
DEL-014790,FL-064366,Air Traffic Control,46
DEL-014791,FL-064368,Air Traffic Control,64
DEL-014792,FL-064388,Air Traffic Control,67
DEL-014793,FL-064389,Air Traffic Control,38
DEL-014794,FL-064397,Air Traffic Control,46
DEL-014795,FL-064401,Air Traffic Control,68
DEL-014796,FL-064411,Air Traffic Control,89
DEL-014797,FL-064414,Weather,42
DEL-014798,FL-064421,Weather,59
DEL-014799,FL-064423,Weather,35
DEL-014800,FL-064425,Weather,23
DEL-014801,FL-064426,Air Traffic Control,77
DEL-014802,FL-064427,Late Aircraft Arrival,25
DEL-014803,FL-064429,Maintenance,38
DEL-014804,FL-064432,Air Traffic Control,41
DEL-014805,FL-064450,Late Aircraft Arrival,55
DEL-014806,FL-064454,Weather,20
DEL-014807,FL-064460,Weather,128
DEL-014808,FL-064463,Air Traffic Control,80
DEL-014809,FL-064464,Weather,42
DEL-014810,FL-064470,Air Traffic Control,64
DEL-014811,FL-064477,Maintenance,56
DEL-014812,FL-064479,Weather,198
DEL-014813,FL-064488,Air Traffic Control,127
DEL-014814,FL-064491,Weather,49
DEL-014815,FL-064498,Maintenance,66
DEL-014816,FL-064501,Maintenance,54
DEL-014817,FL-064503,Late Aircraft Arrival,87
DEL-014818,FL-064504,Late Aircraft Arrival,138
DEL-014819,FL-064506,Air Traffic Control,42
DEL-014820,FL-064507,Weather,26
DEL-014821,FL-064513,Maintenance,17
DEL-014822,FL-064514,Maintenance,76
DEL-014823,FL-064517,Air Traffic Control,35
DEL-014824,FL-064522,Maintenance,22
DEL-014825,FL-064536,Air Traffic Control,46
DEL-014826,FL-064539,Air Traffic Control,59
DEL-014827,FL-064540,Air Traffic Control,82
DEL-014828,FL-064543,Weather,28
DEL-014829,FL-064545,Air Traffic Control,116
DEL-014830,FL-064546,Air Traffic Control,43
DEL-014831,FL-064549,Weather,26
DEL-014832,FL-064554,Late Aircraft Arrival,34
DEL-014833,FL-064558,Air Traffic Control,46
DEL-014834,FL-064561,Air Traffic Control,78
DEL-014835,FL-064562,Air Traffic Control,64
DEL-014836,FL-064571,Air Traffic Control,101
DEL-014837,FL-064575,Weather,118
DEL-014838,FL-064576,Air Traffic Control,31
DEL-014839,FL-064578,Maintenance,88
DEL-014840,FL-064581,Air Traffic Control,93
DEL-014841,FL-064587,Air Traffic Control,35
DEL-014842,FL-064592,Security,85
DEL-014843,FL-064601,Weather,41
DEL-014844,FL-064609,Weather,32
DEL-014845,FL-064611,Weather,51
DEL-014846,FL-064612,Maintenance,50
DEL-014847,FL-064613,Weather,39
DEL-014848,FL-064615,Late Aircraft Arrival,39
DEL-014849,FL-064618,Air Traffic Control,15
DEL-014850,FL-064619,Air Traffic Control,26
DEL-014851,FL-064624,Air Traffic Control,23
DEL-014852,FL-064627,Air Traffic Control,54
DEL-014853,FL-064630,Weather,99
DEL-014854,FL-064631,Air Traffic Control,16
DEL-014855,FL-064633,Air Traffic Control,104
DEL-014856,FL-064640,Maintenance,17
DEL-014857,FL-064643,Late Aircraft Arrival,32
DEL-014858,FL-064645,Air Traffic Control,28
DEL-014859,FL-064646,Weather,53
DEL-014860,FL-064652,Air Traffic Control,28
DEL-014861,FL-064653,Air Traffic Control,24
DEL-014862,FL-064655,Weather,109
DEL-014863,FL-064656,Late Aircraft Arrival,38
DEL-014864,FL-064657,Air Traffic Control,85
DEL-014865,FL-064660,Air Traffic Control,66
DEL-014866,FL-064661,Late Aircraft Arrival,26
DEL-014867,FL-064663,Air Traffic Control,198
DEL-014868,FL-064671,Maintenance,20
DEL-014869,FL-064672,Air Traffic Control,15
DEL-014870,FL-064677,Late Aircraft Arrival,75
DEL-014871,FL-064678,Weather,31
DEL-014872,FL-064680,Late Aircraft Arrival,54
DEL-014873,FL-064683,Air Traffic Control,34
DEL-014874,FL-064686,Late Aircraft Arrival,68
DEL-014875,FL-064687,Air Traffic Control,106
DEL-014876,FL-064688,Weather,25
DEL-014877,FL-064697,Air Traffic Control,47
DEL-014878,FL-064699,Air Traffic Control,96
DEL-014879,FL-064704,Late Aircraft Arrival,92
DEL-014880,FL-064708,Security,38
DEL-014881,FL-064709,Air Traffic Control,225
DEL-014882,FL-064715,Maintenance,48
DEL-014883,FL-064740,Maintenance,21
DEL-014884,FL-064741,Security,46
DEL-014885,FL-064744,Weather,41
DEL-014886,FL-064745,Weather,209
DEL-014887,FL-064746,Air Traffic Control,346
DEL-014888,FL-064752,Maintenance,93
DEL-014889,FL-064754,Air Traffic Control,79
DEL-014890,FL-064757,Air Traffic Control,80
DEL-014891,FL-064765,Security,53
DEL-014892,FL-064770,Weather,30
DEL-014893,FL-064771,Maintenance,39
DEL-014894,FL-064776,Late Aircraft Arrival,20
DEL-014895,FL-064779,Air Traffic Control,19
DEL-014896,FL-064781,Late Aircraft Arrival,117
DEL-014897,FL-064784,Late Aircraft Arrival,79
DEL-014898,FL-064788,Air Traffic Control,41
DEL-014899,FL-064790,Air Traffic Control,20
DEL-014900,FL-064791,Air Traffic Control,64
DEL-014901,FL-064796,Weather,28
DEL-014902,FL-064799,Air Traffic Control,158
DEL-014903,FL-064800,Air Traffic Control,56
DEL-014904,FL-064806,Air Traffic Control,25
DEL-014905,FL-064809,Weather,32
DEL-014906,FL-064811,Late Aircraft Arrival,53
DEL-014907,FL-064815,Late Aircraft Arrival,80
DEL-014908,FL-064819,Air Traffic Control,15
DEL-014909,FL-064821,Security,176
DEL-014910,FL-064827,Late Aircraft Arrival,46
DEL-014911,FL-064835,Late Aircraft Arrival,45
DEL-014912,FL-064841,Air Traffic Control,23
DEL-014913,FL-064860,Maintenance,68
DEL-014914,FL-064872,Air Traffic Control,60
DEL-014915,FL-064875,Late Aircraft Arrival,58
DEL-014916,FL-064878,Air Traffic Control,103
DEL-014917,FL-064881,Maintenance,34
DEL-014918,FL-064891,Weather,71
DEL-014919,FL-064894,Security,208
DEL-014920,FL-064895,Maintenance,46
DEL-014921,FL-064897,Air Traffic Control,149
DEL-014922,FL-064904,Weather,20
DEL-014923,FL-064906,Weather,139
DEL-014924,FL-064910,Air Traffic Control,52
DEL-014925,FL-064912,Late Aircraft Arrival,32
DEL-014926,FL-064918,Security,155
DEL-014927,FL-064923,Late Aircraft Arrival,36
DEL-014928,FL-064926,Air Traffic Control,64
DEL-014929,FL-064927,Maintenance,21
DEL-014930,FL-064928,Late Aircraft Arrival,30
DEL-014931,FL-064929,Maintenance,20
DEL-014932,FL-064936,Maintenance,41
DEL-014933,FL-064943,Security,53
DEL-014934,FL-064944,Late Aircraft Arrival,122
DEL-014935,FL-064946,Weather,82
DEL-014936,FL-064952,Late Aircraft Arrival,28
DEL-014937,FL-064955,Air Traffic Control,41
DEL-014938,FL-064956,Air Traffic Control,37
DEL-014939,FL-064960,Weather,36
DEL-014940,FL-064962,Weather,28
DEL-014941,FL-064965,Weather,76
DEL-014942,FL-064968,Air Traffic Control,16
DEL-014943,FL-064982,Weather,44
DEL-014944,FL-064984,Air Traffic Control,30
DEL-014945,FL-064987,Weather,129
DEL-014946,FL-064991,Air Traffic Control,25
DEL-014947,FL-064992,Late Aircraft Arrival,30
DEL-014948,FL-064993,Air Traffic Control,69
DEL-014949,FL-064998,Weather,35
DEL-014950,FL-064999,Air Traffic Control,38
DEL-014951,FL-065003,Security,94
DEL-014952,FL-065005,Security,18
DEL-014953,FL-065006,Late Aircraft Arrival,19
DEL-014954,FL-065015,Weather,120
DEL-014955,FL-065021,Air Traffic Control,84
DEL-014956,FL-065027,Weather,55
DEL-014957,FL-065032,Late Aircraft Arrival,70
DEL-014958,FL-065035,Maintenance,18
DEL-014959,FL-065045,Late Aircraft Arrival,25
DEL-014960,FL-065051,Weather,58
DEL-014961,FL-065052,Weather,20
DEL-014962,FL-065055,Security,23
DEL-014963,FL-065056,Weather,28
DEL-014964,FL-065060,Air Traffic Control,112
DEL-014965,FL-065061,Weather,74
DEL-014966,FL-065077,Air Traffic Control,63
DEL-014967,FL-065079,Maintenance,109
DEL-014968,FL-065083,Maintenance,40
DEL-014969,FL-065089,Air Traffic Control,126
DEL-014970,FL-065090,Late Aircraft Arrival,23
DEL-014971,FL-065092,Air Traffic Control,57
DEL-014972,FL-065100,Late Aircraft Arrival,144
DEL-014973,FL-065104,Weather,151
DEL-014974,FL-065106,Weather,58
DEL-014975,FL-065111,Air Traffic Control,97
DEL-014976,FL-065112,Air Traffic Control,73
DEL-014977,FL-065114,Late Aircraft Arrival,57
DEL-014978,FL-065117,Weather,16
DEL-014979,FL-065125,Weather,22
DEL-014980,FL-065128,Late Aircraft Arrival,79
DEL-014981,FL-065130,Maintenance,23
DEL-014982,FL-065134,Air Traffic Control,24
DEL-014983,FL-065136,Weather,138
DEL-014984,FL-065157,Maintenance,82
DEL-014985,FL-065159,Late Aircraft Arrival,66
DEL-014986,FL-065162,Maintenance,80
DEL-014987,FL-065163,Maintenance,85
DEL-014988,FL-065168,Maintenance,20
DEL-014989,FL-065169,Air Traffic Control,29
DEL-014990,FL-065174,Security,85
DEL-014991,FL-065178,Air Traffic Control,137
DEL-014992,FL-065180,Late Aircraft Arrival,39
DEL-014993,FL-065181,Air Traffic Control,173
DEL-014994,FL-065184,Maintenance,19
DEL-014995,FL-065190,Weather,52
DEL-014996,FL-065194,Air Traffic Control,24
DEL-014997,FL-065197,Maintenance,78
DEL-014998,FL-065201,Late Aircraft Arrival,36
DEL-014999,FL-065203,Late Aircraft Arrival,47
DEL-015000,FL-065210,Air Traffic Control,17
DEL-015001,FL-065222,Air Traffic Control,26
DEL-015002,FL-065224,Late Aircraft Arrival,34
DEL-015003,FL-065227,Maintenance,23
DEL-015004,FL-065228,Late Aircraft Arrival,45
DEL-015005,FL-065239,Maintenance,47
DEL-015006,FL-065256,Late Aircraft Arrival,15
DEL-015007,FL-065268,Weather,106
DEL-015008,FL-065285,Late Aircraft Arrival,28
DEL-015009,FL-065286,Air Traffic Control,49
DEL-015010,FL-065294,Weather,67
DEL-015011,FL-065296,Maintenance,78
DEL-015012,FL-065307,Air Traffic Control,120
DEL-015013,FL-065317,Air Traffic Control,31
DEL-015014,FL-065321,Maintenance,26
DEL-015015,FL-065322,Late Aircraft Arrival,27
DEL-015016,FL-065340,Maintenance,38
DEL-015017,FL-065347,Weather,72
DEL-015018,FL-065352,Air Traffic Control,73
DEL-015019,FL-065359,Late Aircraft Arrival,64
DEL-015020,FL-065361,Air Traffic Control,101
DEL-015021,FL-065367,Maintenance,76
DEL-015022,FL-065368,Late Aircraft Arrival,120
DEL-015023,FL-065373,Late Aircraft Arrival,16
DEL-015024,FL-065379,Maintenance,78
DEL-015025,FL-065381,Security,30
DEL-015026,FL-065385,Maintenance,65
DEL-015027,FL-065386,Security,23
DEL-015028,FL-065389,Maintenance,85
DEL-015029,FL-065390,Weather,32
DEL-015030,FL-065391,Maintenance,91
DEL-015031,FL-065398,Weather,111
DEL-015032,FL-065404,Late Aircraft Arrival,49
DEL-015033,FL-065405,Maintenance,39
DEL-015034,FL-065407,Air Traffic Control,51
DEL-015035,FL-065410,Air Traffic Control,22
DEL-015036,FL-065413,Air Traffic Control,79
DEL-015037,FL-065415,Late Aircraft Arrival,37
DEL-015038,FL-065416,Air Traffic Control,89
DEL-015039,FL-065420,Security,58
DEL-015040,FL-065423,Air Traffic Control,114
DEL-015041,FL-065424,Weather,60
DEL-015042,FL-065428,Security,96
DEL-015043,FL-065432,Air Traffic Control,17
DEL-015044,FL-065434,Late Aircraft Arrival,100
DEL-015045,FL-065444,Maintenance,139
DEL-015046,FL-065450,Security,124
DEL-015047,FL-065454,Air Traffic Control,61
DEL-015048,FL-065461,Maintenance,73
DEL-015049,FL-065462,Weather,17
DEL-015050,FL-065466,Air Traffic Control,75
DEL-015051,FL-065470,Air Traffic Control,25
DEL-015052,FL-065472,Late Aircraft Arrival,62
DEL-015053,FL-065473,Maintenance,138
DEL-015054,FL-065480,Weather,67
DEL-015055,FL-065484,Late Aircraft Arrival,134
DEL-015056,FL-065486,Security,28
DEL-015057,FL-065489,Air Traffic Control,62
DEL-015058,FL-065491,Weather,67
DEL-015059,FL-065501,Maintenance,22
DEL-015060,FL-065507,Maintenance,31
DEL-015061,FL-065511,Maintenance,118
DEL-015062,FL-065514,Late Aircraft Arrival,55
DEL-015063,FL-065516,Air Traffic Control,47
DEL-015064,FL-065517,Air Traffic Control,35
DEL-015065,FL-065518,Late Aircraft Arrival,266
DEL-015066,FL-065519,Air Traffic Control,43
DEL-015067,FL-065526,Air Traffic Control,29
DEL-015068,FL-065528,Late Aircraft Arrival,23
DEL-015069,FL-065530,Security,130
DEL-015070,FL-065537,Weather,32
DEL-015071,FL-065542,Weather,36
DEL-015072,FL-065543,Maintenance,142
DEL-015073,FL-065546,Maintenance,83
DEL-015074,FL-065548,Air Traffic Control,30
DEL-015075,FL-065551,Late Aircraft Arrival,143
DEL-015076,FL-065552,Air Traffic Control,55
DEL-015077,FL-065557,Air Traffic Control,61
DEL-015078,FL-065561,Maintenance,18
DEL-015079,FL-065567,Maintenance,28
DEL-015080,FL-065569,Air Traffic Control,30
DEL-015081,FL-065576,Air Traffic Control,24
DEL-015082,FL-065582,Weather,26
DEL-015083,FL-065588,Late Aircraft Arrival,39
DEL-015084,FL-065590,Air Traffic Control,138
DEL-015085,FL-065591,Security,15
DEL-015086,FL-065593,Air Traffic Control,15
DEL-015087,FL-065595,Late Aircraft Arrival,37
DEL-015088,FL-065599,Maintenance,22
DEL-015089,FL-065605,Weather,25
DEL-015090,FL-065609,Air Traffic Control,60
DEL-015091,FL-065621,Air Traffic Control,79
DEL-015092,FL-065628,Late Aircraft Arrival,26
DEL-015093,FL-065633,Late Aircraft Arrival,72
DEL-015094,FL-065639,Weather,34
DEL-015095,FL-065646,Late Aircraft Arrival,41
DEL-015096,FL-065647,Air Traffic Control,47
DEL-015097,FL-065654,Late Aircraft Arrival,23
DEL-015098,FL-065660,Maintenance,102
DEL-015099,FL-065662,Weather,33
DEL-015100,FL-065665,Air Traffic Control,37
DEL-015101,FL-065667,Weather,111
DEL-015102,FL-065691,Maintenance,87
DEL-015103,FL-065697,Maintenance,105
DEL-015104,FL-065699,Air Traffic Control,17
DEL-015105,FL-065702,Maintenance,50
DEL-015106,FL-065708,Late Aircraft Arrival,112
DEL-015107,FL-065709,Maintenance,22
DEL-015108,FL-065712,Late Aircraft Arrival,174
DEL-015109,FL-065718,Weather,22
DEL-015110,FL-065720,Weather,92
DEL-015111,FL-065721,Air Traffic Control,21
DEL-015112,FL-065722,Late Aircraft Arrival,36
DEL-015113,FL-065731,Weather,23
DEL-015114,FL-065742,Late Aircraft Arrival,71
DEL-015115,FL-065744,Weather,20
DEL-015116,FL-065760,Late Aircraft Arrival,19
DEL-015117,FL-065763,Late Aircraft Arrival,43
DEL-015118,FL-065770,Security,123
DEL-015119,FL-065771,Maintenance,32
DEL-015120,FL-065773,Late Aircraft Arrival,109
DEL-015121,FL-065774,Weather,87
DEL-015122,FL-065777,Security,73
DEL-015123,FL-065788,Weather,65
DEL-015124,FL-065789,Air Traffic Control,86
DEL-015125,FL-065791,Maintenance,18
DEL-015126,FL-065802,Weather,85
DEL-015127,FL-065807,Air Traffic Control,46
DEL-015128,FL-065808,Weather,21
DEL-015129,FL-065816,Air Traffic Control,21
DEL-015130,FL-065817,Maintenance,65
DEL-015131,FL-065818,Security,32
DEL-015132,FL-065819,Weather,21
DEL-015133,FL-065820,Late Aircraft Arrival,56
DEL-015134,FL-065826,Weather,211
DEL-015135,FL-065827,Maintenance,51
DEL-015136,FL-065831,Late Aircraft Arrival,115
DEL-015137,FL-065852,Late Aircraft Arrival,15
DEL-015138,FL-065856,Air Traffic Control,132
DEL-015139,FL-065875,Late Aircraft Arrival,46
DEL-015140,FL-065876,Weather,19
DEL-015141,FL-065881,Weather,29
DEL-015142,FL-065883,Air Traffic Control,59
DEL-015143,FL-065888,Air Traffic Control,35
DEL-015144,FL-065889,Air Traffic Control,21
DEL-015145,FL-065897,Air Traffic Control,25
DEL-015146,FL-065901,Weather,84
DEL-015147,FL-065907,Air Traffic Control,67
DEL-015148,FL-065909,Late Aircraft Arrival,26
DEL-015149,FL-065929,Weather,105
DEL-015150,FL-065932,Maintenance,40
DEL-015151,FL-065943,Security,42
DEL-015152,FL-065955,Air Traffic Control,18
DEL-015153,FL-065957,Air Traffic Control,21
DEL-015154,FL-065960,Weather,33
DEL-015155,FL-065963,Late Aircraft Arrival,34
DEL-015156,FL-065965,Air Traffic Control,142
DEL-015157,FL-065969,Air Traffic Control,29
DEL-015158,FL-065977,Late Aircraft Arrival,40
DEL-015159,FL-065981,Late Aircraft Arrival,35
DEL-015160,FL-065983,Late Aircraft Arrival,23
DEL-015161,FL-065984,Weather,76
DEL-015162,FL-065986,Late Aircraft Arrival,44
DEL-015163,FL-065992,Air Traffic Control,24
DEL-015164,FL-065993,Late Aircraft Arrival,110
DEL-015165,FL-066006,Air Traffic Control,83
DEL-015166,FL-066018,Late Aircraft Arrival,18
DEL-015167,FL-066025,Maintenance,42
DEL-015168,FL-066027,Late Aircraft Arrival,16
DEL-015169,FL-066030,Late Aircraft Arrival,99
DEL-015170,FL-066033,Weather,21
DEL-015171,FL-066034,Maintenance,37
DEL-015172,FL-066043,Late Aircraft Arrival,18
DEL-015173,FL-066050,Weather,43
DEL-015174,FL-066053,Air Traffic Control,301
DEL-015175,FL-066057,Air Traffic Control,52
DEL-015176,FL-066061,Air Traffic Control,25
DEL-015177,FL-066065,Air Traffic Control,148
DEL-015178,FL-066078,Maintenance,28
DEL-015179,FL-066086,Air Traffic Control,58
DEL-015180,FL-066091,Air Traffic Control,100
DEL-015181,FL-066100,Weather,66
DEL-015182,FL-066105,Air Traffic Control,57
DEL-015183,FL-066118,Maintenance,152
DEL-015184,FL-066131,Air Traffic Control,29
DEL-015185,FL-066132,Security,39
DEL-015186,FL-066133,Late Aircraft Arrival,16
DEL-015187,FL-066135,Late Aircraft Arrival,70
DEL-015188,FL-066136,Air Traffic Control,90
DEL-015189,FL-066148,Weather,31
DEL-015190,FL-066150,Air Traffic Control,17
DEL-015191,FL-066153,Air Traffic Control,52
DEL-015192,FL-066158,Air Traffic Control,46
DEL-015193,FL-066162,Air Traffic Control,51
DEL-015194,FL-066172,Air Traffic Control,66
DEL-015195,FL-066173,Late Aircraft Arrival,73
DEL-015196,FL-066174,Air Traffic Control,41
DEL-015197,FL-066178,Weather,69
DEL-015198,FL-066179,Maintenance,83
DEL-015199,FL-066180,Security,43
DEL-015200,FL-066184,Air Traffic Control,106
DEL-015201,FL-066186,Weather,35
DEL-015202,FL-066189,Weather,24
DEL-015203,FL-066192,Air Traffic Control,44
DEL-015204,FL-066195,Air Traffic Control,30
DEL-015205,FL-066198,Air Traffic Control,91
DEL-015206,FL-066201,Air Traffic Control,27
DEL-015207,FL-066204,Air Traffic Control,61
DEL-015208,FL-066205,Weather,68
DEL-015209,FL-066216,Late Aircraft Arrival,79
DEL-015210,FL-066217,Security,19
DEL-015211,FL-066219,Air Traffic Control,29
DEL-015212,FL-066224,Air Traffic Control,197
DEL-015213,FL-066226,Late Aircraft Arrival,142
DEL-015214,FL-066228,Late Aircraft Arrival,55
DEL-015215,FL-066229,Weather,52
DEL-015216,FL-066241,Air Traffic Control,52
DEL-015217,FL-066242,Air Traffic Control,143
DEL-015218,FL-066255,Late Aircraft Arrival,77
DEL-015219,FL-066256,Air Traffic Control,17
DEL-015220,FL-066257,Maintenance,44
DEL-015221,FL-066260,Maintenance,17
DEL-015222,FL-066261,Weather,46
DEL-015223,FL-066265,Late Aircraft Arrival,83
DEL-015224,FL-066268,Air Traffic Control,38
DEL-015225,FL-066277,Maintenance,75
DEL-015226,FL-066287,Weather,34
DEL-015227,FL-066288,Security,42
DEL-015228,FL-066294,Late Aircraft Arrival,29
DEL-015229,FL-066296,Maintenance,207
DEL-015230,FL-066300,Late Aircraft Arrival,35
DEL-015231,FL-066302,Weather,46
DEL-015232,FL-066307,Air Traffic Control,112
DEL-015233,FL-066309,Late Aircraft Arrival,45
DEL-015234,FL-066314,Air Traffic Control,79
DEL-015235,FL-066326,Maintenance,120
DEL-015236,FL-066327,Late Aircraft Arrival,206
DEL-015237,FL-066331,Weather,19
DEL-015238,FL-066333,Maintenance,26
DEL-015239,FL-066335,Maintenance,22
DEL-015240,FL-066345,Late Aircraft Arrival,18
DEL-015241,FL-066352,Maintenance,17
DEL-015242,FL-066354,Late Aircraft Arrival,45
DEL-015243,FL-066364,Late Aircraft Arrival,50
DEL-015244,FL-066366,Weather,92
DEL-015245,FL-066367,Maintenance,32
DEL-015246,FL-066368,Air Traffic Control,117
DEL-015247,FL-066372,Air Traffic Control,94
DEL-015248,FL-066375,Air Traffic Control,55
DEL-015249,FL-066386,Maintenance,54
DEL-015250,FL-066390,Air Traffic Control,56
DEL-015251,FL-066402,Weather,35
DEL-015252,FL-066405,Late Aircraft Arrival,19
DEL-015253,FL-066406,Late Aircraft Arrival,100
DEL-015254,FL-066407,Air Traffic Control,58
DEL-015255,FL-066409,Late Aircraft Arrival,27
DEL-015256,FL-066426,Weather,72
DEL-015257,FL-066439,Air Traffic Control,92
DEL-015258,FL-066444,Air Traffic Control,77
DEL-015259,FL-066448,Maintenance,131
DEL-015260,FL-066458,Late Aircraft Arrival,18
DEL-015261,FL-066460,Air Traffic Control,152
DEL-015262,FL-066462,Maintenance,75
DEL-015263,FL-066465,Security,38
DEL-015264,FL-066475,Air Traffic Control,64
DEL-015265,FL-066476,Maintenance,47
DEL-015266,FL-066485,Security,26
DEL-015267,FL-066486,Weather,155
DEL-015268,FL-066493,Air Traffic Control,32
DEL-015269,FL-066502,Air Traffic Control,15
DEL-015270,FL-066506,Weather,80
DEL-015271,FL-066509,Weather,43
DEL-015272,FL-066511,Weather,56
DEL-015273,FL-066532,Weather,34
DEL-015274,FL-066535,Maintenance,59
DEL-015275,FL-066537,Weather,96
DEL-015276,FL-066538,Maintenance,109
DEL-015277,FL-066541,Air Traffic Control,46
DEL-015278,FL-066542,Security,20
DEL-015279,FL-066543,Late Aircraft Arrival,28
DEL-015280,FL-066547,Weather,34
DEL-015281,FL-066549,Air Traffic Control,24
DEL-015282,FL-066553,Maintenance,19
DEL-015283,FL-066555,Weather,19
DEL-015284,FL-066558,Late Aircraft Arrival,52
DEL-015285,FL-066560,Air Traffic Control,19
DEL-015286,FL-066561,Late Aircraft Arrival,86
DEL-015287,FL-066571,Weather,34
DEL-015288,FL-066572,Air Traffic Control,25
DEL-015289,FL-066578,Air Traffic Control,61
DEL-015290,FL-066581,Air Traffic Control,83
DEL-015291,FL-066585,Weather,34
DEL-015292,FL-066592,Air Traffic Control,59
DEL-015293,FL-066593,Weather,19
DEL-015294,FL-066595,Weather,43
DEL-015295,FL-066599,Maintenance,33
DEL-015296,FL-066601,Weather,29
DEL-015297,FL-066605,Late Aircraft Arrival,42
DEL-015298,FL-066608,Weather,32
DEL-015299,FL-066610,Maintenance,29
DEL-015300,FL-066612,Weather,71
DEL-015301,FL-066613,Weather,49
DEL-015302,FL-066614,Late Aircraft Arrival,86
DEL-015303,FL-066615,Maintenance,49
DEL-015304,FL-066618,Air Traffic Control,116
DEL-015305,FL-066619,Maintenance,60
DEL-015306,FL-066620,Security,32
DEL-015307,FL-066622,Late Aircraft Arrival,16
DEL-015308,FL-066629,Air Traffic Control,25
DEL-015309,FL-066630,Late Aircraft Arrival,21
DEL-015310,FL-066636,Air Traffic Control,19
DEL-015311,FL-066641,Late Aircraft Arrival,15
DEL-015312,FL-066645,Maintenance,30
DEL-015313,FL-066647,Weather,98
DEL-015314,FL-066651,Weather,16
DEL-015315,FL-066653,Maintenance,40
DEL-015316,FL-066655,Maintenance,51
DEL-015317,FL-066662,Weather,16
DEL-015318,FL-066663,Air Traffic Control,48
DEL-015319,FL-066668,Weather,56
DEL-015320,FL-066677,Weather,31
DEL-015321,FL-066679,Late Aircraft Arrival,26
DEL-015322,FL-066693,Weather,72
DEL-015323,FL-066694,Air Traffic Control,29
DEL-015324,FL-066697,Late Aircraft Arrival,57
DEL-015325,FL-066709,Air Traffic Control,69
DEL-015326,FL-066711,Weather,94
DEL-015327,FL-066713,Maintenance,28
DEL-015328,FL-066718,Maintenance,72
DEL-015329,FL-066719,Air Traffic Control,50
DEL-015330,FL-066722,Air Traffic Control,32
DEL-015331,FL-066725,Maintenance,109
DEL-015332,FL-066728,Air Traffic Control,55
DEL-015333,FL-066732,Air Traffic Control,21
DEL-015334,FL-066733,Late Aircraft Arrival,87
DEL-015335,FL-066734,Maintenance,34
DEL-015336,FL-066736,Weather,151
DEL-015337,FL-066737,Late Aircraft Arrival,27
DEL-015338,FL-066740,Air Traffic Control,34
DEL-015339,FL-066747,Maintenance,25
DEL-015340,FL-066748,Weather,58
DEL-015341,FL-066752,Weather,17
DEL-015342,FL-066756,Weather,36
DEL-015343,FL-066764,Weather,19
DEL-015344,FL-066765,Weather,88
DEL-015345,FL-066766,Air Traffic Control,60
DEL-015346,FL-066771,Late Aircraft Arrival,50
DEL-015347,FL-066772,Late Aircraft Arrival,79
DEL-015348,FL-066773,Weather,64
DEL-015349,FL-066779,Late Aircraft Arrival,33
DEL-015350,FL-066781,Maintenance,145
DEL-015351,FL-066782,Air Traffic Control,20
DEL-015352,FL-066788,Weather,71
DEL-015353,FL-066794,Weather,132
DEL-015354,FL-066797,Late Aircraft Arrival,84
DEL-015355,FL-066802,Late Aircraft Arrival,33
DEL-015356,FL-066806,Air Traffic Control,24
DEL-015357,FL-066809,Late Aircraft Arrival,15
DEL-015358,FL-066810,Late Aircraft Arrival,103
DEL-015359,FL-066817,Air Traffic Control,65
DEL-015360,FL-066820,Security,52
DEL-015361,FL-066821,Late Aircraft Arrival,154
DEL-015362,FL-066834,Weather,61
DEL-015363,FL-066838,Weather,131
DEL-015364,FL-066842,Weather,104
DEL-015365,FL-066844,Late Aircraft Arrival,17
DEL-015366,FL-066851,Air Traffic Control,26
DEL-015367,FL-066854,Late Aircraft Arrival,108
DEL-015368,FL-066861,Late Aircraft Arrival,15
DEL-015369,FL-066862,Late Aircraft Arrival,48
DEL-015370,FL-066866,Weather,119
DEL-015371,FL-066867,Air Traffic Control,28
DEL-015372,FL-066870,Air Traffic Control,104
DEL-015373,FL-066871,Air Traffic Control,163
DEL-015374,FL-066874,Late Aircraft Arrival,29
DEL-015375,FL-066875,Maintenance,37
DEL-015376,FL-066876,Late Aircraft Arrival,37
DEL-015377,FL-066884,Maintenance,37
DEL-015378,FL-066894,Weather,75
DEL-015379,FL-066907,Late Aircraft Arrival,89
DEL-015380,FL-066915,Security,27
DEL-015381,FL-066918,Weather,40
DEL-015382,FL-066921,Air Traffic Control,33
DEL-015383,FL-066926,Late Aircraft Arrival,49
DEL-015384,FL-066927,Weather,57
DEL-015385,FL-066931,Maintenance,61
DEL-015386,FL-066938,Maintenance,241
DEL-015387,FL-066944,Late Aircraft Arrival,18
DEL-015388,FL-066945,Maintenance,25
DEL-015389,FL-066946,Air Traffic Control,40
DEL-015390,FL-066947,Weather,53
DEL-015391,FL-066958,Air Traffic Control,58
DEL-015392,FL-066963,Air Traffic Control,44
DEL-015393,FL-066965,Air Traffic Control,87
DEL-015394,FL-066969,Air Traffic Control,33
DEL-015395,FL-066976,Late Aircraft Arrival,91
DEL-015396,FL-066977,Air Traffic Control,78
DEL-015397,FL-066978,Air Traffic Control,33
DEL-015398,FL-066982,Air Traffic Control,97
DEL-015399,FL-066988,Air Traffic Control,33
DEL-015400,FL-066990,Air Traffic Control,53
DEL-015401,FL-066996,Late Aircraft Arrival,124
DEL-015402,FL-067001,Maintenance,147
DEL-015403,FL-067003,Air Traffic Control,39
DEL-015404,FL-067011,Air Traffic Control,54
DEL-015405,FL-067014,Weather,71
DEL-015406,FL-067018,Weather,38
DEL-015407,FL-067020,Late Aircraft Arrival,115
DEL-015408,FL-067021,Weather,130
DEL-015409,FL-067022,Late Aircraft Arrival,80
DEL-015410,FL-067030,Maintenance,25
DEL-015411,FL-067031,Air Traffic Control,24
DEL-015412,FL-067037,Air Traffic Control,18
DEL-015413,FL-067039,Maintenance,29
DEL-015414,FL-067041,Weather,72
DEL-015415,FL-067046,Maintenance,33
DEL-015416,FL-067047,Weather,78
DEL-015417,FL-067048,Air Traffic Control,81
DEL-015418,FL-067049,Late Aircraft Arrival,23
DEL-015419,FL-067054,Air Traffic Control,54
DEL-015420,FL-067064,Weather,81
DEL-015421,FL-067076,Weather,73
DEL-015422,FL-067077,Late Aircraft Arrival,68
DEL-015423,FL-067079,Late Aircraft Arrival,42
DEL-015424,FL-067081,Weather,34
DEL-015425,FL-067082,Air Traffic Control,23
DEL-015426,FL-067089,Security,36
DEL-015427,FL-067094,Air Traffic Control,83
DEL-015428,FL-067100,Air Traffic Control,23
DEL-015429,FL-067102,Late Aircraft Arrival,54
DEL-015430,FL-067103,Late Aircraft Arrival,44
DEL-015431,FL-067114,Weather,19
DEL-015432,FL-067115,Air Traffic Control,94
DEL-015433,FL-067129,Late Aircraft Arrival,45
DEL-015434,FL-067130,Maintenance,60
DEL-015435,FL-067132,Late Aircraft Arrival,123
DEL-015436,FL-067133,Air Traffic Control,70
DEL-015437,FL-067141,Air Traffic Control,27
DEL-015438,FL-067142,Weather,23
DEL-015439,FL-067145,Late Aircraft Arrival,40
DEL-015440,FL-067149,Weather,58
DEL-015441,FL-067152,Security,99
DEL-015442,FL-067155,Air Traffic Control,191
DEL-015443,FL-067158,Air Traffic Control,17
DEL-015444,FL-067163,Security,52
DEL-015445,FL-067175,Air Traffic Control,106
DEL-015446,FL-067184,Maintenance,50
DEL-015447,FL-067186,Maintenance,47
DEL-015448,FL-067188,Air Traffic Control,33
DEL-015449,FL-067200,Maintenance,207
DEL-015450,FL-067203,Air Traffic Control,19
DEL-015451,FL-067208,Air Traffic Control,99
DEL-015452,FL-067222,Air Traffic Control,38
DEL-015453,FL-067233,Maintenance,32
DEL-015454,FL-067243,Weather,119
DEL-015455,FL-067244,Weather,242
DEL-015456,FL-067249,Air Traffic Control,58
DEL-015457,FL-067250,Weather,46
DEL-015458,FL-067255,Weather,175
DEL-015459,FL-067258,Late Aircraft Arrival,22
DEL-015460,FL-067259,Maintenance,85
DEL-015461,FL-067260,Maintenance,15
DEL-015462,FL-067264,Weather,28
DEL-015463,FL-067266,Security,135
DEL-015464,FL-067267,Maintenance,27
DEL-015465,FL-067268,Late Aircraft Arrival,130
DEL-015466,FL-067270,Maintenance,96
DEL-015467,FL-067275,Late Aircraft Arrival,34
DEL-015468,FL-067280,Air Traffic Control,116
DEL-015469,FL-067284,Air Traffic Control,19
DEL-015470,FL-067288,Air Traffic Control,71
DEL-015471,FL-067301,Maintenance,43
DEL-015472,FL-067307,Late Aircraft Arrival,34
DEL-015473,FL-067309,Air Traffic Control,33
DEL-015474,FL-067310,Weather,17
DEL-015475,FL-067311,Air Traffic Control,192
DEL-015476,FL-067313,Maintenance,42
DEL-015477,FL-067320,Weather,15
DEL-015478,FL-067321,Maintenance,46
DEL-015479,FL-067324,Weather,99
DEL-015480,FL-067330,Weather,15
DEL-015481,FL-067332,Air Traffic Control,93
DEL-015482,FL-067355,Air Traffic Control,61
DEL-015483,FL-067358,Weather,103
DEL-015484,FL-067359,Weather,32
DEL-015485,FL-067368,Maintenance,49
DEL-015486,FL-067373,Air Traffic Control,20
DEL-015487,FL-067377,Weather,160
DEL-015488,FL-067386,Weather,34
DEL-015489,FL-067390,Weather,23
DEL-015490,FL-067400,Maintenance,77
DEL-015491,FL-067402,Weather,112
DEL-015492,FL-067405,Weather,54
DEL-015493,FL-067406,Weather,134
DEL-015494,FL-067407,Security,143
DEL-015495,FL-067410,Weather,78
DEL-015496,FL-067414,Maintenance,36
DEL-015497,FL-067428,Maintenance,144
DEL-015498,FL-067434,Air Traffic Control,23
DEL-015499,FL-067436,Air Traffic Control,20
DEL-015500,FL-067437,Security,112
DEL-015501,FL-067448,Late Aircraft Arrival,27
DEL-015502,FL-067449,Air Traffic Control,133
DEL-015503,FL-067454,Weather,31
DEL-015504,FL-067462,Weather,18
DEL-015505,FL-067469,Late Aircraft Arrival,101
DEL-015506,FL-067476,Weather,37
DEL-015507,FL-067479,Weather,43
DEL-015508,FL-067481,Weather,24
DEL-015509,FL-067486,Late Aircraft Arrival,21
DEL-015510,FL-067488,Air Traffic Control,35
DEL-015511,FL-067489,Weather,84
DEL-015512,FL-067490,Weather,33
DEL-015513,FL-067493,Late Aircraft Arrival,179
DEL-015514,FL-067500,Late Aircraft Arrival,43
DEL-015515,FL-067504,Late Aircraft Arrival,116
DEL-015516,FL-067507,Late Aircraft Arrival,17
DEL-015517,FL-067511,Security,107
DEL-015518,FL-067516,Late Aircraft Arrival,17
DEL-015519,FL-067518,Air Traffic Control,17
DEL-015520,FL-067529,Late Aircraft Arrival,101
DEL-015521,FL-067530,Maintenance,42
DEL-015522,FL-067532,Air Traffic Control,68
DEL-015523,FL-067540,Late Aircraft Arrival,43
DEL-015524,FL-067544,Weather,36
DEL-015525,FL-067546,Weather,96
DEL-015526,FL-067551,Maintenance,24
DEL-015527,FL-067553,Weather,100
DEL-015528,FL-067556,Maintenance,36
DEL-015529,FL-067568,Air Traffic Control,56
DEL-015530,FL-067573,Maintenance,82
DEL-015531,FL-067574,Air Traffic Control,31
DEL-015532,FL-067579,Maintenance,75
DEL-015533,FL-067580,Weather,103
DEL-015534,FL-067585,Maintenance,23
DEL-015535,FL-067590,Air Traffic Control,17
DEL-015536,FL-067596,Late Aircraft Arrival,30
DEL-015537,FL-067605,Maintenance,38
DEL-015538,FL-067611,Maintenance,65
DEL-015539,FL-067613,Maintenance,74
DEL-015540,FL-067620,Air Traffic Control,23
DEL-015541,FL-067621,Maintenance,64
DEL-015542,FL-067623,Weather,52
DEL-015543,FL-067625,Late Aircraft Arrival,27
DEL-015544,FL-067626,Air Traffic Control,48
DEL-015545,FL-067627,Late Aircraft Arrival,156
DEL-015546,FL-067643,Weather,79
DEL-015547,FL-067648,Maintenance,26
DEL-015548,FL-067652,Maintenance,45
DEL-015549,FL-067654,Weather,72
DEL-015550,FL-067656,Air Traffic Control,66
DEL-015551,FL-067658,Air Traffic Control,24
DEL-015552,FL-067663,Maintenance,110
DEL-015553,FL-067664,Air Traffic Control,160
DEL-015554,FL-067669,Weather,59
DEL-015555,FL-067670,Maintenance,17
DEL-015556,FL-067674,Late Aircraft Arrival,50
DEL-015557,FL-067678,Air Traffic Control,20
DEL-015558,FL-067680,Late Aircraft Arrival,33
DEL-015559,FL-067691,Maintenance,52
DEL-015560,FL-067695,Air Traffic Control,41
DEL-015561,FL-067702,Weather,20
DEL-015562,FL-067708,Weather,73
DEL-015563,FL-067715,Late Aircraft Arrival,61
DEL-015564,FL-067720,Air Traffic Control,54
DEL-015565,FL-067721,Maintenance,74
DEL-015566,FL-067724,Late Aircraft Arrival,20
DEL-015567,FL-067726,Maintenance,27
DEL-015568,FL-067731,Security,207
DEL-015569,FL-067735,Air Traffic Control,98
DEL-015570,FL-067748,Maintenance,77
DEL-015571,FL-067754,Air Traffic Control,27
DEL-015572,FL-067755,Weather,33
DEL-015573,FL-067757,Weather,54
DEL-015574,FL-067758,Late Aircraft Arrival,45
DEL-015575,FL-067763,Maintenance,16
DEL-015576,FL-067767,Air Traffic Control,91
DEL-015577,FL-067768,Air Traffic Control,39
DEL-015578,FL-067772,Maintenance,38
DEL-015579,FL-067776,Air Traffic Control,17
DEL-015580,FL-067785,Air Traffic Control,77
DEL-015581,FL-067789,Maintenance,37
DEL-015582,FL-067792,Late Aircraft Arrival,25
DEL-015583,FL-067805,Late Aircraft Arrival,56
DEL-015584,FL-067806,Maintenance,42
DEL-015585,FL-067809,Late Aircraft Arrival,68
DEL-015586,FL-067814,Air Traffic Control,80
DEL-015587,FL-067815,Maintenance,87
DEL-015588,FL-067816,Late Aircraft Arrival,53
DEL-015589,FL-067819,Security,24
DEL-015590,FL-067836,Weather,75
DEL-015591,FL-067841,Maintenance,68
DEL-015592,FL-067861,Late Aircraft Arrival,27
DEL-015593,FL-067869,Weather,142
DEL-015594,FL-067870,Air Traffic Control,135
DEL-015595,FL-067873,Air Traffic Control,22
DEL-015596,FL-067875,Air Traffic Control,16
DEL-015597,FL-067879,Air Traffic Control,44
DEL-015598,FL-067880,Late Aircraft Arrival,132
DEL-015599,FL-067881,Late Aircraft Arrival,38
DEL-015600,FL-067882,Air Traffic Control,39
DEL-015601,FL-067885,Weather,53
DEL-015602,FL-067888,Maintenance,223
DEL-015603,FL-067889,Air Traffic Control,22
DEL-015604,FL-067890,Weather,52
DEL-015605,FL-067894,Air Traffic Control,16
DEL-015606,FL-067896,Late Aircraft Arrival,23
DEL-015607,FL-067897,Maintenance,85
DEL-015608,FL-067904,Weather,22
DEL-015609,FL-067908,Maintenance,90
DEL-015610,FL-067925,Maintenance,78
DEL-015611,FL-067927,Late Aircraft Arrival,63
DEL-015612,FL-067932,Air Traffic Control,27
DEL-015613,FL-067933,Weather,56
DEL-015614,FL-067936,Air Traffic Control,17
DEL-015615,FL-067949,Maintenance,45
DEL-015616,FL-067954,Air Traffic Control,44
DEL-015617,FL-067959,Maintenance,93
DEL-015618,FL-067960,Maintenance,106
DEL-015619,FL-067961,Weather,57
DEL-015620,FL-067975,Late Aircraft Arrival,15
DEL-015621,FL-067982,Air Traffic Control,24
DEL-015622,FL-067988,Air Traffic Control,31
DEL-015623,FL-067990,Air Traffic Control,22
DEL-015624,FL-067998,Security,34
DEL-015625,FL-068006,Late Aircraft Arrival,35
DEL-015626,FL-068012,Maintenance,63
DEL-015627,FL-068015,Weather,91
DEL-015628,FL-068018,Air Traffic Control,25
DEL-015629,FL-068019,Air Traffic Control,15
DEL-015630,FL-068022,Weather,44
DEL-015631,FL-068024,Maintenance,40
DEL-015632,FL-068028,Weather,113
DEL-015633,FL-068030,Late Aircraft Arrival,44
DEL-015634,FL-068038,Weather,119
DEL-015635,FL-068049,Air Traffic Control,23
DEL-015636,FL-068050,Maintenance,34
DEL-015637,FL-068057,Late Aircraft Arrival,16
DEL-015638,FL-068059,Late Aircraft Arrival,49
DEL-015639,FL-068067,Late Aircraft Arrival,52
DEL-015640,FL-068080,Air Traffic Control,17
DEL-015641,FL-068081,Air Traffic Control,81
DEL-015642,FL-068087,Late Aircraft Arrival,178
DEL-015643,FL-068105,Maintenance,74
DEL-015644,FL-068111,Air Traffic Control,100
DEL-015645,FL-068116,Late Aircraft Arrival,72
DEL-015646,FL-068120,Maintenance,58
DEL-015647,FL-068122,Maintenance,99
DEL-015648,FL-068125,Air Traffic Control,83
DEL-015649,FL-068127,Air Traffic Control,55
DEL-015650,FL-068131,Weather,104
DEL-015651,FL-068146,Maintenance,45
DEL-015652,FL-068153,Security,88
DEL-015653,FL-068155,Weather,41
DEL-015654,FL-068158,Maintenance,38
DEL-015655,FL-068161,Security,85
DEL-015656,FL-068163,Maintenance,97
DEL-015657,FL-068168,Late Aircraft Arrival,201
DEL-015658,FL-068171,Late Aircraft Arrival,102
DEL-015659,FL-068172,Air Traffic Control,16
DEL-015660,FL-068178,Weather,39
DEL-015661,FL-068179,Late Aircraft Arrival,43
DEL-015662,FL-068180,Air Traffic Control,115
DEL-015663,FL-068183,Weather,28
DEL-015664,FL-068186,Late Aircraft Arrival,31
DEL-015665,FL-068188,Weather,96
DEL-015666,FL-068190,Maintenance,18
DEL-015667,FL-068198,Late Aircraft Arrival,28
DEL-015668,FL-068199,Weather,16
DEL-015669,FL-068206,Weather,34
DEL-015670,FL-068207,Late Aircraft Arrival,18
DEL-015671,FL-068209,Weather,46
DEL-015672,FL-068214,Weather,30
DEL-015673,FL-068219,Air Traffic Control,170
DEL-015674,FL-068221,Weather,44
DEL-015675,FL-068228,Maintenance,46
DEL-015676,FL-068232,Security,15
DEL-015677,FL-068236,Air Traffic Control,20
DEL-015678,FL-068240,Weather,47
DEL-015679,FL-068254,Late Aircraft Arrival,58
DEL-015680,FL-068258,Air Traffic Control,22
DEL-015681,FL-068262,Maintenance,35
DEL-015682,FL-068268,Air Traffic Control,88
DEL-015683,FL-068272,Maintenance,70
DEL-015684,FL-068275,Air Traffic Control,45
DEL-015685,FL-068277,Air Traffic Control,114
DEL-015686,FL-068288,Air Traffic Control,28
DEL-015687,FL-068289,Air Traffic Control,136
DEL-015688,FL-068311,Air Traffic Control,120
DEL-015689,FL-068314,Maintenance,36
DEL-015690,FL-068315,Late Aircraft Arrival,27
DEL-015691,FL-068317,Security,16
DEL-015692,FL-068324,Maintenance,98
DEL-015693,FL-068325,Weather,40
DEL-015694,FL-068332,Late Aircraft Arrival,28
DEL-015695,FL-068347,Air Traffic Control,158
DEL-015696,FL-068349,Maintenance,86
DEL-015697,FL-068351,Weather,43
DEL-015698,FL-068354,Air Traffic Control,23
DEL-015699,FL-068367,Late Aircraft Arrival,17
DEL-015700,FL-068373,Late Aircraft Arrival,20
DEL-015701,FL-068374,Weather,174
DEL-015702,FL-068376,Security,18
DEL-015703,FL-068378,Maintenance,22
DEL-015704,FL-068379,Weather,54
DEL-015705,FL-068383,Weather,28
DEL-015706,FL-068385,Air Traffic Control,69
DEL-015707,FL-068390,Air Traffic Control,31
DEL-015708,FL-068394,Air Traffic Control,21
DEL-015709,FL-068396,Air Traffic Control,61
DEL-015710,FL-068400,Weather,21
DEL-015711,FL-068404,Late Aircraft Arrival,68
DEL-015712,FL-068407,Maintenance,37
DEL-015713,FL-068410,Late Aircraft Arrival,152
DEL-015714,FL-068414,Weather,27
DEL-015715,FL-068420,Late Aircraft Arrival,72
DEL-015716,FL-068421,Weather,25
DEL-015717,FL-068423,Maintenance,70
DEL-015718,FL-068428,Weather,20
DEL-015719,FL-068433,Weather,27
DEL-015720,FL-068438,Weather,89
DEL-015721,FL-068446,Weather,17
DEL-015722,FL-068450,Late Aircraft Arrival,32
DEL-015723,FL-068452,Air Traffic Control,32
DEL-015724,FL-068453,Air Traffic Control,56
DEL-015725,FL-068460,Security,33
DEL-015726,FL-068462,Air Traffic Control,144
DEL-015727,FL-068463,Weather,24
DEL-015728,FL-068471,Air Traffic Control,81
DEL-015729,FL-068473,Air Traffic Control,29
DEL-015730,FL-068475,Weather,181
DEL-015731,FL-068478,Late Aircraft Arrival,124
DEL-015732,FL-068480,Security,185
DEL-015733,FL-068481,Air Traffic Control,17
DEL-015734,FL-068492,Air Traffic Control,29
DEL-015735,FL-068496,Late Aircraft Arrival,19
DEL-015736,FL-068509,Maintenance,69
DEL-015737,FL-068517,Maintenance,49
DEL-015738,FL-068522,Late Aircraft Arrival,25
DEL-015739,FL-068524,Weather,117
DEL-015740,FL-068527,Maintenance,29
DEL-015741,FL-068540,Air Traffic Control,172
DEL-015742,FL-068544,Late Aircraft Arrival,22
DEL-015743,FL-068546,Weather,67
DEL-015744,FL-068548,Maintenance,33
DEL-015745,FL-068552,Weather,66
DEL-015746,FL-068557,Maintenance,31
DEL-015747,FL-068558,Weather,216
DEL-015748,FL-068559,Late Aircraft Arrival,27
DEL-015749,FL-068569,Air Traffic Control,16
DEL-015750,FL-068573,Late Aircraft Arrival,47
DEL-015751,FL-068579,Air Traffic Control,20
DEL-015752,FL-068581,Late Aircraft Arrival,17
DEL-015753,FL-068583,Air Traffic Control,70
DEL-015754,FL-068586,Maintenance,44
DEL-015755,FL-068588,Security,94
DEL-015756,FL-068596,Weather,31
DEL-015757,FL-068599,Late Aircraft Arrival,60
DEL-015758,FL-068606,Weather,31
DEL-015759,FL-068610,Late Aircraft Arrival,91
DEL-015760,FL-068611,Late Aircraft Arrival,25
DEL-015761,FL-068619,Air Traffic Control,23
DEL-015762,FL-068635,Air Traffic Control,132
DEL-015763,FL-068636,Maintenance,41
DEL-015764,FL-068644,Air Traffic Control,27
DEL-015765,FL-068648,Weather,53
DEL-015766,FL-068666,Maintenance,159
DEL-015767,FL-068667,Maintenance,60
DEL-015768,FL-068672,Weather,58
DEL-015769,FL-068683,Air Traffic Control,49
DEL-015770,FL-068684,Air Traffic Control,21
DEL-015771,FL-068685,Late Aircraft Arrival,22
DEL-015772,FL-068688,Maintenance,55
DEL-015773,FL-068694,Security,100
DEL-015774,FL-068702,Weather,50
DEL-015775,FL-068705,Maintenance,70
DEL-015776,FL-068713,Air Traffic Control,109
DEL-015777,FL-068716,Security,25
DEL-015778,FL-068728,Late Aircraft Arrival,189
DEL-015779,FL-068734,Weather,60
DEL-015780,FL-068740,Air Traffic Control,19
DEL-015781,FL-068741,Late Aircraft Arrival,53
DEL-015782,FL-068744,Air Traffic Control,36
DEL-015783,FL-068751,Maintenance,85
DEL-015784,FL-068760,Maintenance,79
DEL-015785,FL-068765,Late Aircraft Arrival,63
DEL-015786,FL-068769,Maintenance,52
DEL-015787,FL-068772,Late Aircraft Arrival,16
DEL-015788,FL-068780,Security,15
DEL-015789,FL-068782,Air Traffic Control,26
DEL-015790,FL-068787,Late Aircraft Arrival,22
DEL-015791,FL-068793,Air Traffic Control,39
DEL-015792,FL-068795,Late Aircraft Arrival,18
DEL-015793,FL-068797,Air Traffic Control,25
DEL-015794,FL-068803,Air Traffic Control,21
DEL-015795,FL-068807,Maintenance,55
DEL-015796,FL-068811,Security,103
DEL-015797,FL-068812,Maintenance,37
DEL-015798,FL-068816,Late Aircraft Arrival,131
DEL-015799,FL-068817,Maintenance,23
DEL-015800,FL-068820,Maintenance,35
DEL-015801,FL-068824,Maintenance,44
DEL-015802,FL-068826,Late Aircraft Arrival,110
DEL-015803,FL-068828,Air Traffic Control,40
DEL-015804,FL-068830,Late Aircraft Arrival,32
DEL-015805,FL-068832,Maintenance,76
DEL-015806,FL-068851,Late Aircraft Arrival,16
DEL-015807,FL-068853,Security,38
DEL-015808,FL-068856,Air Traffic Control,89
DEL-015809,FL-068862,Weather,61
DEL-015810,FL-068864,Weather,137
DEL-015811,FL-068868,Air Traffic Control,32
DEL-015812,FL-068869,Air Traffic Control,89
DEL-015813,FL-068875,Maintenance,58
DEL-015814,FL-068876,Weather,100
DEL-015815,FL-068888,Air Traffic Control,52
DEL-015816,FL-068895,Air Traffic Control,69
DEL-015817,FL-068903,Maintenance,36
DEL-015818,FL-068906,Air Traffic Control,97
DEL-015819,FL-068907,Maintenance,43
DEL-015820,FL-068908,Weather,23
DEL-015821,FL-068913,Late Aircraft Arrival,83
DEL-015822,FL-068917,Security,17
DEL-015823,FL-068919,Air Traffic Control,28
DEL-015824,FL-068924,Maintenance,41
DEL-015825,FL-068927,Weather,53
DEL-015826,FL-068939,Weather,24
DEL-015827,FL-068941,Air Traffic Control,56
DEL-015828,FL-068950,Air Traffic Control,26
DEL-015829,FL-068958,Late Aircraft Arrival,27
DEL-015830,FL-068967,Weather,60
DEL-015831,FL-068973,Air Traffic Control,72
DEL-015832,FL-068978,Late Aircraft Arrival,150
DEL-015833,FL-068979,Weather,92
DEL-015834,FL-068990,Late Aircraft Arrival,37
DEL-015835,FL-068992,Air Traffic Control,28
DEL-015836,FL-068996,Security,104
DEL-015837,FL-069001,Air Traffic Control,17
DEL-015838,FL-069005,Maintenance,27
DEL-015839,FL-069006,Weather,17
DEL-015840,FL-069008,Maintenance,25
DEL-015841,FL-069013,Late Aircraft Arrival,74
DEL-015842,FL-069032,Security,45
DEL-015843,FL-069039,Maintenance,36
DEL-015844,FL-069040,Weather,70
DEL-015845,FL-069041,Maintenance,17
DEL-015846,FL-069043,Late Aircraft Arrival,43
DEL-015847,FL-069048,Air Traffic Control,89
DEL-015848,FL-069055,Late Aircraft Arrival,32
DEL-015849,FL-069067,Air Traffic Control,22
DEL-015850,FL-069073,Weather,81
DEL-015851,FL-069077,Maintenance,42
DEL-015852,FL-069079,Weather,37
DEL-015853,FL-069082,Air Traffic Control,32
DEL-015854,FL-069083,Maintenance,32
DEL-015855,FL-069087,Air Traffic Control,21
DEL-015856,FL-069091,Maintenance,79
DEL-015857,FL-069092,Late Aircraft Arrival,33
DEL-015858,FL-069093,Late Aircraft Arrival,26
DEL-015859,FL-069098,Weather,66
DEL-015860,FL-069109,Security,30
DEL-015861,FL-069114,Air Traffic Control,19
DEL-015862,FL-069119,Weather,38
DEL-015863,FL-069120,Weather,67
DEL-015864,FL-069124,Maintenance,74
DEL-015865,FL-069134,Air Traffic Control,76
DEL-015866,FL-069135,Weather,111
DEL-015867,FL-069140,Air Traffic Control,102
DEL-015868,FL-069141,Maintenance,132
DEL-015869,FL-069143,Air Traffic Control,60
DEL-015870,FL-069144,Maintenance,37
DEL-015871,FL-069145,Security,92
DEL-015872,FL-069146,Maintenance,21
DEL-015873,FL-069152,Weather,22
DEL-015874,FL-069155,Air Traffic Control,22
DEL-015875,FL-069159,Air Traffic Control,16
DEL-015876,FL-069178,Weather,90
DEL-015877,FL-069182,Late Aircraft Arrival,47
DEL-015878,FL-069189,Air Traffic Control,137
DEL-015879,FL-069198,Weather,47
DEL-015880,FL-069202,Weather,15
DEL-015881,FL-069208,Air Traffic Control,92
DEL-015882,FL-069211,Air Traffic Control,24
DEL-015883,FL-069212,Late Aircraft Arrival,21
DEL-015884,FL-069213,Air Traffic Control,27
DEL-015885,FL-069214,Maintenance,62
DEL-015886,FL-069222,Weather,41
DEL-015887,FL-069224,Late Aircraft Arrival,28
DEL-015888,FL-069228,Weather,70
DEL-015889,FL-069234,Weather,24
DEL-015890,FL-069243,Air Traffic Control,26
DEL-015891,FL-069255,Late Aircraft Arrival,52
DEL-015892,FL-069256,Air Traffic Control,43
DEL-015893,FL-069261,Air Traffic Control,85
DEL-015894,FL-069264,Maintenance,28
DEL-015895,FL-069265,Maintenance,40
DEL-015896,FL-069272,Air Traffic Control,59
DEL-015897,FL-069273,Late Aircraft Arrival,50
DEL-015898,FL-069276,Maintenance,28
DEL-015899,FL-069282,Late Aircraft Arrival,56
DEL-015900,FL-069293,Air Traffic Control,134
DEL-015901,FL-069294,Air Traffic Control,59
DEL-015902,FL-069295,Weather,21
DEL-015903,FL-069296,Maintenance,54
DEL-015904,FL-069300,Late Aircraft Arrival,50
DEL-015905,FL-069302,Late Aircraft Arrival,34
DEL-015906,FL-069303,Late Aircraft Arrival,29
DEL-015907,FL-069310,Weather,35
DEL-015908,FL-069313,Late Aircraft Arrival,139
DEL-015909,FL-069315,Maintenance,22
DEL-015910,FL-069322,Weather,79
DEL-015911,FL-069324,Maintenance,45
DEL-015912,FL-069329,Weather,32
DEL-015913,FL-069331,Weather,115
DEL-015914,FL-069332,Late Aircraft Arrival,76
DEL-015915,FL-069341,Late Aircraft Arrival,29
DEL-015916,FL-069342,Late Aircraft Arrival,20
DEL-015917,FL-069344,Maintenance,15
DEL-015918,FL-069347,Maintenance,30
DEL-015919,FL-069348,Air Traffic Control,128
DEL-015920,FL-069354,Air Traffic Control,16
DEL-015921,FL-069355,Weather,24
DEL-015922,FL-069359,Air Traffic Control,149
DEL-015923,FL-069360,Maintenance,24
DEL-015924,FL-069363,Maintenance,40
DEL-015925,FL-069365,Air Traffic Control,28
DEL-015926,FL-069378,Maintenance,68
DEL-015927,FL-069390,Air Traffic Control,99
DEL-015928,FL-069391,Maintenance,19
DEL-015929,FL-069394,Weather,54
DEL-015930,FL-069396,Air Traffic Control,26
DEL-015931,FL-069399,Security,81
DEL-015932,FL-069400,Maintenance,346
DEL-015933,FL-069408,Maintenance,45
DEL-015934,FL-069411,Weather,50
DEL-015935,FL-069412,Air Traffic Control,60
DEL-015936,FL-069413,Air Traffic Control,46
DEL-015937,FL-069414,Weather,42
DEL-015938,FL-069415,Air Traffic Control,65
DEL-015939,FL-069419,Maintenance,37
DEL-015940,FL-069422,Weather,53
DEL-015941,FL-069423,Maintenance,26
DEL-015942,FL-069433,Air Traffic Control,132
DEL-015943,FL-069435,Air Traffic Control,61
DEL-015944,FL-069441,Air Traffic Control,44
DEL-015945,FL-069444,Maintenance,29
DEL-015946,FL-069446,Maintenance,31
DEL-015947,FL-069450,Maintenance,120
DEL-015948,FL-069451,Air Traffic Control,39
DEL-015949,FL-069455,Security,163
DEL-015950,FL-069463,Air Traffic Control,42
DEL-015951,FL-069467,Maintenance,23
DEL-015952,FL-069468,Weather,98
DEL-015953,FL-069471,Maintenance,27
DEL-015954,FL-069478,Weather,16
DEL-015955,FL-069480,Maintenance,37
DEL-015956,FL-069483,Weather,98
DEL-015957,FL-069485,Air Traffic Control,43
DEL-015958,FL-069491,Weather,19
DEL-015959,FL-069492,Weather,46
DEL-015960,FL-069493,Late Aircraft Arrival,35
DEL-015961,FL-069513,Weather,64
DEL-015962,FL-069519,Air Traffic Control,83
DEL-015963,FL-069523,Late Aircraft Arrival,19
DEL-015964,FL-069525,Air Traffic Control,59
DEL-015965,FL-069529,Weather,49
DEL-015966,FL-069530,Security,86
DEL-015967,FL-069533,Maintenance,30
DEL-015968,FL-069536,Air Traffic Control,25
DEL-015969,FL-069545,Weather,73
DEL-015970,FL-069546,Late Aircraft Arrival,31
DEL-015971,FL-069547,Late Aircraft Arrival,85
DEL-015972,FL-069549,Maintenance,56
DEL-015973,FL-069550,Weather,15
DEL-015974,FL-069551,Security,16
DEL-015975,FL-069552,Late Aircraft Arrival,41
DEL-015976,FL-069553,Air Traffic Control,22
DEL-015977,FL-069555,Maintenance,56
DEL-015978,FL-069556,Maintenance,63
DEL-015979,FL-069563,Maintenance,106
DEL-015980,FL-069564,Maintenance,17
DEL-015981,FL-069567,Maintenance,148
DEL-015982,FL-069568,Air Traffic Control,17
DEL-015983,FL-069571,Late Aircraft Arrival,27
DEL-015984,FL-069572,Maintenance,76
DEL-015985,FL-069576,Weather,184
DEL-015986,FL-069578,Late Aircraft Arrival,16
DEL-015987,FL-069583,Security,46
DEL-015988,FL-069584,Weather,34
DEL-015989,FL-069587,Maintenance,117
DEL-015990,FL-069591,Maintenance,50
DEL-015991,FL-069595,Maintenance,37
DEL-015992,FL-069598,Security,91
DEL-015993,FL-069602,Weather,101
DEL-015994,FL-069604,Security,21
DEL-015995,FL-069607,Security,42
DEL-015996,FL-069616,Weather,42
DEL-015997,FL-069625,Late Aircraft Arrival,53
DEL-015998,FL-069630,Air Traffic Control,15
DEL-015999,FL-069632,Weather,36
DEL-016000,FL-069633,Maintenance,75
DEL-016001,FL-069634,Late Aircraft Arrival,38
DEL-016002,FL-069642,Maintenance,21
DEL-016003,FL-069651,Weather,122
DEL-016004,FL-069659,Late Aircraft Arrival,116
DEL-016005,FL-069662,Air Traffic Control,68
DEL-016006,FL-069664,Maintenance,69
DEL-016007,FL-069665,Late Aircraft Arrival,29
DEL-016008,FL-069667,Weather,20
DEL-016009,FL-069669,Maintenance,21
DEL-016010,FL-069672,Air Traffic Control,72
DEL-016011,FL-069673,Air Traffic Control,63
DEL-016012,FL-069674,Air Traffic Control,367
DEL-016013,FL-069676,Air Traffic Control,80
DEL-016014,FL-069680,Weather,52
DEL-016015,FL-069681,Weather,46
DEL-016016,FL-069694,Weather,40
DEL-016017,FL-069696,Air Traffic Control,126
DEL-016018,FL-069697,Weather,63
DEL-016019,FL-069706,Maintenance,92
DEL-016020,FL-069708,Maintenance,100
DEL-016021,FL-069709,Air Traffic Control,31
DEL-016022,FL-069712,Late Aircraft Arrival,52
DEL-016023,FL-069737,Late Aircraft Arrival,51
DEL-016024,FL-069739,Air Traffic Control,171
DEL-016025,FL-069746,Maintenance,58
DEL-016026,FL-069755,Air Traffic Control,43
DEL-016027,FL-069756,Air Traffic Control,68
DEL-016028,FL-069760,Maintenance,20
DEL-016029,FL-069762,Air Traffic Control,45
DEL-016030,FL-069768,Weather,20
DEL-016031,FL-069770,Maintenance,46
DEL-016032,FL-069775,Late Aircraft Arrival,33
DEL-016033,FL-069782,Late Aircraft Arrival,44
DEL-016034,FL-069784,Maintenance,125
DEL-016035,FL-069785,Weather,19
DEL-016036,FL-069795,Weather,102
DEL-016037,FL-069796,Air Traffic Control,40
DEL-016038,FL-069797,Air Traffic Control,56
DEL-016039,FL-069802,Weather,97
DEL-016040,FL-069803,Air Traffic Control,26
DEL-016041,FL-069807,Air Traffic Control,27
DEL-016042,FL-069810,Maintenance,23
DEL-016043,FL-069823,Late Aircraft Arrival,39
DEL-016044,FL-069827,Late Aircraft Arrival,112
DEL-016045,FL-069830,Security,19
DEL-016046,FL-069834,Maintenance,15
DEL-016047,FL-069837,Air Traffic Control,56
DEL-016048,FL-069839,Security,37
DEL-016049,FL-069841,Weather,17
DEL-016050,FL-069845,Air Traffic Control,79
DEL-016051,FL-069850,Air Traffic Control,56
DEL-016052,FL-069857,Late Aircraft Arrival,167
DEL-016053,FL-069865,Late Aircraft Arrival,62
DEL-016054,FL-069866,Late Aircraft Arrival,33
DEL-016055,FL-069868,Air Traffic Control,69
DEL-016056,FL-069870,Air Traffic Control,42
DEL-016057,FL-069871,Late Aircraft Arrival,69
DEL-016058,FL-069876,Air Traffic Control,151
DEL-016059,FL-069877,Weather,31
DEL-016060,FL-069879,Maintenance,30
DEL-016061,FL-069887,Air Traffic Control,98
DEL-016062,FL-069893,Late Aircraft Arrival,34
DEL-016063,FL-069896,Late Aircraft Arrival,75
DEL-016064,FL-069897,Late Aircraft Arrival,76
DEL-016065,FL-069914,Weather,59
DEL-016066,FL-069915,Late Aircraft Arrival,52
DEL-016067,FL-069916,Weather,21
DEL-016068,FL-069922,Maintenance,46
DEL-016069,FL-069928,Weather,152
DEL-016070,FL-069930,Maintenance,17
DEL-016071,FL-069935,Late Aircraft Arrival,22
DEL-016072,FL-069938,Weather,23
DEL-016073,FL-069941,Air Traffic Control,31
DEL-016074,FL-069951,Air Traffic Control,69
DEL-016075,FL-069953,Late Aircraft Arrival,48
DEL-016076,FL-069958,Maintenance,87
DEL-016077,FL-069962,Late Aircraft Arrival,33
DEL-016078,FL-069971,Weather,21
DEL-016079,FL-069975,Air Traffic Control,117
DEL-016080,FL-069979,Late Aircraft Arrival,59
DEL-016081,FL-069982,Air Traffic Control,67
DEL-016082,FL-069985,Weather,21
DEL-016083,FL-069997,Late Aircraft Arrival,34
DEL-016084,FL-070003,Air Traffic Control,45
DEL-016085,FL-070005,Weather,95
DEL-016086,FL-070006,Weather,36
DEL-016087,FL-070029,Late Aircraft Arrival,55
DEL-016088,FL-070034,Air Traffic Control,94
DEL-016089,FL-070040,Weather,38
DEL-016090,FL-070042,Late Aircraft Arrival,39
DEL-016091,FL-070043,Weather,89
DEL-016092,FL-070044,Air Traffic Control,18
DEL-016093,FL-070052,Maintenance,24
DEL-016094,FL-070066,Air Traffic Control,85
DEL-016095,FL-070069,Air Traffic Control,146
DEL-016096,FL-070079,Maintenance,23
DEL-016097,FL-070081,Air Traffic Control,17
DEL-016098,FL-070082,Maintenance,63
DEL-016099,FL-070089,Security,45
DEL-016100,FL-070092,Late Aircraft Arrival,155
DEL-016101,FL-070106,Air Traffic Control,74
DEL-016102,FL-070107,Air Traffic Control,16
DEL-016103,FL-070119,Late Aircraft Arrival,230
DEL-016104,FL-070123,Security,78
DEL-016105,FL-070125,Late Aircraft Arrival,63
DEL-016106,FL-070128,Weather,195
DEL-016107,FL-070132,Air Traffic Control,37
DEL-016108,FL-070145,Air Traffic Control,61
DEL-016109,FL-070146,Air Traffic Control,63
DEL-016110,FL-070148,Air Traffic Control,32
DEL-016111,FL-070151,Late Aircraft Arrival,29
DEL-016112,FL-070153,Late Aircraft Arrival,26
DEL-016113,FL-070154,Air Traffic Control,117
DEL-016114,FL-070168,Air Traffic Control,27
DEL-016115,FL-070171,Late Aircraft Arrival,28
DEL-016116,FL-070178,Late Aircraft Arrival,48
DEL-016117,FL-070179,Maintenance,43
DEL-016118,FL-070182,Late Aircraft Arrival,56
DEL-016119,FL-070184,Maintenance,25
DEL-016120,FL-070188,Air Traffic Control,56
DEL-016121,FL-070189,Weather,158
DEL-016122,FL-070190,Maintenance,123
DEL-016123,FL-070192,Weather,20
DEL-016124,FL-070193,Security,28
DEL-016125,FL-070194,Maintenance,75
DEL-016126,FL-070202,Weather,194
DEL-016127,FL-070204,Late Aircraft Arrival,35
DEL-016128,FL-070205,Weather,90
DEL-016129,FL-070206,Weather,129
DEL-016130,FL-070217,Maintenance,26
DEL-016131,FL-070229,Maintenance,27
DEL-016132,FL-070233,Air Traffic Control,38
DEL-016133,FL-070239,Weather,72
DEL-016134,FL-070245,Weather,68
DEL-016135,FL-070249,Late Aircraft Arrival,24
DEL-016136,FL-070252,Maintenance,23
DEL-016137,FL-070256,Weather,111
DEL-016138,FL-070272,Weather,77
DEL-016139,FL-070281,Late Aircraft Arrival,68
DEL-016140,FL-070282,Weather,53
DEL-016141,FL-070285,Air Traffic Control,19
DEL-016142,FL-070290,Maintenance,53
DEL-016143,FL-070293,Weather,56
DEL-016144,FL-070299,Air Traffic Control,37
DEL-016145,FL-070303,Security,140
DEL-016146,FL-070308,Air Traffic Control,39
DEL-016147,FL-070310,Air Traffic Control,16
DEL-016148,FL-070316,Air Traffic Control,54
DEL-016149,FL-070318,Security,352
DEL-016150,FL-070322,Weather,110
DEL-016151,FL-070328,Weather,32
DEL-016152,FL-070330,Air Traffic Control,59
DEL-016153,FL-070352,Late Aircraft Arrival,35
DEL-016154,FL-070375,Maintenance,126
DEL-016155,FL-070387,Security,32
DEL-016156,FL-070389,Weather,24
DEL-016157,FL-070392,Security,28
DEL-016158,FL-070394,Maintenance,31
DEL-016159,FL-070400,Maintenance,88
DEL-016160,FL-070402,Maintenance,38
DEL-016161,FL-070403,Weather,96
DEL-016162,FL-070406,Late Aircraft Arrival,15
DEL-016163,FL-070407,Weather,54
DEL-016164,FL-070413,Air Traffic Control,15
DEL-016165,FL-070414,Weather,52
DEL-016166,FL-070420,Weather,28
DEL-016167,FL-070421,Maintenance,37
DEL-016168,FL-070422,Weather,24
DEL-016169,FL-070424,Weather,38
DEL-016170,FL-070425,Late Aircraft Arrival,27
DEL-016171,FL-070433,Weather,26
DEL-016172,FL-070435,Maintenance,45
DEL-016173,FL-070436,Air Traffic Control,34
DEL-016174,FL-070443,Maintenance,63
DEL-016175,FL-070448,Air Traffic Control,25
DEL-016176,FL-070450,Maintenance,41
DEL-016177,FL-070456,Late Aircraft Arrival,20
DEL-016178,FL-070459,Security,140
DEL-016179,FL-070460,Weather,48
DEL-016180,FL-070466,Weather,71
DEL-016181,FL-070469,Late Aircraft Arrival,28
DEL-016182,FL-070471,Air Traffic Control,114
DEL-016183,FL-070475,Weather,319
DEL-016184,FL-070479,Weather,26
DEL-016185,FL-070480,Maintenance,36
DEL-016186,FL-070484,Maintenance,116
DEL-016187,FL-070493,Weather,18
DEL-016188,FL-070498,Air Traffic Control,33
DEL-016189,FL-070510,Late Aircraft Arrival,39
DEL-016190,FL-070520,Security,25
DEL-016191,FL-070521,Air Traffic Control,19
DEL-016192,FL-070524,Maintenance,17
DEL-016193,FL-070525,Weather,42
DEL-016194,FL-070527,Weather,34
DEL-016195,FL-070528,Air Traffic Control,50
DEL-016196,FL-070540,Maintenance,55
DEL-016197,FL-070543,Air Traffic Control,57
DEL-016198,FL-070549,Late Aircraft Arrival,17
DEL-016199,FL-070552,Late Aircraft Arrival,25
DEL-016200,FL-070558,Air Traffic Control,132
DEL-016201,FL-070564,Maintenance,50
DEL-016202,FL-070565,Weather,26
DEL-016203,FL-070569,Maintenance,19
DEL-016204,FL-070572,Maintenance,22
DEL-016205,FL-070576,Maintenance,18
DEL-016206,FL-070577,Air Traffic Control,174
DEL-016207,FL-070586,Security,83
DEL-016208,FL-070593,Late Aircraft Arrival,50
DEL-016209,FL-070594,Air Traffic Control,64
DEL-016210,FL-070597,Late Aircraft Arrival,39
DEL-016211,FL-070598,Weather,27
DEL-016212,FL-070599,Air Traffic Control,79
DEL-016213,FL-070600,Late Aircraft Arrival,94
DEL-016214,FL-070606,Weather,27
DEL-016215,FL-070608,Air Traffic Control,50
DEL-016216,FL-070615,Weather,54
DEL-016217,FL-070617,Late Aircraft Arrival,33
DEL-016218,FL-070619,Weather,21
DEL-016219,FL-070620,Weather,54
DEL-016220,FL-070621,Air Traffic Control,17
DEL-016221,FL-070625,Air Traffic Control,15
DEL-016222,FL-070626,Air Traffic Control,21
DEL-016223,FL-070628,Air Traffic Control,90
DEL-016224,FL-070629,Air Traffic Control,79
DEL-016225,FL-070630,Maintenance,54
DEL-016226,FL-070639,Security,83
DEL-016227,FL-070640,Late Aircraft Arrival,93
DEL-016228,FL-070643,Security,35
DEL-016229,FL-070646,Maintenance,78
DEL-016230,FL-070656,Weather,38
DEL-016231,FL-070664,Maintenance,32
DEL-016232,FL-070670,Security,47
DEL-016233,FL-070677,Maintenance,38
DEL-016234,FL-070678,Late Aircraft Arrival,193
DEL-016235,FL-070679,Late Aircraft Arrival,20
DEL-016236,FL-070687,Maintenance,45
DEL-016237,FL-070688,Air Traffic Control,33
DEL-016238,FL-070690,Air Traffic Control,211
DEL-016239,FL-070703,Weather,55
DEL-016240,FL-070707,Weather,118
DEL-016241,FL-070710,Air Traffic Control,25
DEL-016242,FL-070716,Weather,34
DEL-016243,FL-070718,Maintenance,33
DEL-016244,FL-070730,Air Traffic Control,93
DEL-016245,FL-070732,Maintenance,25
DEL-016246,FL-070737,Air Traffic Control,18
DEL-016247,FL-070741,Weather,36
DEL-016248,FL-070743,Late Aircraft Arrival,39
DEL-016249,FL-070749,Weather,45
DEL-016250,FL-070754,Weather,15
DEL-016251,FL-070755,Late Aircraft Arrival,66
DEL-016252,FL-070757,Late Aircraft Arrival,23
DEL-016253,FL-070759,Air Traffic Control,88
DEL-016254,FL-070767,Air Traffic Control,22
DEL-016255,FL-070768,Late Aircraft Arrival,37
DEL-016256,FL-070773,Air Traffic Control,34
DEL-016257,FL-070774,Late Aircraft Arrival,19
DEL-016258,FL-070783,Maintenance,44
DEL-016259,FL-070789,Maintenance,69
DEL-016260,FL-070792,Late Aircraft Arrival,63
DEL-016261,FL-070795,Air Traffic Control,35
DEL-016262,FL-070797,Maintenance,64
DEL-016263,FL-070799,Air Traffic Control,51
DEL-016264,FL-070808,Air Traffic Control,30
DEL-016265,FL-070816,Maintenance,18
DEL-016266,FL-070821,Maintenance,19
DEL-016267,FL-070823,Maintenance,18
DEL-016268,FL-070833,Weather,46
DEL-016269,FL-070837,Air Traffic Control,54
DEL-016270,FL-070843,Maintenance,43
DEL-016271,FL-070845,Air Traffic Control,33
DEL-016272,FL-070853,Late Aircraft Arrival,38
DEL-016273,FL-070857,Maintenance,66
DEL-016274,FL-070858,Air Traffic Control,21
DEL-016275,FL-070860,Air Traffic Control,87
DEL-016276,FL-070870,Air Traffic Control,40
DEL-016277,FL-070873,Air Traffic Control,21
DEL-016278,FL-070878,Late Aircraft Arrival,32
DEL-016279,FL-070882,Air Traffic Control,68
DEL-016280,FL-070891,Late Aircraft Arrival,55
DEL-016281,FL-070893,Weather,86
DEL-016282,FL-070894,Air Traffic Control,115
DEL-016283,FL-070900,Air Traffic Control,75
DEL-016284,FL-070901,Air Traffic Control,55
DEL-016285,FL-070908,Air Traffic Control,68
DEL-016286,FL-070914,Air Traffic Control,41
DEL-016287,FL-070923,Late Aircraft Arrival,42
DEL-016288,FL-070926,Air Traffic Control,48
DEL-016289,FL-070934,Air Traffic Control,17
DEL-016290,FL-070936,Late Aircraft Arrival,17
DEL-016291,FL-070940,Maintenance,68
DEL-016292,FL-070950,Weather,106
DEL-016293,FL-070957,Late Aircraft Arrival,59
DEL-016294,FL-070961,Weather,26
DEL-016295,FL-070966,Weather,99
DEL-016296,FL-070972,Weather,41
DEL-016297,FL-070975,Maintenance,59
DEL-016298,FL-070978,Weather,22
DEL-016299,FL-070979,Late Aircraft Arrival,78
DEL-016300,FL-070980,Late Aircraft Arrival,149
DEL-016301,FL-070981,Air Traffic Control,26
DEL-016302,FL-070983,Weather,19
DEL-016303,FL-070984,Late Aircraft Arrival,28
DEL-016304,FL-070986,Weather,19
DEL-016305,FL-070988,Security,66
DEL-016306,FL-070995,Weather,74
DEL-016307,FL-070996,Maintenance,15
DEL-016308,FL-070999,Late Aircraft Arrival,36
DEL-016309,FL-071001,Maintenance,115
DEL-016310,FL-071014,Late Aircraft Arrival,19
DEL-016311,FL-071019,Air Traffic Control,29
DEL-016312,FL-071027,Late Aircraft Arrival,34
DEL-016313,FL-071032,Weather,56
DEL-016314,FL-071033,Air Traffic Control,140
DEL-016315,FL-071044,Maintenance,55
DEL-016316,FL-071046,Maintenance,78
DEL-016317,FL-071057,Air Traffic Control,45
DEL-016318,FL-071063,Air Traffic Control,82
DEL-016319,FL-071064,Air Traffic Control,21
DEL-016320,FL-071066,Weather,23
DEL-016321,FL-071071,Air Traffic Control,160
DEL-016322,FL-071076,Weather,56
DEL-016323,FL-071077,Weather,60
DEL-016324,FL-071080,Late Aircraft Arrival,120
DEL-016325,FL-071086,Late Aircraft Arrival,27
DEL-016326,FL-071107,Late Aircraft Arrival,60
DEL-016327,FL-071108,Maintenance,42
DEL-016328,FL-071110,Maintenance,225
DEL-016329,FL-071116,Air Traffic Control,51
DEL-016330,FL-071121,Maintenance,67
DEL-016331,FL-071128,Security,65
DEL-016332,FL-071129,Air Traffic Control,27
DEL-016333,FL-071130,Air Traffic Control,50
DEL-016334,FL-071134,Late Aircraft Arrival,47
DEL-016335,FL-071136,Late Aircraft Arrival,52
DEL-016336,FL-071138,Maintenance,21
DEL-016337,FL-071142,Weather,52
DEL-016338,FL-071149,Late Aircraft Arrival,26
DEL-016339,FL-071153,Weather,29
DEL-016340,FL-071154,Maintenance,35
DEL-016341,FL-071163,Air Traffic Control,79
DEL-016342,FL-071172,Weather,36
DEL-016343,FL-071175,Weather,28
DEL-016344,FL-071190,Maintenance,26
DEL-016345,FL-071194,Maintenance,92
DEL-016346,FL-071199,Weather,26
DEL-016347,FL-071204,Weather,20
DEL-016348,FL-071205,Maintenance,63
DEL-016349,FL-071212,Late Aircraft Arrival,36
DEL-016350,FL-071214,Late Aircraft Arrival,38
DEL-016351,FL-071220,Late Aircraft Arrival,84
DEL-016352,FL-071224,Air Traffic Control,47
DEL-016353,FL-071226,Air Traffic Control,88
DEL-016354,FL-071234,Maintenance,99
DEL-016355,FL-071241,Weather,32
DEL-016356,FL-071250,Weather,81
DEL-016357,FL-071252,Maintenance,90
DEL-016358,FL-071254,Maintenance,53
DEL-016359,FL-071260,Weather,49
DEL-016360,FL-071263,Weather,73
DEL-016361,FL-071266,Weather,165
DEL-016362,FL-071267,Air Traffic Control,214
DEL-016363,FL-071268,Air Traffic Control,46
DEL-016364,FL-071283,Air Traffic Control,156
DEL-016365,FL-071285,Late Aircraft Arrival,39
DEL-016366,FL-071290,Weather,50
DEL-016367,FL-071293,Maintenance,48
DEL-016368,FL-071299,Weather,115
DEL-016369,FL-071303,Weather,182
DEL-016370,FL-071308,Air Traffic Control,44
DEL-016371,FL-071315,Weather,55
DEL-016372,FL-071317,Air Traffic Control,21
DEL-016373,FL-071319,Air Traffic Control,140
DEL-016374,FL-071320,Maintenance,57
DEL-016375,FL-071335,Air Traffic Control,57
DEL-016376,FL-071338,Air Traffic Control,61
DEL-016377,FL-071340,Late Aircraft Arrival,16
DEL-016378,FL-071347,Late Aircraft Arrival,85
DEL-016379,FL-071352,Air Traffic Control,58
DEL-016380,FL-071354,Weather,180
DEL-016381,FL-071355,Late Aircraft Arrival,76
DEL-016382,FL-071358,Late Aircraft Arrival,35
DEL-016383,FL-071361,Maintenance,32
DEL-016384,FL-071363,Maintenance,27
DEL-016385,FL-071369,Weather,16
DEL-016386,FL-071374,Air Traffic Control,22
DEL-016387,FL-071376,Maintenance,19
DEL-016388,FL-071378,Air Traffic Control,43
DEL-016389,FL-071383,Air Traffic Control,66
DEL-016390,FL-071384,Weather,52
DEL-016391,FL-071390,Air Traffic Control,21
DEL-016392,FL-071395,Maintenance,46
DEL-016393,FL-071402,Air Traffic Control,34
DEL-016394,FL-071411,Air Traffic Control,52
DEL-016395,FL-071412,Maintenance,23
DEL-016396,FL-071423,Air Traffic Control,79
DEL-016397,FL-071425,Air Traffic Control,26
DEL-016398,FL-071428,Late Aircraft Arrival,33
DEL-016399,FL-071431,Weather,197
DEL-016400,FL-071436,Maintenance,16
DEL-016401,FL-071437,Weather,44
DEL-016402,FL-071440,Late Aircraft Arrival,57
DEL-016403,FL-071442,Maintenance,43
DEL-016404,FL-071446,Maintenance,19
DEL-016405,FL-071466,Weather,22
DEL-016406,FL-071474,Late Aircraft Arrival,100
DEL-016407,FL-071479,Security,52
DEL-016408,FL-071481,Maintenance,92
DEL-016409,FL-071488,Air Traffic Control,26
DEL-016410,FL-071493,Air Traffic Control,39
DEL-016411,FL-071495,Maintenance,48
DEL-016412,FL-071496,Maintenance,74
DEL-016413,FL-071497,Weather,78
DEL-016414,FL-071498,Maintenance,124
DEL-016415,FL-071502,Weather,75
DEL-016416,FL-071506,Late Aircraft Arrival,109
DEL-016417,FL-071515,Weather,34
DEL-016418,FL-071520,Weather,30
DEL-016419,FL-071524,Weather,22
DEL-016420,FL-071531,Late Aircraft Arrival,39
DEL-016421,FL-071538,Air Traffic Control,15
DEL-016422,FL-071545,Maintenance,20
DEL-016423,FL-071547,Maintenance,49
DEL-016424,FL-071551,Weather,29
DEL-016425,FL-071561,Security,49
DEL-016426,FL-071563,Weather,36
DEL-016427,FL-071571,Weather,68
DEL-016428,FL-071572,Air Traffic Control,62
DEL-016429,FL-071574,Weather,17
DEL-016430,FL-071585,Weather,59
DEL-016431,FL-071586,Late Aircraft Arrival,19
DEL-016432,FL-071587,Air Traffic Control,88
DEL-016433,FL-071588,Maintenance,52
DEL-016434,FL-071593,Late Aircraft Arrival,33
DEL-016435,FL-071594,Maintenance,17
DEL-016436,FL-071596,Air Traffic Control,225
DEL-016437,FL-071597,Maintenance,117
DEL-016438,FL-071600,Weather,39
DEL-016439,FL-071602,Weather,48
DEL-016440,FL-071605,Late Aircraft Arrival,101
DEL-016441,FL-071609,Air Traffic Control,133
DEL-016442,FL-071612,Security,36
DEL-016443,FL-071613,Weather,25
DEL-016444,FL-071616,Maintenance,65
DEL-016445,FL-071617,Maintenance,19
DEL-016446,FL-071621,Air Traffic Control,20
DEL-016447,FL-071622,Late Aircraft Arrival,23
DEL-016448,FL-071625,Air Traffic Control,66
DEL-016449,FL-071627,Maintenance,20
DEL-016450,FL-071630,Air Traffic Control,88
DEL-016451,FL-071635,Late Aircraft Arrival,56
DEL-016452,FL-071643,Weather,39
DEL-016453,FL-071645,Weather,45
DEL-016454,FL-071650,Air Traffic Control,18
DEL-016455,FL-071653,Late Aircraft Arrival,22
DEL-016456,FL-071657,Air Traffic Control,49
DEL-016457,FL-071659,Air Traffic Control,38
DEL-016458,FL-071661,Air Traffic Control,48
DEL-016459,FL-071662,Late Aircraft Arrival,49
DEL-016460,FL-071664,Late Aircraft Arrival,106
DEL-016461,FL-071666,Air Traffic Control,25
DEL-016462,FL-071672,Maintenance,46
DEL-016463,FL-071686,Late Aircraft Arrival,191
DEL-016464,FL-071695,Air Traffic Control,52
DEL-016465,FL-071699,Maintenance,21
DEL-016466,FL-071703,Late Aircraft Arrival,126
DEL-016467,FL-071704,Late Aircraft Arrival,61
DEL-016468,FL-071707,Maintenance,56
DEL-016469,FL-071712,Late Aircraft Arrival,89
DEL-016470,FL-071715,Late Aircraft Arrival,15
DEL-016471,FL-071721,Maintenance,76
DEL-016472,FL-071723,Air Traffic Control,35
DEL-016473,FL-071727,Air Traffic Control,19
DEL-016474,FL-071729,Air Traffic Control,43
DEL-016475,FL-071740,Weather,17
DEL-016476,FL-071741,Late Aircraft Arrival,22
DEL-016477,FL-071755,Late Aircraft Arrival,106
DEL-016478,FL-071759,Air Traffic Control,43
DEL-016479,FL-071763,Late Aircraft Arrival,26
DEL-016480,FL-071764,Late Aircraft Arrival,15
DEL-016481,FL-071765,Weather,149
DEL-016482,FL-071767,Air Traffic Control,72
DEL-016483,FL-071769,Weather,139
DEL-016484,FL-071771,Weather,105
DEL-016485,FL-071772,Maintenance,38
DEL-016486,FL-071780,Air Traffic Control,72
DEL-016487,FL-071789,Air Traffic Control,70
DEL-016488,FL-071790,Weather,52
DEL-016489,FL-071796,Air Traffic Control,54
DEL-016490,FL-071809,Maintenance,60
DEL-016491,FL-071818,Air Traffic Control,78
DEL-016492,FL-071823,Air Traffic Control,143
DEL-016493,FL-071828,Maintenance,61
DEL-016494,FL-071835,Weather,15
DEL-016495,FL-071836,Air Traffic Control,32
DEL-016496,FL-071839,Weather,44
DEL-016497,FL-071843,Security,17
DEL-016498,FL-071845,Weather,55
DEL-016499,FL-071848,Air Traffic Control,74
DEL-016500,FL-071849,Air Traffic Control,195
DEL-016501,FL-071856,Air Traffic Control,35
DEL-016502,FL-071857,Air Traffic Control,35
DEL-016503,FL-071863,Air Traffic Control,152
DEL-016504,FL-071872,Late Aircraft Arrival,50
DEL-016505,FL-071881,Air Traffic Control,21
DEL-016506,FL-071886,Late Aircraft Arrival,37
DEL-016507,FL-071910,Maintenance,23
DEL-016508,FL-071924,Maintenance,61
DEL-016509,FL-071930,Air Traffic Control,31
DEL-016510,FL-071931,Late Aircraft Arrival,110
DEL-016511,FL-071934,Maintenance,22
DEL-016512,FL-071939,Weather,121
DEL-016513,FL-071943,Air Traffic Control,26
DEL-016514,FL-071946,Maintenance,31
DEL-016515,FL-071951,Air Traffic Control,130
DEL-016516,FL-071958,Maintenance,77
DEL-016517,FL-071970,Air Traffic Control,57
DEL-016518,FL-071973,Security,61
DEL-016519,FL-071976,Security,58
DEL-016520,FL-071985,Late Aircraft Arrival,22
DEL-016521,FL-071986,Air Traffic Control,55
DEL-016522,FL-071990,Air Traffic Control,197
DEL-016523,FL-071991,Weather,83
DEL-016524,FL-071994,Weather,17
DEL-016525,FL-072002,Maintenance,86
DEL-016526,FL-072007,Air Traffic Control,52
DEL-016527,FL-072012,Weather,53
DEL-016528,FL-072013,Air Traffic Control,19
DEL-016529,FL-072019,Late Aircraft Arrival,80
DEL-016530,FL-072021,Weather,57
DEL-016531,FL-072030,Late Aircraft Arrival,28
DEL-016532,FL-072033,Maintenance,35
DEL-016533,FL-072035,Maintenance,54
DEL-016534,FL-072052,Weather,18
DEL-016535,FL-072060,Maintenance,75
DEL-016536,FL-072064,Maintenance,25
DEL-016537,FL-072067,Weather,16
DEL-016538,FL-072070,Weather,131
DEL-016539,FL-072073,Weather,27
DEL-016540,FL-072088,Late Aircraft Arrival,121
DEL-016541,FL-072089,Weather,72
DEL-016542,FL-072091,Weather,44
DEL-016543,FL-072096,Late Aircraft Arrival,137
DEL-016544,FL-072098,Weather,46
DEL-016545,FL-072104,Late Aircraft Arrival,30
DEL-016546,FL-072110,Air Traffic Control,64
DEL-016547,FL-072113,Air Traffic Control,36
DEL-016548,FL-072115,Air Traffic Control,86
DEL-016549,FL-072118,Air Traffic Control,36
DEL-016550,FL-072120,Air Traffic Control,15
DEL-016551,FL-072124,Weather,143
DEL-016552,FL-072125,Air Traffic Control,17
DEL-016553,FL-072132,Air Traffic Control,205
DEL-016554,FL-072137,Late Aircraft Arrival,133
DEL-016555,FL-072140,Late Aircraft Arrival,21
DEL-016556,FL-072142,Weather,65
DEL-016557,FL-072143,Maintenance,51
DEL-016558,FL-072148,Air Traffic Control,33
DEL-016559,FL-072153,Weather,17
DEL-016560,FL-072161,Air Traffic Control,18
DEL-016561,FL-072163,Air Traffic Control,31
DEL-016562,FL-072167,Security,35
DEL-016563,FL-072170,Air Traffic Control,197
DEL-016564,FL-072171,Late Aircraft Arrival,34
DEL-016565,FL-072174,Weather,32
DEL-016566,FL-072175,Air Traffic Control,29
DEL-016567,FL-072177,Late Aircraft Arrival,193
DEL-016568,FL-072178,Air Traffic Control,37
DEL-016569,FL-072181,Air Traffic Control,22
DEL-016570,FL-072184,Maintenance,48
DEL-016571,FL-072187,Weather,234
DEL-016572,FL-072190,Late Aircraft Arrival,52
DEL-016573,FL-072191,Air Traffic Control,68
DEL-016574,FL-072200,Air Traffic Control,84
DEL-016575,FL-072206,Air Traffic Control,184
DEL-016576,FL-072209,Weather,65
DEL-016577,FL-072217,Air Traffic Control,79
DEL-016578,FL-072220,Security,99
DEL-016579,FL-072222,Late Aircraft Arrival,48
DEL-016580,FL-072227,Air Traffic Control,31
DEL-016581,FL-072228,Air Traffic Control,67
DEL-016582,FL-072229,Weather,100
DEL-016583,FL-072235,Air Traffic Control,43
DEL-016584,FL-072240,Maintenance,32
DEL-016585,FL-072242,Maintenance,39
DEL-016586,FL-072243,Security,17
DEL-016587,FL-072250,Late Aircraft Arrival,44
DEL-016588,FL-072259,Late Aircraft Arrival,17
DEL-016589,FL-072264,Maintenance,95
DEL-016590,FL-072268,Weather,71
DEL-016591,FL-072276,Maintenance,19
DEL-016592,FL-072280,Maintenance,111
DEL-016593,FL-072282,Weather,253
DEL-016594,FL-072284,Security,55
DEL-016595,FL-072295,Weather,134
DEL-016596,FL-072296,Air Traffic Control,27
DEL-016597,FL-072298,Late Aircraft Arrival,16
DEL-016598,FL-072303,Air Traffic Control,31
DEL-016599,FL-072305,Maintenance,53
DEL-016600,FL-072306,Late Aircraft Arrival,111
DEL-016601,FL-072307,Air Traffic Control,121
DEL-016602,FL-072317,Air Traffic Control,66
DEL-016603,FL-072327,Air Traffic Control,16
DEL-016604,FL-072343,Weather,71
DEL-016605,FL-072348,Air Traffic Control,24
DEL-016606,FL-072352,Weather,37
DEL-016607,FL-072354,Security,46
DEL-016608,FL-072364,Weather,22
DEL-016609,FL-072376,Air Traffic Control,29
DEL-016610,FL-072380,Air Traffic Control,28
DEL-016611,FL-072393,Air Traffic Control,20
DEL-016612,FL-072397,Air Traffic Control,62
DEL-016613,FL-072401,Late Aircraft Arrival,17
DEL-016614,FL-072419,Maintenance,21
DEL-016615,FL-072435,Air Traffic Control,61
DEL-016616,FL-072448,Maintenance,26
DEL-016617,FL-072449,Air Traffic Control,15
DEL-016618,FL-072451,Air Traffic Control,83
DEL-016619,FL-072457,Air Traffic Control,19
DEL-016620,FL-072459,Weather,24
DEL-016621,FL-072462,Security,81
DEL-016622,FL-072463,Weather,61
DEL-016623,FL-072471,Weather,20
DEL-016624,FL-072473,Weather,59
DEL-016625,FL-072485,Weather,32
DEL-016626,FL-072486,Late Aircraft Arrival,184
DEL-016627,FL-072489,Weather,25
DEL-016628,FL-072492,Maintenance,47
DEL-016629,FL-072495,Maintenance,48
DEL-016630,FL-072497,Late Aircraft Arrival,32
DEL-016631,FL-072498,Late Aircraft Arrival,85
DEL-016632,FL-072499,Maintenance,81
DEL-016633,FL-072501,Weather,25
DEL-016634,FL-072504,Late Aircraft Arrival,30
DEL-016635,FL-072508,Maintenance,82
DEL-016636,FL-072515,Weather,135
DEL-016637,FL-072519,Weather,79
DEL-016638,FL-072526,Maintenance,118
DEL-016639,FL-072527,Maintenance,19
DEL-016640,FL-072534,Late Aircraft Arrival,101
DEL-016641,FL-072539,Air Traffic Control,47
DEL-016642,FL-072546,Air Traffic Control,31
DEL-016643,FL-072553,Maintenance,21
DEL-016644,FL-072555,Air Traffic Control,109
DEL-016645,FL-072561,Weather,104
DEL-016646,FL-072569,Maintenance,15
DEL-016647,FL-072572,Air Traffic Control,138
DEL-016648,FL-072579,Maintenance,29
DEL-016649,FL-072580,Late Aircraft Arrival,29
DEL-016650,FL-072582,Late Aircraft Arrival,69
DEL-016651,FL-072583,Air Traffic Control,119
DEL-016652,FL-072585,Air Traffic Control,117
DEL-016653,FL-072586,Security,23
DEL-016654,FL-072602,Air Traffic Control,53
DEL-016655,FL-072604,Late Aircraft Arrival,26
DEL-016656,FL-072625,Late Aircraft Arrival,61
DEL-016657,FL-072627,Maintenance,51
DEL-016658,FL-072630,Late Aircraft Arrival,20
DEL-016659,FL-072631,Air Traffic Control,92
DEL-016660,FL-072632,Late Aircraft Arrival,26
DEL-016661,FL-072635,Maintenance,55
DEL-016662,FL-072638,Weather,66
DEL-016663,FL-072652,Air Traffic Control,69
DEL-016664,FL-072660,Air Traffic Control,58
DEL-016665,FL-072663,Weather,17
DEL-016666,FL-072665,Security,57
DEL-016667,FL-072666,Weather,164
DEL-016668,FL-072670,Maintenance,38
DEL-016669,FL-072678,Weather,82
DEL-016670,FL-072684,Air Traffic Control,106
DEL-016671,FL-072686,Maintenance,32
DEL-016672,FL-072691,Weather,60
DEL-016673,FL-072696,Weather,50
DEL-016674,FL-072701,Maintenance,70
DEL-016675,FL-072704,Air Traffic Control,36
DEL-016676,FL-072708,Late Aircraft Arrival,42
DEL-016677,FL-072711,Weather,154
DEL-016678,FL-072715,Weather,20
DEL-016679,FL-072717,Weather,98
DEL-016680,FL-072720,Weather,31
DEL-016681,FL-072729,Air Traffic Control,81
DEL-016682,FL-072733,Maintenance,51
DEL-016683,FL-072734,Air Traffic Control,47
DEL-016684,FL-072736,Late Aircraft Arrival,45
DEL-016685,FL-072749,Air Traffic Control,90
DEL-016686,FL-072752,Weather,18
DEL-016687,FL-072756,Maintenance,191
DEL-016688,FL-072764,Late Aircraft Arrival,106
DEL-016689,FL-072770,Air Traffic Control,34
DEL-016690,FL-072774,Weather,28
DEL-016691,FL-072778,Maintenance,43
DEL-016692,FL-072786,Late Aircraft Arrival,59
DEL-016693,FL-072789,Maintenance,34
DEL-016694,FL-072790,Air Traffic Control,79
DEL-016695,FL-072797,Weather,16
DEL-016696,FL-072803,Late Aircraft Arrival,17
DEL-016697,FL-072806,Maintenance,19
DEL-016698,FL-072809,Air Traffic Control,100
DEL-016699,FL-072814,Air Traffic Control,171
DEL-016700,FL-072818,Maintenance,65
DEL-016701,FL-072829,Late Aircraft Arrival,73
DEL-016702,FL-072830,Weather,21
DEL-016703,FL-072832,Maintenance,17
DEL-016704,FL-072834,Late Aircraft Arrival,138
DEL-016705,FL-072836,Late Aircraft Arrival,24
DEL-016706,FL-072838,Weather,43
DEL-016707,FL-072850,Late Aircraft Arrival,56
DEL-016708,FL-072853,Weather,19
DEL-016709,FL-072855,Weather,61
DEL-016710,FL-072864,Late Aircraft Arrival,45
DEL-016711,FL-072865,Weather,81
DEL-016712,FL-072867,Air Traffic Control,41
DEL-016713,FL-072869,Late Aircraft Arrival,90
DEL-016714,FL-072871,Air Traffic Control,37
DEL-016715,FL-072881,Air Traffic Control,50
DEL-016716,FL-072884,Weather,15
DEL-016717,FL-072885,Weather,29
DEL-016718,FL-072891,Air Traffic Control,16
DEL-016719,FL-072892,Late Aircraft Arrival,63
DEL-016720,FL-072895,Maintenance,19
DEL-016721,FL-072897,Maintenance,88
DEL-016722,FL-072899,Air Traffic Control,30
DEL-016723,FL-072902,Late Aircraft Arrival,47
DEL-016724,FL-072910,Weather,77
DEL-016725,FL-072914,Late Aircraft Arrival,66
DEL-016726,FL-072917,Late Aircraft Arrival,29
DEL-016727,FL-072920,Maintenance,51
DEL-016728,FL-072924,Maintenance,19
DEL-016729,FL-072927,Air Traffic Control,15
DEL-016730,FL-072931,Weather,110
DEL-016731,FL-072940,Late Aircraft Arrival,22
DEL-016732,FL-072944,Maintenance,33
DEL-016733,FL-072946,Weather,19
DEL-016734,FL-072947,Maintenance,78
DEL-016735,FL-072948,Maintenance,46
DEL-016736,FL-072949,Late Aircraft Arrival,55
DEL-016737,FL-072950,Late Aircraft Arrival,71
DEL-016738,FL-072954,Air Traffic Control,92
DEL-016739,FL-072955,Weather,37
DEL-016740,FL-072956,Weather,37
DEL-016741,FL-072958,Weather,66
DEL-016742,FL-072959,Maintenance,36
DEL-016743,FL-072960,Security,30
DEL-016744,FL-072961,Air Traffic Control,19
DEL-016745,FL-072963,Late Aircraft Arrival,31
DEL-016746,FL-072967,Weather,48
DEL-016747,FL-072970,Air Traffic Control,83
DEL-016748,FL-072982,Weather,103
DEL-016749,FL-072985,Maintenance,20
DEL-016750,FL-072998,Maintenance,60
DEL-016751,FL-073009,Maintenance,67
DEL-016752,FL-073010,Air Traffic Control,154
DEL-016753,FL-073013,Weather,39
DEL-016754,FL-073014,Air Traffic Control,23
DEL-016755,FL-073016,Maintenance,15
DEL-016756,FL-073018,Air Traffic Control,188
DEL-016757,FL-073019,Weather,16
DEL-016758,FL-073025,Air Traffic Control,73
DEL-016759,FL-073034,Maintenance,16
DEL-016760,FL-073036,Maintenance,69
DEL-016761,FL-073038,Air Traffic Control,49
DEL-016762,FL-073040,Maintenance,138
DEL-016763,FL-073042,Late Aircraft Arrival,21
DEL-016764,FL-073052,Late Aircraft Arrival,26
DEL-016765,FL-073061,Air Traffic Control,73
DEL-016766,FL-073063,Maintenance,87
DEL-016767,FL-073073,Weather,22
DEL-016768,FL-073086,Air Traffic Control,76
DEL-016769,FL-073091,Maintenance,16
DEL-016770,FL-073103,Maintenance,109
DEL-016771,FL-073104,Late Aircraft Arrival,59
DEL-016772,FL-073106,Late Aircraft Arrival,92
DEL-016773,FL-073110,Weather,22
DEL-016774,FL-073112,Late Aircraft Arrival,58
DEL-016775,FL-073114,Security,71
DEL-016776,FL-073121,Late Aircraft Arrival,139
DEL-016777,FL-073127,Late Aircraft Arrival,38
DEL-016778,FL-073128,Maintenance,89
DEL-016779,FL-073133,Air Traffic Control,80
DEL-016780,FL-073134,Maintenance,95
DEL-016781,FL-073143,Air Traffic Control,27
DEL-016782,FL-073146,Maintenance,58
DEL-016783,FL-073152,Air Traffic Control,73
DEL-016784,FL-073159,Late Aircraft Arrival,81
DEL-016785,FL-073160,Maintenance,35
DEL-016786,FL-073167,Late Aircraft Arrival,88
DEL-016787,FL-073169,Late Aircraft Arrival,18
DEL-016788,FL-073172,Weather,85
DEL-016789,FL-073173,Weather,15
DEL-016790,FL-073178,Weather,33
DEL-016791,FL-073181,Maintenance,19
DEL-016792,FL-073182,Air Traffic Control,74
DEL-016793,FL-073183,Weather,38
DEL-016794,FL-073184,Late Aircraft Arrival,49
DEL-016795,FL-073187,Weather,44
DEL-016796,FL-073189,Maintenance,29
DEL-016797,FL-073192,Late Aircraft Arrival,16
DEL-016798,FL-073201,Weather,67
DEL-016799,FL-073206,Air Traffic Control,52
DEL-016800,FL-073208,Weather,67
DEL-016801,FL-073209,Maintenance,30
DEL-016802,FL-073212,Weather,18
DEL-016803,FL-073219,Air Traffic Control,27
DEL-016804,FL-073225,Weather,35
DEL-016805,FL-073226,Air Traffic Control,23
DEL-016806,FL-073231,Weather,79
DEL-016807,FL-073239,Air Traffic Control,65
DEL-016808,FL-073247,Maintenance,67
DEL-016809,FL-073249,Weather,30
DEL-016810,FL-073259,Maintenance,53
DEL-016811,FL-073263,Late Aircraft Arrival,27
DEL-016812,FL-073266,Weather,44
DEL-016813,FL-073268,Air Traffic Control,38
DEL-016814,FL-073277,Security,91
DEL-016815,FL-073279,Weather,56
DEL-016816,FL-073288,Air Traffic Control,37
DEL-016817,FL-073289,Security,57
DEL-016818,FL-073290,Maintenance,15
DEL-016819,FL-073291,Weather,86
DEL-016820,FL-073294,Weather,27
DEL-016821,FL-073296,Security,26
DEL-016822,FL-073299,Weather,70
DEL-016823,FL-073304,Late Aircraft Arrival,40
DEL-016824,FL-073309,Late Aircraft Arrival,69
DEL-016825,FL-073311,Weather,98
DEL-016826,FL-073319,Maintenance,35
DEL-016827,FL-073325,Late Aircraft Arrival,32
DEL-016828,FL-073331,Late Aircraft Arrival,111
DEL-016829,FL-073332,Late Aircraft Arrival,46
DEL-016830,FL-073334,Weather,20
DEL-016831,FL-073341,Late Aircraft Arrival,65
DEL-016832,FL-073353,Weather,141
DEL-016833,FL-073355,Weather,75
DEL-016834,FL-073357,Weather,26
DEL-016835,FL-073364,Late Aircraft Arrival,34
DEL-016836,FL-073369,Air Traffic Control,19
DEL-016837,FL-073375,Air Traffic Control,28
DEL-016838,FL-073377,Air Traffic Control,45
DEL-016839,FL-073380,Weather,57
DEL-016840,FL-073384,Air Traffic Control,192
DEL-016841,FL-073387,Weather,19
DEL-016842,FL-073391,Weather,118
DEL-016843,FL-073394,Weather,98
DEL-016844,FL-073396,Weather,47
DEL-016845,FL-073397,Weather,28
DEL-016846,FL-073399,Air Traffic Control,82
DEL-016847,FL-073403,Late Aircraft Arrival,78
DEL-016848,FL-073408,Air Traffic Control,71
DEL-016849,FL-073411,Maintenance,41
DEL-016850,FL-073412,Weather,80
DEL-016851,FL-073414,Weather,34
DEL-016852,FL-073416,Weather,19
DEL-016853,FL-073418,Air Traffic Control,83
DEL-016854,FL-073419,Weather,19
DEL-016855,FL-073437,Weather,18
DEL-016856,FL-073438,Air Traffic Control,115
DEL-016857,FL-073441,Air Traffic Control,74
DEL-016858,FL-073450,Weather,19
DEL-016859,FL-073455,Weather,35
DEL-016860,FL-073460,Maintenance,56
DEL-016861,FL-073465,Weather,107
DEL-016862,FL-073467,Late Aircraft Arrival,43
DEL-016863,FL-073472,Maintenance,20
DEL-016864,FL-073482,Late Aircraft Arrival,37
DEL-016865,FL-073503,Weather,87
DEL-016866,FL-073521,Air Traffic Control,32
DEL-016867,FL-073524,Late Aircraft Arrival,154
DEL-016868,FL-073526,Late Aircraft Arrival,27
DEL-016869,FL-073528,Late Aircraft Arrival,42
DEL-016870,FL-073529,Weather,46
DEL-016871,FL-073537,Maintenance,44
DEL-016872,FL-073540,Maintenance,36
DEL-016873,FL-073541,Air Traffic Control,20
DEL-016874,FL-073542,Weather,16
DEL-016875,FL-073550,Weather,49
DEL-016876,FL-073552,Weather,15
DEL-016877,FL-073558,Air Traffic Control,22
DEL-016878,FL-073562,Weather,101
DEL-016879,FL-073571,Air Traffic Control,22
DEL-016880,FL-073573,Maintenance,90
DEL-016881,FL-073589,Maintenance,31
DEL-016882,FL-073590,Maintenance,26
DEL-016883,FL-073592,Maintenance,33
DEL-016884,FL-073593,Late Aircraft Arrival,39
DEL-016885,FL-073594,Weather,147
DEL-016886,FL-073598,Weather,19
DEL-016887,FL-073601,Maintenance,23
DEL-016888,FL-073602,Late Aircraft Arrival,17
DEL-016889,FL-073604,Late Aircraft Arrival,67
DEL-016890,FL-073607,Late Aircraft Arrival,49
DEL-016891,FL-073617,Maintenance,39
DEL-016892,FL-073620,Air Traffic Control,110
DEL-016893,FL-073628,Late Aircraft Arrival,45
DEL-016894,FL-073630,Late Aircraft Arrival,36
DEL-016895,FL-073631,Weather,15
DEL-016896,FL-073635,Late Aircraft Arrival,20
DEL-016897,FL-073636,Late Aircraft Arrival,80
DEL-016898,FL-073641,Maintenance,63
DEL-016899,FL-073644,Air Traffic Control,31
DEL-016900,FL-073650,Air Traffic Control,70
DEL-016901,FL-073658,Air Traffic Control,42
DEL-016902,FL-073668,Air Traffic Control,15
DEL-016903,FL-073674,Air Traffic Control,50
DEL-016904,FL-073680,Late Aircraft Arrival,122
DEL-016905,FL-073682,Maintenance,42
DEL-016906,FL-073684,Late Aircraft Arrival,130
DEL-016907,FL-073686,Late Aircraft Arrival,65
DEL-016908,FL-073687,Weather,68
DEL-016909,FL-073689,Weather,16
DEL-016910,FL-073694,Air Traffic Control,24
DEL-016911,FL-073696,Maintenance,65
DEL-016912,FL-073702,Weather,106
DEL-016913,FL-073706,Maintenance,160
DEL-016914,FL-073709,Maintenance,36
DEL-016915,FL-073710,Weather,75
DEL-016916,FL-073712,Security,166
DEL-016917,FL-073715,Weather,83
DEL-016918,FL-073718,Weather,36
DEL-016919,FL-073728,Air Traffic Control,37
DEL-016920,FL-073732,Air Traffic Control,36
DEL-016921,FL-073739,Weather,39
DEL-016922,FL-073743,Weather,59
DEL-016923,FL-073745,Weather,22
DEL-016924,FL-073757,Late Aircraft Arrival,40
DEL-016925,FL-073758,Air Traffic Control,26
DEL-016926,FL-073766,Late Aircraft Arrival,46
DEL-016927,FL-073767,Air Traffic Control,34
DEL-016928,FL-073768,Weather,26
DEL-016929,FL-073776,Late Aircraft Arrival,141
DEL-016930,FL-073777,Security,25
DEL-016931,FL-073779,Weather,70
DEL-016932,FL-073780,Weather,63
DEL-016933,FL-073790,Late Aircraft Arrival,27
DEL-016934,FL-073796,Late Aircraft Arrival,46
DEL-016935,FL-073799,Air Traffic Control,117
DEL-016936,FL-073801,Air Traffic Control,91
DEL-016937,FL-073802,Late Aircraft Arrival,75
DEL-016938,FL-073803,Maintenance,66
DEL-016939,FL-073804,Air Traffic Control,146
DEL-016940,FL-073807,Air Traffic Control,95
DEL-016941,FL-073817,Weather,55
DEL-016942,FL-073818,Late Aircraft Arrival,40
DEL-016943,FL-073820,Maintenance,27
DEL-016944,FL-073823,Air Traffic Control,82
DEL-016945,FL-073825,Weather,60
DEL-016946,FL-073833,Air Traffic Control,36
DEL-016947,FL-073835,Weather,40
DEL-016948,FL-073838,Air Traffic Control,26
DEL-016949,FL-073842,Security,31
DEL-016950,FL-073849,Weather,39
DEL-016951,FL-073852,Late Aircraft Arrival,51
DEL-016952,FL-073854,Late Aircraft Arrival,21
DEL-016953,FL-073857,Air Traffic Control,20
DEL-016954,FL-073861,Maintenance,79
DEL-016955,FL-073867,Late Aircraft Arrival,105
DEL-016956,FL-073872,Weather,140
DEL-016957,FL-073873,Late Aircraft Arrival,40
DEL-016958,FL-073881,Late Aircraft Arrival,24
DEL-016959,FL-073883,Maintenance,80
DEL-016960,FL-073887,Weather,44
DEL-016961,FL-073891,Air Traffic Control,77
DEL-016962,FL-073894,Late Aircraft Arrival,41
DEL-016963,FL-073897,Air Traffic Control,128
DEL-016964,FL-073900,Security,24
DEL-016965,FL-073901,Air Traffic Control,73
DEL-016966,FL-073907,Security,20
DEL-016967,FL-073909,Weather,67
DEL-016968,FL-073917,Maintenance,136
DEL-016969,FL-073919,Maintenance,79
DEL-016970,FL-073930,Weather,31
DEL-016971,FL-073931,Late Aircraft Arrival,183
DEL-016972,FL-073935,Security,25
DEL-016973,FL-073943,Late Aircraft Arrival,47
DEL-016974,FL-073946,Air Traffic Control,18
DEL-016975,FL-073969,Air Traffic Control,34
DEL-016976,FL-073972,Maintenance,59
DEL-016977,FL-073979,Maintenance,32
DEL-016978,FL-073986,Weather,70
DEL-016979,FL-073989,Weather,29
DEL-016980,FL-073999,Weather,68
DEL-016981,FL-074010,Late Aircraft Arrival,43
DEL-016982,FL-074012,Air Traffic Control,75
DEL-016983,FL-074017,Weather,87
DEL-016984,FL-074020,Air Traffic Control,54
DEL-016985,FL-074025,Maintenance,76
DEL-016986,FL-074028,Air Traffic Control,22
DEL-016987,FL-074031,Late Aircraft Arrival,62
DEL-016988,FL-074032,Weather,16
DEL-016989,FL-074035,Weather,31
DEL-016990,FL-074038,Air Traffic Control,19
DEL-016991,FL-074039,Air Traffic Control,16
DEL-016992,FL-074045,Air Traffic Control,91
DEL-016993,FL-074046,Weather,17
DEL-016994,FL-074050,Security,38
DEL-016995,FL-074057,Maintenance,42
DEL-016996,FL-074061,Air Traffic Control,59
DEL-016997,FL-074069,Weather,27
DEL-016998,FL-074071,Weather,60
DEL-016999,FL-074073,Weather,17
DEL-017000,FL-074075,Maintenance,58
DEL-017001,FL-074079,Weather,67
DEL-017002,FL-074082,Air Traffic Control,127
DEL-017003,FL-074088,Late Aircraft Arrival,38
DEL-017004,FL-074094,Air Traffic Control,66
DEL-017005,FL-074095,Maintenance,20
DEL-017006,FL-074096,Maintenance,66
DEL-017007,FL-074101,Late Aircraft Arrival,88
DEL-017008,FL-074105,Weather,39
DEL-017009,FL-074111,Maintenance,24
DEL-017010,FL-074115,Weather,30
DEL-017011,FL-074118,Late Aircraft Arrival,17
DEL-017012,FL-074122,Weather,44
DEL-017013,FL-074124,Maintenance,49
DEL-017014,FL-074130,Weather,81
DEL-017015,FL-074135,Maintenance,36
DEL-017016,FL-074142,Air Traffic Control,15
DEL-017017,FL-074145,Maintenance,66
DEL-017018,FL-074149,Air Traffic Control,88
DEL-017019,FL-074150,Maintenance,76
DEL-017020,FL-074157,Maintenance,34
DEL-017021,FL-074158,Weather,22
DEL-017022,FL-074159,Weather,42
DEL-017023,FL-074160,Maintenance,132
DEL-017024,FL-074162,Maintenance,64
DEL-017025,FL-074182,Air Traffic Control,33
DEL-017026,FL-074183,Security,149
DEL-017027,FL-074184,Air Traffic Control,168
DEL-017028,FL-074189,Weather,37
DEL-017029,FL-074195,Late Aircraft Arrival,65
DEL-017030,FL-074198,Air Traffic Control,15
DEL-017031,FL-074201,Maintenance,72
DEL-017032,FL-074202,Air Traffic Control,111
DEL-017033,FL-074206,Late Aircraft Arrival,66
DEL-017034,FL-074208,Air Traffic Control,85
DEL-017035,FL-074226,Late Aircraft Arrival,117
DEL-017036,FL-074233,Air Traffic Control,50
DEL-017037,FL-074235,Air Traffic Control,36
DEL-017038,FL-074237,Late Aircraft Arrival,177
DEL-017039,FL-074239,Weather,37
DEL-017040,FL-074240,Maintenance,167
DEL-017041,FL-074241,Security,36
DEL-017042,FL-074245,Maintenance,48
DEL-017043,FL-074246,Maintenance,22
DEL-017044,FL-074254,Air Traffic Control,63
DEL-017045,FL-074257,Air Traffic Control,32
DEL-017046,FL-074258,Security,62
DEL-017047,FL-074259,Late Aircraft Arrival,36
DEL-017048,FL-074262,Air Traffic Control,62
DEL-017049,FL-074264,Weather,61
DEL-017050,FL-074269,Maintenance,45
DEL-017051,FL-074270,Weather,90
DEL-017052,FL-074272,Security,171
DEL-017053,FL-074275,Weather,73
DEL-017054,FL-074280,Late Aircraft Arrival,16
DEL-017055,FL-074284,Security,35
DEL-017056,FL-074287,Security,18
DEL-017057,FL-074300,Air Traffic Control,27
DEL-017058,FL-074306,Maintenance,46
DEL-017059,FL-074313,Air Traffic Control,74
DEL-017060,FL-074315,Weather,54
DEL-017061,FL-074317,Weather,118
DEL-017062,FL-074321,Weather,22
DEL-017063,FL-074323,Security,38
DEL-017064,FL-074324,Weather,21
DEL-017065,FL-074330,Late Aircraft Arrival,84
DEL-017066,FL-074333,Air Traffic Control,192
DEL-017067,FL-074340,Late Aircraft Arrival,41
DEL-017068,FL-074343,Late Aircraft Arrival,107
DEL-017069,FL-074345,Air Traffic Control,26
DEL-017070,FL-074350,Air Traffic Control,20
DEL-017071,FL-074359,Late Aircraft Arrival,58
DEL-017072,FL-074362,Late Aircraft Arrival,69
DEL-017073,FL-074363,Late Aircraft Arrival,92
DEL-017074,FL-074366,Late Aircraft Arrival,59
DEL-017075,FL-074368,Weather,103
DEL-017076,FL-074381,Security,20
DEL-017077,FL-074383,Air Traffic Control,113
DEL-017078,FL-074401,Late Aircraft Arrival,147
DEL-017079,FL-074405,Maintenance,36
DEL-017080,FL-074409,Air Traffic Control,64
DEL-017081,FL-074415,Weather,30
DEL-017082,FL-074423,Air Traffic Control,46
DEL-017083,FL-074428,Late Aircraft Arrival,20
DEL-017084,FL-074430,Late Aircraft Arrival,37
DEL-017085,FL-074431,Late Aircraft Arrival,102
DEL-017086,FL-074440,Security,75
DEL-017087,FL-074442,Weather,21
DEL-017088,FL-074443,Air Traffic Control,93
DEL-017089,FL-074448,Late Aircraft Arrival,67
DEL-017090,FL-074450,Late Aircraft Arrival,50
DEL-017091,FL-074461,Late Aircraft Arrival,16
DEL-017092,FL-074462,Air Traffic Control,272
DEL-017093,FL-074464,Air Traffic Control,127
DEL-017094,FL-074468,Maintenance,51
DEL-017095,FL-074472,Late Aircraft Arrival,71
DEL-017096,FL-074474,Weather,38
DEL-017097,FL-074476,Weather,26
DEL-017098,FL-074487,Air Traffic Control,65
DEL-017099,FL-074490,Late Aircraft Arrival,19
DEL-017100,FL-074497,Late Aircraft Arrival,28
DEL-017101,FL-074500,Weather,96
DEL-017102,FL-074504,Weather,76
DEL-017103,FL-074505,Air Traffic Control,21
DEL-017104,FL-074508,Maintenance,34
DEL-017105,FL-074518,Air Traffic Control,17
DEL-017106,FL-074526,Maintenance,31
DEL-017107,FL-074531,Air Traffic Control,58
DEL-017108,FL-074533,Air Traffic Control,16
DEL-017109,FL-074542,Air Traffic Control,57
DEL-017110,FL-074544,Air Traffic Control,21
DEL-017111,FL-074548,Late Aircraft Arrival,30
DEL-017112,FL-074555,Late Aircraft Arrival,58
DEL-017113,FL-074563,Air Traffic Control,28
DEL-017114,FL-074567,Late Aircraft Arrival,61
DEL-017115,FL-074572,Weather,91
DEL-017116,FL-074578,Maintenance,17
DEL-017117,FL-074579,Weather,28
DEL-017118,FL-074580,Late Aircraft Arrival,55
DEL-017119,FL-074582,Late Aircraft Arrival,36
DEL-017120,FL-074585,Air Traffic Control,102
DEL-017121,FL-074596,Late Aircraft Arrival,29
DEL-017122,FL-074597,Late Aircraft Arrival,158
DEL-017123,FL-074599,Late Aircraft Arrival,20
DEL-017124,FL-074604,Air Traffic Control,77
DEL-017125,FL-074611,Air Traffic Control,42
DEL-017126,FL-074616,Air Traffic Control,40
DEL-017127,FL-074619,Late Aircraft Arrival,15
DEL-017128,FL-074621,Maintenance,22
DEL-017129,FL-074622,Security,22
DEL-017130,FL-074625,Weather,37
DEL-017131,FL-074628,Late Aircraft Arrival,54
DEL-017132,FL-074630,Maintenance,18
DEL-017133,FL-074641,Late Aircraft Arrival,17
DEL-017134,FL-074643,Air Traffic Control,22
DEL-017135,FL-074649,Weather,23
DEL-017136,FL-074661,Weather,165
DEL-017137,FL-074663,Maintenance,47
DEL-017138,FL-074667,Maintenance,77
DEL-017139,FL-074676,Maintenance,32
DEL-017140,FL-074677,Late Aircraft Arrival,52
DEL-017141,FL-074678,Late Aircraft Arrival,42
DEL-017142,FL-074679,Weather,37
DEL-017143,FL-074683,Late Aircraft Arrival,43
DEL-017144,FL-074684,Air Traffic Control,63
DEL-017145,FL-074692,Air Traffic Control,34
DEL-017146,FL-074697,Weather,85
DEL-017147,FL-074703,Weather,24
DEL-017148,FL-074705,Security,88
DEL-017149,FL-074706,Late Aircraft Arrival,30
DEL-017150,FL-074710,Maintenance,80
DEL-017151,FL-074713,Weather,18
DEL-017152,FL-074715,Weather,25
DEL-017153,FL-074722,Late Aircraft Arrival,26
DEL-017154,FL-074725,Air Traffic Control,76
DEL-017155,FL-074727,Air Traffic Control,24
DEL-017156,FL-074728,Air Traffic Control,39
DEL-017157,FL-074729,Late Aircraft Arrival,15
DEL-017158,FL-074730,Maintenance,73
DEL-017159,FL-074733,Air Traffic Control,82
DEL-017160,FL-074734,Air Traffic Control,154
DEL-017161,FL-074736,Weather,16
DEL-017162,FL-074746,Late Aircraft Arrival,26
DEL-017163,FL-074747,Air Traffic Control,208
DEL-017164,FL-074753,Air Traffic Control,18
DEL-017165,FL-074756,Maintenance,49
DEL-017166,FL-074763,Weather,23
DEL-017167,FL-074771,Maintenance,25
DEL-017168,FL-074773,Air Traffic Control,33
DEL-017169,FL-074776,Air Traffic Control,22
DEL-017170,FL-074779,Late Aircraft Arrival,32
DEL-017171,FL-074784,Weather,72
DEL-017172,FL-074787,Air Traffic Control,55
DEL-017173,FL-074790,Weather,122
DEL-017174,FL-074795,Maintenance,43
DEL-017175,FL-074796,Late Aircraft Arrival,74
DEL-017176,FL-074797,Late Aircraft Arrival,189
DEL-017177,FL-074806,Weather,31
DEL-017178,FL-074810,Air Traffic Control,37
DEL-017179,FL-074812,Maintenance,67
DEL-017180,FL-074813,Security,17
DEL-017181,FL-074815,Air Traffic Control,94
DEL-017182,FL-074825,Late Aircraft Arrival,29
DEL-017183,FL-074827,Weather,20
DEL-017184,FL-074833,Weather,31
DEL-017185,FL-074841,Air Traffic Control,104
DEL-017186,FL-074852,Maintenance,22
DEL-017187,FL-074854,Late Aircraft Arrival,83
DEL-017188,FL-074870,Security,18
DEL-017189,FL-074874,Weather,34
DEL-017190,FL-074882,Security,192
DEL-017191,FL-074886,Maintenance,29
DEL-017192,FL-074887,Air Traffic Control,233
DEL-017193,FL-074891,Maintenance,80
DEL-017194,FL-074892,Weather,44
DEL-017195,FL-074894,Air Traffic Control,22
DEL-017196,FL-074906,Weather,58
DEL-017197,FL-074927,Late Aircraft Arrival,28
DEL-017198,FL-074934,Weather,115
DEL-017199,FL-074943,Late Aircraft Arrival,26
DEL-017200,FL-074947,Weather,19
DEL-017201,FL-074951,Weather,69
DEL-017202,FL-074953,Weather,28
DEL-017203,FL-074955,Maintenance,21
DEL-017204,FL-074959,Weather,44
DEL-017205,FL-074960,Late Aircraft Arrival,58
DEL-017206,FL-074964,Weather,36
DEL-017207,FL-074967,Air Traffic Control,75
DEL-017208,FL-074980,Maintenance,105
DEL-017209,FL-074983,Late Aircraft Arrival,50
DEL-017210,FL-074985,Weather,37
DEL-017211,FL-074993,Maintenance,33
DEL-017212,FL-074995,Maintenance,26
DEL-017213,FL-075000,Maintenance,32
DEL-017214,FL-075004,Security,140
DEL-017215,FL-075008,Air Traffic Control,117
DEL-017216,FL-075013,Late Aircraft Arrival,45
DEL-017217,FL-075019,Air Traffic Control,34
DEL-017218,FL-075026,Maintenance,232
DEL-017219,FL-075036,Maintenance,151
DEL-017220,FL-075042,Air Traffic Control,30
DEL-017221,FL-075044,Weather,42
DEL-017222,FL-075052,Maintenance,39
DEL-017223,FL-075055,Weather,135
DEL-017224,FL-075064,Air Traffic Control,61
DEL-017225,FL-075067,Security,42
DEL-017226,FL-075071,Weather,18
DEL-017227,FL-075077,Late Aircraft Arrival,92
DEL-017228,FL-075080,Maintenance,116
DEL-017229,FL-075087,Weather,152
DEL-017230,FL-075089,Air Traffic Control,20
DEL-017231,FL-075093,Air Traffic Control,134
DEL-017232,FL-075095,Weather,321
DEL-017233,FL-075097,Late Aircraft Arrival,21
DEL-017234,FL-075100,Maintenance,36
DEL-017235,FL-075105,Maintenance,34
DEL-017236,FL-075117,Maintenance,17
DEL-017237,FL-075118,Air Traffic Control,48
DEL-017238,FL-075128,Air Traffic Control,22
DEL-017239,FL-075129,Air Traffic Control,52
DEL-017240,FL-075133,Weather,24
DEL-017241,FL-075136,Security,27
DEL-017242,FL-075145,Late Aircraft Arrival,38
DEL-017243,FL-075148,Weather,81
DEL-017244,FL-075152,Weather,31
DEL-017245,FL-075154,Security,20
DEL-017246,FL-075157,Air Traffic Control,54
DEL-017247,FL-075160,Weather,116
DEL-017248,FL-075163,Security,23
DEL-017249,FL-075164,Weather,40
DEL-017250,FL-075172,Late Aircraft Arrival,38
DEL-017251,FL-075175,Air Traffic Control,26
DEL-017252,FL-075176,Weather,30
DEL-017253,FL-075177,Air Traffic Control,15
DEL-017254,FL-075190,Late Aircraft Arrival,52
DEL-017255,FL-075191,Weather,37
DEL-017256,FL-075202,Weather,45
DEL-017257,FL-075208,Weather,58
DEL-017258,FL-075212,Weather,88
DEL-017259,FL-075216,Weather,64
DEL-017260,FL-075217,Weather,39
DEL-017261,FL-075219,Late Aircraft Arrival,36
DEL-017262,FL-075223,Maintenance,53
DEL-017263,FL-075225,Maintenance,16
DEL-017264,FL-075232,Late Aircraft Arrival,54
DEL-017265,FL-075235,Maintenance,60
DEL-017266,FL-075236,Weather,53
DEL-017267,FL-075244,Maintenance,22
DEL-017268,FL-075272,Air Traffic Control,31
DEL-017269,FL-075274,Weather,23
DEL-017270,FL-075279,Late Aircraft Arrival,99
DEL-017271,FL-075280,Air Traffic Control,62
DEL-017272,FL-075281,Security,101
DEL-017273,FL-075282,Air Traffic Control,29
DEL-017274,FL-075286,Security,80
DEL-017275,FL-075292,Late Aircraft Arrival,26
DEL-017276,FL-075295,Weather,16
DEL-017277,FL-075298,Security,15
DEL-017278,FL-075304,Late Aircraft Arrival,41
DEL-017279,FL-075306,Maintenance,51
DEL-017280,FL-075307,Air Traffic Control,59
DEL-017281,FL-075310,Late Aircraft Arrival,27
DEL-017282,FL-075319,Air Traffic Control,71
DEL-017283,FL-075325,Weather,75
DEL-017284,FL-075326,Late Aircraft Arrival,62
DEL-017285,FL-075331,Security,39
DEL-017286,FL-075342,Weather,105
DEL-017287,FL-075346,Late Aircraft Arrival,16
DEL-017288,FL-075352,Air Traffic Control,24
DEL-017289,FL-075354,Air Traffic Control,78
DEL-017290,FL-075355,Late Aircraft Arrival,132
DEL-017291,FL-075356,Air Traffic Control,66
DEL-017292,FL-075360,Late Aircraft Arrival,52
DEL-017293,FL-075367,Air Traffic Control,41
DEL-017294,FL-075372,Maintenance,21
DEL-017295,FL-075373,Maintenance,68
DEL-017296,FL-075374,Weather,102
DEL-017297,FL-075375,Weather,48
DEL-017298,FL-075378,Weather,36
DEL-017299,FL-075379,Weather,40
DEL-017300,FL-075381,Air Traffic Control,28
DEL-017301,FL-075382,Weather,143
DEL-017302,FL-075384,Late Aircraft Arrival,134
DEL-017303,FL-075387,Late Aircraft Arrival,63
DEL-017304,FL-075388,Weather,32
DEL-017305,FL-075396,Air Traffic Control,64
DEL-017306,FL-075397,Air Traffic Control,33
DEL-017307,FL-075398,Air Traffic Control,84
DEL-017308,FL-075402,Maintenance,19
DEL-017309,FL-075405,Late Aircraft Arrival,71
DEL-017310,FL-075407,Weather,95
DEL-017311,FL-075411,Weather,34
DEL-017312,FL-075412,Weather,22
DEL-017313,FL-075413,Late Aircraft Arrival,34
DEL-017314,FL-075416,Air Traffic Control,83
DEL-017315,FL-075419,Weather,34
DEL-017316,FL-075421,Maintenance,94
DEL-017317,FL-075423,Weather,72
DEL-017318,FL-075424,Maintenance,37
DEL-017319,FL-075431,Late Aircraft Arrival,43
DEL-017320,FL-075433,Weather,110
DEL-017321,FL-075437,Air Traffic Control,18
DEL-017322,FL-075440,Weather,97
DEL-017323,FL-075444,Weather,235
DEL-017324,FL-075448,Late Aircraft Arrival,16
DEL-017325,FL-075449,Air Traffic Control,92
DEL-017326,FL-075450,Late Aircraft Arrival,62
DEL-017327,FL-075453,Air Traffic Control,34
DEL-017328,FL-075457,Late Aircraft Arrival,111
DEL-017329,FL-075460,Weather,17
DEL-017330,FL-075463,Security,64
DEL-017331,FL-075466,Air Traffic Control,42
DEL-017332,FL-075469,Air Traffic Control,37
DEL-017333,FL-075471,Air Traffic Control,34
DEL-017334,FL-075477,Weather,33
DEL-017335,FL-075478,Late Aircraft Arrival,38
DEL-017336,FL-075479,Maintenance,119
DEL-017337,FL-075485,Late Aircraft Arrival,43
DEL-017338,FL-075490,Weather,51
DEL-017339,FL-075492,Air Traffic Control,223
DEL-017340,FL-075494,Air Traffic Control,88
DEL-017341,FL-075501,Air Traffic Control,35
DEL-017342,FL-075515,Late Aircraft Arrival,35
DEL-017343,FL-075517,Maintenance,158
DEL-017344,FL-075519,Air Traffic Control,45
DEL-017345,FL-075520,Maintenance,34
DEL-017346,FL-075522,Weather,55
DEL-017347,FL-075533,Weather,80
DEL-017348,FL-075535,Weather,18
DEL-017349,FL-075536,Security,207
DEL-017350,FL-075539,Weather,37
DEL-017351,FL-075543,Weather,74
DEL-017352,FL-075545,Maintenance,115
DEL-017353,FL-075547,Maintenance,38
DEL-017354,FL-075551,Late Aircraft Arrival,21
DEL-017355,FL-075556,Maintenance,20
DEL-017356,FL-075561,Weather,67
DEL-017357,FL-075570,Maintenance,17
DEL-017358,FL-075576,Air Traffic Control,25
DEL-017359,FL-075577,Late Aircraft Arrival,110
DEL-017360,FL-075586,Weather,44
DEL-017361,FL-075597,Maintenance,15
DEL-017362,FL-075598,Weather,17
DEL-017363,FL-075601,Late Aircraft Arrival,22
DEL-017364,FL-075602,Air Traffic Control,46
DEL-017365,FL-075605,Maintenance,40
DEL-017366,FL-075609,Weather,62
DEL-017367,FL-075619,Late Aircraft Arrival,42
DEL-017368,FL-075622,Weather,30
DEL-017369,FL-075623,Maintenance,36
DEL-017370,FL-075625,Maintenance,29
DEL-017371,FL-075626,Maintenance,28
DEL-017372,FL-075627,Weather,32
DEL-017373,FL-075634,Weather,29
DEL-017374,FL-075637,Weather,76
DEL-017375,FL-075639,Late Aircraft Arrival,26
DEL-017376,FL-075641,Late Aircraft Arrival,26
DEL-017377,FL-075643,Weather,29
DEL-017378,FL-075646,Late Aircraft Arrival,56
DEL-017379,FL-075656,Air Traffic Control,88
DEL-017380,FL-075663,Air Traffic Control,69
DEL-017381,FL-075664,Late Aircraft Arrival,37
DEL-017382,FL-075666,Maintenance,49
DEL-017383,FL-075667,Maintenance,42
DEL-017384,FL-075672,Air Traffic Control,16
DEL-017385,FL-075675,Weather,34
DEL-017386,FL-075679,Maintenance,23
DEL-017387,FL-075681,Late Aircraft Arrival,47
DEL-017388,FL-075685,Maintenance,25
DEL-017389,FL-075686,Maintenance,77
DEL-017390,FL-075689,Weather,73
DEL-017391,FL-075693,Weather,40
DEL-017392,FL-075698,Maintenance,21
DEL-017393,FL-075699,Maintenance,40
DEL-017394,FL-075701,Late Aircraft Arrival,106
DEL-017395,FL-075712,Air Traffic Control,44
DEL-017396,FL-075718,Security,23
DEL-017397,FL-075721,Air Traffic Control,16
DEL-017398,FL-075723,Security,167
DEL-017399,FL-075730,Weather,17
DEL-017400,FL-075738,Weather,61
DEL-017401,FL-075744,Air Traffic Control,54
DEL-017402,FL-075747,Air Traffic Control,25
DEL-017403,FL-075754,Air Traffic Control,20
DEL-017404,FL-075762,Weather,152
DEL-017405,FL-075768,Air Traffic Control,31
DEL-017406,FL-075777,Late Aircraft Arrival,42
DEL-017407,FL-075781,Security,53
DEL-017408,FL-075782,Weather,23
DEL-017409,FL-075784,Air Traffic Control,67
DEL-017410,FL-075785,Late Aircraft Arrival,80
DEL-017411,FL-075788,Late Aircraft Arrival,24
DEL-017412,FL-075798,Security,88
DEL-017413,FL-075800,Weather,164
DEL-017414,FL-075810,Weather,155
DEL-017415,FL-075814,Air Traffic Control,24
DEL-017416,FL-075817,Weather,46
DEL-017417,FL-075818,Maintenance,55
DEL-017418,FL-075819,Air Traffic Control,61
DEL-017419,FL-075821,Weather,132
DEL-017420,FL-075827,Late Aircraft Arrival,30
DEL-017421,FL-075832,Weather,25
DEL-017422,FL-075836,Weather,32
DEL-017423,FL-075838,Security,107
DEL-017424,FL-075845,Late Aircraft Arrival,40
DEL-017425,FL-075846,Late Aircraft Arrival,27
DEL-017426,FL-075847,Weather,30
DEL-017427,FL-075848,Late Aircraft Arrival,52
DEL-017428,FL-075851,Weather,41
DEL-017429,FL-075855,Air Traffic Control,122
DEL-017430,FL-075856,Air Traffic Control,66
DEL-017431,FL-075861,Air Traffic Control,26
DEL-017432,FL-075862,Maintenance,42
DEL-017433,FL-075864,Air Traffic Control,61
DEL-017434,FL-075866,Weather,30
DEL-017435,FL-075868,Air Traffic Control,96
DEL-017436,FL-075870,Late Aircraft Arrival,74
DEL-017437,FL-075886,Air Traffic Control,31
DEL-017438,FL-075887,Late Aircraft Arrival,33
DEL-017439,FL-075888,Late Aircraft Arrival,37
DEL-017440,FL-075893,Maintenance,195
DEL-017441,FL-075900,Late Aircraft Arrival,57
DEL-017442,FL-075910,Maintenance,43
DEL-017443,FL-075912,Air Traffic Control,23
DEL-017444,FL-075914,Weather,71
DEL-017445,FL-075915,Maintenance,46
DEL-017446,FL-075920,Late Aircraft Arrival,39
DEL-017447,FL-075924,Weather,25
DEL-017448,FL-075926,Late Aircraft Arrival,26
DEL-017449,FL-075929,Air Traffic Control,116
DEL-017450,FL-075930,Late Aircraft Arrival,36
DEL-017451,FL-075937,Late Aircraft Arrival,28
DEL-017452,FL-075940,Late Aircraft Arrival,45
DEL-017453,FL-075942,Air Traffic Control,26
DEL-017454,FL-075946,Weather,71
DEL-017455,FL-075972,Air Traffic Control,49
DEL-017456,FL-075974,Security,44
DEL-017457,FL-075976,Maintenance,142
DEL-017458,FL-075980,Air Traffic Control,45
DEL-017459,FL-075982,Maintenance,29
DEL-017460,FL-075984,Late Aircraft Arrival,56
DEL-017461,FL-075986,Security,58
DEL-017462,FL-075987,Late Aircraft Arrival,91
DEL-017463,FL-075996,Late Aircraft Arrival,47
DEL-017464,FL-076000,Weather,48
DEL-017465,FL-076001,Late Aircraft Arrival,75
DEL-017466,FL-076003,Maintenance,18
DEL-017467,FL-076008,Air Traffic Control,59
DEL-017468,FL-076009,Maintenance,39
DEL-017469,FL-076013,Weather,21
DEL-017470,FL-076019,Security,37
DEL-017471,FL-076024,Weather,25
DEL-017472,FL-076026,Air Traffic Control,54
DEL-017473,FL-076032,Weather,22
DEL-017474,FL-076042,Air Traffic Control,25
DEL-017475,FL-076043,Air Traffic Control,53
DEL-017476,FL-076044,Weather,37
DEL-017477,FL-076045,Late Aircraft Arrival,61
DEL-017478,FL-076049,Weather,55
DEL-017479,FL-076053,Air Traffic Control,42
DEL-017480,FL-076054,Maintenance,45
DEL-017481,FL-076057,Weather,42
DEL-017482,FL-076058,Late Aircraft Arrival,47
DEL-017483,FL-076059,Late Aircraft Arrival,18
DEL-017484,FL-076071,Late Aircraft Arrival,17
DEL-017485,FL-076075,Late Aircraft Arrival,75
DEL-017486,FL-076076,Weather,125
DEL-017487,FL-076078,Late Aircraft Arrival,55
DEL-017488,FL-076079,Late Aircraft Arrival,28
DEL-017489,FL-076081,Late Aircraft Arrival,63
DEL-017490,FL-076087,Late Aircraft Arrival,50
DEL-017491,FL-076095,Late Aircraft Arrival,22
DEL-017492,FL-076101,Security,32
DEL-017493,FL-076110,Maintenance,41
DEL-017494,FL-076112,Maintenance,26
DEL-017495,FL-076114,Weather,30
DEL-017496,FL-076131,Security,43
DEL-017497,FL-076132,Maintenance,24
DEL-017498,FL-076135,Air Traffic Control,75
DEL-017499,FL-076136,Air Traffic Control,20
DEL-017500,FL-076141,Late Aircraft Arrival,24
DEL-017501,FL-076142,Air Traffic Control,39
DEL-017502,FL-076149,Air Traffic Control,92
DEL-017503,FL-076152,Maintenance,78
DEL-017504,FL-076160,Maintenance,29
DEL-017505,FL-076170,Weather,137
DEL-017506,FL-076179,Weather,25
DEL-017507,FL-076184,Maintenance,19
DEL-017508,FL-076187,Weather,25
DEL-017509,FL-076192,Late Aircraft Arrival,25
DEL-017510,FL-076198,Maintenance,76
DEL-017511,FL-076202,Air Traffic Control,37
DEL-017512,FL-076205,Weather,58
DEL-017513,FL-076209,Maintenance,134
DEL-017514,FL-076211,Maintenance,119
DEL-017515,FL-076215,Maintenance,68
DEL-017516,FL-076216,Maintenance,23
DEL-017517,FL-076219,Maintenance,92
DEL-017518,FL-076223,Air Traffic Control,20
DEL-017519,FL-076225,Maintenance,38
DEL-017520,FL-076226,Maintenance,33
DEL-017521,FL-076231,Air Traffic Control,98
DEL-017522,FL-076235,Air Traffic Control,61
DEL-017523,FL-076239,Air Traffic Control,65
DEL-017524,FL-076241,Air Traffic Control,20
DEL-017525,FL-076243,Security,16
DEL-017526,FL-076245,Late Aircraft Arrival,36
DEL-017527,FL-076247,Air Traffic Control,34
DEL-017528,FL-076251,Late Aircraft Arrival,16
DEL-017529,FL-076257,Late Aircraft Arrival,25
DEL-017530,FL-076264,Weather,63
DEL-017531,FL-076274,Maintenance,25
DEL-017532,FL-076275,Maintenance,166
DEL-017533,FL-076284,Maintenance,97
DEL-017534,FL-076296,Weather,35
DEL-017535,FL-076303,Maintenance,16
DEL-017536,FL-076305,Air Traffic Control,95
DEL-017537,FL-076306,Weather,39
DEL-017538,FL-076312,Maintenance,44
DEL-017539,FL-076313,Weather,48
DEL-017540,FL-076314,Weather,40
DEL-017541,FL-076317,Maintenance,32
DEL-017542,FL-076320,Air Traffic Control,63
DEL-017543,FL-076323,Weather,81
DEL-017544,FL-076324,Air Traffic Control,59
DEL-017545,FL-076326,Air Traffic Control,46
DEL-017546,FL-076331,Maintenance,28
DEL-017547,FL-076334,Maintenance,65
DEL-017548,FL-076336,Weather,41
DEL-017549,FL-076340,Air Traffic Control,35
DEL-017550,FL-076341,Weather,38
DEL-017551,FL-076345,Maintenance,57
DEL-017552,FL-076353,Maintenance,76
DEL-017553,FL-076360,Weather,63
DEL-017554,FL-076363,Security,18
DEL-017555,FL-076365,Weather,69
DEL-017556,FL-076369,Air Traffic Control,75
DEL-017557,FL-076371,Air Traffic Control,21
DEL-017558,FL-076373,Air Traffic Control,78
DEL-017559,FL-076375,Late Aircraft Arrival,70
DEL-017560,FL-076376,Weather,103
DEL-017561,FL-076379,Weather,31
DEL-017562,FL-076384,Late Aircraft Arrival,56
DEL-017563,FL-076385,Weather,121
DEL-017564,FL-076389,Weather,21
DEL-017565,FL-076397,Weather,23
DEL-017566,FL-076403,Air Traffic Control,160
DEL-017567,FL-076405,Late Aircraft Arrival,213
DEL-017568,FL-076414,Air Traffic Control,121
DEL-017569,FL-076419,Air Traffic Control,17
DEL-017570,FL-076425,Maintenance,41
DEL-017571,FL-076431,Air Traffic Control,82
DEL-017572,FL-076435,Security,45
DEL-017573,FL-076442,Air Traffic Control,17
DEL-017574,FL-076443,Air Traffic Control,81
DEL-017575,FL-076447,Air Traffic Control,28
DEL-017576,FL-076452,Maintenance,17
DEL-017577,FL-076453,Late Aircraft Arrival,22
DEL-017578,FL-076455,Maintenance,20
DEL-017579,FL-076468,Maintenance,31
DEL-017580,FL-076470,Weather,108
DEL-017581,FL-076471,Late Aircraft Arrival,72
DEL-017582,FL-076473,Weather,28
DEL-017583,FL-076479,Weather,30
DEL-017584,FL-076480,Air Traffic Control,45
DEL-017585,FL-076481,Weather,22
DEL-017586,FL-076482,Weather,15
DEL-017587,FL-076486,Air Traffic Control,19
DEL-017588,FL-076488,Maintenance,58
DEL-017589,FL-076490,Security,55
DEL-017590,FL-076493,Late Aircraft Arrival,59
DEL-017591,FL-076496,Maintenance,31
DEL-017592,FL-076497,Air Traffic Control,72
DEL-017593,FL-076498,Late Aircraft Arrival,24
DEL-017594,FL-076501,Air Traffic Control,48
DEL-017595,FL-076513,Late Aircraft Arrival,140
DEL-017596,FL-076517,Weather,42
DEL-017597,FL-076523,Maintenance,74
DEL-017598,FL-076524,Late Aircraft Arrival,46
DEL-017599,FL-076528,Weather,49
DEL-017600,FL-076529,Maintenance,73
DEL-017601,FL-076538,Late Aircraft Arrival,36
DEL-017602,FL-076545,Air Traffic Control,74
DEL-017603,FL-076551,Late Aircraft Arrival,40
DEL-017604,FL-076552,Maintenance,37
DEL-017605,FL-076568,Air Traffic Control,22
DEL-017606,FL-076570,Maintenance,48
DEL-017607,FL-076575,Late Aircraft Arrival,83
DEL-017608,FL-076586,Maintenance,68
DEL-017609,FL-076589,Air Traffic Control,108
DEL-017610,FL-076594,Air Traffic Control,31
DEL-017611,FL-076600,Air Traffic Control,61
DEL-017612,FL-076605,Air Traffic Control,17
DEL-017613,FL-076606,Maintenance,79
DEL-017614,FL-076616,Late Aircraft Arrival,33
DEL-017615,FL-076619,Maintenance,53
DEL-017616,FL-076620,Air Traffic Control,54
DEL-017617,FL-076631,Maintenance,17
DEL-017618,FL-076635,Air Traffic Control,61
DEL-017619,FL-076636,Weather,19
DEL-017620,FL-076639,Late Aircraft Arrival,100
DEL-017621,FL-076644,Air Traffic Control,38
DEL-017622,FL-076647,Air Traffic Control,20
DEL-017623,FL-076648,Maintenance,45
DEL-017624,FL-076649,Maintenance,26
DEL-017625,FL-076654,Air Traffic Control,104
DEL-017626,FL-076656,Maintenance,79
DEL-017627,FL-076658,Late Aircraft Arrival,44
DEL-017628,FL-076663,Maintenance,31
DEL-017629,FL-076670,Maintenance,50
DEL-017630,FL-076671,Late Aircraft Arrival,22
DEL-017631,FL-076678,Weather,38
DEL-017632,FL-076680,Late Aircraft Arrival,67
DEL-017633,FL-076699,Weather,171
DEL-017634,FL-076707,Air Traffic Control,78
DEL-017635,FL-076712,Late Aircraft Arrival,18
DEL-017636,FL-076721,Air Traffic Control,25
DEL-017637,FL-076729,Late Aircraft Arrival,42
DEL-017638,FL-076731,Maintenance,26
DEL-017639,FL-076733,Air Traffic Control,51
DEL-017640,FL-076737,Weather,112
DEL-017641,FL-076739,Air Traffic Control,51
DEL-017642,FL-076741,Air Traffic Control,26
DEL-017643,FL-076745,Air Traffic Control,26
DEL-017644,FL-076751,Maintenance,15
DEL-017645,FL-076755,Air Traffic Control,35
DEL-017646,FL-076756,Security,16
DEL-017647,FL-076759,Air Traffic Control,19
DEL-017648,FL-076766,Security,19
DEL-017649,FL-076768,Air Traffic Control,30
DEL-017650,FL-076770,Security,45
DEL-017651,FL-076778,Late Aircraft Arrival,33
DEL-017652,FL-076781,Air Traffic Control,22
DEL-017653,FL-076785,Weather,92
DEL-017654,FL-076787,Maintenance,23
DEL-017655,FL-076789,Maintenance,170
DEL-017656,FL-076796,Late Aircraft Arrival,98
DEL-017657,FL-076812,Air Traffic Control,22
DEL-017658,FL-076813,Air Traffic Control,51
DEL-017659,FL-076814,Maintenance,33
DEL-017660,FL-076824,Weather,29
DEL-017661,FL-076828,Maintenance,64
DEL-017662,FL-076829,Weather,86
DEL-017663,FL-076830,Air Traffic Control,77
DEL-017664,FL-076831,Weather,43
DEL-017665,FL-076832,Weather,113
DEL-017666,FL-076838,Maintenance,62
DEL-017667,FL-076844,Air Traffic Control,21
DEL-017668,FL-076854,Air Traffic Control,16
DEL-017669,FL-076855,Air Traffic Control,116
DEL-017670,FL-076856,Late Aircraft Arrival,17
DEL-017671,FL-076860,Maintenance,107
DEL-017672,FL-076870,Weather,68
DEL-017673,FL-076875,Weather,39
DEL-017674,FL-076877,Maintenance,32
DEL-017675,FL-076879,Maintenance,61
DEL-017676,FL-076880,Weather,58
DEL-017677,FL-076881,Late Aircraft Arrival,68
DEL-017678,FL-076882,Late Aircraft Arrival,49
DEL-017679,FL-076891,Late Aircraft Arrival,45
DEL-017680,FL-076895,Maintenance,62
DEL-017681,FL-076897,Maintenance,17
DEL-017682,FL-076900,Late Aircraft Arrival,32
DEL-017683,FL-076901,Air Traffic Control,28
DEL-017684,FL-076905,Maintenance,30
DEL-017685,FL-076908,Weather,39
DEL-017686,FL-076909,Maintenance,60
DEL-017687,FL-076912,Maintenance,38
DEL-017688,FL-076918,Maintenance,106
DEL-017689,FL-076919,Air Traffic Control,67
DEL-017690,FL-076941,Air Traffic Control,40
DEL-017691,FL-076945,Weather,15
DEL-017692,FL-076955,Air Traffic Control,142
DEL-017693,FL-076956,Security,31
DEL-017694,FL-076960,Late Aircraft Arrival,82
DEL-017695,FL-076962,Air Traffic Control,44
DEL-017696,FL-076963,Maintenance,73
DEL-017697,FL-076965,Air Traffic Control,36
DEL-017698,FL-076969,Air Traffic Control,25
DEL-017699,FL-076974,Maintenance,19
DEL-017700,FL-076977,Air Traffic Control,24
DEL-017701,FL-076987,Security,33
DEL-017702,FL-076991,Maintenance,75
DEL-017703,FL-076996,Air Traffic Control,40
DEL-017704,FL-076997,Weather,142
DEL-017705,FL-076998,Weather,36
DEL-017706,FL-076999,Maintenance,101
DEL-017707,FL-077004,Weather,142
DEL-017708,FL-077007,Late Aircraft Arrival,77
DEL-017709,FL-077011,Air Traffic Control,54
DEL-017710,FL-077012,Weather,19
DEL-017711,FL-077016,Air Traffic Control,29
DEL-017712,FL-077018,Late Aircraft Arrival,61
DEL-017713,FL-077019,Maintenance,204
DEL-017714,FL-077021,Weather,29
DEL-017715,FL-077022,Air Traffic Control,155
DEL-017716,FL-077023,Security,27
DEL-017717,FL-077030,Air Traffic Control,99
DEL-017718,FL-077033,Weather,54
DEL-017719,FL-077034,Weather,32
DEL-017720,FL-077037,Air Traffic Control,81
DEL-017721,FL-077038,Weather,54
DEL-017722,FL-077043,Late Aircraft Arrival,117
DEL-017723,FL-077044,Late Aircraft Arrival,22
DEL-017724,FL-077047,Maintenance,93
DEL-017725,FL-077048,Air Traffic Control,42
DEL-017726,FL-077049,Weather,16
DEL-017727,FL-077050,Maintenance,15
DEL-017728,FL-077054,Air Traffic Control,52
DEL-017729,FL-077055,Air Traffic Control,18
DEL-017730,FL-077059,Air Traffic Control,26
DEL-017731,FL-077068,Air Traffic Control,70
DEL-017732,FL-077075,Weather,41
DEL-017733,FL-077076,Air Traffic Control,56
DEL-017734,FL-077081,Weather,93
DEL-017735,FL-077085,Maintenance,115
DEL-017736,FL-077087,Air Traffic Control,39
DEL-017737,FL-077092,Weather,27
DEL-017738,FL-077094,Maintenance,32
DEL-017739,FL-077097,Late Aircraft Arrival,196
DEL-017740,FL-077106,Late Aircraft Arrival,75
DEL-017741,FL-077108,Maintenance,39
DEL-017742,FL-077111,Maintenance,91
DEL-017743,FL-077112,Late Aircraft Arrival,32
DEL-017744,FL-077118,Weather,98
DEL-017745,FL-077121,Air Traffic Control,75
DEL-017746,FL-077130,Weather,147
DEL-017747,FL-077135,Weather,106
DEL-017748,FL-077141,Air Traffic Control,65
DEL-017749,FL-077144,Late Aircraft Arrival,105
DEL-017750,FL-077154,Weather,41
DEL-017751,FL-077157,Late Aircraft Arrival,41
DEL-017752,FL-077158,Maintenance,34
DEL-017753,FL-077159,Air Traffic Control,52
DEL-017754,FL-077163,Air Traffic Control,24
DEL-017755,FL-077164,Air Traffic Control,21
DEL-017756,FL-077166,Late Aircraft Arrival,71
DEL-017757,FL-077169,Weather,41
DEL-017758,FL-077172,Security,44
DEL-017759,FL-077174,Air Traffic Control,25
DEL-017760,FL-077180,Weather,68
DEL-017761,FL-077182,Late Aircraft Arrival,20
DEL-017762,FL-077185,Air Traffic Control,63
DEL-017763,FL-077188,Weather,74
DEL-017764,FL-077189,Security,20
DEL-017765,FL-077194,Weather,131
DEL-017766,FL-077195,Air Traffic Control,16
DEL-017767,FL-077196,Weather,205
DEL-017768,FL-077207,Maintenance,130
DEL-017769,FL-077215,Air Traffic Control,29
DEL-017770,FL-077224,Air Traffic Control,117
DEL-017771,FL-077226,Late Aircraft Arrival,76
DEL-017772,FL-077233,Late Aircraft Arrival,32
DEL-017773,FL-077235,Air Traffic Control,74
DEL-017774,FL-077236,Weather,35
DEL-017775,FL-077238,Maintenance,46
DEL-017776,FL-077243,Maintenance,50
DEL-017777,FL-077246,Air Traffic Control,35
DEL-017778,FL-077247,Air Traffic Control,19
DEL-017779,FL-077251,Maintenance,114
DEL-017780,FL-077257,Late Aircraft Arrival,31
DEL-017781,FL-077260,Air Traffic Control,38
DEL-017782,FL-077265,Weather,39
DEL-017783,FL-077275,Weather,43
DEL-017784,FL-077284,Late Aircraft Arrival,40
DEL-017785,FL-077286,Weather,31
DEL-017786,FL-077287,Weather,32
DEL-017787,FL-077291,Maintenance,53
DEL-017788,FL-077294,Maintenance,93
DEL-017789,FL-077296,Weather,58
DEL-017790,FL-077301,Air Traffic Control,18
DEL-017791,FL-077302,Late Aircraft Arrival,16
DEL-017792,FL-077305,Late Aircraft Arrival,46
DEL-017793,FL-077311,Late Aircraft Arrival,104
DEL-017794,FL-077314,Late Aircraft Arrival,17
DEL-017795,FL-077318,Weather,26
DEL-017796,FL-077323,Air Traffic Control,24
DEL-017797,FL-077332,Weather,32
DEL-017798,FL-077333,Air Traffic Control,33
DEL-017799,FL-077337,Air Traffic Control,50
DEL-017800,FL-077339,Late Aircraft Arrival,17
DEL-017801,FL-077342,Late Aircraft Arrival,68
DEL-017802,FL-077346,Air Traffic Control,33
DEL-017803,FL-077349,Air Traffic Control,48
DEL-017804,FL-077352,Weather,126
DEL-017805,FL-077354,Maintenance,71
DEL-017806,FL-077359,Air Traffic Control,44
DEL-017807,FL-077364,Maintenance,132
DEL-017808,FL-077367,Weather,29
DEL-017809,FL-077370,Air Traffic Control,42
DEL-017810,FL-077373,Air Traffic Control,37
DEL-017811,FL-077379,Security,28
DEL-017812,FL-077383,Late Aircraft Arrival,119
DEL-017813,FL-077384,Security,21
DEL-017814,FL-077386,Late Aircraft Arrival,71
DEL-017815,FL-077387,Late Aircraft Arrival,31
DEL-017816,FL-077393,Maintenance,15
DEL-017817,FL-077396,Maintenance,204
DEL-017818,FL-077399,Weather,17
DEL-017819,FL-077404,Maintenance,42
DEL-017820,FL-077405,Weather,31
DEL-017821,FL-077413,Late Aircraft Arrival,27
DEL-017822,FL-077415,Late Aircraft Arrival,52
DEL-017823,FL-077427,Weather,54
DEL-017824,FL-077429,Weather,73
DEL-017825,FL-077430,Maintenance,45
DEL-017826,FL-077433,Air Traffic Control,70
DEL-017827,FL-077437,Air Traffic Control,34
DEL-017828,FL-077441,Late Aircraft Arrival,37
DEL-017829,FL-077448,Air Traffic Control,36
DEL-017830,FL-077449,Maintenance,16
DEL-017831,FL-077452,Air Traffic Control,24
DEL-017832,FL-077462,Maintenance,16
DEL-017833,FL-077469,Late Aircraft Arrival,121
DEL-017834,FL-077472,Weather,24
DEL-017835,FL-077474,Weather,16
DEL-017836,FL-077475,Weather,62
DEL-017837,FL-077482,Weather,53
DEL-017838,FL-077487,Late Aircraft Arrival,38
DEL-017839,FL-077489,Maintenance,24
DEL-017840,FL-077490,Air Traffic Control,89
DEL-017841,FL-077493,Late Aircraft Arrival,73
DEL-017842,FL-077497,Late Aircraft Arrival,69
DEL-017843,FL-077504,Weather,38
DEL-017844,FL-077505,Late Aircraft Arrival,30
DEL-017845,FL-077507,Air Traffic Control,75
DEL-017846,FL-077512,Maintenance,94
DEL-017847,FL-077513,Weather,91
DEL-017848,FL-077515,Security,78
DEL-017849,FL-077521,Maintenance,18
DEL-017850,FL-077525,Late Aircraft Arrival,106
DEL-017851,FL-077531,Late Aircraft Arrival,245
DEL-017852,FL-077539,Weather,71
DEL-017853,FL-077540,Late Aircraft Arrival,34
DEL-017854,FL-077543,Weather,58
DEL-017855,FL-077544,Weather,70
DEL-017856,FL-077554,Weather,16
DEL-017857,FL-077556,Maintenance,30
DEL-017858,FL-077565,Weather,16
DEL-017859,FL-077571,Late Aircraft Arrival,98
DEL-017860,FL-077585,Late Aircraft Arrival,49
DEL-017861,FL-077586,Maintenance,119
DEL-017862,FL-077590,Security,25
DEL-017863,FL-077601,Maintenance,41
DEL-017864,FL-077605,Maintenance,56
DEL-017865,FL-077607,Air Traffic Control,49
DEL-017866,FL-077609,Weather,26
DEL-017867,FL-077611,Weather,35
DEL-017868,FL-077616,Late Aircraft Arrival,21
DEL-017869,FL-077625,Weather,81
DEL-017870,FL-077626,Late Aircraft Arrival,21
DEL-017871,FL-077634,Maintenance,27
DEL-017872,FL-077638,Weather,305
DEL-017873,FL-077643,Late Aircraft Arrival,21
DEL-017874,FL-077644,Late Aircraft Arrival,98
DEL-017875,FL-077647,Late Aircraft Arrival,40
DEL-017876,FL-077648,Maintenance,79
DEL-017877,FL-077650,Maintenance,100
DEL-017878,FL-077652,Weather,61
DEL-017879,FL-077655,Security,39
DEL-017880,FL-077656,Air Traffic Control,61
DEL-017881,FL-077657,Weather,72
DEL-017882,FL-077658,Air Traffic Control,60
DEL-017883,FL-077680,Maintenance,55
DEL-017884,FL-077681,Weather,33
DEL-017885,FL-077683,Late Aircraft Arrival,118
DEL-017886,FL-077687,Air Traffic Control,66
DEL-017887,FL-077689,Maintenance,161
DEL-017888,FL-077694,Air Traffic Control,50
DEL-017889,FL-077699,Air Traffic Control,22
DEL-017890,FL-077703,Weather,22
DEL-017891,FL-077705,Late Aircraft Arrival,35
DEL-017892,FL-077707,Weather,51
DEL-017893,FL-077708,Maintenance,43
DEL-017894,FL-077713,Air Traffic Control,60
DEL-017895,FL-077719,Air Traffic Control,47
DEL-017896,FL-077722,Late Aircraft Arrival,31
DEL-017897,FL-077727,Weather,46
DEL-017898,FL-077730,Weather,197
DEL-017899,FL-077737,Maintenance,29
DEL-017900,FL-077743,Late Aircraft Arrival,17
DEL-017901,FL-077746,Late Aircraft Arrival,40
DEL-017902,FL-077748,Late Aircraft Arrival,22
DEL-017903,FL-077752,Air Traffic Control,52
DEL-017904,FL-077753,Air Traffic Control,78
DEL-017905,FL-077758,Maintenance,84
DEL-017906,FL-077761,Weather,108
DEL-017907,FL-077766,Air Traffic Control,79
DEL-017908,FL-077767,Weather,70
DEL-017909,FL-077777,Air Traffic Control,102
DEL-017910,FL-077778,Weather,84
DEL-017911,FL-077786,Late Aircraft Arrival,138
DEL-017912,FL-077790,Late Aircraft Arrival,32
DEL-017913,FL-077802,Air Traffic Control,33
DEL-017914,FL-077807,Air Traffic Control,37
DEL-017915,FL-077814,Air Traffic Control,15
DEL-017916,FL-077820,Air Traffic Control,78
DEL-017917,FL-077827,Air Traffic Control,41
DEL-017918,FL-077829,Late Aircraft Arrival,131
DEL-017919,FL-077831,Air Traffic Control,17
DEL-017920,FL-077840,Air Traffic Control,49
DEL-017921,FL-077860,Weather,18
DEL-017922,FL-077879,Air Traffic Control,109
DEL-017923,FL-077882,Air Traffic Control,42
DEL-017924,FL-077884,Air Traffic Control,28
DEL-017925,FL-077887,Weather,80
DEL-017926,FL-077892,Late Aircraft Arrival,87
DEL-017927,FL-077903,Air Traffic Control,24
DEL-017928,FL-077905,Weather,16
DEL-017929,FL-077914,Weather,25
DEL-017930,FL-077923,Security,27
DEL-017931,FL-077924,Weather,135
DEL-017932,FL-077926,Weather,16
DEL-017933,FL-077933,Air Traffic Control,126
DEL-017934,FL-077935,Air Traffic Control,15
DEL-017935,FL-077939,Air Traffic Control,62
DEL-017936,FL-077944,Air Traffic Control,25
DEL-017937,FL-077959,Weather,64
DEL-017938,FL-077960,Late Aircraft Arrival,22
DEL-017939,FL-077961,Late Aircraft Arrival,42
DEL-017940,FL-077963,Weather,28
DEL-017941,FL-077970,Late Aircraft Arrival,63
DEL-017942,FL-077976,Weather,20
DEL-017943,FL-077978,Weather,52
DEL-017944,FL-077983,Weather,42
DEL-017945,FL-077986,Late Aircraft Arrival,136
DEL-017946,FL-077998,Late Aircraft Arrival,26
DEL-017947,FL-077999,Security,27
DEL-017948,FL-078000,Maintenance,25
DEL-017949,FL-078005,Weather,28
DEL-017950,FL-078013,Late Aircraft Arrival,38
DEL-017951,FL-078015,Weather,35
DEL-017952,FL-078016,Security,21
DEL-017953,FL-078019,Air Traffic Control,79
DEL-017954,FL-078020,Air Traffic Control,31
DEL-017955,FL-078027,Air Traffic Control,99
DEL-017956,FL-078036,Air Traffic Control,30
DEL-017957,FL-078042,Air Traffic Control,152
DEL-017958,FL-078043,Security,39
DEL-017959,FL-078048,Weather,16
DEL-017960,FL-078050,Late Aircraft Arrival,62
DEL-017961,FL-078059,Air Traffic Control,68
DEL-017962,FL-078061,Weather,15
DEL-017963,FL-078069,Late Aircraft Arrival,94
DEL-017964,FL-078074,Weather,25
DEL-017965,FL-078079,Maintenance,20
DEL-017966,FL-078081,Maintenance,21
DEL-017967,FL-078087,Maintenance,36
DEL-017968,FL-078093,Weather,80
DEL-017969,FL-078099,Late Aircraft Arrival,33
DEL-017970,FL-078101,Late Aircraft Arrival,97
DEL-017971,FL-078104,Maintenance,45
DEL-017972,FL-078107,Air Traffic Control,16
DEL-017973,FL-078110,Security,85
DEL-017974,FL-078112,Security,29
DEL-017975,FL-078113,Air Traffic Control,47
DEL-017976,FL-078114,Late Aircraft Arrival,16
DEL-017977,FL-078121,Weather,39
DEL-017978,FL-078123,Maintenance,30
DEL-017979,FL-078124,Security,139
DEL-017980,FL-078128,Weather,48
DEL-017981,FL-078130,Air Traffic Control,25
DEL-017982,FL-078132,Air Traffic Control,15
DEL-017983,FL-078148,Weather,40
DEL-017984,FL-078155,Late Aircraft Arrival,151
DEL-017985,FL-078160,Maintenance,79
DEL-017986,FL-078171,Late Aircraft Arrival,81
DEL-017987,FL-078174,Air Traffic Control,51
DEL-017988,FL-078175,Maintenance,25
DEL-017989,FL-078183,Maintenance,76
DEL-017990,FL-078190,Maintenance,20
DEL-017991,FL-078194,Maintenance,182
DEL-017992,FL-078208,Air Traffic Control,37
DEL-017993,FL-078223,Late Aircraft Arrival,52
DEL-017994,FL-078224,Maintenance,152
DEL-017995,FL-078227,Late Aircraft Arrival,78
DEL-017996,FL-078239,Weather,54
DEL-017997,FL-078240,Weather,187
DEL-017998,FL-078242,Maintenance,30
DEL-017999,FL-078252,Maintenance,96
DEL-018000,FL-078255,Weather,29
DEL-018001,FL-078256,Late Aircraft Arrival,39
DEL-018002,FL-078266,Weather,31
DEL-018003,FL-078270,Maintenance,77
DEL-018004,FL-078271,Air Traffic Control,32
DEL-018005,FL-078274,Air Traffic Control,207
DEL-018006,FL-078276,Weather,26
DEL-018007,FL-078284,Air Traffic Control,37
DEL-018008,FL-078285,Maintenance,79
DEL-018009,FL-078290,Weather,29
DEL-018010,FL-078294,Air Traffic Control,55
DEL-018011,FL-078295,Maintenance,123
DEL-018012,FL-078298,Weather,104
DEL-018013,FL-078300,Weather,183
DEL-018014,FL-078301,Weather,16
DEL-018015,FL-078303,Air Traffic Control,50
DEL-018016,FL-078306,Air Traffic Control,23
DEL-018017,FL-078309,Air Traffic Control,63
DEL-018018,FL-078314,Air Traffic Control,69
DEL-018019,FL-078318,Weather,58
DEL-018020,FL-078323,Maintenance,69
DEL-018021,FL-078324,Weather,57
DEL-018022,FL-078326,Air Traffic Control,118
DEL-018023,FL-078330,Security,16
DEL-018024,FL-078333,Weather,16
DEL-018025,FL-078344,Late Aircraft Arrival,33
DEL-018026,FL-078351,Maintenance,34
DEL-018027,FL-078352,Maintenance,32
DEL-018028,FL-078361,Maintenance,62
DEL-018029,FL-078364,Late Aircraft Arrival,30
DEL-018030,FL-078373,Weather,18
DEL-018031,FL-078381,Air Traffic Control,70
DEL-018032,FL-078386,Late Aircraft Arrival,57
DEL-018033,FL-078389,Air Traffic Control,43
DEL-018034,FL-078390,Maintenance,109
DEL-018035,FL-078393,Weather,41
DEL-018036,FL-078398,Maintenance,67
DEL-018037,FL-078401,Air Traffic Control,30
DEL-018038,FL-078406,Weather,93
DEL-018039,FL-078416,Weather,134
DEL-018040,FL-078421,Weather,55
DEL-018041,FL-078428,Air Traffic Control,44
DEL-018042,FL-078429,Security,36
DEL-018043,FL-078431,Air Traffic Control,105
DEL-018044,FL-078432,Weather,21
DEL-018045,FL-078434,Late Aircraft Arrival,37
DEL-018046,FL-078437,Weather,71
DEL-018047,FL-078439,Air Traffic Control,32
DEL-018048,FL-078440,Weather,17
DEL-018049,FL-078445,Maintenance,22
DEL-018050,FL-078450,Weather,25
DEL-018051,FL-078451,Air Traffic Control,88
DEL-018052,FL-078456,Air Traffic Control,90
DEL-018053,FL-078464,Air Traffic Control,15
DEL-018054,FL-078467,Weather,20
DEL-018055,FL-078468,Security,36
DEL-018056,FL-078477,Maintenance,18
DEL-018057,FL-078483,Late Aircraft Arrival,20
DEL-018058,FL-078488,Air Traffic Control,78
DEL-018059,FL-078490,Security,68
DEL-018060,FL-078496,Air Traffic Control,46
DEL-018061,FL-078502,Air Traffic Control,99
DEL-018062,FL-078504,Maintenance,95
DEL-018063,FL-078507,Security,27
DEL-018064,FL-078508,Maintenance,44
DEL-018065,FL-078509,Weather,150
DEL-018066,FL-078511,Weather,51
DEL-018067,FL-078516,Late Aircraft Arrival,39
DEL-018068,FL-078518,Maintenance,32
DEL-018069,FL-078519,Weather,25
DEL-018070,FL-078523,Maintenance,27
DEL-018071,FL-078533,Weather,23
DEL-018072,FL-078535,Weather,119
DEL-018073,FL-078538,Weather,22
DEL-018074,FL-078539,Air Traffic Control,119
DEL-018075,FL-078542,Weather,34
DEL-018076,FL-078545,Weather,56
DEL-018077,FL-078549,Security,19
DEL-018078,FL-078554,Weather,30
DEL-018079,FL-078556,Late Aircraft Arrival,146
DEL-018080,FL-078563,Maintenance,56
DEL-018081,FL-078565,Air Traffic Control,31
DEL-018082,FL-078567,Air Traffic Control,27
DEL-018083,FL-078568,Air Traffic Control,38
DEL-018084,FL-078569,Security,114
DEL-018085,FL-078576,Security,19
DEL-018086,FL-078583,Weather,144
DEL-018087,FL-078587,Air Traffic Control,21
DEL-018088,FL-078590,Security,21
DEL-018089,FL-078598,Maintenance,217
DEL-018090,FL-078606,Late Aircraft Arrival,46
DEL-018091,FL-078607,Weather,57
DEL-018092,FL-078609,Weather,27
DEL-018093,FL-078610,Weather,60
DEL-018094,FL-078611,Weather,130
DEL-018095,FL-078616,Air Traffic Control,212
DEL-018096,FL-078617,Late Aircraft Arrival,50
DEL-018097,FL-078620,Maintenance,70
DEL-018098,FL-078623,Late Aircraft Arrival,28
DEL-018099,FL-078625,Air Traffic Control,23
DEL-018100,FL-078627,Weather,50
DEL-018101,FL-078628,Air Traffic Control,21
DEL-018102,FL-078632,Weather,16
DEL-018103,FL-078633,Security,64
DEL-018104,FL-078647,Maintenance,37
DEL-018105,FL-078648,Air Traffic Control,82
DEL-018106,FL-078663,Weather,79
DEL-018107,FL-078665,Maintenance,54
DEL-018108,FL-078667,Security,16
DEL-018109,FL-078682,Air Traffic Control,35
DEL-018110,FL-078683,Air Traffic Control,31
DEL-018111,FL-078696,Maintenance,67
DEL-018112,FL-078697,Weather,170
DEL-018113,FL-078702,Weather,89
DEL-018114,FL-078706,Late Aircraft Arrival,19
DEL-018115,FL-078710,Late Aircraft Arrival,37
DEL-018116,FL-078711,Air Traffic Control,48
DEL-018117,FL-078716,Maintenance,39
DEL-018118,FL-078722,Late Aircraft Arrival,69
DEL-018119,FL-078724,Weather,39
DEL-018120,FL-078731,Late Aircraft Arrival,53
DEL-018121,FL-078733,Maintenance,41
DEL-018122,FL-078734,Late Aircraft Arrival,39
DEL-018123,FL-078737,Late Aircraft Arrival,72
DEL-018124,FL-078740,Maintenance,45
DEL-018125,FL-078743,Air Traffic Control,106
DEL-018126,FL-078745,Maintenance,64
DEL-018127,FL-078752,Air Traffic Control,107
DEL-018128,FL-078753,Weather,28
DEL-018129,FL-078754,Late Aircraft Arrival,16
DEL-018130,FL-078755,Late Aircraft Arrival,20
DEL-018131,FL-078762,Weather,65
DEL-018132,FL-078763,Air Traffic Control,26
DEL-018133,FL-078782,Maintenance,83
DEL-018134,FL-078793,Weather,54
DEL-018135,FL-078799,Weather,73
DEL-018136,FL-078800,Air Traffic Control,35
DEL-018137,FL-078807,Air Traffic Control,196
DEL-018138,FL-078809,Weather,53
DEL-018139,FL-078811,Maintenance,87
DEL-018140,FL-078814,Air Traffic Control,235
DEL-018141,FL-078817,Air Traffic Control,15
DEL-018142,FL-078819,Security,74
DEL-018143,FL-078839,Weather,19
DEL-018144,FL-078847,Maintenance,36
DEL-018145,FL-078860,Weather,46
DEL-018146,FL-078872,Weather,28
DEL-018147,FL-078874,Air Traffic Control,76
DEL-018148,FL-078877,Air Traffic Control,116
DEL-018149,FL-078883,Maintenance,28
DEL-018150,FL-078886,Late Aircraft Arrival,25
DEL-018151,FL-078895,Air Traffic Control,23
DEL-018152,FL-078896,Maintenance,15
DEL-018153,FL-078900,Maintenance,35
DEL-018154,FL-078909,Late Aircraft Arrival,53
DEL-018155,FL-078912,Air Traffic Control,180
DEL-018156,FL-078914,Security,28
DEL-018157,FL-078916,Late Aircraft Arrival,197
DEL-018158,FL-078920,Security,36
DEL-018159,FL-078930,Weather,56
DEL-018160,FL-078935,Security,35
DEL-018161,FL-078937,Late Aircraft Arrival,86
DEL-018162,FL-078941,Late Aircraft Arrival,43
DEL-018163,FL-078942,Late Aircraft Arrival,30
DEL-018164,FL-078944,Maintenance,100
DEL-018165,FL-078946,Air Traffic Control,43
DEL-018166,FL-078949,Weather,48
DEL-018167,FL-078950,Air Traffic Control,195
DEL-018168,FL-078952,Air Traffic Control,54
DEL-018169,FL-078953,Late Aircraft Arrival,72
DEL-018170,FL-078957,Maintenance,76
DEL-018171,FL-078961,Air Traffic Control,62
DEL-018172,FL-078962,Air Traffic Control,87
DEL-018173,FL-078978,Weather,34
DEL-018174,FL-078981,Weather,91
DEL-018175,FL-078983,Late Aircraft Arrival,16
DEL-018176,FL-078989,Air Traffic Control,72
DEL-018177,FL-078991,Air Traffic Control,99
DEL-018178,FL-078993,Late Aircraft Arrival,58
DEL-018179,FL-079001,Weather,19
DEL-018180,FL-079006,Weather,50
DEL-018181,FL-079010,Late Aircraft Arrival,122
DEL-018182,FL-079014,Maintenance,95
DEL-018183,FL-079015,Late Aircraft Arrival,83
DEL-018184,FL-079018,Air Traffic Control,16
DEL-018185,FL-079024,Maintenance,22
DEL-018186,FL-079027,Air Traffic Control,57
DEL-018187,FL-079031,Late Aircraft Arrival,45
DEL-018188,FL-079035,Air Traffic Control,59
DEL-018189,FL-079040,Weather,25
DEL-018190,FL-079057,Maintenance,67
DEL-018191,FL-079062,Late Aircraft Arrival,21
DEL-018192,FL-079068,Weather,67
DEL-018193,FL-079069,Weather,74
DEL-018194,FL-079071,Security,17
DEL-018195,FL-079079,Maintenance,16
DEL-018196,FL-079084,Air Traffic Control,25
DEL-018197,FL-079085,Air Traffic Control,25
DEL-018198,FL-079092,Late Aircraft Arrival,62
DEL-018199,FL-079101,Maintenance,143
DEL-018200,FL-079107,Maintenance,27
DEL-018201,FL-079108,Late Aircraft Arrival,57
DEL-018202,FL-079117,Maintenance,41
DEL-018203,FL-079120,Air Traffic Control,58
DEL-018204,FL-079121,Weather,99
DEL-018205,FL-079127,Late Aircraft Arrival,43
DEL-018206,FL-079128,Weather,44
DEL-018207,FL-079129,Air Traffic Control,21
DEL-018208,FL-079136,Maintenance,40
DEL-018209,FL-079137,Air Traffic Control,27
DEL-018210,FL-079138,Weather,39
DEL-018211,FL-079151,Air Traffic Control,25
DEL-018212,FL-079155,Weather,15
DEL-018213,FL-079156,Air Traffic Control,63
DEL-018214,FL-079160,Late Aircraft Arrival,24
DEL-018215,FL-079162,Maintenance,71
DEL-018216,FL-079164,Weather,24
DEL-018217,FL-079167,Weather,41
DEL-018218,FL-079176,Air Traffic Control,34
DEL-018219,FL-079178,Weather,147
DEL-018220,FL-079184,Air Traffic Control,81
DEL-018221,FL-079188,Air Traffic Control,50
DEL-018222,FL-079190,Air Traffic Control,15
DEL-018223,FL-079192,Maintenance,27
DEL-018224,FL-079193,Weather,50
DEL-018225,FL-079195,Maintenance,36
DEL-018226,FL-079201,Weather,200
DEL-018227,FL-079204,Maintenance,35
DEL-018228,FL-079212,Maintenance,55
DEL-018229,FL-079220,Air Traffic Control,88
DEL-018230,FL-079239,Air Traffic Control,18
DEL-018231,FL-079240,Weather,131
DEL-018232,FL-079243,Late Aircraft Arrival,15
DEL-018233,FL-079253,Late Aircraft Arrival,51
DEL-018234,FL-079256,Maintenance,49
DEL-018235,FL-079259,Air Traffic Control,208
DEL-018236,FL-079260,Air Traffic Control,43
DEL-018237,FL-079262,Maintenance,47
DEL-018238,FL-079263,Weather,43
DEL-018239,FL-079264,Air Traffic Control,23
DEL-018240,FL-079268,Air Traffic Control,38
DEL-018241,FL-079270,Maintenance,32
DEL-018242,FL-079277,Maintenance,31
DEL-018243,FL-079281,Air Traffic Control,37
DEL-018244,FL-079287,Weather,37
DEL-018245,FL-079304,Maintenance,44
DEL-018246,FL-079308,Air Traffic Control,42
DEL-018247,FL-079310,Maintenance,23
DEL-018248,FL-079311,Late Aircraft Arrival,86
DEL-018249,FL-079321,Late Aircraft Arrival,15
DEL-018250,FL-079323,Maintenance,127
DEL-018251,FL-079325,Late Aircraft Arrival,55
DEL-018252,FL-079328,Weather,49
DEL-018253,FL-079331,Air Traffic Control,110
DEL-018254,FL-079337,Weather,83
DEL-018255,FL-079343,Maintenance,37
DEL-018256,FL-079345,Air Traffic Control,81
DEL-018257,FL-079346,Air Traffic Control,47
DEL-018258,FL-079349,Air Traffic Control,110
DEL-018259,FL-079356,Late Aircraft Arrival,40
DEL-018260,FL-079362,Air Traffic Control,17
DEL-018261,FL-079363,Maintenance,69
DEL-018262,FL-079364,Air Traffic Control,54
DEL-018263,FL-079365,Air Traffic Control,32
DEL-018264,FL-079368,Air Traffic Control,54
DEL-018265,FL-079382,Maintenance,42
DEL-018266,FL-079384,Weather,100
DEL-018267,FL-079390,Air Traffic Control,104
DEL-018268,FL-079395,Security,27
DEL-018269,FL-079396,Weather,125
DEL-018270,FL-079398,Air Traffic Control,101
DEL-018271,FL-079403,Late Aircraft Arrival,99
DEL-018272,FL-079405,Late Aircraft Arrival,91
DEL-018273,FL-079417,Maintenance,20
DEL-018274,FL-079421,Late Aircraft Arrival,84
DEL-018275,FL-079423,Late Aircraft Arrival,95
DEL-018276,FL-079424,Maintenance,48
DEL-018277,FL-079425,Air Traffic Control,118
DEL-018278,FL-079426,Late Aircraft Arrival,39
DEL-018279,FL-079427,Maintenance,25
DEL-018280,FL-079431,Weather,54
DEL-018281,FL-079447,Late Aircraft Arrival,42
DEL-018282,FL-079456,Weather,22
DEL-018283,FL-079461,Weather,96
DEL-018284,FL-079462,Late Aircraft Arrival,34
DEL-018285,FL-079464,Air Traffic Control,124
DEL-018286,FL-079465,Weather,83
DEL-018287,FL-079470,Air Traffic Control,66
DEL-018288,FL-079475,Maintenance,120
DEL-018289,FL-079476,Air Traffic Control,23
DEL-018290,FL-079481,Maintenance,22
DEL-018291,FL-079489,Maintenance,34
DEL-018292,FL-079490,Air Traffic Control,23
DEL-018293,FL-079494,Air Traffic Control,44
DEL-018294,FL-079509,Weather,21
DEL-018295,FL-079510,Late Aircraft Arrival,209
DEL-018296,FL-079514,Air Traffic Control,84
DEL-018297,FL-079518,Maintenance,24
DEL-018298,FL-079521,Weather,180
DEL-018299,FL-079529,Security,64
DEL-018300,FL-079533,Late Aircraft Arrival,41
DEL-018301,FL-079535,Air Traffic Control,55
DEL-018302,FL-079538,Air Traffic Control,34
DEL-018303,FL-079552,Maintenance,39
DEL-018304,FL-079554,Air Traffic Control,18
DEL-018305,FL-079559,Weather,15
DEL-018306,FL-079560,Maintenance,48
DEL-018307,FL-079564,Weather,38
DEL-018308,FL-079570,Maintenance,59
DEL-018309,FL-079572,Weather,81
DEL-018310,FL-079576,Air Traffic Control,54
DEL-018311,FL-079579,Late Aircraft Arrival,50
DEL-018312,FL-079580,Air Traffic Control,95
DEL-018313,FL-079586,Air Traffic Control,72
DEL-018314,FL-079587,Weather,17
DEL-018315,FL-079595,Late Aircraft Arrival,98
DEL-018316,FL-079599,Maintenance,56
DEL-018317,FL-079604,Air Traffic Control,16
DEL-018318,FL-079606,Late Aircraft Arrival,25
DEL-018319,FL-079608,Weather,72
DEL-018320,FL-079611,Weather,15
DEL-018321,FL-079614,Late Aircraft Arrival,134
DEL-018322,FL-079615,Weather,50
DEL-018323,FL-079617,Air Traffic Control,74
DEL-018324,FL-079625,Air Traffic Control,122
DEL-018325,FL-079629,Weather,32
DEL-018326,FL-079630,Weather,76
DEL-018327,FL-079631,Maintenance,57
DEL-018328,FL-079633,Air Traffic Control,18
DEL-018329,FL-079640,Maintenance,28
DEL-018330,FL-079641,Late Aircraft Arrival,28
DEL-018331,FL-079642,Air Traffic Control,38
DEL-018332,FL-079647,Maintenance,44
DEL-018333,FL-079654,Late Aircraft Arrival,65
DEL-018334,FL-079655,Maintenance,36
DEL-018335,FL-079656,Weather,109
DEL-018336,FL-079661,Air Traffic Control,75
DEL-018337,FL-079673,Late Aircraft Arrival,32
DEL-018338,FL-079674,Late Aircraft Arrival,115
DEL-018339,FL-079678,Maintenance,17
DEL-018340,FL-079683,Late Aircraft Arrival,15
DEL-018341,FL-079687,Maintenance,66
DEL-018342,FL-079712,Maintenance,60
DEL-018343,FL-079716,Air Traffic Control,43
DEL-018344,FL-079717,Late Aircraft Arrival,36
DEL-018345,FL-079718,Weather,25
DEL-018346,FL-079722,Weather,92
DEL-018347,FL-079723,Weather,210
DEL-018348,FL-079724,Maintenance,17
DEL-018349,FL-079728,Air Traffic Control,21
DEL-018350,FL-079735,Air Traffic Control,123
DEL-018351,FL-079738,Air Traffic Control,40
DEL-018352,FL-079743,Weather,37
DEL-018353,FL-079757,Air Traffic Control,44
DEL-018354,FL-079758,Maintenance,113
DEL-018355,FL-079760,Air Traffic Control,20
DEL-018356,FL-079762,Weather,66
DEL-018357,FL-079769,Air Traffic Control,177
DEL-018358,FL-079771,Air Traffic Control,63
DEL-018359,FL-079783,Maintenance,53
DEL-018360,FL-079791,Air Traffic Control,37
DEL-018361,FL-079793,Weather,125
DEL-018362,FL-079794,Security,42
DEL-018363,FL-079796,Maintenance,22
DEL-018364,FL-079800,Weather,37
DEL-018365,FL-079813,Air Traffic Control,178
DEL-018366,FL-079814,Air Traffic Control,16
DEL-018367,FL-079815,Late Aircraft Arrival,17
DEL-018368,FL-079817,Maintenance,62
DEL-018369,FL-079829,Maintenance,38
DEL-018370,FL-079835,Weather,76
DEL-018371,FL-079838,Weather,35
DEL-018372,FL-079846,Maintenance,70
DEL-018373,FL-079847,Late Aircraft Arrival,18
DEL-018374,FL-079856,Air Traffic Control,70
DEL-018375,FL-079857,Air Traffic Control,112
DEL-018376,FL-079860,Air Traffic Control,21
DEL-018377,FL-079861,Late Aircraft Arrival,31
DEL-018378,FL-079863,Maintenance,17
DEL-018379,FL-079867,Late Aircraft Arrival,117
DEL-018380,FL-079869,Maintenance,123
DEL-018381,FL-079875,Weather,59
DEL-018382,FL-079878,Air Traffic Control,72
DEL-018383,FL-079885,Air Traffic Control,26
DEL-018384,FL-079886,Security,40
DEL-018385,FL-079888,Weather,136
DEL-018386,FL-079892,Air Traffic Control,40
DEL-018387,FL-079893,Weather,39
DEL-018388,FL-079894,Air Traffic Control,59
DEL-018389,FL-079895,Late Aircraft Arrival,194
DEL-018390,FL-079899,Security,93
DEL-018391,FL-079907,Late Aircraft Arrival,124
DEL-018392,FL-079910,Late Aircraft Arrival,28
DEL-018393,FL-079912,Air Traffic Control,21
DEL-018394,FL-079923,Late Aircraft Arrival,35
DEL-018395,FL-079932,Security,16
DEL-018396,FL-079942,Air Traffic Control,17
DEL-018397,FL-079944,Weather,90
DEL-018398,FL-079946,Weather,108
DEL-018399,FL-079951,Late Aircraft Arrival,76
DEL-018400,FL-079952,Maintenance,19
DEL-018401,FL-079956,Maintenance,19
DEL-018402,FL-079958,Air Traffic Control,37
DEL-018403,FL-079966,Maintenance,100
DEL-018404,FL-079971,Maintenance,55
DEL-018405,FL-079978,Late Aircraft Arrival,29
DEL-018406,FL-079984,Maintenance,38
DEL-018407,FL-079988,Late Aircraft Arrival,71
DEL-018408,FL-079989,Air Traffic Control,29
DEL-018409,FL-079992,Maintenance,42
DEL-018410,FL-079993,Weather,69
DEL-018411,FL-079997,Air Traffic Control,66
DEL-018412,FL-079999,Air Traffic Control,39
DEL-018413,FL-080003,Air Traffic Control,80
DEL-018414,FL-080011,Security,17
DEL-018415,FL-080020,Maintenance,35
DEL-018416,FL-080026,Air Traffic Control,25
DEL-018417,FL-080033,Weather,225
DEL-018418,FL-080042,Air Traffic Control,35
DEL-018419,FL-080045,Air Traffic Control,40
DEL-018420,FL-080048,Air Traffic Control,54
DEL-018421,FL-080053,Weather,25
DEL-018422,FL-080061,Weather,33
DEL-018423,FL-080067,Weather,64
DEL-018424,FL-080070,Late Aircraft Arrival,30
DEL-018425,FL-080072,Late Aircraft Arrival,129
DEL-018426,FL-080089,Security,33
DEL-018427,FL-080091,Weather,90
DEL-018428,FL-080093,Air Traffic Control,64
DEL-018429,FL-080097,Maintenance,128
DEL-018430,FL-080099,Weather,18
DEL-018431,FL-080104,Air Traffic Control,17
DEL-018432,FL-080106,Weather,51
DEL-018433,FL-080108,Weather,37
DEL-018434,FL-080109,Air Traffic Control,17
DEL-018435,FL-080115,Maintenance,89
DEL-018436,FL-080116,Weather,29
DEL-018437,FL-080118,Weather,42
DEL-018438,FL-080124,Late Aircraft Arrival,39
DEL-018439,FL-080125,Late Aircraft Arrival,40
DEL-018440,FL-080129,Air Traffic Control,15
DEL-018441,FL-080130,Weather,66
DEL-018442,FL-080136,Weather,34
DEL-018443,FL-080139,Late Aircraft Arrival,25
DEL-018444,FL-080142,Weather,35
DEL-018445,FL-080143,Maintenance,18
DEL-018446,FL-080144,Air Traffic Control,51
DEL-018447,FL-080150,Weather,30
DEL-018448,FL-080153,Maintenance,36
DEL-018449,FL-080166,Weather,65
DEL-018450,FL-080176,Air Traffic Control,17
DEL-018451,FL-080177,Security,30
DEL-018452,FL-080178,Late Aircraft Arrival,163
DEL-018453,FL-080180,Late Aircraft Arrival,64
DEL-018454,FL-080181,Late Aircraft Arrival,21
DEL-018455,FL-080186,Late Aircraft Arrival,25
DEL-018456,FL-080188,Maintenance,76
DEL-018457,FL-080195,Air Traffic Control,49
DEL-018458,FL-080198,Air Traffic Control,173
DEL-018459,FL-080202,Late Aircraft Arrival,26
DEL-018460,FL-080211,Air Traffic Control,51
DEL-018461,FL-080216,Late Aircraft Arrival,34
DEL-018462,FL-080217,Weather,20
DEL-018463,FL-080226,Weather,70
DEL-018464,FL-080231,Late Aircraft Arrival,121
DEL-018465,FL-080233,Air Traffic Control,15
DEL-018466,FL-080235,Air Traffic Control,48
DEL-018467,FL-080238,Maintenance,90
DEL-018468,FL-080240,Maintenance,50
DEL-018469,FL-080244,Weather,16
DEL-018470,FL-080250,Maintenance,18
DEL-018471,FL-080252,Air Traffic Control,88
DEL-018472,FL-080254,Late Aircraft Arrival,18
DEL-018473,FL-080255,Air Traffic Control,75
DEL-018474,FL-080264,Late Aircraft Arrival,27
DEL-018475,FL-080268,Maintenance,24
DEL-018476,FL-080278,Air Traffic Control,17
DEL-018477,FL-080282,Security,18
DEL-018478,FL-080289,Maintenance,26
DEL-018479,FL-080290,Weather,34
DEL-018480,FL-080293,Maintenance,19
DEL-018481,FL-080301,Weather,174
DEL-018482,FL-080306,Weather,48
DEL-018483,FL-080308,Weather,47
DEL-018484,FL-080310,Air Traffic Control,50
DEL-018485,FL-080316,Security,21
DEL-018486,FL-080320,Weather,21
DEL-018487,FL-080321,Weather,18
DEL-018488,FL-080324,Maintenance,91
DEL-018489,FL-080343,Air Traffic Control,38
DEL-018490,FL-080347,Air Traffic Control,92
DEL-018491,FL-080350,Late Aircraft Arrival,86
DEL-018492,FL-080352,Air Traffic Control,32
DEL-018493,FL-080353,Weather,18
DEL-018494,FL-080361,Air Traffic Control,27
DEL-018495,FL-080371,Air Traffic Control,46
DEL-018496,FL-080372,Maintenance,104
DEL-018497,FL-080382,Maintenance,128
DEL-018498,FL-080384,Maintenance,250
DEL-018499,FL-080389,Air Traffic Control,22
DEL-018500,FL-080390,Late Aircraft Arrival,90
DEL-018501,FL-080394,Maintenance,61
DEL-018502,FL-080397,Air Traffic Control,20
DEL-018503,FL-080402,Air Traffic Control,68
DEL-018504,FL-080403,Air Traffic Control,29
DEL-018505,FL-080404,Maintenance,35
DEL-018506,FL-080413,Air Traffic Control,36
DEL-018507,FL-080415,Air Traffic Control,57
DEL-018508,FL-080416,Weather,27
DEL-018509,FL-080417,Security,45
DEL-018510,FL-080418,Maintenance,74
DEL-018511,FL-080420,Late Aircraft Arrival,47
DEL-018512,FL-080423,Late Aircraft Arrival,51
DEL-018513,FL-080429,Late Aircraft Arrival,132
DEL-018514,FL-080430,Late Aircraft Arrival,71
DEL-018515,FL-080435,Weather,76
DEL-018516,FL-080436,Late Aircraft Arrival,17
DEL-018517,FL-080439,Maintenance,20
DEL-018518,FL-080445,Maintenance,41
DEL-018519,FL-080446,Maintenance,196
DEL-018520,FL-080449,Late Aircraft Arrival,69
DEL-018521,FL-080450,Weather,67
DEL-018522,FL-080453,Late Aircraft Arrival,119
DEL-018523,FL-080457,Air Traffic Control,19
DEL-018524,FL-080460,Air Traffic Control,19
DEL-018525,FL-080467,Security,92
DEL-018526,FL-080476,Air Traffic Control,31
DEL-018527,FL-080479,Late Aircraft Arrival,47
DEL-018528,FL-080484,Weather,122
DEL-018529,FL-080485,Weather,20
DEL-018530,FL-080486,Air Traffic Control,48
DEL-018531,FL-080487,Maintenance,70
DEL-018532,FL-080498,Maintenance,28
DEL-018533,FL-080499,Air Traffic Control,41
DEL-018534,FL-080502,Air Traffic Control,165
DEL-018535,FL-080503,Maintenance,56
DEL-018536,FL-080504,Weather,65
DEL-018537,FL-080507,Weather,23
DEL-018538,FL-080508,Air Traffic Control,42
DEL-018539,FL-080517,Air Traffic Control,69
DEL-018540,FL-080519,Late Aircraft Arrival,70
DEL-018541,FL-080521,Air Traffic Control,29
DEL-018542,FL-080522,Maintenance,79
DEL-018543,FL-080525,Late Aircraft Arrival,40
DEL-018544,FL-080528,Air Traffic Control,108
DEL-018545,FL-080529,Air Traffic Control,83
DEL-018546,FL-080530,Security,48
DEL-018547,FL-080536,Air Traffic Control,43
DEL-018548,FL-080538,Weather,94
DEL-018549,FL-080550,Weather,27
DEL-018550,FL-080554,Maintenance,35
DEL-018551,FL-080565,Maintenance,16
DEL-018552,FL-080570,Late Aircraft Arrival,18
DEL-018553,FL-080579,Weather,46
DEL-018554,FL-080586,Air Traffic Control,39
DEL-018555,FL-080587,Weather,84
DEL-018556,FL-080591,Weather,40
DEL-018557,FL-080604,Air Traffic Control,21
DEL-018558,FL-080610,Maintenance,18
DEL-018559,FL-080612,Air Traffic Control,66
DEL-018560,FL-080615,Weather,28
DEL-018561,FL-080616,Air Traffic Control,38
DEL-018562,FL-080620,Air Traffic Control,27
DEL-018563,FL-080627,Weather,55
DEL-018564,FL-080630,Air Traffic Control,58
DEL-018565,FL-080633,Weather,95
DEL-018566,FL-080634,Weather,61
DEL-018567,FL-080638,Maintenance,38
DEL-018568,FL-080639,Late Aircraft Arrival,144
DEL-018569,FL-080641,Weather,99
DEL-018570,FL-080644,Weather,33
DEL-018571,FL-080650,Weather,20
DEL-018572,FL-080655,Late Aircraft Arrival,20
DEL-018573,FL-080664,Weather,108
DEL-018574,FL-080665,Air Traffic Control,131
DEL-018575,FL-080674,Air Traffic Control,17
DEL-018576,FL-080685,Air Traffic Control,19
DEL-018577,FL-080694,Air Traffic Control,33
DEL-018578,FL-080695,Maintenance,92
DEL-018579,FL-080700,Weather,34
DEL-018580,FL-080709,Air Traffic Control,67
DEL-018581,FL-080712,Weather,29
DEL-018582,FL-080714,Late Aircraft Arrival,70
DEL-018583,FL-080729,Air Traffic Control,28
DEL-018584,FL-080732,Weather,49
DEL-018585,FL-080736,Air Traffic Control,22
DEL-018586,FL-080740,Late Aircraft Arrival,84
DEL-018587,FL-080747,Weather,86
DEL-018588,FL-080751,Weather,24
DEL-018589,FL-080760,Air Traffic Control,73
DEL-018590,FL-080764,Air Traffic Control,21
DEL-018591,FL-080767,Weather,46
DEL-018592,FL-080768,Late Aircraft Arrival,71
DEL-018593,FL-080769,Air Traffic Control,116
DEL-018594,FL-080772,Late Aircraft Arrival,62
DEL-018595,FL-080780,Weather,17
DEL-018596,FL-080787,Late Aircraft Arrival,153
DEL-018597,FL-080789,Late Aircraft Arrival,46
DEL-018598,FL-080801,Air Traffic Control,31
DEL-018599,FL-080802,Security,71
DEL-018600,FL-080812,Weather,25
DEL-018601,FL-080815,Air Traffic Control,70
DEL-018602,FL-080818,Air Traffic Control,28
DEL-018603,FL-080824,Security,30
DEL-018604,FL-080825,Maintenance,40
DEL-018605,FL-080830,Late Aircraft Arrival,81
DEL-018606,FL-080834,Weather,74
DEL-018607,FL-080836,Air Traffic Control,71
DEL-018608,FL-080838,Weather,18
DEL-018609,FL-080854,Air Traffic Control,114
DEL-018610,FL-080858,Weather,15
DEL-018611,FL-080859,Air Traffic Control,66
DEL-018612,FL-080860,Late Aircraft Arrival,55
DEL-018613,FL-080865,Air Traffic Control,98
DEL-018614,FL-080866,Maintenance,40
DEL-018615,FL-080868,Air Traffic Control,100
DEL-018616,FL-080876,Air Traffic Control,20
DEL-018617,FL-080879,Weather,38
DEL-018618,FL-080880,Air Traffic Control,19
DEL-018619,FL-080888,Weather,46
DEL-018620,FL-080889,Late Aircraft Arrival,24
DEL-018621,FL-080893,Security,43
DEL-018622,FL-080900,Air Traffic Control,71
DEL-018623,FL-080901,Late Aircraft Arrival,49
DEL-018624,FL-080906,Air Traffic Control,175
DEL-018625,FL-080907,Security,25
DEL-018626,FL-080916,Weather,64
DEL-018627,FL-080918,Security,46
DEL-018628,FL-080920,Weather,34
DEL-018629,FL-080923,Late Aircraft Arrival,70
DEL-018630,FL-080930,Maintenance,17
DEL-018631,FL-080931,Weather,31
DEL-018632,FL-080932,Weather,89
DEL-018633,FL-080938,Maintenance,115
DEL-018634,FL-080939,Security,39
DEL-018635,FL-080941,Maintenance,47
DEL-018636,FL-080942,Weather,33
DEL-018637,FL-080946,Air Traffic Control,42
DEL-018638,FL-080950,Late Aircraft Arrival,42
DEL-018639,FL-080952,Weather,19
DEL-018640,FL-080954,Weather,59
DEL-018641,FL-080955,Maintenance,113
DEL-018642,FL-080961,Late Aircraft Arrival,53
DEL-018643,FL-080965,Late Aircraft Arrival,58
DEL-018644,FL-080966,Weather,44
DEL-018645,FL-080969,Late Aircraft Arrival,138
DEL-018646,FL-080973,Air Traffic Control,54
DEL-018647,FL-080976,Maintenance,109
DEL-018648,FL-080978,Late Aircraft Arrival,37
DEL-018649,FL-080980,Air Traffic Control,81
DEL-018650,FL-080982,Weather,78
DEL-018651,FL-080983,Late Aircraft Arrival,32
DEL-018652,FL-080998,Security,140
DEL-018653,FL-081001,Maintenance,48
DEL-018654,FL-081004,Maintenance,44
DEL-018655,FL-081005,Air Traffic Control,57
DEL-018656,FL-081007,Weather,35
DEL-018657,FL-081013,Air Traffic Control,26
DEL-018658,FL-081015,Air Traffic Control,47
DEL-018659,FL-081016,Air Traffic Control,39
DEL-018660,FL-081019,Weather,23
DEL-018661,FL-081021,Maintenance,21
DEL-018662,FL-081022,Maintenance,120
DEL-018663,FL-081023,Late Aircraft Arrival,21
DEL-018664,FL-081024,Weather,23
DEL-018665,FL-081025,Late Aircraft Arrival,74
DEL-018666,FL-081027,Air Traffic Control,26
DEL-018667,FL-081028,Air Traffic Control,71
DEL-018668,FL-081031,Maintenance,60
DEL-018669,FL-081037,Air Traffic Control,122
DEL-018670,FL-081038,Late Aircraft Arrival,76
DEL-018671,FL-081040,Weather,122
DEL-018672,FL-081044,Air Traffic Control,94
DEL-018673,FL-081047,Security,17
DEL-018674,FL-081056,Maintenance,25
DEL-018675,FL-081061,Air Traffic Control,38
DEL-018676,FL-081064,Late Aircraft Arrival,22
DEL-018677,FL-081066,Security,22
DEL-018678,FL-081069,Maintenance,71
DEL-018679,FL-081078,Late Aircraft Arrival,25
DEL-018680,FL-081082,Air Traffic Control,43
DEL-018681,FL-081086,Maintenance,145
DEL-018682,FL-081090,Late Aircraft Arrival,39
DEL-018683,FL-081101,Maintenance,126
DEL-018684,FL-081103,Maintenance,26
DEL-018685,FL-081112,Weather,50
DEL-018686,FL-081115,Maintenance,58
DEL-018687,FL-081121,Air Traffic Control,71
DEL-018688,FL-081129,Maintenance,50
DEL-018689,FL-081130,Weather,29
DEL-018690,FL-081131,Weather,16
DEL-018691,FL-081132,Maintenance,15
DEL-018692,FL-081137,Maintenance,58
DEL-018693,FL-081138,Air Traffic Control,69
DEL-018694,FL-081145,Weather,109
DEL-018695,FL-081146,Late Aircraft Arrival,20
DEL-018696,FL-081150,Late Aircraft Arrival,41
DEL-018697,FL-081157,Late Aircraft Arrival,34
DEL-018698,FL-081183,Weather,129
DEL-018699,FL-081186,Maintenance,21
DEL-018700,FL-081187,Maintenance,203
DEL-018701,FL-081195,Late Aircraft Arrival,80
DEL-018702,FL-081198,Maintenance,20
DEL-018703,FL-081224,Air Traffic Control,128
DEL-018704,FL-081226,Late Aircraft Arrival,166
DEL-018705,FL-081237,Weather,75
DEL-018706,FL-081258,Air Traffic Control,33
DEL-018707,FL-081259,Weather,19
DEL-018708,FL-081268,Late Aircraft Arrival,15
DEL-018709,FL-081270,Weather,32
DEL-018710,FL-081272,Air Traffic Control,92
DEL-018711,FL-081280,Weather,150
DEL-018712,FL-081283,Air Traffic Control,65
DEL-018713,FL-081284,Maintenance,94
DEL-018714,FL-081285,Late Aircraft Arrival,37
DEL-018715,FL-081295,Weather,40
DEL-018716,FL-081300,Maintenance,44
DEL-018717,FL-081303,Late Aircraft Arrival,25
DEL-018718,FL-081304,Air Traffic Control,60
DEL-018719,FL-081309,Air Traffic Control,45
DEL-018720,FL-081311,Air Traffic Control,131
DEL-018721,FL-081312,Weather,69
DEL-018722,FL-081319,Weather,18
DEL-018723,FL-081323,Security,26
DEL-018724,FL-081329,Weather,21
DEL-018725,FL-081339,Maintenance,20
DEL-018726,FL-081343,Maintenance,129
DEL-018727,FL-081351,Air Traffic Control,166
DEL-018728,FL-081362,Weather,26
DEL-018729,FL-081365,Weather,30
DEL-018730,FL-081366,Air Traffic Control,91
DEL-018731,FL-081374,Air Traffic Control,81
DEL-018732,FL-081378,Maintenance,19
DEL-018733,FL-081383,Weather,92
DEL-018734,FL-081389,Air Traffic Control,113
DEL-018735,FL-081390,Maintenance,70
DEL-018736,FL-081393,Late Aircraft Arrival,17
DEL-018737,FL-081397,Weather,56
DEL-018738,FL-081401,Maintenance,41
DEL-018739,FL-081402,Security,35
DEL-018740,FL-081403,Weather,51
DEL-018741,FL-081405,Security,64
DEL-018742,FL-081407,Air Traffic Control,35
DEL-018743,FL-081411,Air Traffic Control,37
DEL-018744,FL-081413,Air Traffic Control,65
DEL-018745,FL-081418,Air Traffic Control,30
DEL-018746,FL-081419,Late Aircraft Arrival,121
DEL-018747,FL-081420,Late Aircraft Arrival,45
DEL-018748,FL-081421,Maintenance,27
DEL-018749,FL-081439,Air Traffic Control,29
DEL-018750,FL-081446,Security,21
DEL-018751,FL-081449,Maintenance,73
DEL-018752,FL-081450,Weather,128
DEL-018753,FL-081461,Security,36
DEL-018754,FL-081467,Weather,41
DEL-018755,FL-081479,Security,99
DEL-018756,FL-081482,Security,64
DEL-018757,FL-081484,Maintenance,63
DEL-018758,FL-081487,Weather,84
DEL-018759,FL-081490,Weather,60
DEL-018760,FL-081496,Weather,72
DEL-018761,FL-081506,Weather,42
DEL-018762,FL-081510,Weather,28
DEL-018763,FL-081523,Late Aircraft Arrival,74
DEL-018764,FL-081554,Late Aircraft Arrival,63
DEL-018765,FL-081558,Weather,100
DEL-018766,FL-081559,Air Traffic Control,136
DEL-018767,FL-081563,Air Traffic Control,43
DEL-018768,FL-081568,Weather,42
DEL-018769,FL-081572,Air Traffic Control,122
DEL-018770,FL-081577,Air Traffic Control,23
DEL-018771,FL-081582,Maintenance,31
DEL-018772,FL-081587,Maintenance,134
DEL-018773,FL-081589,Weather,19
DEL-018774,FL-081591,Air Traffic Control,143
DEL-018775,FL-081596,Weather,38
DEL-018776,FL-081607,Late Aircraft Arrival,36
DEL-018777,FL-081612,Air Traffic Control,25
DEL-018778,FL-081619,Air Traffic Control,79
DEL-018779,FL-081620,Weather,24
DEL-018780,FL-081625,Late Aircraft Arrival,93
DEL-018781,FL-081638,Weather,87
DEL-018782,FL-081647,Maintenance,16
DEL-018783,FL-081653,Weather,113
DEL-018784,FL-081656,Weather,132
DEL-018785,FL-081657,Weather,101
DEL-018786,FL-081660,Late Aircraft Arrival,17
DEL-018787,FL-081662,Maintenance,89
DEL-018788,FL-081663,Air Traffic Control,87
DEL-018789,FL-081664,Late Aircraft Arrival,72
DEL-018790,FL-081669,Air Traffic Control,40
DEL-018791,FL-081673,Air Traffic Control,15
DEL-018792,FL-081676,Weather,147
DEL-018793,FL-081678,Air Traffic Control,25
DEL-018794,FL-081679,Late Aircraft Arrival,33
DEL-018795,FL-081680,Maintenance,38
DEL-018796,FL-081681,Weather,19
DEL-018797,FL-081688,Maintenance,64
DEL-018798,FL-081696,Weather,36
DEL-018799,FL-081705,Weather,28
DEL-018800,FL-081707,Maintenance,93
DEL-018801,FL-081712,Maintenance,71
DEL-018802,FL-081714,Weather,169
DEL-018803,FL-081728,Late Aircraft Arrival,19
DEL-018804,FL-081733,Weather,53
DEL-018805,FL-081738,Air Traffic Control,74
DEL-018806,FL-081742,Weather,131
DEL-018807,FL-081747,Air Traffic Control,64
DEL-018808,FL-081754,Air Traffic Control,99
DEL-018809,FL-081758,Air Traffic Control,33
DEL-018810,FL-081759,Air Traffic Control,55
DEL-018811,FL-081763,Air Traffic Control,40
DEL-018812,FL-081774,Air Traffic Control,30
DEL-018813,FL-081787,Maintenance,18
DEL-018814,FL-081789,Weather,83
DEL-018815,FL-081795,Weather,165
DEL-018816,FL-081799,Maintenance,36
DEL-018817,FL-081804,Late Aircraft Arrival,17
DEL-018818,FL-081811,Air Traffic Control,94
DEL-018819,FL-081812,Maintenance,58
DEL-018820,FL-081822,Maintenance,29
DEL-018821,FL-081827,Maintenance,50
DEL-018822,FL-081830,Late Aircraft Arrival,85
DEL-018823,FL-081831,Weather,59
DEL-018824,FL-081838,Weather,21
DEL-018825,FL-081839,Weather,57
DEL-018826,FL-081841,Air Traffic Control,26
DEL-018827,FL-081842,Late Aircraft Arrival,94
DEL-018828,FL-081847,Late Aircraft Arrival,19
DEL-018829,FL-081849,Maintenance,17
DEL-018830,FL-081854,Air Traffic Control,34
DEL-018831,FL-081857,Maintenance,58
DEL-018832,FL-081860,Weather,91
DEL-018833,FL-081861,Air Traffic Control,69
DEL-018834,FL-081862,Security,90
DEL-018835,FL-081868,Security,31
DEL-018836,FL-081892,Air Traffic Control,83
DEL-018837,FL-081894,Air Traffic Control,60
DEL-018838,FL-081896,Late Aircraft Arrival,29
DEL-018839,FL-081898,Weather,61
DEL-018840,FL-081905,Air Traffic Control,53
DEL-018841,FL-081908,Maintenance,63
DEL-018842,FL-081911,Maintenance,120
DEL-018843,FL-081913,Late Aircraft Arrival,56
DEL-018844,FL-081915,Weather,134
DEL-018845,FL-081917,Weather,18
DEL-018846,FL-081920,Weather,43
DEL-018847,FL-081925,Air Traffic Control,97
DEL-018848,FL-081927,Air Traffic Control,32
DEL-018849,FL-081928,Air Traffic Control,25
DEL-018850,FL-081929,Weather,25
DEL-018851,FL-081930,Air Traffic Control,22
DEL-018852,FL-081937,Maintenance,18
DEL-018853,FL-081940,Late Aircraft Arrival,23
DEL-018854,FL-081956,Weather,173
DEL-018855,FL-081958,Late Aircraft Arrival,196
DEL-018856,FL-081978,Air Traffic Control,51
DEL-018857,FL-081987,Air Traffic Control,16
DEL-018858,FL-081996,Weather,58
DEL-018859,FL-082002,Weather,119
DEL-018860,FL-082005,Weather,106
DEL-018861,FL-082008,Weather,108
DEL-018862,FL-082010,Air Traffic Control,45
DEL-018863,FL-082011,Late Aircraft Arrival,15
DEL-018864,FL-082022,Air Traffic Control,48
DEL-018865,FL-082026,Late Aircraft Arrival,18
DEL-018866,FL-082042,Security,21
DEL-018867,FL-082048,Air Traffic Control,21
DEL-018868,FL-082049,Weather,58
DEL-018869,FL-082050,Maintenance,86
DEL-018870,FL-082051,Weather,161
DEL-018871,FL-082054,Air Traffic Control,34
DEL-018872,FL-082069,Late Aircraft Arrival,83
DEL-018873,FL-082081,Late Aircraft Arrival,26
DEL-018874,FL-082083,Maintenance,44
DEL-018875,FL-082087,Air Traffic Control,110
DEL-018876,FL-082094,Air Traffic Control,159
DEL-018877,FL-082098,Maintenance,95
DEL-018878,FL-082102,Security,63
DEL-018879,FL-082103,Late Aircraft Arrival,118
DEL-018880,FL-082105,Air Traffic Control,45
DEL-018881,FL-082106,Maintenance,16
DEL-018882,FL-082111,Late Aircraft Arrival,32
DEL-018883,FL-082112,Maintenance,33
DEL-018884,FL-082115,Weather,43
DEL-018885,FL-082117,Maintenance,29
DEL-018886,FL-082119,Late Aircraft Arrival,48
DEL-018887,FL-082123,Air Traffic Control,51
DEL-018888,FL-082124,Air Traffic Control,43
DEL-018889,FL-082126,Late Aircraft Arrival,33
DEL-018890,FL-082128,Maintenance,27
DEL-018891,FL-082138,Maintenance,36
DEL-018892,FL-082139,Maintenance,55
DEL-018893,FL-082143,Air Traffic Control,54
DEL-018894,FL-082147,Air Traffic Control,131
DEL-018895,FL-082155,Air Traffic Control,18
DEL-018896,FL-082162,Weather,99
DEL-018897,FL-082163,Maintenance,122
DEL-018898,FL-082168,Air Traffic Control,15
DEL-018899,FL-082169,Air Traffic Control,57
DEL-018900,FL-082170,Air Traffic Control,20
DEL-018901,FL-082176,Maintenance,82
DEL-018902,FL-082180,Air Traffic Control,57
DEL-018903,FL-082193,Air Traffic Control,30
DEL-018904,FL-082195,Late Aircraft Arrival,22
DEL-018905,FL-082199,Air Traffic Control,21
DEL-018906,FL-082201,Maintenance,54
DEL-018907,FL-082205,Late Aircraft Arrival,46
DEL-018908,FL-082209,Late Aircraft Arrival,90
DEL-018909,FL-082210,Late Aircraft Arrival,22
DEL-018910,FL-082242,Weather,135
DEL-018911,FL-082243,Air Traffic Control,58
DEL-018912,FL-082244,Weather,26
DEL-018913,FL-082245,Weather,18
DEL-018914,FL-082246,Late Aircraft Arrival,51
DEL-018915,FL-082248,Air Traffic Control,23
DEL-018916,FL-082250,Maintenance,118
DEL-018917,FL-082251,Maintenance,22
DEL-018918,FL-082253,Air Traffic Control,51
DEL-018919,FL-082259,Air Traffic Control,45
DEL-018920,FL-082263,Maintenance,17
DEL-018921,FL-082265,Air Traffic Control,87
DEL-018922,FL-082277,Late Aircraft Arrival,46
DEL-018923,FL-082283,Air Traffic Control,16
DEL-018924,FL-082289,Air Traffic Control,82
DEL-018925,FL-082291,Maintenance,39
DEL-018926,FL-082293,Air Traffic Control,41
DEL-018927,FL-082300,Security,82
DEL-018928,FL-082304,Late Aircraft Arrival,124
DEL-018929,FL-082305,Maintenance,21
DEL-018930,FL-082307,Weather,76
DEL-018931,FL-082320,Late Aircraft Arrival,21
DEL-018932,FL-082326,Weather,17
DEL-018933,FL-082343,Maintenance,17
DEL-018934,FL-082346,Air Traffic Control,178
DEL-018935,FL-082350,Weather,26
DEL-018936,FL-082358,Late Aircraft Arrival,77
DEL-018937,FL-082367,Air Traffic Control,35
DEL-018938,FL-082373,Weather,16
DEL-018939,FL-082385,Air Traffic Control,134
DEL-018940,FL-082395,Late Aircraft Arrival,142
DEL-018941,FL-082400,Weather,117
DEL-018942,FL-082401,Air Traffic Control,114
DEL-018943,FL-082406,Late Aircraft Arrival,91
DEL-018944,FL-082410,Air Traffic Control,69
DEL-018945,FL-082414,Weather,53
DEL-018946,FL-082417,Weather,33
DEL-018947,FL-082421,Maintenance,19
DEL-018948,FL-082422,Maintenance,76
DEL-018949,FL-082430,Weather,26
DEL-018950,FL-082434,Security,15
DEL-018951,FL-082440,Late Aircraft Arrival,24
DEL-018952,FL-082442,Weather,132
DEL-018953,FL-082447,Air Traffic Control,25
DEL-018954,FL-082448,Security,32
DEL-018955,FL-082456,Weather,83
DEL-018956,FL-082466,Weather,64
DEL-018957,FL-082471,Maintenance,22
DEL-018958,FL-082473,Maintenance,49
DEL-018959,FL-082474,Air Traffic Control,20
DEL-018960,FL-082475,Weather,33
DEL-018961,FL-082480,Maintenance,113
DEL-018962,FL-082487,Weather,176
DEL-018963,FL-082500,Maintenance,77
DEL-018964,FL-082502,Air Traffic Control,45
DEL-018965,FL-082507,Air Traffic Control,35
DEL-018966,FL-082515,Air Traffic Control,197
DEL-018967,FL-082516,Weather,114
DEL-018968,FL-082526,Late Aircraft Arrival,20
DEL-018969,FL-082530,Late Aircraft Arrival,52
DEL-018970,FL-082532,Maintenance,48
DEL-018971,FL-082534,Security,65
DEL-018972,FL-082535,Weather,50
DEL-018973,FL-082536,Security,21
DEL-018974,FL-082537,Weather,63
DEL-018975,FL-082540,Security,19
DEL-018976,FL-082542,Weather,22
DEL-018977,FL-082544,Weather,54
DEL-018978,FL-082547,Maintenance,20
DEL-018979,FL-082548,Air Traffic Control,15
DEL-018980,FL-082549,Air Traffic Control,87
DEL-018981,FL-082550,Air Traffic Control,16
DEL-018982,FL-082551,Weather,16
DEL-018983,FL-082556,Air Traffic Control,218
DEL-018984,FL-082557,Weather,22
DEL-018985,FL-082560,Late Aircraft Arrival,31
DEL-018986,FL-082562,Weather,79
DEL-018987,FL-082563,Air Traffic Control,78
DEL-018988,FL-082574,Late Aircraft Arrival,32
DEL-018989,FL-082583,Maintenance,19
DEL-018990,FL-082592,Air Traffic Control,34
DEL-018991,FL-082596,Maintenance,19
DEL-018992,FL-082602,Maintenance,146
DEL-018993,FL-082610,Air Traffic Control,71
DEL-018994,FL-082613,Maintenance,63
DEL-018995,FL-082614,Maintenance,28
DEL-018996,FL-082616,Security,50
DEL-018997,FL-082618,Maintenance,28
DEL-018998,FL-082632,Weather,92
DEL-018999,FL-082633,Late Aircraft Arrival,24
DEL-019000,FL-082634,Maintenance,168
DEL-019001,FL-082641,Weather,20
DEL-019002,FL-082644,Late Aircraft Arrival,22
DEL-019003,FL-082645,Late Aircraft Arrival,44
DEL-019004,FL-082649,Weather,54
DEL-019005,FL-082651,Late Aircraft Arrival,28
DEL-019006,FL-082652,Weather,43
DEL-019007,FL-082653,Weather,23
DEL-019008,FL-082654,Late Aircraft Arrival,110
DEL-019009,FL-082667,Late Aircraft Arrival,27
DEL-019010,FL-082670,Air Traffic Control,56
DEL-019011,FL-082674,Air Traffic Control,178
DEL-019012,FL-082687,Air Traffic Control,57
DEL-019013,FL-082689,Maintenance,58
DEL-019014,FL-082692,Late Aircraft Arrival,16
DEL-019015,FL-082697,Air Traffic Control,36
DEL-019016,FL-082701,Maintenance,46
DEL-019017,FL-082704,Air Traffic Control,31
DEL-019018,FL-082707,Late Aircraft Arrival,21
DEL-019019,FL-082708,Maintenance,68
DEL-019020,FL-082712,Air Traffic Control,115
DEL-019021,FL-082718,Maintenance,40
DEL-019022,FL-082721,Air Traffic Control,40
DEL-019023,FL-082725,Weather,76
DEL-019024,FL-082728,Weather,59
DEL-019025,FL-082739,Late Aircraft Arrival,24
DEL-019026,FL-082748,Air Traffic Control,16
DEL-019027,FL-082760,Weather,59
DEL-019028,FL-082761,Weather,18
DEL-019029,FL-082765,Late Aircraft Arrival,53
DEL-019030,FL-082771,Late Aircraft Arrival,16
DEL-019031,FL-082775,Late Aircraft Arrival,45
DEL-019032,FL-082782,Weather,61
DEL-019033,FL-082783,Late Aircraft Arrival,46
DEL-019034,FL-082805,Weather,21
DEL-019035,FL-082813,Air Traffic Control,131
DEL-019036,FL-082814,Weather,27
DEL-019037,FL-082816,Late Aircraft Arrival,59
DEL-019038,FL-082818,Late Aircraft Arrival,32
DEL-019039,FL-082821,Maintenance,47
DEL-019040,FL-082828,Security,20
DEL-019041,FL-082829,Late Aircraft Arrival,34
DEL-019042,FL-082831,Air Traffic Control,21
DEL-019043,FL-082834,Maintenance,60
DEL-019044,FL-082844,Weather,33
DEL-019045,FL-082847,Maintenance,135
DEL-019046,FL-082848,Maintenance,113
DEL-019047,FL-082862,Weather,71
DEL-019048,FL-082863,Late Aircraft Arrival,23
DEL-019049,FL-082866,Air Traffic Control,136
DEL-019050,FL-082876,Weather,81
DEL-019051,FL-082879,Late Aircraft Arrival,76
DEL-019052,FL-082885,Security,25
DEL-019053,FL-082887,Late Aircraft Arrival,151
DEL-019054,FL-082888,Weather,50
DEL-019055,FL-082891,Weather,59
DEL-019056,FL-082895,Air Traffic Control,20
DEL-019057,FL-082897,Air Traffic Control,92
DEL-019058,FL-082898,Maintenance,156
DEL-019059,FL-082899,Maintenance,28
DEL-019060,FL-082912,Security,73
DEL-019061,FL-082916,Air Traffic Control,35
DEL-019062,FL-082918,Late Aircraft Arrival,16
DEL-019063,FL-082931,Air Traffic Control,77
DEL-019064,FL-082933,Maintenance,82
DEL-019065,FL-082935,Air Traffic Control,88
DEL-019066,FL-082937,Weather,98
DEL-019067,FL-082945,Security,24
DEL-019068,FL-082954,Late Aircraft Arrival,29
DEL-019069,FL-082957,Air Traffic Control,43
DEL-019070,FL-082959,Late Aircraft Arrival,100
DEL-019071,FL-082961,Late Aircraft Arrival,79
DEL-019072,FL-082964,Air Traffic Control,32
DEL-019073,FL-082967,Air Traffic Control,25
DEL-019074,FL-082968,Late Aircraft Arrival,51
DEL-019075,FL-082976,Late Aircraft Arrival,20
DEL-019076,FL-082977,Air Traffic Control,47
DEL-019077,FL-082983,Air Traffic Control,94
DEL-019078,FL-082990,Weather,44
DEL-019079,FL-082993,Air Traffic Control,59
DEL-019080,FL-082996,Late Aircraft Arrival,69
DEL-019081,FL-082997,Weather,23
DEL-019082,FL-083007,Air Traffic Control,57
DEL-019083,FL-083008,Late Aircraft Arrival,86
DEL-019084,FL-083015,Late Aircraft Arrival,149
DEL-019085,FL-083017,Late Aircraft Arrival,15
DEL-019086,FL-083024,Weather,39
DEL-019087,FL-083038,Air Traffic Control,143
DEL-019088,FL-083042,Weather,113
DEL-019089,FL-083044,Late Aircraft Arrival,34
DEL-019090,FL-083046,Security,42
DEL-019091,FL-083056,Weather,92
DEL-019092,FL-083057,Air Traffic Control,25
DEL-019093,FL-083059,Air Traffic Control,40
DEL-019094,FL-083066,Weather,58
DEL-019095,FL-083067,Security,40
DEL-019096,FL-083069,Air Traffic Control,23
DEL-019097,FL-083070,Air Traffic Control,48
DEL-019098,FL-083073,Late Aircraft Arrival,88
DEL-019099,FL-083075,Weather,75
DEL-019100,FL-083077,Late Aircraft Arrival,17
DEL-019101,FL-083087,Late Aircraft Arrival,91
DEL-019102,FL-083101,Air Traffic Control,63
DEL-019103,FL-083103,Maintenance,139
DEL-019104,FL-083105,Maintenance,105
DEL-019105,FL-083108,Late Aircraft Arrival,48
DEL-019106,FL-083112,Late Aircraft Arrival,57
DEL-019107,FL-083117,Maintenance,67
DEL-019108,FL-083118,Air Traffic Control,72
DEL-019109,FL-083144,Weather,16
DEL-019110,FL-083145,Maintenance,25
DEL-019111,FL-083150,Air Traffic Control,45
DEL-019112,FL-083152,Late Aircraft Arrival,35
DEL-019113,FL-083161,Maintenance,63
DEL-019114,FL-083162,Maintenance,30
DEL-019115,FL-083164,Late Aircraft Arrival,46
DEL-019116,FL-083166,Maintenance,181
DEL-019117,FL-083176,Air Traffic Control,89
DEL-019118,FL-083177,Late Aircraft Arrival,84
DEL-019119,FL-083180,Maintenance,159
DEL-019120,FL-083187,Air Traffic Control,17
DEL-019121,FL-083188,Weather,32
DEL-019122,FL-083191,Weather,74
DEL-019123,FL-083192,Weather,66
DEL-019124,FL-083194,Security,102
DEL-019125,FL-083197,Air Traffic Control,39
DEL-019126,FL-083202,Late Aircraft Arrival,60
DEL-019127,FL-083204,Air Traffic Control,15
DEL-019128,FL-083205,Air Traffic Control,46
DEL-019129,FL-083208,Late Aircraft Arrival,20
DEL-019130,FL-083216,Maintenance,57
DEL-019131,FL-083222,Air Traffic Control,77
DEL-019132,FL-083224,Late Aircraft Arrival,143
DEL-019133,FL-083228,Late Aircraft Arrival,20
DEL-019134,FL-083229,Late Aircraft Arrival,52
DEL-019135,FL-083233,Maintenance,59
DEL-019136,FL-083244,Late Aircraft Arrival,119
DEL-019137,FL-083246,Air Traffic Control,68
DEL-019138,FL-083251,Late Aircraft Arrival,58
DEL-019139,FL-083253,Air Traffic Control,76
DEL-019140,FL-083255,Air Traffic Control,19
DEL-019141,FL-083280,Air Traffic Control,26
DEL-019142,FL-083283,Air Traffic Control,60
DEL-019143,FL-083288,Air Traffic Control,74
DEL-019144,FL-083291,Air Traffic Control,64
DEL-019145,FL-083299,Maintenance,35
DEL-019146,FL-083303,Air Traffic Control,82
DEL-019147,FL-083307,Weather,58
DEL-019148,FL-083310,Maintenance,49
DEL-019149,FL-083316,Late Aircraft Arrival,39
DEL-019150,FL-083318,Maintenance,24
DEL-019151,FL-083326,Air Traffic Control,49
DEL-019152,FL-083328,Air Traffic Control,18
DEL-019153,FL-083330,Air Traffic Control,41
DEL-019154,FL-083335,Air Traffic Control,67
DEL-019155,FL-083336,Maintenance,46
DEL-019156,FL-083337,Weather,48
DEL-019157,FL-083344,Air Traffic Control,16
DEL-019158,FL-083349,Air Traffic Control,60
DEL-019159,FL-083352,Air Traffic Control,230
DEL-019160,FL-083355,Maintenance,19
DEL-019161,FL-083358,Weather,73
DEL-019162,FL-083360,Late Aircraft Arrival,73
DEL-019163,FL-083363,Maintenance,155
DEL-019164,FL-083369,Weather,33
DEL-019165,FL-083375,Maintenance,37
DEL-019166,FL-083376,Maintenance,72
DEL-019167,FL-083377,Late Aircraft Arrival,70
DEL-019168,FL-083378,Late Aircraft Arrival,93
DEL-019169,FL-083380,Security,76
DEL-019170,FL-083383,Air Traffic Control,31
DEL-019171,FL-083389,Air Traffic Control,57
DEL-019172,FL-083391,Air Traffic Control,21
DEL-019173,FL-083392,Late Aircraft Arrival,35
DEL-019174,FL-083393,Weather,68
DEL-019175,FL-083394,Maintenance,68
DEL-019176,FL-083395,Air Traffic Control,15
DEL-019177,FL-083401,Late Aircraft Arrival,94
DEL-019178,FL-083408,Security,94
DEL-019179,FL-083412,Maintenance,70
DEL-019180,FL-083422,Air Traffic Control,75
DEL-019181,FL-083424,Late Aircraft Arrival,169
DEL-019182,FL-083425,Late Aircraft Arrival,16
DEL-019183,FL-083427,Air Traffic Control,21
DEL-019184,FL-083428,Air Traffic Control,20
DEL-019185,FL-083429,Late Aircraft Arrival,33
DEL-019186,FL-083435,Late Aircraft Arrival,64
DEL-019187,FL-083447,Air Traffic Control,52
DEL-019188,FL-083448,Weather,75
DEL-019189,FL-083455,Maintenance,120
DEL-019190,FL-083461,Weather,44
DEL-019191,FL-083465,Security,22
DEL-019192,FL-083472,Weather,54
DEL-019193,FL-083473,Maintenance,17
DEL-019194,FL-083478,Weather,36
DEL-019195,FL-083481,Air Traffic Control,17
DEL-019196,FL-083483,Weather,74
DEL-019197,FL-083492,Late Aircraft Arrival,32
DEL-019198,FL-083523,Air Traffic Control,64
DEL-019199,FL-083525,Maintenance,82
DEL-019200,FL-083530,Air Traffic Control,49
DEL-019201,FL-083534,Weather,89
DEL-019202,FL-083553,Weather,65
DEL-019203,FL-083560,Air Traffic Control,17
DEL-019204,FL-083561,Maintenance,81
DEL-019205,FL-083566,Weather,28
DEL-019206,FL-083570,Maintenance,39
DEL-019207,FL-083573,Air Traffic Control,48
DEL-019208,FL-083580,Late Aircraft Arrival,51
DEL-019209,FL-083581,Weather,130
DEL-019210,FL-083583,Maintenance,48
DEL-019211,FL-083586,Weather,29
DEL-019212,FL-083589,Air Traffic Control,169
DEL-019213,FL-083599,Air Traffic Control,19
DEL-019214,FL-083604,Maintenance,18
DEL-019215,FL-083606,Security,53
DEL-019216,FL-083609,Air Traffic Control,28
DEL-019217,FL-083620,Air Traffic Control,72
DEL-019218,FL-083623,Late Aircraft Arrival,91
DEL-019219,FL-083624,Weather,35
DEL-019220,FL-083626,Late Aircraft Arrival,15
DEL-019221,FL-083635,Maintenance,30
DEL-019222,FL-083638,Weather,19
DEL-019223,FL-083642,Air Traffic Control,25
DEL-019224,FL-083645,Late Aircraft Arrival,51
DEL-019225,FL-083650,Late Aircraft Arrival,43
DEL-019226,FL-083651,Air Traffic Control,23
DEL-019227,FL-083652,Maintenance,41
DEL-019228,FL-083653,Late Aircraft Arrival,45
DEL-019229,FL-083666,Late Aircraft Arrival,36
DEL-019230,FL-083683,Air Traffic Control,34
DEL-019231,FL-083689,Security,40
DEL-019232,FL-083696,Late Aircraft Arrival,65
DEL-019233,FL-083697,Weather,180
DEL-019234,FL-083705,Air Traffic Control,175
DEL-019235,FL-083714,Weather,49
DEL-019236,FL-083715,Late Aircraft Arrival,19
DEL-019237,FL-083731,Air Traffic Control,36
DEL-019238,FL-083735,Air Traffic Control,253
DEL-019239,FL-083740,Weather,196
DEL-019240,FL-083741,Late Aircraft Arrival,111
DEL-019241,FL-083745,Air Traffic Control,78
DEL-019242,FL-083750,Late Aircraft Arrival,68
DEL-019243,FL-083754,Weather,82
DEL-019244,FL-083757,Air Traffic Control,58
DEL-019245,FL-083762,Late Aircraft Arrival,185
DEL-019246,FL-083764,Maintenance,57
DEL-019247,FL-083769,Late Aircraft Arrival,107
DEL-019248,FL-083774,Weather,30
DEL-019249,FL-083776,Late Aircraft Arrival,42
DEL-019250,FL-083785,Late Aircraft Arrival,37
DEL-019251,FL-083792,Late Aircraft Arrival,25
DEL-019252,FL-083801,Air Traffic Control,85
DEL-019253,FL-083808,Air Traffic Control,56
DEL-019254,FL-083810,Maintenance,15
DEL-019255,FL-083812,Weather,94
DEL-019256,FL-083814,Late Aircraft Arrival,45
DEL-019257,FL-083820,Maintenance,23
DEL-019258,FL-083823,Maintenance,37
DEL-019259,FL-083826,Late Aircraft Arrival,91
DEL-019260,FL-083832,Maintenance,46
DEL-019261,FL-083839,Weather,109
DEL-019262,FL-083840,Air Traffic Control,66
DEL-019263,FL-083842,Air Traffic Control,46
DEL-019264,FL-083846,Air Traffic Control,44
DEL-019265,FL-083847,Weather,37
DEL-019266,FL-083850,Maintenance,49
DEL-019267,FL-083851,Late Aircraft Arrival,92
DEL-019268,FL-083852,Weather,35
DEL-019269,FL-083854,Maintenance,18
DEL-019270,FL-083855,Air Traffic Control,93
DEL-019271,FL-083861,Weather,33
DEL-019272,FL-083864,Air Traffic Control,15
DEL-019273,FL-083867,Maintenance,37
DEL-019274,FL-083873,Air Traffic Control,35
DEL-019275,FL-083875,Maintenance,51
DEL-019276,FL-083876,Late Aircraft Arrival,38
DEL-019277,FL-083879,Security,37
DEL-019278,FL-083881,Weather,68
DEL-019279,FL-083889,Air Traffic Control,21
DEL-019280,FL-083893,Maintenance,54
DEL-019281,FL-083900,Weather,44
DEL-019282,FL-083902,Air Traffic Control,39
DEL-019283,FL-083907,Maintenance,48
DEL-019284,FL-083915,Weather,120
DEL-019285,FL-083922,Air Traffic Control,60
DEL-019286,FL-083924,Weather,107
DEL-019287,FL-083928,Air Traffic Control,33
DEL-019288,FL-083929,Weather,17
DEL-019289,FL-083933,Air Traffic Control,140
DEL-019290,FL-083937,Air Traffic Control,74
DEL-019291,FL-083938,Air Traffic Control,16
DEL-019292,FL-083940,Weather,36
DEL-019293,FL-083943,Maintenance,186
DEL-019294,FL-083948,Air Traffic Control,72
DEL-019295,FL-083949,Maintenance,38
DEL-019296,FL-083954,Air Traffic Control,40
DEL-019297,FL-083958,Air Traffic Control,48
DEL-019298,FL-083967,Maintenance,63
DEL-019299,FL-083969,Maintenance,88
DEL-019300,FL-083971,Maintenance,53
DEL-019301,FL-083974,Air Traffic Control,23
DEL-019302,FL-083976,Maintenance,36
DEL-019303,FL-083981,Late Aircraft Arrival,32
DEL-019304,FL-083988,Air Traffic Control,84
DEL-019305,FL-083990,Weather,127
DEL-019306,FL-083992,Air Traffic Control,54
DEL-019307,FL-083993,Weather,53
DEL-019308,FL-083997,Security,54
DEL-019309,FL-084000,Air Traffic Control,33
DEL-019310,FL-084008,Late Aircraft Arrival,18
DEL-019311,FL-084014,Air Traffic Control,20
DEL-019312,FL-084022,Weather,33
DEL-019313,FL-084023,Weather,53
DEL-019314,FL-084025,Air Traffic Control,46
DEL-019315,FL-084029,Air Traffic Control,138
DEL-019316,FL-084030,Air Traffic Control,17
DEL-019317,FL-084035,Security,35
DEL-019318,FL-084037,Late Aircraft Arrival,31
DEL-019319,FL-084047,Late Aircraft Arrival,76
DEL-019320,FL-084048,Weather,59
DEL-019321,FL-084052,Weather,29
DEL-019322,FL-084054,Weather,47
DEL-019323,FL-084055,Late Aircraft Arrival,25
DEL-019324,FL-084058,Air Traffic Control,28
DEL-019325,FL-084061,Weather,84
DEL-019326,FL-084067,Weather,50
DEL-019327,FL-084075,Air Traffic Control,26
DEL-019328,FL-084076,Air Traffic Control,71
DEL-019329,FL-084081,Late Aircraft Arrival,82
DEL-019330,FL-084088,Maintenance,27
DEL-019331,FL-084092,Maintenance,52
DEL-019332,FL-084097,Weather,20
DEL-019333,FL-084099,Maintenance,22
DEL-019334,FL-084103,Late Aircraft Arrival,78
DEL-019335,FL-084104,Weather,45
DEL-019336,FL-084108,Weather,16
DEL-019337,FL-084111,Security,57
DEL-019338,FL-084132,Maintenance,55
DEL-019339,FL-084133,Maintenance,42
DEL-019340,FL-084139,Maintenance,15
DEL-019341,FL-084141,Weather,155
DEL-019342,FL-084146,Air Traffic Control,68
DEL-019343,FL-084151,Late Aircraft Arrival,110
DEL-019344,FL-084153,Weather,108
DEL-019345,FL-084156,Maintenance,96
DEL-019346,FL-084158,Maintenance,16
DEL-019347,FL-084161,Late Aircraft Arrival,82
DEL-019348,FL-084164,Weather,70
DEL-019349,FL-084169,Late Aircraft Arrival,55
DEL-019350,FL-084170,Air Traffic Control,74
DEL-019351,FL-084180,Weather,26
DEL-019352,FL-084185,Late Aircraft Arrival,58
DEL-019353,FL-084191,Air Traffic Control,18
DEL-019354,FL-084192,Air Traffic Control,77
DEL-019355,FL-084194,Weather,72
DEL-019356,FL-084196,Air Traffic Control,240
DEL-019357,FL-084203,Weather,27
DEL-019358,FL-084204,Weather,32
DEL-019359,FL-084212,Security,18
DEL-019360,FL-084213,Late Aircraft Arrival,41
DEL-019361,FL-084218,Air Traffic Control,69
DEL-019362,FL-084219,Security,22
DEL-019363,FL-084225,Air Traffic Control,48
DEL-019364,FL-084227,Weather,54
DEL-019365,FL-084228,Weather,60
DEL-019366,FL-084234,Security,95
DEL-019367,FL-084245,Maintenance,108
DEL-019368,FL-084252,Late Aircraft Arrival,29
DEL-019369,FL-084255,Weather,22
DEL-019370,FL-084256,Air Traffic Control,80
DEL-019371,FL-084262,Weather,63
DEL-019372,FL-084266,Air Traffic Control,32
DEL-019373,FL-084267,Weather,29
DEL-019374,FL-084269,Weather,45
DEL-019375,FL-084274,Late Aircraft Arrival,52
DEL-019376,FL-084277,Air Traffic Control,38
DEL-019377,FL-084279,Air Traffic Control,16
DEL-019378,FL-084285,Maintenance,93
DEL-019379,FL-084289,Late Aircraft Arrival,40
DEL-019380,FL-084293,Air Traffic Control,41
DEL-019381,FL-084294,Maintenance,18
DEL-019382,FL-084299,Late Aircraft Arrival,29
DEL-019383,FL-084300,Air Traffic Control,183
DEL-019384,FL-084301,Late Aircraft Arrival,107
DEL-019385,FL-084302,Maintenance,112
DEL-019386,FL-084307,Weather,17
DEL-019387,FL-084310,Weather,229
DEL-019388,FL-084311,Air Traffic Control,23
DEL-019389,FL-084312,Security,38
DEL-019390,FL-084313,Security,96
DEL-019391,FL-084324,Late Aircraft Arrival,28
DEL-019392,FL-084333,Maintenance,28
DEL-019393,FL-084335,Air Traffic Control,19
DEL-019394,FL-084345,Maintenance,42
DEL-019395,FL-084350,Late Aircraft Arrival,64
DEL-019396,FL-084355,Air Traffic Control,24
DEL-019397,FL-084370,Weather,44
DEL-019398,FL-084376,Air Traffic Control,21
DEL-019399,FL-084378,Late Aircraft Arrival,30
DEL-019400,FL-084379,Air Traffic Control,93
DEL-019401,FL-084381,Maintenance,77
DEL-019402,FL-084383,Late Aircraft Arrival,78
DEL-019403,FL-084391,Maintenance,85
DEL-019404,FL-084392,Late Aircraft Arrival,55
DEL-019405,FL-084394,Air Traffic Control,72
DEL-019406,FL-084395,Late Aircraft Arrival,31
DEL-019407,FL-084399,Late Aircraft Arrival,77
DEL-019408,FL-084400,Air Traffic Control,19
DEL-019409,FL-084403,Security,17
DEL-019410,FL-084404,Late Aircraft Arrival,16
DEL-019411,FL-084422,Air Traffic Control,142
DEL-019412,FL-084424,Weather,17
DEL-019413,FL-084425,Security,20
DEL-019414,FL-084432,Weather,47
DEL-019415,FL-084438,Late Aircraft Arrival,32
DEL-019416,FL-084439,Security,101
DEL-019417,FL-084440,Weather,32
DEL-019418,FL-084442,Weather,174
DEL-019419,FL-084443,Weather,33
DEL-019420,FL-084447,Air Traffic Control,53
DEL-019421,FL-084453,Maintenance,105
DEL-019422,FL-084455,Weather,145
DEL-019423,FL-084457,Air Traffic Control,27
DEL-019424,FL-084466,Security,53
DEL-019425,FL-084467,Security,41
DEL-019426,FL-084471,Maintenance,215
DEL-019427,FL-084472,Air Traffic Control,20
DEL-019428,FL-084473,Maintenance,110
DEL-019429,FL-084474,Maintenance,71
DEL-019430,FL-084478,Weather,58
DEL-019431,FL-084481,Air Traffic Control,61
DEL-019432,FL-084482,Weather,110
DEL-019433,FL-084483,Late Aircraft Arrival,15
DEL-019434,FL-084491,Late Aircraft Arrival,17
DEL-019435,FL-084498,Late Aircraft Arrival,66
DEL-019436,FL-084500,Air Traffic Control,105
DEL-019437,FL-084502,Late Aircraft Arrival,98
DEL-019438,FL-084503,Air Traffic Control,43
DEL-019439,FL-084511,Late Aircraft Arrival,67
DEL-019440,FL-084519,Air Traffic Control,74
DEL-019441,FL-084521,Weather,29
DEL-019442,FL-084524,Weather,26
DEL-019443,FL-084528,Weather,28
DEL-019444,FL-084537,Late Aircraft Arrival,49
DEL-019445,FL-084540,Air Traffic Control,140
DEL-019446,FL-084547,Maintenance,133
DEL-019447,FL-084551,Air Traffic Control,63
DEL-019448,FL-084552,Maintenance,30
DEL-019449,FL-084554,Late Aircraft Arrival,51
DEL-019450,FL-084556,Weather,84
DEL-019451,FL-084567,Security,89
DEL-019452,FL-084585,Maintenance,81
DEL-019453,FL-084586,Air Traffic Control,40
DEL-019454,FL-084593,Weather,51
DEL-019455,FL-084594,Weather,18
DEL-019456,FL-084598,Weather,20
DEL-019457,FL-084601,Air Traffic Control,23
DEL-019458,FL-084604,Late Aircraft Arrival,52
DEL-019459,FL-084608,Maintenance,121
DEL-019460,FL-084612,Weather,98
DEL-019461,FL-084617,Air Traffic Control,15
DEL-019462,FL-084618,Weather,58
DEL-019463,FL-084625,Air Traffic Control,42
DEL-019464,FL-084628,Maintenance,44
DEL-019465,FL-084629,Security,23
DEL-019466,FL-084630,Late Aircraft Arrival,114
DEL-019467,FL-084632,Air Traffic Control,20
DEL-019468,FL-084633,Late Aircraft Arrival,44
DEL-019469,FL-084636,Air Traffic Control,84
DEL-019470,FL-084638,Weather,56
DEL-019471,FL-084643,Maintenance,172
DEL-019472,FL-084651,Maintenance,50
DEL-019473,FL-084652,Air Traffic Control,27
DEL-019474,FL-084655,Maintenance,27
DEL-019475,FL-084659,Air Traffic Control,42
DEL-019476,FL-084664,Air Traffic Control,95
DEL-019477,FL-084672,Air Traffic Control,62
DEL-019478,FL-084673,Late Aircraft Arrival,30
DEL-019479,FL-084691,Weather,23
DEL-019480,FL-084695,Weather,123
DEL-019481,FL-084708,Late Aircraft Arrival,115
DEL-019482,FL-084709,Maintenance,17
DEL-019483,FL-084711,Late Aircraft Arrival,62
DEL-019484,FL-084713,Air Traffic Control,15
DEL-019485,FL-084720,Air Traffic Control,72
DEL-019486,FL-084721,Weather,29
DEL-019487,FL-084731,Security,30
DEL-019488,FL-084742,Late Aircraft Arrival,30
DEL-019489,FL-084746,Maintenance,22
DEL-019490,FL-084747,Weather,16
DEL-019491,FL-084748,Maintenance,71
DEL-019492,FL-084759,Maintenance,142
DEL-019493,FL-084761,Air Traffic Control,97
DEL-019494,FL-084796,Security,47
DEL-019495,FL-084806,Air Traffic Control,53
DEL-019496,FL-084811,Maintenance,118
DEL-019497,FL-084813,Air Traffic Control,22
DEL-019498,FL-084814,Maintenance,18
DEL-019499,FL-084820,Air Traffic Control,18
DEL-019500,FL-084827,Security,70
DEL-019501,FL-084831,Weather,26
DEL-019502,FL-084833,Maintenance,22
DEL-019503,FL-084834,Weather,16
DEL-019504,FL-084843,Weather,83
DEL-019505,FL-084849,Late Aircraft Arrival,54
DEL-019506,FL-084855,Weather,45
DEL-019507,FL-084856,Maintenance,28
DEL-019508,FL-084867,Air Traffic Control,35
DEL-019509,FL-084874,Air Traffic Control,103
DEL-019510,FL-084880,Weather,55
DEL-019511,FL-084881,Air Traffic Control,63
DEL-019512,FL-084884,Weather,202
DEL-019513,FL-084888,Maintenance,58
DEL-019514,FL-084890,Late Aircraft Arrival,20
DEL-019515,FL-084900,Weather,22
DEL-019516,FL-084901,Air Traffic Control,23
DEL-019517,FL-084903,Maintenance,115
DEL-019518,FL-084909,Air Traffic Control,39
DEL-019519,FL-084914,Maintenance,115
DEL-019520,FL-084918,Late Aircraft Arrival,54
DEL-019521,FL-084919,Security,43
DEL-019522,FL-084923,Air Traffic Control,19
DEL-019523,FL-084928,Air Traffic Control,33
DEL-019524,FL-084932,Late Aircraft Arrival,24
DEL-019525,FL-084934,Weather,24
DEL-019526,FL-084946,Weather,22
DEL-019527,FL-084947,Late Aircraft Arrival,63
DEL-019528,FL-084955,Weather,47
DEL-019529,FL-084956,Weather,179
DEL-019530,FL-084961,Weather,131
DEL-019531,FL-084965,Late Aircraft Arrival,62
DEL-019532,FL-084966,Air Traffic Control,45
DEL-019533,FL-084969,Air Traffic Control,32
DEL-019534,FL-084974,Air Traffic Control,78
DEL-019535,FL-084976,Weather,35
DEL-019536,FL-084979,Air Traffic Control,22
DEL-019537,FL-084982,Air Traffic Control,47
DEL-019538,FL-084984,Air Traffic Control,32
DEL-019539,FL-084986,Maintenance,51
DEL-019540,FL-084988,Weather,39
DEL-019541,FL-084989,Late Aircraft Arrival,46
DEL-019542,FL-084991,Air Traffic Control,46
DEL-019543,FL-084996,Late Aircraft Arrival,60
DEL-019544,FL-084998,Weather,135
DEL-019545,FL-084999,Late Aircraft Arrival,100
DEL-019546,FL-085002,Air Traffic Control,27
DEL-019547,FL-085004,Late Aircraft Arrival,19
DEL-019548,FL-085008,Air Traffic Control,18
DEL-019549,FL-085009,Maintenance,25
DEL-019550,FL-085011,Weather,71
DEL-019551,FL-085012,Maintenance,48
DEL-019552,FL-085022,Late Aircraft Arrival,92
DEL-019553,FL-085023,Air Traffic Control,50
DEL-019554,FL-085035,Air Traffic Control,50
DEL-019555,FL-085037,Late Aircraft Arrival,87
DEL-019556,FL-085038,Maintenance,19
DEL-019557,FL-085057,Air Traffic Control,15
DEL-019558,FL-085058,Maintenance,138
DEL-019559,FL-085062,Security,77
DEL-019560,FL-085100,Weather,59
DEL-019561,FL-085108,Late Aircraft Arrival,76
DEL-019562,FL-085111,Air Traffic Control,50
DEL-019563,FL-085112,Maintenance,29
DEL-019564,FL-085116,Air Traffic Control,30
DEL-019565,FL-085121,Security,68
DEL-019566,FL-085122,Security,121
DEL-019567,FL-085126,Weather,25
DEL-019568,FL-085134,Air Traffic Control,119
DEL-019569,FL-085137,Air Traffic Control,36
DEL-019570,FL-085141,Air Traffic Control,18
DEL-019571,FL-085142,Late Aircraft Arrival,20
DEL-019572,FL-085144,Weather,19
DEL-019573,FL-085145,Weather,59
DEL-019574,FL-085148,Weather,21
DEL-019575,FL-085151,Late Aircraft Arrival,18
DEL-019576,FL-085156,Late Aircraft Arrival,44
DEL-019577,FL-085164,Maintenance,31
DEL-019578,FL-085167,Air Traffic Control,17
DEL-019579,FL-085168,Air Traffic Control,36
DEL-019580,FL-085178,Security,67
DEL-019581,FL-085184,Weather,219
DEL-019582,FL-085187,Air Traffic Control,38
DEL-019583,FL-085188,Maintenance,119
DEL-019584,FL-085189,Security,123
DEL-019585,FL-085193,Air Traffic Control,46
DEL-019586,FL-085195,Air Traffic Control,16
DEL-019587,FL-085196,Air Traffic Control,48
DEL-019588,FL-085198,Maintenance,46
DEL-019589,FL-085200,Weather,38
DEL-019590,FL-085211,Weather,47
DEL-019591,FL-085213,Air Traffic Control,59
DEL-019592,FL-085214,Weather,92
DEL-019593,FL-085217,Maintenance,131
DEL-019594,FL-085227,Air Traffic Control,64
DEL-019595,FL-085230,Air Traffic Control,15
DEL-019596,FL-085247,Late Aircraft Arrival,42
DEL-019597,FL-085253,Late Aircraft Arrival,47
DEL-019598,FL-085255,Weather,17
DEL-019599,FL-085257,Late Aircraft Arrival,194
DEL-019600,FL-085262,Security,111
DEL-019601,FL-085274,Security,19
DEL-019602,FL-085277,Maintenance,144
DEL-019603,FL-085279,Air Traffic Control,23
DEL-019604,FL-085280,Air Traffic Control,29
DEL-019605,FL-085296,Air Traffic Control,30
DEL-019606,FL-085297,Weather,101
DEL-019607,FL-085308,Weather,36
DEL-019608,FL-085310,Weather,30
DEL-019609,FL-085319,Security,61
DEL-019610,FL-085326,Air Traffic Control,198
DEL-019611,FL-085334,Air Traffic Control,73
DEL-019612,FL-085335,Weather,25
DEL-019613,FL-085352,Air Traffic Control,39
DEL-019614,FL-085355,Security,41
DEL-019615,FL-085357,Weather,132
DEL-019616,FL-085364,Maintenance,18
DEL-019617,FL-085367,Weather,54
DEL-019618,FL-085401,Maintenance,88
DEL-019619,FL-085407,Air Traffic Control,152
DEL-019620,FL-085408,Air Traffic Control,59
DEL-019621,FL-085416,Maintenance,150
DEL-019622,FL-085418,Maintenance,19
DEL-019623,FL-085428,Weather,15
DEL-019624,FL-085431,Air Traffic Control,61
DEL-019625,FL-085432,Late Aircraft Arrival,20
DEL-019626,FL-085443,Weather,20
DEL-019627,FL-085449,Air Traffic Control,17
DEL-019628,FL-085450,Late Aircraft Arrival,52
DEL-019629,FL-085451,Air Traffic Control,54
DEL-019630,FL-085453,Air Traffic Control,51
DEL-019631,FL-085468,Maintenance,30
DEL-019632,FL-085483,Late Aircraft Arrival,48
DEL-019633,FL-085489,Air Traffic Control,49
DEL-019634,FL-085494,Air Traffic Control,67
DEL-019635,FL-085497,Weather,103
DEL-019636,FL-085506,Air Traffic Control,48
DEL-019637,FL-085511,Security,48
DEL-019638,FL-085512,Air Traffic Control,151
DEL-019639,FL-085522,Weather,26
DEL-019640,FL-085524,Weather,160
DEL-019641,FL-085527,Weather,88
DEL-019642,FL-085533,Air Traffic Control,54
DEL-019643,FL-085536,Late Aircraft Arrival,66
DEL-019644,FL-085538,Weather,76
DEL-019645,FL-085539,Maintenance,15
DEL-019646,FL-085541,Weather,100
DEL-019647,FL-085552,Air Traffic Control,37
DEL-019648,FL-085557,Late Aircraft Arrival,34
DEL-019649,FL-085562,Air Traffic Control,16
DEL-019650,FL-085564,Maintenance,103
DEL-019651,FL-085566,Weather,45
DEL-019652,FL-085567,Late Aircraft Arrival,21
DEL-019653,FL-085570,Late Aircraft Arrival,34
DEL-019654,FL-085573,Weather,15
DEL-019655,FL-085577,Maintenance,84
DEL-019656,FL-085587,Weather,100
DEL-019657,FL-085594,Maintenance,207
DEL-019658,FL-085611,Air Traffic Control,34
DEL-019659,FL-085617,Late Aircraft Arrival,26
DEL-019660,FL-085618,Late Aircraft Arrival,54
DEL-019661,FL-085622,Maintenance,86
DEL-019662,FL-085625,Weather,121
DEL-019663,FL-085641,Late Aircraft Arrival,136
DEL-019664,FL-085654,Weather,20
DEL-019665,FL-085657,Air Traffic Control,32
DEL-019666,FL-085659,Air Traffic Control,45
DEL-019667,FL-085660,Weather,27
DEL-019668,FL-085667,Weather,65
DEL-019669,FL-085670,Air Traffic Control,34
DEL-019670,FL-085671,Weather,52
DEL-019671,FL-085676,Security,18
DEL-019672,FL-085679,Weather,63
DEL-019673,FL-085682,Maintenance,120
DEL-019674,FL-085691,Maintenance,19
DEL-019675,FL-085695,Weather,37
DEL-019676,FL-085697,Weather,100
DEL-019677,FL-085699,Air Traffic Control,141
DEL-019678,FL-085701,Weather,17
DEL-019679,FL-085702,Late Aircraft Arrival,36
DEL-019680,FL-085704,Air Traffic Control,127
DEL-019681,FL-085707,Weather,40
DEL-019682,FL-085708,Weather,20
DEL-019683,FL-085711,Late Aircraft Arrival,38
DEL-019684,FL-085717,Air Traffic Control,52
DEL-019685,FL-085718,Late Aircraft Arrival,69
DEL-019686,FL-085720,Weather,17
DEL-019687,FL-085726,Maintenance,96
DEL-019688,FL-085729,Air Traffic Control,33
DEL-019689,FL-085734,Weather,96
DEL-019690,FL-085735,Late Aircraft Arrival,37
DEL-019691,FL-085736,Maintenance,113
DEL-019692,FL-085739,Late Aircraft Arrival,44
DEL-019693,FL-085741,Security,39
DEL-019694,FL-085742,Air Traffic Control,67
DEL-019695,FL-085743,Weather,98
DEL-019696,FL-085747,Air Traffic Control,117
DEL-019697,FL-085749,Maintenance,55
DEL-019698,FL-085754,Air Traffic Control,19
DEL-019699,FL-085760,Air Traffic Control,56
DEL-019700,FL-085762,Weather,26
DEL-019701,FL-085763,Weather,87
DEL-019702,FL-085769,Maintenance,183
DEL-019703,FL-085774,Air Traffic Control,60
DEL-019704,FL-085776,Air Traffic Control,161
DEL-019705,FL-085779,Air Traffic Control,69
DEL-019706,FL-085796,Late Aircraft Arrival,81
DEL-019707,FL-085797,Late Aircraft Arrival,54
DEL-019708,FL-085801,Weather,60
DEL-019709,FL-085802,Maintenance,91
DEL-019710,FL-085809,Air Traffic Control,68
DEL-019711,FL-085817,Air Traffic Control,36
DEL-019712,FL-085824,Air Traffic Control,52
DEL-019713,FL-085826,Maintenance,50
DEL-019714,FL-085835,Maintenance,35
DEL-019715,FL-085836,Weather,149
DEL-019716,FL-085840,Air Traffic Control,52
DEL-019717,FL-085846,Late Aircraft Arrival,33
DEL-019718,FL-085857,Air Traffic Control,66
DEL-019719,FL-085859,Air Traffic Control,17
DEL-019720,FL-085867,Maintenance,44
DEL-019721,FL-085869,Maintenance,36
DEL-019722,FL-085879,Security,23
DEL-019723,FL-085902,Security,76
DEL-019724,FL-085917,Weather,65
DEL-019725,FL-085919,Maintenance,93
DEL-019726,FL-085921,Late Aircraft Arrival,34
DEL-019727,FL-085923,Late Aircraft Arrival,87
DEL-019728,FL-085935,Security,21
DEL-019729,FL-085936,Air Traffic Control,44
DEL-019730,FL-085938,Air Traffic Control,120
DEL-019731,FL-085939,Air Traffic Control,103
DEL-019732,FL-085941,Air Traffic Control,25
DEL-019733,FL-085944,Weather,35
DEL-019734,FL-085946,Air Traffic Control,60
DEL-019735,FL-085963,Maintenance,142
DEL-019736,FL-085964,Maintenance,41
DEL-019737,FL-085966,Air Traffic Control,16
DEL-019738,FL-085968,Maintenance,15
DEL-019739,FL-085972,Air Traffic Control,89
DEL-019740,FL-085981,Late Aircraft Arrival,58
DEL-019741,FL-085986,Air Traffic Control,38
DEL-019742,FL-085987,Air Traffic Control,15
DEL-019743,FL-086001,Maintenance,55
DEL-019744,FL-086007,Weather,87
DEL-019745,FL-086016,Late Aircraft Arrival,66
DEL-019746,FL-086017,Late Aircraft Arrival,23
DEL-019747,FL-086021,Maintenance,107
DEL-019748,FL-086024,Air Traffic Control,38
DEL-019749,FL-086027,Late Aircraft Arrival,130
DEL-019750,FL-086038,Late Aircraft Arrival,20
DEL-019751,FL-086045,Maintenance,134
DEL-019752,FL-086046,Air Traffic Control,67
DEL-019753,FL-086057,Maintenance,30
DEL-019754,FL-086059,Air Traffic Control,17
DEL-019755,FL-086067,Weather,69
DEL-019756,FL-086077,Late Aircraft Arrival,16
DEL-019757,FL-086078,Weather,78
DEL-019758,FL-086079,Weather,117
DEL-019759,FL-086085,Air Traffic Control,42
DEL-019760,FL-086086,Air Traffic Control,76
DEL-019761,FL-086091,Air Traffic Control,24
DEL-019762,FL-086096,Maintenance,97
DEL-019763,FL-086099,Air Traffic Control,32
DEL-019764,FL-086101,Security,55
DEL-019765,FL-086102,Air Traffic Control,48
DEL-019766,FL-086103,Maintenance,70
DEL-019767,FL-086108,Late Aircraft Arrival,93
DEL-019768,FL-086111,Weather,41
DEL-019769,FL-086116,Air Traffic Control,36
DEL-019770,FL-086119,Maintenance,30
DEL-019771,FL-086126,Air Traffic Control,62
DEL-019772,FL-086127,Late Aircraft Arrival,84
DEL-019773,FL-086139,Weather,70
DEL-019774,FL-086140,Air Traffic Control,42
DEL-019775,FL-086141,Weather,15
DEL-019776,FL-086144,Maintenance,114
DEL-019777,FL-086150,Maintenance,49
DEL-019778,FL-086151,Late Aircraft Arrival,88
DEL-019779,FL-086158,Weather,35
DEL-019780,FL-086160,Maintenance,80
DEL-019781,FL-086161,Weather,16
DEL-019782,FL-086164,Air Traffic Control,233
DEL-019783,FL-086166,Air Traffic Control,97
DEL-019784,FL-086169,Maintenance,53
DEL-019785,FL-086174,Air Traffic Control,37
DEL-019786,FL-086176,Late Aircraft Arrival,28
DEL-019787,FL-086185,Weather,55
DEL-019788,FL-086186,Air Traffic Control,35
DEL-019789,FL-086198,Air Traffic Control,51
DEL-019790,FL-086203,Maintenance,174
DEL-019791,FL-086206,Air Traffic Control,66
DEL-019792,FL-086209,Late Aircraft Arrival,61
DEL-019793,FL-086218,Maintenance,23
DEL-019794,FL-086232,Maintenance,38
DEL-019795,FL-086241,Late Aircraft Arrival,18
DEL-019796,FL-086252,Air Traffic Control,18
DEL-019797,FL-086256,Air Traffic Control,63
DEL-019798,FL-086258,Late Aircraft Arrival,16
DEL-019799,FL-086260,Weather,66
DEL-019800,FL-086274,Air Traffic Control,21
DEL-019801,FL-086277,Maintenance,178
DEL-019802,FL-086278,Late Aircraft Arrival,36
DEL-019803,FL-086282,Weather,23
DEL-019804,FL-086283,Maintenance,36
DEL-019805,FL-086294,Weather,102
DEL-019806,FL-086295,Weather,55
DEL-019807,FL-086300,Late Aircraft Arrival,39
DEL-019808,FL-086302,Maintenance,23
DEL-019809,FL-086303,Late Aircraft Arrival,49
DEL-019810,FL-086304,Weather,63
DEL-019811,FL-086309,Maintenance,108
DEL-019812,FL-086318,Weather,72
DEL-019813,FL-086320,Air Traffic Control,51
DEL-019814,FL-086321,Security,62
DEL-019815,FL-086322,Weather,124
DEL-019816,FL-086323,Maintenance,32
DEL-019817,FL-086333,Late Aircraft Arrival,26
DEL-019818,FL-086343,Weather,25
DEL-019819,FL-086344,Security,122
DEL-019820,FL-086345,Air Traffic Control,50
DEL-019821,FL-086347,Air Traffic Control,174
DEL-019822,FL-086352,Weather,60
DEL-019823,FL-086362,Air Traffic Control,109
DEL-019824,FL-086364,Late Aircraft Arrival,75
DEL-019825,FL-086365,Air Traffic Control,74
DEL-019826,FL-086366,Late Aircraft Arrival,100
DEL-019827,FL-086367,Weather,15
DEL-019828,FL-086371,Weather,100
DEL-019829,FL-086378,Maintenance,62
DEL-019830,FL-086380,Weather,52
DEL-019831,FL-086393,Late Aircraft Arrival,191
DEL-019832,FL-086400,Maintenance,116
DEL-019833,FL-086404,Air Traffic Control,20
DEL-019834,FL-086417,Late Aircraft Arrival,35
DEL-019835,FL-086422,Air Traffic Control,20
DEL-019836,FL-086438,Maintenance,49
DEL-019837,FL-086441,Weather,48
DEL-019838,FL-086443,Air Traffic Control,21
DEL-019839,FL-086446,Late Aircraft Arrival,21
DEL-019840,FL-086452,Maintenance,50
DEL-019841,FL-086453,Air Traffic Control,92
DEL-019842,FL-086460,Late Aircraft Arrival,103
DEL-019843,FL-086461,Air Traffic Control,45
DEL-019844,FL-086465,Weather,21
DEL-019845,FL-086468,Air Traffic Control,40
DEL-019846,FL-086469,Maintenance,37
DEL-019847,FL-086476,Weather,34
DEL-019848,FL-086477,Late Aircraft Arrival,30
DEL-019849,FL-086478,Late Aircraft Arrival,41
DEL-019850,FL-086487,Security,64
DEL-019851,FL-086488,Maintenance,21
DEL-019852,FL-086490,Air Traffic Control,15
DEL-019853,FL-086498,Air Traffic Control,106
DEL-019854,FL-086500,Weather,28
DEL-019855,FL-086505,Air Traffic Control,93
DEL-019856,FL-086510,Air Traffic Control,57
DEL-019857,FL-086511,Weather,138
DEL-019858,FL-086515,Late Aircraft Arrival,73
DEL-019859,FL-086518,Weather,41
DEL-019860,FL-086520,Maintenance,27
DEL-019861,FL-086524,Late Aircraft Arrival,45
DEL-019862,FL-086528,Weather,29
DEL-019863,FL-086531,Weather,49
DEL-019864,FL-086535,Air Traffic Control,43
DEL-019865,FL-086541,Maintenance,42
DEL-019866,FL-086544,Weather,47
DEL-019867,FL-086549,Air Traffic Control,128
DEL-019868,FL-086551,Weather,41
DEL-019869,FL-086561,Weather,37
DEL-019870,FL-086563,Air Traffic Control,28
DEL-019871,FL-086568,Weather,137
DEL-019872,FL-086569,Weather,20
DEL-019873,FL-086580,Air Traffic Control,36
DEL-019874,FL-086581,Maintenance,69
DEL-019875,FL-086584,Weather,16
DEL-019876,FL-086588,Maintenance,72
DEL-019877,FL-086592,Weather,64
DEL-019878,FL-086598,Weather,22
DEL-019879,FL-086600,Weather,33
DEL-019880,FL-086601,Weather,67
DEL-019881,FL-086609,Late Aircraft Arrival,24
DEL-019882,FL-086611,Air Traffic Control,25
DEL-019883,FL-086622,Air Traffic Control,34
DEL-019884,FL-086626,Air Traffic Control,24
DEL-019885,FL-086627,Security,20
DEL-019886,FL-086629,Air Traffic Control,94
DEL-019887,FL-086630,Air Traffic Control,62
DEL-019888,FL-086632,Weather,42
DEL-019889,FL-086637,Weather,48
DEL-019890,FL-086638,Late Aircraft Arrival,35
DEL-019891,FL-086643,Late Aircraft Arrival,20
DEL-019892,FL-086644,Weather,72
DEL-019893,FL-086650,Air Traffic Control,31
DEL-019894,FL-086653,Air Traffic Control,80
DEL-019895,FL-086655,Late Aircraft Arrival,15
DEL-019896,FL-086663,Air Traffic Control,112
DEL-019897,FL-086669,Maintenance,17
DEL-019898,FL-086673,Maintenance,20
DEL-019899,FL-086676,Weather,36
DEL-019900,FL-086694,Air Traffic Control,16
DEL-019901,FL-086700,Late Aircraft Arrival,36
DEL-019902,FL-086701,Maintenance,131
DEL-019903,FL-086702,Air Traffic Control,98
DEL-019904,FL-086704,Maintenance,26
DEL-019905,FL-086718,Late Aircraft Arrival,21
DEL-019906,FL-086719,Maintenance,16
DEL-019907,FL-086727,Maintenance,242
DEL-019908,FL-086739,Maintenance,17
DEL-019909,FL-086740,Maintenance,71
DEL-019910,FL-086743,Weather,52
DEL-019911,FL-086752,Security,97
DEL-019912,FL-086754,Maintenance,103
DEL-019913,FL-086755,Late Aircraft Arrival,23
DEL-019914,FL-086756,Weather,49
DEL-019915,FL-086758,Security,42
DEL-019916,FL-086759,Late Aircraft Arrival,98
DEL-019917,FL-086762,Air Traffic Control,27
DEL-019918,FL-086763,Late Aircraft Arrival,22
DEL-019919,FL-086764,Weather,16
DEL-019920,FL-086765,Air Traffic Control,155
DEL-019921,FL-086767,Maintenance,22
DEL-019922,FL-086772,Air Traffic Control,40
DEL-019923,FL-086774,Weather,52
DEL-019924,FL-086775,Weather,73
DEL-019925,FL-086777,Security,108
DEL-019926,FL-086778,Security,94
DEL-019927,FL-086782,Maintenance,33
DEL-019928,FL-086795,Weather,159
DEL-019929,FL-086801,Weather,50
DEL-019930,FL-086817,Air Traffic Control,118
DEL-019931,FL-086819,Maintenance,16
DEL-019932,FL-086823,Late Aircraft Arrival,330
DEL-019933,FL-086827,Late Aircraft Arrival,62
DEL-019934,FL-086829,Late Aircraft Arrival,23
DEL-019935,FL-086835,Weather,36
DEL-019936,FL-086843,Air Traffic Control,79
DEL-019937,FL-086851,Air Traffic Control,117
DEL-019938,FL-086863,Weather,32
DEL-019939,FL-086874,Weather,76
DEL-019940,FL-086878,Weather,43
DEL-019941,FL-086885,Weather,70
DEL-019942,FL-086894,Air Traffic Control,67
DEL-019943,FL-086895,Maintenance,67
DEL-019944,FL-086899,Air Traffic Control,143
DEL-019945,FL-086902,Air Traffic Control,209
DEL-019946,FL-086903,Maintenance,72
DEL-019947,FL-086905,Maintenance,66
DEL-019948,FL-086908,Late Aircraft Arrival,124
DEL-019949,FL-086914,Late Aircraft Arrival,51
DEL-019950,FL-086924,Late Aircraft Arrival,15
DEL-019951,FL-086926,Air Traffic Control,101
DEL-019952,FL-086940,Air Traffic Control,29
DEL-019953,FL-086941,Weather,26
DEL-019954,FL-086949,Weather,37
DEL-019955,FL-086956,Maintenance,19
DEL-019956,FL-086966,Late Aircraft Arrival,28
DEL-019957,FL-086969,Weather,24
DEL-019958,FL-086983,Late Aircraft Arrival,120
DEL-019959,FL-086984,Air Traffic Control,23
DEL-019960,FL-086987,Maintenance,29
DEL-019961,FL-086994,Air Traffic Control,30
DEL-019962,FL-086998,Maintenance,68
DEL-019963,FL-086999,Air Traffic Control,39
DEL-019964,FL-087004,Security,160
DEL-019965,FL-087005,Air Traffic Control,98
DEL-019966,FL-087007,Air Traffic Control,16
DEL-019967,FL-087010,Security,17
DEL-019968,FL-087012,Maintenance,18
DEL-019969,FL-087013,Late Aircraft Arrival,86
DEL-019970,FL-087018,Maintenance,45
DEL-019971,FL-087022,Maintenance,74
DEL-019972,FL-087032,Weather,165
DEL-019973,FL-087041,Weather,90
DEL-019974,FL-087042,Maintenance,15
DEL-019975,FL-087049,Weather,48
DEL-019976,FL-087050,Weather,199
DEL-019977,FL-087052,Weather,96
DEL-019978,FL-087053,Air Traffic Control,30
DEL-019979,FL-087061,Weather,49
DEL-019980,FL-087062,Air Traffic Control,56
DEL-019981,FL-087063,Air Traffic Control,110
DEL-019982,FL-087069,Weather,80
DEL-019983,FL-087070,Air Traffic Control,17
DEL-019984,FL-087074,Maintenance,44
DEL-019985,FL-087081,Security,75
DEL-019986,FL-087087,Late Aircraft Arrival,19
DEL-019987,FL-087091,Weather,23
DEL-019988,FL-087093,Maintenance,79
DEL-019989,FL-087095,Air Traffic Control,32
DEL-019990,FL-087096,Late Aircraft Arrival,49
DEL-019991,FL-087097,Maintenance,33
DEL-019992,FL-087101,Weather,21
DEL-019993,FL-087106,Weather,21
DEL-019994,FL-087107,Maintenance,30
DEL-019995,FL-087111,Weather,89
DEL-019996,FL-087117,Maintenance,91
DEL-019997,FL-087121,Maintenance,46
DEL-019998,FL-087124,Maintenance,59
DEL-019999,FL-087127,Maintenance,134
DEL-020000,FL-087131,Maintenance,44
DEL-020001,FL-087136,Maintenance,56
DEL-020002,FL-087138,Maintenance,22
DEL-020003,FL-087141,Late Aircraft Arrival,52
DEL-020004,FL-087152,Maintenance,63
DEL-020005,FL-087156,Air Traffic Control,94
DEL-020006,FL-087157,Maintenance,23
DEL-020007,FL-087158,Maintenance,70
DEL-020008,FL-087159,Maintenance,32
DEL-020009,FL-087161,Maintenance,43
DEL-020010,FL-087163,Air Traffic Control,28
DEL-020011,FL-087167,Maintenance,34
DEL-020012,FL-087168,Maintenance,77
DEL-020013,FL-087169,Maintenance,38
DEL-020014,FL-087174,Maintenance,47
DEL-020015,FL-087178,Late Aircraft Arrival,50
DEL-020016,FL-087179,Weather,44
DEL-020017,FL-087181,Late Aircraft Arrival,29
DEL-020018,FL-087182,Security,71
DEL-020019,FL-087184,Maintenance,88
DEL-020020,FL-087187,Weather,111
DEL-020021,FL-087192,Weather,93
DEL-020022,FL-087194,Weather,51
DEL-020023,FL-087195,Air Traffic Control,24
DEL-020024,FL-087196,Air Traffic Control,19
DEL-020025,FL-087198,Air Traffic Control,45
DEL-020026,FL-087200,Weather,15
DEL-020027,FL-087204,Weather,63
DEL-020028,FL-087211,Weather,30
DEL-020029,FL-087222,Late Aircraft Arrival,22
DEL-020030,FL-087231,Late Aircraft Arrival,41
DEL-020031,FL-087237,Late Aircraft Arrival,33
DEL-020032,FL-087243,Weather,94
DEL-020033,FL-087256,Late Aircraft Arrival,23
DEL-020034,FL-087257,Maintenance,27
DEL-020035,FL-087258,Maintenance,16
DEL-020036,FL-087260,Late Aircraft Arrival,49
DEL-020037,FL-087262,Weather,68
DEL-020038,FL-087267,Air Traffic Control,24
DEL-020039,FL-087268,Late Aircraft Arrival,36
DEL-020040,FL-087273,Air Traffic Control,42
DEL-020041,FL-087283,Air Traffic Control,16
DEL-020042,FL-087298,Air Traffic Control,20
DEL-020043,FL-087311,Late Aircraft Arrival,32
DEL-020044,FL-087315,Air Traffic Control,72
DEL-020045,FL-087319,Late Aircraft Arrival,114
DEL-020046,FL-087324,Weather,22
DEL-020047,FL-087331,Maintenance,24
DEL-020048,FL-087340,Weather,84
DEL-020049,FL-087346,Late Aircraft Arrival,48
DEL-020050,FL-087351,Air Traffic Control,66
DEL-020051,FL-087353,Weather,139
DEL-020052,FL-087357,Maintenance,16
DEL-020053,FL-087362,Air Traffic Control,82
DEL-020054,FL-087363,Late Aircraft Arrival,38
DEL-020055,FL-087367,Air Traffic Control,39
DEL-020056,FL-087370,Weather,42
DEL-020057,FL-087376,Maintenance,57
DEL-020058,FL-087383,Late Aircraft Arrival,36
DEL-020059,FL-087386,Maintenance,30
DEL-020060,FL-087390,Maintenance,62
DEL-020061,FL-087410,Maintenance,38
DEL-020062,FL-087412,Maintenance,56
DEL-020063,FL-087416,Late Aircraft Arrival,29
DEL-020064,FL-087434,Late Aircraft Arrival,74
DEL-020065,FL-087441,Late Aircraft Arrival,28
DEL-020066,FL-087452,Weather,19
DEL-020067,FL-087455,Air Traffic Control,29
DEL-020068,FL-087465,Air Traffic Control,17
DEL-020069,FL-087466,Maintenance,42
DEL-020070,FL-087468,Late Aircraft Arrival,80
DEL-020071,FL-087470,Late Aircraft Arrival,117
DEL-020072,FL-087472,Air Traffic Control,38
DEL-020073,FL-087480,Security,37
DEL-020074,FL-087484,Air Traffic Control,36
DEL-020075,FL-087486,Air Traffic Control,92
DEL-020076,FL-087489,Weather,32
DEL-020077,FL-087490,Air Traffic Control,47
DEL-020078,FL-087492,Weather,20
DEL-020079,FL-087496,Late Aircraft Arrival,43
DEL-020080,FL-087498,Maintenance,86
DEL-020081,FL-087501,Air Traffic Control,17
DEL-020082,FL-087505,Late Aircraft Arrival,34
DEL-020083,FL-087506,Air Traffic Control,24
DEL-020084,FL-087515,Weather,34
DEL-020085,FL-087522,Air Traffic Control,127
DEL-020086,FL-087525,Late Aircraft Arrival,65
DEL-020087,FL-087527,Weather,16
DEL-020088,FL-087528,Weather,114
DEL-020089,FL-087530,Weather,15
DEL-020090,FL-087537,Maintenance,146
DEL-020091,FL-087547,Weather,15
DEL-020092,FL-087548,Weather,24
DEL-020093,FL-087552,Weather,111
DEL-020094,FL-087555,Air Traffic Control,69
DEL-020095,FL-087559,Maintenance,46
DEL-020096,FL-087562,Weather,51
DEL-020097,FL-087564,Late Aircraft Arrival,79
DEL-020098,FL-087567,Air Traffic Control,146
DEL-020099,FL-087569,Weather,44
DEL-020100,FL-087574,Air Traffic Control,73
DEL-020101,FL-087582,Security,56
DEL-020102,FL-087589,Late Aircraft Arrival,23
DEL-020103,FL-087607,Maintenance,23
DEL-020104,FL-087610,Late Aircraft Arrival,21
DEL-020105,FL-087615,Weather,22
DEL-020106,FL-087616,Late Aircraft Arrival,38
DEL-020107,FL-087620,Late Aircraft Arrival,31
DEL-020108,FL-087625,Late Aircraft Arrival,133
DEL-020109,FL-087628,Maintenance,27
DEL-020110,FL-087631,Weather,154
DEL-020111,FL-087633,Air Traffic Control,15
DEL-020112,FL-087634,Weather,46
DEL-020113,FL-087647,Weather,41
DEL-020114,FL-087648,Air Traffic Control,137
DEL-020115,FL-087649,Maintenance,29
DEL-020116,FL-087651,Air Traffic Control,64
DEL-020117,FL-087654,Maintenance,25
DEL-020118,FL-087657,Maintenance,71
DEL-020119,FL-087658,Late Aircraft Arrival,34
DEL-020120,FL-087664,Air Traffic Control,80
DEL-020121,FL-087665,Late Aircraft Arrival,45
DEL-020122,FL-087668,Maintenance,143
DEL-020123,FL-087670,Maintenance,100
DEL-020124,FL-087675,Weather,62
DEL-020125,FL-087681,Air Traffic Control,43
DEL-020126,FL-087682,Air Traffic Control,22
DEL-020127,FL-087684,Weather,48
DEL-020128,FL-087685,Late Aircraft Arrival,39
DEL-020129,FL-087691,Weather,21
DEL-020130,FL-087700,Late Aircraft Arrival,16
DEL-020131,FL-087704,Maintenance,40
DEL-020132,FL-087706,Weather,25
DEL-020133,FL-087707,Air Traffic Control,145
DEL-020134,FL-087711,Late Aircraft Arrival,114
DEL-020135,FL-087713,Security,17
DEL-020136,FL-087721,Air Traffic Control,19
DEL-020137,FL-087725,Weather,25
DEL-020138,FL-087726,Late Aircraft Arrival,30
DEL-020139,FL-087728,Weather,47
DEL-020140,FL-087729,Weather,55
DEL-020141,FL-087734,Air Traffic Control,28
DEL-020142,FL-087735,Air Traffic Control,45
DEL-020143,FL-087746,Late Aircraft Arrival,15
DEL-020144,FL-087755,Air Traffic Control,115
DEL-020145,FL-087757,Late Aircraft Arrival,69
DEL-020146,FL-087763,Weather,40
DEL-020147,FL-087765,Maintenance,23
DEL-020148,FL-087767,Maintenance,55
DEL-020149,FL-087769,Maintenance,103
DEL-020150,FL-087775,Weather,25
DEL-020151,FL-087777,Late Aircraft Arrival,15
DEL-020152,FL-087782,Late Aircraft Arrival,92
DEL-020153,FL-087789,Weather,85
DEL-020154,FL-087792,Weather,123
DEL-020155,FL-087802,Air Traffic Control,39
DEL-020156,FL-087807,Late Aircraft Arrival,143
DEL-020157,FL-087820,Weather,20
DEL-020158,FL-087826,Late Aircraft Arrival,73
DEL-020159,FL-087830,Weather,111
DEL-020160,FL-087831,Air Traffic Control,35
DEL-020161,FL-087832,Weather,220
DEL-020162,FL-087834,Late Aircraft Arrival,95
DEL-020163,FL-087838,Maintenance,24
DEL-020164,FL-087839,Air Traffic Control,84
DEL-020165,FL-087840,Maintenance,23
DEL-020166,FL-087841,Weather,87
DEL-020167,FL-087851,Weather,47
DEL-020168,FL-087853,Maintenance,23
DEL-020169,FL-087854,Weather,49
DEL-020170,FL-087858,Weather,19
DEL-020171,FL-087859,Air Traffic Control,135
DEL-020172,FL-087866,Late Aircraft Arrival,92
DEL-020173,FL-087872,Air Traffic Control,32
DEL-020174,FL-087875,Weather,23
DEL-020175,FL-087880,Security,47
DEL-020176,FL-087885,Late Aircraft Arrival,62
DEL-020177,FL-087896,Air Traffic Control,100
DEL-020178,FL-087897,Maintenance,58
DEL-020179,FL-087900,Weather,20
DEL-020180,FL-087902,Late Aircraft Arrival,30
DEL-020181,FL-087903,Maintenance,15
DEL-020182,FL-087905,Air Traffic Control,40
DEL-020183,FL-087906,Weather,66
DEL-020184,FL-087911,Maintenance,173
DEL-020185,FL-087912,Maintenance,35
DEL-020186,FL-087917,Maintenance,35
DEL-020187,FL-087918,Late Aircraft Arrival,59
DEL-020188,FL-087926,Weather,20
DEL-020189,FL-087927,Weather,90
DEL-020190,FL-087928,Late Aircraft Arrival,28
DEL-020191,FL-087933,Weather,80
DEL-020192,FL-087934,Maintenance,100
DEL-020193,FL-087937,Weather,40
DEL-020194,FL-087948,Maintenance,261
DEL-020195,FL-087949,Weather,29
DEL-020196,FL-087952,Weather,29
DEL-020197,FL-087970,Weather,17
DEL-020198,FL-087973,Late Aircraft Arrival,175
DEL-020199,FL-087979,Maintenance,49
DEL-020200,FL-087984,Air Traffic Control,129
DEL-020201,FL-087989,Weather,126
DEL-020202,FL-087995,Weather,45
DEL-020203,FL-087996,Maintenance,44
DEL-020204,FL-088002,Late Aircraft Arrival,43
DEL-020205,FL-088006,Air Traffic Control,46
DEL-020206,FL-088012,Late Aircraft Arrival,16
DEL-020207,FL-088015,Late Aircraft Arrival,16
DEL-020208,FL-088018,Weather,58
DEL-020209,FL-088019,Air Traffic Control,79
DEL-020210,FL-088020,Weather,29
DEL-020211,FL-088022,Maintenance,178
DEL-020212,FL-088046,Maintenance,51
DEL-020213,FL-088052,Late Aircraft Arrival,182
DEL-020214,FL-088053,Weather,40
DEL-020215,FL-088054,Maintenance,58
DEL-020216,FL-088055,Air Traffic Control,93
DEL-020217,FL-088058,Air Traffic Control,106
DEL-020218,FL-088067,Late Aircraft Arrival,16
DEL-020219,FL-088068,Security,24
DEL-020220,FL-088071,Air Traffic Control,41
DEL-020221,FL-088075,Maintenance,106
DEL-020222,FL-088076,Maintenance,61
DEL-020223,FL-088077,Air Traffic Control,47
DEL-020224,FL-088078,Air Traffic Control,56
DEL-020225,FL-088082,Maintenance,63
DEL-020226,FL-088085,Late Aircraft Arrival,16
DEL-020227,FL-088092,Late Aircraft Arrival,17
DEL-020228,FL-088099,Air Traffic Control,58
DEL-020229,FL-088104,Security,34
DEL-020230,FL-088108,Late Aircraft Arrival,24
DEL-020231,FL-088109,Air Traffic Control,80
DEL-020232,FL-088112,Weather,17
DEL-020233,FL-088114,Weather,45
DEL-020234,FL-088120,Air Traffic Control,157
DEL-020235,FL-088126,Air Traffic Control,33
DEL-020236,FL-088132,Late Aircraft Arrival,51
DEL-020237,FL-088133,Maintenance,64
DEL-020238,FL-088138,Air Traffic Control,16
DEL-020239,FL-088144,Weather,19
DEL-020240,FL-088149,Maintenance,38
DEL-020241,FL-088152,Air Traffic Control,20
DEL-020242,FL-088158,Security,112
DEL-020243,FL-088159,Air Traffic Control,49
DEL-020244,FL-088164,Air Traffic Control,25
DEL-020245,FL-088167,Security,21
DEL-020246,FL-088168,Air Traffic Control,120
DEL-020247,FL-088173,Air Traffic Control,58
DEL-020248,FL-088175,Late Aircraft Arrival,21
DEL-020249,FL-088178,Late Aircraft Arrival,122
DEL-020250,FL-088181,Weather,91
DEL-020251,FL-088186,Late Aircraft Arrival,15
DEL-020252,FL-088191,Late Aircraft Arrival,197
DEL-020253,FL-088192,Air Traffic Control,23
DEL-020254,FL-088194,Air Traffic Control,28
DEL-020255,FL-088196,Air Traffic Control,122
DEL-020256,FL-088211,Maintenance,24
DEL-020257,FL-088218,Maintenance,18
DEL-020258,FL-088221,Air Traffic Control,55
DEL-020259,FL-088231,Late Aircraft Arrival,47
DEL-020260,FL-088241,Weather,20
DEL-020261,FL-088242,Maintenance,26
DEL-020262,FL-088251,Late Aircraft Arrival,15
DEL-020263,FL-088253,Weather,16
DEL-020264,FL-088255,Late Aircraft Arrival,84
DEL-020265,FL-088256,Late Aircraft Arrival,31
DEL-020266,FL-088257,Air Traffic Control,16
DEL-020267,FL-088259,Maintenance,84
DEL-020268,FL-088261,Weather,41
DEL-020269,FL-088273,Air Traffic Control,21
DEL-020270,FL-088277,Late Aircraft Arrival,26
DEL-020271,FL-088280,Weather,56
DEL-020272,FL-088281,Maintenance,43
DEL-020273,FL-088282,Air Traffic Control,67
DEL-020274,FL-088285,Weather,134
DEL-020275,FL-088286,Late Aircraft Arrival,44
DEL-020276,FL-088288,Air Traffic Control,33
DEL-020277,FL-088292,Maintenance,38
DEL-020278,FL-088297,Air Traffic Control,20
DEL-020279,FL-088299,Weather,141
DEL-020280,FL-088300,Air Traffic Control,46
DEL-020281,FL-088302,Maintenance,217
DEL-020282,FL-088303,Maintenance,27
DEL-020283,FL-088304,Air Traffic Control,150
DEL-020284,FL-088306,Weather,26
DEL-020285,FL-088308,Weather,36
DEL-020286,FL-088314,Maintenance,123
DEL-020287,FL-088320,Air Traffic Control,34
DEL-020288,FL-088324,Weather,19
DEL-020289,FL-088326,Maintenance,120
DEL-020290,FL-088344,Air Traffic Control,38
DEL-020291,FL-088345,Late Aircraft Arrival,73
DEL-020292,FL-088346,Weather,39
DEL-020293,FL-088348,Late Aircraft Arrival,31
DEL-020294,FL-088355,Security,64
DEL-020295,FL-088356,Air Traffic Control,15
DEL-020296,FL-088361,Weather,33
DEL-020297,FL-088365,Weather,55
DEL-020298,FL-088366,Weather,24
DEL-020299,FL-088379,Weather,32
DEL-020300,FL-088380,Air Traffic Control,47
DEL-020301,FL-088385,Air Traffic Control,27
DEL-020302,FL-088386,Security,34
DEL-020303,FL-088388,Air Traffic Control,26
DEL-020304,FL-088397,Air Traffic Control,74
DEL-020305,FL-088399,Weather,25
DEL-020306,FL-088408,Weather,43
DEL-020307,FL-088412,Late Aircraft Arrival,29
DEL-020308,FL-088414,Maintenance,82
DEL-020309,FL-088419,Air Traffic Control,51
DEL-020310,FL-088423,Weather,27
DEL-020311,FL-088425,Security,15
DEL-020312,FL-088433,Late Aircraft Arrival,18
DEL-020313,FL-088438,Air Traffic Control,49
DEL-020314,FL-088442,Air Traffic Control,51
DEL-020315,FL-088452,Maintenance,17
DEL-020316,FL-088455,Late Aircraft Arrival,38
DEL-020317,FL-088461,Late Aircraft Arrival,59
DEL-020318,FL-088462,Weather,75
DEL-020319,FL-088465,Maintenance,35
DEL-020320,FL-088469,Late Aircraft Arrival,100
DEL-020321,FL-088471,Maintenance,59
DEL-020322,FL-088472,Maintenance,64
DEL-020323,FL-088489,Late Aircraft Arrival,59
DEL-020324,FL-088490,Air Traffic Control,38
DEL-020325,FL-088497,Maintenance,27
DEL-020326,FL-088499,Late Aircraft Arrival,64
DEL-020327,FL-088506,Late Aircraft Arrival,17
DEL-020328,FL-088509,Air Traffic Control,31
DEL-020329,FL-088510,Weather,137
DEL-020330,FL-088512,Late Aircraft Arrival,60
DEL-020331,FL-088513,Maintenance,25
DEL-020332,FL-088515,Weather,71
DEL-020333,FL-088517,Weather,31
DEL-020334,FL-088521,Weather,214
DEL-020335,FL-088535,Late Aircraft Arrival,18
DEL-020336,FL-088537,Late Aircraft Arrival,42
DEL-020337,FL-088540,Late Aircraft Arrival,26
DEL-020338,FL-088541,Late Aircraft Arrival,223
DEL-020339,FL-088543,Maintenance,38
DEL-020340,FL-088544,Late Aircraft Arrival,34
DEL-020341,FL-088545,Late Aircraft Arrival,34
DEL-020342,FL-088547,Weather,175
DEL-020343,FL-088560,Maintenance,56
DEL-020344,FL-088561,Weather,32
DEL-020345,FL-088567,Maintenance,63
DEL-020346,FL-088573,Late Aircraft Arrival,17
DEL-020347,FL-088574,Late Aircraft Arrival,58
DEL-020348,FL-088575,Security,16
DEL-020349,FL-088576,Weather,23
DEL-020350,FL-088584,Maintenance,30
DEL-020351,FL-088594,Weather,39
DEL-020352,FL-088601,Maintenance,74
DEL-020353,FL-088602,Late Aircraft Arrival,58
DEL-020354,FL-088603,Weather,37
DEL-020355,FL-088608,Air Traffic Control,69
DEL-020356,FL-088615,Late Aircraft Arrival,84
DEL-020357,FL-088617,Weather,79
DEL-020358,FL-088622,Maintenance,80
DEL-020359,FL-088624,Weather,99
DEL-020360,FL-088625,Security,174
DEL-020361,FL-088629,Weather,48
DEL-020362,FL-088631,Weather,273
DEL-020363,FL-088633,Weather,31
DEL-020364,FL-088641,Late Aircraft Arrival,43
DEL-020365,FL-088642,Air Traffic Control,60
DEL-020366,FL-088645,Air Traffic Control,24
DEL-020367,FL-088649,Weather,31
DEL-020368,FL-088654,Weather,21
DEL-020369,FL-088655,Air Traffic Control,94
DEL-020370,FL-088662,Air Traffic Control,53
DEL-020371,FL-088672,Late Aircraft Arrival,141
DEL-020372,FL-088675,Late Aircraft Arrival,53
DEL-020373,FL-088682,Security,31
DEL-020374,FL-088689,Weather,33
DEL-020375,FL-088692,Weather,15
DEL-020376,FL-088695,Air Traffic Control,64
DEL-020377,FL-088697,Air Traffic Control,20
DEL-020378,FL-088698,Air Traffic Control,19
DEL-020379,FL-088704,Weather,95
DEL-020380,FL-088706,Maintenance,42
DEL-020381,FL-088707,Maintenance,53
DEL-020382,FL-088714,Maintenance,18
DEL-020383,FL-088717,Late Aircraft Arrival,80
DEL-020384,FL-088718,Weather,48
DEL-020385,FL-088720,Late Aircraft Arrival,29
DEL-020386,FL-088722,Weather,143
DEL-020387,FL-088726,Air Traffic Control,155
DEL-020388,FL-088732,Air Traffic Control,49
DEL-020389,FL-088735,Weather,225
DEL-020390,FL-088736,Weather,83
DEL-020391,FL-088739,Maintenance,88
DEL-020392,FL-088740,Maintenance,61
DEL-020393,FL-088752,Late Aircraft Arrival,22
DEL-020394,FL-088758,Maintenance,134
DEL-020395,FL-088760,Air Traffic Control,25
DEL-020396,FL-088762,Weather,94
DEL-020397,FL-088763,Weather,116
DEL-020398,FL-088767,Air Traffic Control,58
DEL-020399,FL-088770,Security,24
DEL-020400,FL-088771,Air Traffic Control,78
DEL-020401,FL-088772,Air Traffic Control,17
DEL-020402,FL-088775,Weather,59
DEL-020403,FL-088778,Air Traffic Control,71
DEL-020404,FL-088779,Weather,53
DEL-020405,FL-088781,Late Aircraft Arrival,53
DEL-020406,FL-088787,Maintenance,38
DEL-020407,FL-088788,Late Aircraft Arrival,44
DEL-020408,FL-088791,Weather,80
DEL-020409,FL-088793,Air Traffic Control,164
DEL-020410,FL-088795,Air Traffic Control,18
DEL-020411,FL-088802,Security,91
DEL-020412,FL-088803,Air Traffic Control,47
DEL-020413,FL-088806,Maintenance,57
DEL-020414,FL-088815,Air Traffic Control,92
DEL-020415,FL-088821,Air Traffic Control,190
DEL-020416,FL-088825,Air Traffic Control,41
DEL-020417,FL-088827,Air Traffic Control,57
DEL-020418,FL-088831,Maintenance,23
DEL-020419,FL-088835,Late Aircraft Arrival,42
DEL-020420,FL-088840,Weather,104
DEL-020421,FL-088848,Maintenance,84
DEL-020422,FL-088849,Late Aircraft Arrival,22
DEL-020423,FL-088851,Weather,106
DEL-020424,FL-088860,Weather,37
DEL-020425,FL-088865,Maintenance,32
DEL-020426,FL-088867,Air Traffic Control,19
DEL-020427,FL-088890,Air Traffic Control,72
DEL-020428,FL-088891,Weather,39
DEL-020429,FL-088895,Security,94
DEL-020430,FL-088896,Late Aircraft Arrival,17
DEL-020431,FL-088899,Air Traffic Control,20
DEL-020432,FL-088902,Air Traffic Control,146
DEL-020433,FL-088907,Weather,35
DEL-020434,FL-088908,Weather,20
DEL-020435,FL-088913,Late Aircraft Arrival,36
DEL-020436,FL-088914,Maintenance,17
DEL-020437,FL-088915,Maintenance,204
DEL-020438,FL-088916,Late Aircraft Arrival,55
DEL-020439,FL-088924,Air Traffic Control,27
DEL-020440,FL-088934,Weather,51
DEL-020441,FL-088936,Late Aircraft Arrival,50
DEL-020442,FL-088937,Maintenance,42
DEL-020443,FL-088938,Maintenance,81
DEL-020444,FL-088939,Air Traffic Control,58
DEL-020445,FL-088943,Weather,108
DEL-020446,FL-088944,Air Traffic Control,56
DEL-020447,FL-088946,Air Traffic Control,67
DEL-020448,FL-088947,Air Traffic Control,154
DEL-020449,FL-088951,Weather,40
DEL-020450,FL-088952,Air Traffic Control,60
DEL-020451,FL-088957,Maintenance,37
DEL-020452,FL-088963,Late Aircraft Arrival,28
DEL-020453,FL-088964,Security,57
DEL-020454,FL-088967,Maintenance,66
DEL-020455,FL-088968,Maintenance,44
DEL-020456,FL-088979,Air Traffic Control,72
DEL-020457,FL-088988,Late Aircraft Arrival,49
DEL-020458,FL-088989,Late Aircraft Arrival,80
DEL-020459,FL-088991,Security,28
DEL-020460,FL-088994,Air Traffic Control,220
DEL-020461,FL-089005,Weather,26
DEL-020462,FL-089011,Security,117
DEL-020463,FL-089012,Maintenance,27
DEL-020464,FL-089015,Late Aircraft Arrival,21
DEL-020465,FL-089022,Maintenance,46
DEL-020466,FL-089027,Air Traffic Control,54
DEL-020467,FL-089032,Late Aircraft Arrival,70
DEL-020468,FL-089038,Maintenance,29
DEL-020469,FL-089043,Late Aircraft Arrival,28
DEL-020470,FL-089044,Weather,94
DEL-020471,FL-089045,Air Traffic Control,98
DEL-020472,FL-089047,Late Aircraft Arrival,160
DEL-020473,FL-089049,Weather,45
DEL-020474,FL-089054,Maintenance,25
DEL-020475,FL-089055,Security,164
DEL-020476,FL-089058,Weather,68
DEL-020477,FL-089060,Maintenance,33
DEL-020478,FL-089062,Late Aircraft Arrival,81
DEL-020479,FL-089069,Maintenance,50
DEL-020480,FL-089077,Weather,19
DEL-020481,FL-089079,Late Aircraft Arrival,38
DEL-020482,FL-089092,Weather,89
DEL-020483,FL-089104,Air Traffic Control,102
DEL-020484,FL-089109,Weather,113
DEL-020485,FL-089112,Late Aircraft Arrival,25
DEL-020486,FL-089119,Security,84
DEL-020487,FL-089132,Weather,24
DEL-020488,FL-089134,Late Aircraft Arrival,40
DEL-020489,FL-089147,Air Traffic Control,53
DEL-020490,FL-089152,Maintenance,46
DEL-020491,FL-089161,Late Aircraft Arrival,115
DEL-020492,FL-089163,Weather,62
DEL-020493,FL-089168,Maintenance,27
DEL-020494,FL-089170,Late Aircraft Arrival,156
DEL-020495,FL-089172,Late Aircraft Arrival,42
DEL-020496,FL-089181,Air Traffic Control,89
DEL-020497,FL-089188,Weather,44
DEL-020498,FL-089189,Weather,221
DEL-020499,FL-089211,Late Aircraft Arrival,121
DEL-020500,FL-089212,Air Traffic Control,35
DEL-020501,FL-089213,Maintenance,56
DEL-020502,FL-089225,Maintenance,40
DEL-020503,FL-089229,Air Traffic Control,158
DEL-020504,FL-089232,Maintenance,80
DEL-020505,FL-089238,Weather,23
DEL-020506,FL-089242,Maintenance,93
DEL-020507,FL-089247,Air Traffic Control,98
DEL-020508,FL-089257,Air Traffic Control,47
DEL-020509,FL-089261,Air Traffic Control,55
DEL-020510,FL-089262,Weather,40
DEL-020511,FL-089265,Maintenance,62
DEL-020512,FL-089266,Security,22
DEL-020513,FL-089269,Weather,26
DEL-020514,FL-089272,Maintenance,25
DEL-020515,FL-089273,Weather,16
DEL-020516,FL-089275,Weather,39
DEL-020517,FL-089280,Maintenance,29
DEL-020518,FL-089281,Late Aircraft Arrival,30
DEL-020519,FL-089289,Security,21
DEL-020520,FL-089300,Air Traffic Control,18
DEL-020521,FL-089301,Maintenance,20
DEL-020522,FL-089306,Air Traffic Control,101
DEL-020523,FL-089307,Weather,49
DEL-020524,FL-089313,Weather,17
DEL-020525,FL-089315,Maintenance,46
DEL-020526,FL-089317,Maintenance,56
DEL-020527,FL-089319,Air Traffic Control,31
DEL-020528,FL-089324,Air Traffic Control,89
DEL-020529,FL-089325,Air Traffic Control,75
DEL-020530,FL-089328,Weather,94
DEL-020531,FL-089332,Air Traffic Control,39
DEL-020532,FL-089349,Late Aircraft Arrival,30
DEL-020533,FL-089350,Weather,77
DEL-020534,FL-089354,Maintenance,33
DEL-020535,FL-089355,Maintenance,216
DEL-020536,FL-089363,Air Traffic Control,75
DEL-020537,FL-089367,Air Traffic Control,31
DEL-020538,FL-089375,Weather,65
DEL-020539,FL-089383,Late Aircraft Arrival,44
DEL-020540,FL-089384,Late Aircraft Arrival,40
DEL-020541,FL-089386,Weather,79
DEL-020542,FL-089388,Maintenance,38
DEL-020543,FL-089394,Weather,65
DEL-020544,FL-089397,Weather,26
DEL-020545,FL-089423,Late Aircraft Arrival,139
DEL-020546,FL-089425,Air Traffic Control,142
DEL-020547,FL-089433,Air Traffic Control,84
DEL-020548,FL-089435,Weather,50
DEL-020549,FL-089438,Air Traffic Control,110
DEL-020550,FL-089439,Late Aircraft Arrival,103
DEL-020551,FL-089446,Air Traffic Control,33
DEL-020552,FL-089456,Security,23
DEL-020553,FL-089458,Maintenance,51
DEL-020554,FL-089461,Late Aircraft Arrival,18
DEL-020555,FL-089463,Security,50
DEL-020556,FL-089465,Weather,32
DEL-020557,FL-089468,Maintenance,77
DEL-020558,FL-089470,Weather,19
DEL-020559,FL-089475,Maintenance,33
DEL-020560,FL-089478,Security,88
DEL-020561,FL-089483,Security,16
DEL-020562,FL-089484,Late Aircraft Arrival,18
DEL-020563,FL-089487,Maintenance,19
DEL-020564,FL-089491,Weather,23
DEL-020565,FL-089495,Air Traffic Control,37
DEL-020566,FL-089497,Late Aircraft Arrival,35
DEL-020567,FL-089499,Maintenance,28
DEL-020568,FL-089501,Late Aircraft Arrival,39
DEL-020569,FL-089507,Security,42
DEL-020570,FL-089516,Late Aircraft Arrival,58
DEL-020571,FL-089532,Late Aircraft Arrival,91
DEL-020572,FL-089533,Late Aircraft Arrival,40
DEL-020573,FL-089536,Air Traffic Control,31
DEL-020574,FL-089539,Late Aircraft Arrival,74
DEL-020575,FL-089551,Air Traffic Control,62
DEL-020576,FL-089554,Weather,50
DEL-020577,FL-089555,Weather,31
DEL-020578,FL-089557,Weather,28
DEL-020579,FL-089558,Weather,22
DEL-020580,FL-089560,Air Traffic Control,52
DEL-020581,FL-089561,Weather,70
DEL-020582,FL-089562,Maintenance,30
DEL-020583,FL-089571,Air Traffic Control,174
DEL-020584,FL-089575,Air Traffic Control,106
DEL-020585,FL-089589,Maintenance,86
DEL-020586,FL-089597,Weather,211
DEL-020587,FL-089598,Air Traffic Control,20
DEL-020588,FL-089609,Air Traffic Control,51
DEL-020589,FL-089620,Air Traffic Control,52
DEL-020590,FL-089636,Air Traffic Control,52
DEL-020591,FL-089642,Maintenance,24
DEL-020592,FL-089643,Security,54
DEL-020593,FL-089648,Air Traffic Control,32
DEL-020594,FL-089658,Air Traffic Control,34
DEL-020595,FL-089659,Weather,16
DEL-020596,FL-089661,Weather,54
DEL-020597,FL-089666,Late Aircraft Arrival,64
DEL-020598,FL-089672,Security,181
DEL-020599,FL-089676,Air Traffic Control,171
DEL-020600,FL-089688,Late Aircraft Arrival,126
DEL-020601,FL-089690,Late Aircraft Arrival,56
DEL-020602,FL-089696,Air Traffic Control,32
DEL-020603,FL-089698,Air Traffic Control,49
DEL-020604,FL-089711,Late Aircraft Arrival,17
DEL-020605,FL-089714,Weather,134
DEL-020606,FL-089722,Maintenance,17
DEL-020607,FL-089732,Air Traffic Control,34
DEL-020608,FL-089734,Maintenance,58
DEL-020609,FL-089736,Air Traffic Control,37
DEL-020610,FL-089737,Maintenance,204
DEL-020611,FL-089744,Air Traffic Control,67
DEL-020612,FL-089747,Weather,96
DEL-020613,FL-089748,Air Traffic Control,75
DEL-020614,FL-089760,Late Aircraft Arrival,101
DEL-020615,FL-089767,Late Aircraft Arrival,16
DEL-020616,FL-089771,Security,18
DEL-020617,FL-089772,Air Traffic Control,90
DEL-020618,FL-089774,Air Traffic Control,101
DEL-020619,FL-089776,Maintenance,56
DEL-020620,FL-089777,Maintenance,28
DEL-020621,FL-089782,Maintenance,39
DEL-020622,FL-089791,Air Traffic Control,15
DEL-020623,FL-089799,Weather,136
DEL-020624,FL-089806,Air Traffic Control,66
DEL-020625,FL-089810,Air Traffic Control,27
DEL-020626,FL-089811,Late Aircraft Arrival,74
DEL-020627,FL-089812,Late Aircraft Arrival,71
DEL-020628,FL-089815,Weather,17
DEL-020629,FL-089816,Air Traffic Control,119
DEL-020630,FL-089819,Air Traffic Control,27
DEL-020631,FL-089826,Weather,30
DEL-020632,FL-089828,Maintenance,51
DEL-020633,FL-089830,Air Traffic Control,44
DEL-020634,FL-089832,Air Traffic Control,19
DEL-020635,FL-089833,Late Aircraft Arrival,79
DEL-020636,FL-089840,Late Aircraft Arrival,26
DEL-020637,FL-089841,Air Traffic Control,55
DEL-020638,FL-089842,Maintenance,46
DEL-020639,FL-089845,Air Traffic Control,66
DEL-020640,FL-089847,Weather,70
DEL-020641,FL-089849,Maintenance,53
DEL-020642,FL-089851,Weather,59
DEL-020643,FL-089854,Maintenance,96
DEL-020644,FL-089856,Air Traffic Control,35
DEL-020645,FL-089857,Weather,62
DEL-020646,FL-089859,Air Traffic Control,28
DEL-020647,FL-089866,Security,33
DEL-020648,FL-089877,Air Traffic Control,18
DEL-020649,FL-089881,Maintenance,33
DEL-020650,FL-089882,Air Traffic Control,50
DEL-020651,FL-089888,Late Aircraft Arrival,48
DEL-020652,FL-089890,Maintenance,38
DEL-020653,FL-089896,Late Aircraft Arrival,78
DEL-020654,FL-089897,Weather,104
DEL-020655,FL-089899,Air Traffic Control,45
DEL-020656,FL-089905,Weather,28
DEL-020657,FL-089908,Maintenance,112
DEL-020658,FL-089910,Maintenance,70
DEL-020659,FL-089914,Maintenance,75
DEL-020660,FL-089920,Late Aircraft Arrival,83
DEL-020661,FL-089921,Maintenance,112
DEL-020662,FL-089926,Air Traffic Control,52
DEL-020663,FL-089930,Security,61
DEL-020664,FL-089932,Security,31
DEL-020665,FL-089934,Late Aircraft Arrival,124
DEL-020666,FL-089936,Weather,33
DEL-020667,FL-089942,Maintenance,15
DEL-020668,FL-089945,Air Traffic Control,37
DEL-020669,FL-089951,Air Traffic Control,191
DEL-020670,FL-089952,Maintenance,105
DEL-020671,FL-089954,Late Aircraft Arrival,67
DEL-020672,FL-089956,Air Traffic Control,48
DEL-020673,FL-089958,Weather,19
DEL-020674,FL-089961,Maintenance,45
DEL-020675,FL-089964,Maintenance,80
DEL-020676,FL-089972,Late Aircraft Arrival,27
DEL-020677,FL-089975,Maintenance,21
DEL-020678,FL-089978,Weather,27
DEL-020679,FL-089979,Air Traffic Control,19
DEL-020680,FL-089981,Air Traffic Control,60
DEL-020681,FL-089985,Maintenance,93
DEL-020682,FL-089989,Weather,30
DEL-020683,FL-089992,Late Aircraft Arrival,26
DEL-020684,FL-089999,Security,59
DEL-020685,FL-090008,Security,78
DEL-020686,FL-090010,Weather,42
DEL-020687,FL-090015,Air Traffic Control,110
DEL-020688,FL-090019,Air Traffic Control,44
DEL-020689,FL-090021,Late Aircraft Arrival,15
DEL-020690,FL-090030,Late Aircraft Arrival,23
DEL-020691,FL-090031,Air Traffic Control,34
DEL-020692,FL-090032,Weather,34
DEL-020693,FL-090043,Late Aircraft Arrival,21
DEL-020694,FL-090045,Air Traffic Control,41
DEL-020695,FL-090050,Late Aircraft Arrival,85
DEL-020696,FL-090059,Late Aircraft Arrival,49
DEL-020697,FL-090064,Maintenance,95
DEL-020698,FL-090065,Late Aircraft Arrival,25
DEL-020699,FL-090066,Late Aircraft Arrival,51
DEL-020700,FL-090068,Maintenance,20
DEL-020701,FL-090069,Late Aircraft Arrival,16
DEL-020702,FL-090072,Air Traffic Control,30
DEL-020703,FL-090076,Air Traffic Control,30
DEL-020704,FL-090077,Weather,26
DEL-020705,FL-090081,Weather,17
DEL-020706,FL-090087,Weather,28
DEL-020707,FL-090094,Air Traffic Control,32
DEL-020708,FL-090095,Air Traffic Control,68
DEL-020709,FL-090101,Security,15
DEL-020710,FL-090103,Maintenance,19
DEL-020711,FL-090106,Late Aircraft Arrival,37
DEL-020712,FL-090115,Weather,64
DEL-020713,FL-090120,Weather,60
DEL-020714,FL-090132,Weather,21
DEL-020715,FL-090141,Weather,43
DEL-020716,FL-090154,Air Traffic Control,22
DEL-020717,FL-090162,Air Traffic Control,18
DEL-020718,FL-090165,Late Aircraft Arrival,186
DEL-020719,FL-090166,Maintenance,47
DEL-020720,FL-090167,Air Traffic Control,59
DEL-020721,FL-090180,Weather,87
DEL-020722,FL-090181,Air Traffic Control,142
DEL-020723,FL-090186,Late Aircraft Arrival,43
DEL-020724,FL-090191,Air Traffic Control,24
DEL-020725,FL-090195,Late Aircraft Arrival,38
DEL-020726,FL-090205,Maintenance,58
DEL-020727,FL-090207,Weather,57
DEL-020728,FL-090208,Air Traffic Control,40
DEL-020729,FL-090210,Weather,177
DEL-020730,FL-090211,Late Aircraft Arrival,15
DEL-020731,FL-090216,Air Traffic Control,15
DEL-020732,FL-090218,Weather,20
DEL-020733,FL-090226,Late Aircraft Arrival,17
DEL-020734,FL-090227,Weather,27
DEL-020735,FL-090231,Late Aircraft Arrival,23
DEL-020736,FL-090232,Maintenance,142
DEL-020737,FL-090233,Late Aircraft Arrival,33
DEL-020738,FL-090247,Weather,66
DEL-020739,FL-090248,Air Traffic Control,38
DEL-020740,FL-090251,Maintenance,26
DEL-020741,FL-090252,Maintenance,67
DEL-020742,FL-090260,Late Aircraft Arrival,29
DEL-020743,FL-090267,Air Traffic Control,130
DEL-020744,FL-090272,Security,77
DEL-020745,FL-090274,Air Traffic Control,17
DEL-020746,FL-090283,Weather,104
DEL-020747,FL-090292,Air Traffic Control,28
DEL-020748,FL-090293,Late Aircraft Arrival,37
DEL-020749,FL-090294,Weather,43
DEL-020750,FL-090305,Late Aircraft Arrival,50
DEL-020751,FL-090310,Weather,95
DEL-020752,FL-090312,Security,111
DEL-020753,FL-090313,Air Traffic Control,122
DEL-020754,FL-090317,Air Traffic Control,53
DEL-020755,FL-090318,Air Traffic Control,114
DEL-020756,FL-090320,Late Aircraft Arrival,123
DEL-020757,FL-090323,Air Traffic Control,137
DEL-020758,FL-090328,Air Traffic Control,68
DEL-020759,FL-090330,Weather,75
DEL-020760,FL-090340,Air Traffic Control,221
DEL-020761,FL-090346,Maintenance,57
DEL-020762,FL-090347,Weather,59
DEL-020763,FL-090352,Maintenance,32
DEL-020764,FL-090353,Security,91
DEL-020765,FL-090356,Air Traffic Control,27
DEL-020766,FL-090357,Late Aircraft Arrival,16
DEL-020767,FL-090370,Weather,46
DEL-020768,FL-090371,Air Traffic Control,18
DEL-020769,FL-090375,Maintenance,37
DEL-020770,FL-090380,Air Traffic Control,32
DEL-020771,FL-090388,Weather,22
DEL-020772,FL-090390,Weather,32
DEL-020773,FL-090397,Security,98
DEL-020774,FL-090399,Air Traffic Control,131
DEL-020775,FL-090412,Weather,15
DEL-020776,FL-090419,Late Aircraft Arrival,20
DEL-020777,FL-090422,Maintenance,27
DEL-020778,FL-090425,Air Traffic Control,132
DEL-020779,FL-090430,Weather,22
DEL-020780,FL-090432,Late Aircraft Arrival,65
DEL-020781,FL-090435,Maintenance,44
DEL-020782,FL-090438,Maintenance,29
DEL-020783,FL-090439,Maintenance,32
DEL-020784,FL-090447,Air Traffic Control,27
DEL-020785,FL-090450,Air Traffic Control,31
DEL-020786,FL-090454,Maintenance,80
DEL-020787,FL-090464,Security,16
DEL-020788,FL-090465,Maintenance,77
DEL-020789,FL-090467,Air Traffic Control,66
DEL-020790,FL-090472,Air Traffic Control,37
DEL-020791,FL-090474,Air Traffic Control,20
DEL-020792,FL-090481,Late Aircraft Arrival,93
DEL-020793,FL-090483,Late Aircraft Arrival,42
DEL-020794,FL-090490,Air Traffic Control,27
DEL-020795,FL-090498,Late Aircraft Arrival,32
DEL-020796,FL-090504,Late Aircraft Arrival,42
DEL-020797,FL-090506,Air Traffic Control,32
DEL-020798,FL-090531,Maintenance,16
DEL-020799,FL-090532,Air Traffic Control,130
DEL-020800,FL-090533,Weather,81
DEL-020801,FL-090539,Weather,22
DEL-020802,FL-090540,Weather,16
DEL-020803,FL-090542,Air Traffic Control,16
DEL-020804,FL-090545,Maintenance,169
DEL-020805,FL-090552,Maintenance,19
DEL-020806,FL-090554,Security,39
DEL-020807,FL-090556,Air Traffic Control,116
DEL-020808,FL-090560,Weather,77
DEL-020809,FL-090565,Air Traffic Control,59
DEL-020810,FL-090571,Weather,46
DEL-020811,FL-090572,Maintenance,31
DEL-020812,FL-090574,Maintenance,20
DEL-020813,FL-090584,Maintenance,29
DEL-020814,FL-090585,Maintenance,93
DEL-020815,FL-090590,Late Aircraft Arrival,62
DEL-020816,FL-090591,Air Traffic Control,16
DEL-020817,FL-090593,Air Traffic Control,50
DEL-020818,FL-090595,Air Traffic Control,116
DEL-020819,FL-090599,Weather,15
DEL-020820,FL-090600,Weather,105
DEL-020821,FL-090602,Air Traffic Control,26
DEL-020822,FL-090608,Air Traffic Control,21
DEL-020823,FL-090610,Maintenance,15
DEL-020824,FL-090611,Maintenance,193
DEL-020825,FL-090615,Maintenance,60
DEL-020826,FL-090616,Air Traffic Control,17
DEL-020827,FL-090624,Late Aircraft Arrival,16
DEL-020828,FL-090629,Security,35
DEL-020829,FL-090630,Air Traffic Control,77
DEL-020830,FL-090631,Air Traffic Control,43
DEL-020831,FL-090634,Air Traffic Control,113
DEL-020832,FL-090639,Weather,50
DEL-020833,FL-090640,Maintenance,25
DEL-020834,FL-090644,Air Traffic Control,50
DEL-020835,FL-090649,Air Traffic Control,24
DEL-020836,FL-090651,Air Traffic Control,19
DEL-020837,FL-090652,Maintenance,27
DEL-020838,FL-090653,Maintenance,27
DEL-020839,FL-090661,Late Aircraft Arrival,77
DEL-020840,FL-090663,Late Aircraft Arrival,25
DEL-020841,FL-090669,Late Aircraft Arrival,107
DEL-020842,FL-090671,Weather,28
DEL-020843,FL-090673,Weather,146
DEL-020844,FL-090675,Security,72
DEL-020845,FL-090685,Weather,50
DEL-020846,FL-090687,Late Aircraft Arrival,22
DEL-020847,FL-090693,Weather,48
DEL-020848,FL-090694,Air Traffic Control,79
DEL-020849,FL-090701,Air Traffic Control,38
DEL-020850,FL-090704,Weather,110
DEL-020851,FL-090707,Security,59
DEL-020852,FL-090711,Maintenance,32
DEL-020853,FL-090723,Maintenance,24
DEL-020854,FL-090728,Weather,64
DEL-020855,FL-090737,Weather,153
DEL-020856,FL-090743,Late Aircraft Arrival,20
DEL-020857,FL-090744,Weather,98
DEL-020858,FL-090745,Air Traffic Control,77
DEL-020859,FL-090751,Security,103
DEL-020860,FL-090754,Late Aircraft Arrival,41
DEL-020861,FL-090755,Weather,21
DEL-020862,FL-090759,Late Aircraft Arrival,19
DEL-020863,FL-090763,Maintenance,57
DEL-020864,FL-090764,Air Traffic Control,44
DEL-020865,FL-090769,Security,23
DEL-020866,FL-090779,Air Traffic Control,33
DEL-020867,FL-090783,Late Aircraft Arrival,20
DEL-020868,FL-090784,Air Traffic Control,33
DEL-020869,FL-090785,Air Traffic Control,40
DEL-020870,FL-090789,Weather,35
DEL-020871,FL-090793,Late Aircraft Arrival,111
DEL-020872,FL-090795,Late Aircraft Arrival,22
DEL-020873,FL-090796,Late Aircraft Arrival,51
DEL-020874,FL-090797,Maintenance,70
DEL-020875,FL-090798,Maintenance,134
DEL-020876,FL-090811,Air Traffic Control,96
DEL-020877,FL-090818,Weather,33
DEL-020878,FL-090819,Maintenance,59
DEL-020879,FL-090824,Late Aircraft Arrival,82
DEL-020880,FL-090826,Air Traffic Control,24
DEL-020881,FL-090830,Air Traffic Control,35
DEL-020882,FL-090834,Late Aircraft Arrival,102
DEL-020883,FL-090840,Weather,41
DEL-020884,FL-090843,Air Traffic Control,48
DEL-020885,FL-090844,Weather,69
DEL-020886,FL-090849,Air Traffic Control,36
DEL-020887,FL-090861,Air Traffic Control,34
DEL-020888,FL-090863,Air Traffic Control,27
DEL-020889,FL-090866,Late Aircraft Arrival,21
DEL-020890,FL-090870,Air Traffic Control,145
DEL-020891,FL-090875,Air Traffic Control,26
DEL-020892,FL-090879,Weather,130
DEL-020893,FL-090881,Weather,64
DEL-020894,FL-090885,Weather,30
DEL-020895,FL-090897,Air Traffic Control,28
DEL-020896,FL-090902,Air Traffic Control,32
DEL-020897,FL-090906,Maintenance,49
DEL-020898,FL-090908,Late Aircraft Arrival,41
DEL-020899,FL-090909,Late Aircraft Arrival,22
DEL-020900,FL-090910,Late Aircraft Arrival,93
DEL-020901,FL-090915,Maintenance,202
DEL-020902,FL-090931,Weather,22
DEL-020903,FL-090946,Maintenance,168
DEL-020904,FL-090951,Weather,22
DEL-020905,FL-090954,Air Traffic Control,15
DEL-020906,FL-090955,Late Aircraft Arrival,79
DEL-020907,FL-090956,Late Aircraft Arrival,18
DEL-020908,FL-090958,Late Aircraft Arrival,46
DEL-020909,FL-090959,Weather,57
DEL-020910,FL-090965,Weather,34
DEL-020911,FL-090966,Air Traffic Control,83
DEL-020912,FL-090967,Maintenance,188
DEL-020913,FL-090984,Weather,32
DEL-020914,FL-090987,Weather,49
DEL-020915,FL-090988,Maintenance,77
DEL-020916,FL-090993,Maintenance,113
DEL-020917,FL-090995,Weather,48
DEL-020918,FL-091002,Maintenance,101
DEL-020919,FL-091008,Weather,81
DEL-020920,FL-091013,Late Aircraft Arrival,53
DEL-020921,FL-091016,Weather,48
DEL-020922,FL-091017,Maintenance,159
DEL-020923,FL-091022,Late Aircraft Arrival,22
DEL-020924,FL-091030,Late Aircraft Arrival,24
DEL-020925,FL-091032,Security,17
DEL-020926,FL-091039,Security,17
DEL-020927,FL-091042,Late Aircraft Arrival,34
DEL-020928,FL-091043,Weather,81
DEL-020929,FL-091060,Air Traffic Control,39
DEL-020930,FL-091061,Maintenance,42
DEL-020931,FL-091064,Weather,49
DEL-020932,FL-091068,Maintenance,29
DEL-020933,FL-091071,Air Traffic Control,23
DEL-020934,FL-091084,Late Aircraft Arrival,24
DEL-020935,FL-091087,Maintenance,25
DEL-020936,FL-091091,Maintenance,29
DEL-020937,FL-091093,Maintenance,227
DEL-020938,FL-091096,Air Traffic Control,294
DEL-020939,FL-091097,Late Aircraft Arrival,68
DEL-020940,FL-091099,Air Traffic Control,57
DEL-020941,FL-091101,Weather,86
DEL-020942,FL-091106,Air Traffic Control,39
DEL-020943,FL-091109,Air Traffic Control,22
DEL-020944,FL-091111,Late Aircraft Arrival,48
DEL-020945,FL-091112,Maintenance,22
DEL-020946,FL-091113,Weather,57
DEL-020947,FL-091114,Air Traffic Control,78
DEL-020948,FL-091118,Maintenance,37
DEL-020949,FL-091121,Weather,51
DEL-020950,FL-091123,Maintenance,64
DEL-020951,FL-091125,Air Traffic Control,55
DEL-020952,FL-091127,Late Aircraft Arrival,28
DEL-020953,FL-091132,Air Traffic Control,111
DEL-020954,FL-091133,Air Traffic Control,139
DEL-020955,FL-091143,Air Traffic Control,77
DEL-020956,FL-091146,Maintenance,83
DEL-020957,FL-091154,Maintenance,68
DEL-020958,FL-091163,Late Aircraft Arrival,37
DEL-020959,FL-091164,Air Traffic Control,73
DEL-020960,FL-091165,Maintenance,31
DEL-020961,FL-091172,Security,17
DEL-020962,FL-091178,Weather,129
DEL-020963,FL-091191,Maintenance,91
DEL-020964,FL-091193,Weather,38
DEL-020965,FL-091198,Air Traffic Control,16
DEL-020966,FL-091206,Air Traffic Control,103
DEL-020967,FL-091208,Weather,32
DEL-020968,FL-091211,Air Traffic Control,49
DEL-020969,FL-091217,Security,97
DEL-020970,FL-091221,Late Aircraft Arrival,31
DEL-020971,FL-091225,Late Aircraft Arrival,33
DEL-020972,FL-091226,Late Aircraft Arrival,24
DEL-020973,FL-091233,Maintenance,64
DEL-020974,FL-091234,Late Aircraft Arrival,24
DEL-020975,FL-091244,Air Traffic Control,20
DEL-020976,FL-091249,Maintenance,19
DEL-020977,FL-091263,Weather,89
DEL-020978,FL-091264,Late Aircraft Arrival,22
DEL-020979,FL-091268,Weather,35
DEL-020980,FL-091273,Air Traffic Control,25
DEL-020981,FL-091277,Late Aircraft Arrival,23
DEL-020982,FL-091291,Maintenance,52
DEL-020983,FL-091297,Weather,21
DEL-020984,FL-091299,Weather,30
DEL-020985,FL-091300,Weather,40
DEL-020986,FL-091303,Air Traffic Control,43
DEL-020987,FL-091304,Weather,150
DEL-020988,FL-091316,Weather,35
DEL-020989,FL-091317,Air Traffic Control,39
DEL-020990,FL-091320,Late Aircraft Arrival,26
DEL-020991,FL-091323,Weather,38
DEL-020992,FL-091330,Weather,40
DEL-020993,FL-091331,Air Traffic Control,29
DEL-020994,FL-091334,Air Traffic Control,85
DEL-020995,FL-091339,Weather,117
DEL-020996,FL-091341,Air Traffic Control,45
DEL-020997,FL-091345,Late Aircraft Arrival,63
DEL-020998,FL-091346,Late Aircraft Arrival,94
DEL-020999,FL-091347,Weather,18
DEL-021000,FL-091349,Weather,21
DEL-021001,FL-091354,Late Aircraft Arrival,44
DEL-021002,FL-091370,Air Traffic Control,49
DEL-021003,FL-091371,Air Traffic Control,34
DEL-021004,FL-091379,Air Traffic Control,86
DEL-021005,FL-091385,Air Traffic Control,149
DEL-021006,FL-091387,Weather,55
DEL-021007,FL-091390,Weather,27
DEL-021008,FL-091392,Weather,16
DEL-021009,FL-091394,Air Traffic Control,153
DEL-021010,FL-091397,Air Traffic Control,40
DEL-021011,FL-091399,Weather,44
DEL-021012,FL-091403,Maintenance,48
DEL-021013,FL-091404,Weather,68
DEL-021014,FL-091416,Air Traffic Control,35
DEL-021015,FL-091417,Late Aircraft Arrival,30
DEL-021016,FL-091420,Late Aircraft Arrival,33
DEL-021017,FL-091421,Weather,26
DEL-021018,FL-091422,Air Traffic Control,30
DEL-021019,FL-091427,Maintenance,34
DEL-021020,FL-091430,Air Traffic Control,87
DEL-021021,FL-091431,Security,38
DEL-021022,FL-091437,Air Traffic Control,16
DEL-021023,FL-091443,Maintenance,44
DEL-021024,FL-091449,Maintenance,40
DEL-021025,FL-091450,Late Aircraft Arrival,17
DEL-021026,FL-091452,Weather,73
DEL-021027,FL-091456,Maintenance,112
DEL-021028,FL-091458,Late Aircraft Arrival,32
DEL-021029,FL-091459,Weather,66
DEL-021030,FL-091466,Air Traffic Control,33
DEL-021031,FL-091470,Air Traffic Control,25
DEL-021032,FL-091472,Security,41
DEL-021033,FL-091475,Maintenance,58
DEL-021034,FL-091476,Air Traffic Control,32
DEL-021035,FL-091480,Maintenance,36
DEL-021036,FL-091488,Late Aircraft Arrival,32
DEL-021037,FL-091490,Air Traffic Control,92
DEL-021038,FL-091499,Air Traffic Control,27
DEL-021039,FL-091506,Maintenance,40
DEL-021040,FL-091512,Air Traffic Control,29
DEL-021041,FL-091515,Late Aircraft Arrival,79
DEL-021042,FL-091516,Weather,19
DEL-021043,FL-091519,Late Aircraft Arrival,56
DEL-021044,FL-091520,Air Traffic Control,57
DEL-021045,FL-091524,Air Traffic Control,44
DEL-021046,FL-091530,Air Traffic Control,15
DEL-021047,FL-091536,Late Aircraft Arrival,46
DEL-021048,FL-091545,Weather,46
DEL-021049,FL-091548,Weather,128
DEL-021050,FL-091552,Maintenance,22
DEL-021051,FL-091553,Late Aircraft Arrival,85
DEL-021052,FL-091560,Weather,50
DEL-021053,FL-091563,Security,211
DEL-021054,FL-091566,Air Traffic Control,75
DEL-021055,FL-091568,Air Traffic Control,32
DEL-021056,FL-091569,Weather,19
DEL-021057,FL-091575,Late Aircraft Arrival,42
DEL-021058,FL-091579,Security,117
DEL-021059,FL-091580,Air Traffic Control,51
DEL-021060,FL-091595,Maintenance,135
DEL-021061,FL-091598,Air Traffic Control,74
DEL-021062,FL-091603,Late Aircraft Arrival,15
DEL-021063,FL-091606,Security,93
DEL-021064,FL-091607,Air Traffic Control,31
DEL-021065,FL-091611,Air Traffic Control,18
DEL-021066,FL-091616,Weather,51
DEL-021067,FL-091618,Weather,41
DEL-021068,FL-091623,Air Traffic Control,15
DEL-021069,FL-091630,Security,17
DEL-021070,FL-091635,Late Aircraft Arrival,43
DEL-021071,FL-091646,Late Aircraft Arrival,16
DEL-021072,FL-091650,Maintenance,122
DEL-021073,FL-091652,Weather,66
DEL-021074,FL-091660,Weather,64
DEL-021075,FL-091663,Maintenance,34
DEL-021076,FL-091668,Late Aircraft Arrival,63
DEL-021077,FL-091673,Air Traffic Control,58
DEL-021078,FL-091680,Security,40
DEL-021079,FL-091681,Air Traffic Control,101
DEL-021080,FL-091683,Weather,44
DEL-021081,FL-091685,Air Traffic Control,21
DEL-021082,FL-091702,Security,21
DEL-021083,FL-091705,Weather,99
DEL-021084,FL-091711,Late Aircraft Arrival,15
DEL-021085,FL-091713,Security,125
DEL-021086,FL-091716,Late Aircraft Arrival,35
DEL-021087,FL-091718,Weather,65
DEL-021088,FL-091726,Late Aircraft Arrival,59
DEL-021089,FL-091728,Weather,23
DEL-021090,FL-091735,Air Traffic Control,39
DEL-021091,FL-091738,Maintenance,34
DEL-021092,FL-091742,Late Aircraft Arrival,25
DEL-021093,FL-091746,Maintenance,95
DEL-021094,FL-091750,Air Traffic Control,26
DEL-021095,FL-091756,Weather,29
DEL-021096,FL-091763,Maintenance,59
DEL-021097,FL-091769,Air Traffic Control,16
DEL-021098,FL-091770,Air Traffic Control,32
DEL-021099,FL-091774,Weather,50
DEL-021100,FL-091776,Air Traffic Control,27
DEL-021101,FL-091785,Late Aircraft Arrival,229
DEL-021102,FL-091788,Air Traffic Control,119
DEL-021103,FL-091793,Air Traffic Control,25
DEL-021104,FL-091797,Maintenance,114
DEL-021105,FL-091799,Weather,230
DEL-021106,FL-091803,Air Traffic Control,31
DEL-021107,FL-091804,Late Aircraft Arrival,57
DEL-021108,FL-091811,Maintenance,21
DEL-021109,FL-091831,Air Traffic Control,116
DEL-021110,FL-091834,Air Traffic Control,55
DEL-021111,FL-091838,Weather,28
DEL-021112,FL-091845,Weather,46
DEL-021113,FL-091846,Maintenance,58
DEL-021114,FL-091848,Late Aircraft Arrival,16
DEL-021115,FL-091853,Air Traffic Control,88
DEL-021116,FL-091855,Air Traffic Control,25
DEL-021117,FL-091857,Weather,35
DEL-021118,FL-091866,Weather,99
DEL-021119,FL-091868,Weather,130
DEL-021120,FL-091873,Air Traffic Control,57
DEL-021121,FL-091875,Weather,75
DEL-021122,FL-091876,Maintenance,40
DEL-021123,FL-091881,Maintenance,16
DEL-021124,FL-091884,Maintenance,71
DEL-021125,FL-091887,Air Traffic Control,61
DEL-021126,FL-091897,Air Traffic Control,46
DEL-021127,FL-091899,Late Aircraft Arrival,119
DEL-021128,FL-091903,Late Aircraft Arrival,138
DEL-021129,FL-091912,Late Aircraft Arrival,26
DEL-021130,FL-091915,Weather,33
DEL-021131,FL-091917,Weather,30
DEL-021132,FL-091919,Weather,18
DEL-021133,FL-091929,Late Aircraft Arrival,44
DEL-021134,FL-091934,Security,41
DEL-021135,FL-091935,Weather,42
DEL-021136,FL-091937,Late Aircraft Arrival,24
DEL-021137,FL-091938,Air Traffic Control,96
DEL-021138,FL-091941,Late Aircraft Arrival,53
DEL-021139,FL-091948,Late Aircraft Arrival,24
DEL-021140,FL-091949,Late Aircraft Arrival,52
DEL-021141,FL-091950,Maintenance,31
DEL-021142,FL-091951,Maintenance,23
DEL-021143,FL-091963,Weather,75
DEL-021144,FL-091965,Late Aircraft Arrival,37
DEL-021145,FL-091968,Maintenance,47
DEL-021146,FL-091977,Late Aircraft Arrival,28
DEL-021147,FL-091979,Weather,156
DEL-021148,FL-091983,Maintenance,30
DEL-021149,FL-091985,Weather,75
DEL-021150,FL-091986,Maintenance,42
DEL-021151,FL-091988,Late Aircraft Arrival,29
DEL-021152,FL-091990,Maintenance,48
DEL-021153,FL-091999,Maintenance,125
DEL-021154,FL-092001,Maintenance,26
DEL-021155,FL-092002,Air Traffic Control,25
DEL-021156,FL-092009,Air Traffic Control,16
DEL-021157,FL-092010,Maintenance,28
DEL-021158,FL-092011,Maintenance,17
DEL-021159,FL-092017,Weather,47
DEL-021160,FL-092018,Late Aircraft Arrival,58
DEL-021161,FL-092027,Weather,58
DEL-021162,FL-092029,Maintenance,31
DEL-021163,FL-092033,Late Aircraft Arrival,263
DEL-021164,FL-092035,Air Traffic Control,16
DEL-021165,FL-092036,Weather,94
DEL-021166,FL-092037,Late Aircraft Arrival,73
DEL-021167,FL-092042,Maintenance,22
DEL-021168,FL-092046,Weather,16
DEL-021169,FL-092049,Air Traffic Control,152
DEL-021170,FL-092058,Weather,301
DEL-021171,FL-092073,Air Traffic Control,106
DEL-021172,FL-092075,Weather,15
DEL-021173,FL-092077,Air Traffic Control,19
DEL-021174,FL-092078,Late Aircraft Arrival,46
DEL-021175,FL-092079,Air Traffic Control,49
DEL-021176,FL-092086,Air Traffic Control,44
DEL-021177,FL-092091,Maintenance,132
DEL-021178,FL-092096,Security,31
DEL-021179,FL-092105,Maintenance,17
DEL-021180,FL-092109,Maintenance,16
DEL-021181,FL-092116,Air Traffic Control,91
DEL-021182,FL-092122,Weather,15
DEL-021183,FL-092124,Weather,61
DEL-021184,FL-092125,Weather,16
DEL-021185,FL-092127,Maintenance,33
DEL-021186,FL-092130,Weather,19
DEL-021187,FL-092132,Maintenance,37
DEL-021188,FL-092154,Maintenance,174
DEL-021189,FL-092156,Weather,45
DEL-021190,FL-092158,Air Traffic Control,24
DEL-021191,FL-092159,Air Traffic Control,15
DEL-021192,FL-092161,Security,30
DEL-021193,FL-092167,Air Traffic Control,33
DEL-021194,FL-092168,Air Traffic Control,31
DEL-021195,FL-092178,Weather,74
DEL-021196,FL-092188,Weather,79
DEL-021197,FL-092194,Maintenance,36
DEL-021198,FL-092195,Weather,26
DEL-021199,FL-092205,Air Traffic Control,25
DEL-021200,FL-092213,Air Traffic Control,63
DEL-021201,FL-092215,Weather,49
DEL-021202,FL-092218,Weather,55
DEL-021203,FL-092220,Weather,21
DEL-021204,FL-092221,Weather,71
DEL-021205,FL-092222,Weather,46
DEL-021206,FL-092228,Weather,19
DEL-021207,FL-092234,Maintenance,57
DEL-021208,FL-092235,Maintenance,19
DEL-021209,FL-092236,Weather,29
DEL-021210,FL-092246,Air Traffic Control,37
DEL-021211,FL-092253,Air Traffic Control,28
DEL-021212,FL-092261,Weather,41
DEL-021213,FL-092262,Weather,24
DEL-021214,FL-092263,Air Traffic Control,83
DEL-021215,FL-092267,Air Traffic Control,43
DEL-021216,FL-092269,Weather,32
DEL-021217,FL-092273,Weather,16
DEL-021218,FL-092275,Air Traffic Control,98
DEL-021219,FL-092277,Weather,58
DEL-021220,FL-092283,Late Aircraft Arrival,83
DEL-021221,FL-092294,Late Aircraft Arrival,90
DEL-021222,FL-092295,Weather,95
DEL-021223,FL-092298,Maintenance,22
DEL-021224,FL-092304,Air Traffic Control,41
DEL-021225,FL-092310,Air Traffic Control,18
DEL-021226,FL-092311,Maintenance,53
DEL-021227,FL-092314,Late Aircraft Arrival,45
DEL-021228,FL-092315,Weather,137
DEL-021229,FL-092318,Weather,53
DEL-021230,FL-092321,Air Traffic Control,45
DEL-021231,FL-092332,Air Traffic Control,48
DEL-021232,FL-092335,Maintenance,37
DEL-021233,FL-092338,Maintenance,28
DEL-021234,FL-092341,Maintenance,29
DEL-021235,FL-092345,Air Traffic Control,30
DEL-021236,FL-092348,Late Aircraft Arrival,293
DEL-021237,FL-092352,Maintenance,58
DEL-021238,FL-092358,Weather,42
DEL-021239,FL-092367,Maintenance,125
DEL-021240,FL-092374,Security,106
DEL-021241,FL-092383,Late Aircraft Arrival,28
DEL-021242,FL-092387,Air Traffic Control,114
DEL-021243,FL-092388,Maintenance,137
DEL-021244,FL-092389,Air Traffic Control,16
DEL-021245,FL-092396,Late Aircraft Arrival,140
DEL-021246,FL-092404,Air Traffic Control,178
DEL-021247,FL-092407,Maintenance,126
DEL-021248,FL-092409,Air Traffic Control,90
DEL-021249,FL-092410,Air Traffic Control,51
DEL-021250,FL-092411,Air Traffic Control,17
DEL-021251,FL-092412,Air Traffic Control,121
DEL-021252,FL-092416,Weather,46
DEL-021253,FL-092433,Air Traffic Control,97
DEL-021254,FL-092438,Air Traffic Control,78
DEL-021255,FL-092454,Late Aircraft Arrival,39
DEL-021256,FL-092456,Late Aircraft Arrival,23
DEL-021257,FL-092459,Maintenance,40
DEL-021258,FL-092462,Security,207
DEL-021259,FL-092465,Air Traffic Control,24
DEL-021260,FL-092469,Weather,64
DEL-021261,FL-092470,Air Traffic Control,17
DEL-021262,FL-092472,Air Traffic Control,89
DEL-021263,FL-092483,Security,72
DEL-021264,FL-092496,Air Traffic Control,68
DEL-021265,FL-092499,Late Aircraft Arrival,86
DEL-021266,FL-092503,Weather,28
DEL-021267,FL-092509,Maintenance,22
DEL-021268,FL-092515,Maintenance,21
DEL-021269,FL-092519,Maintenance,21
DEL-021270,FL-092521,Late Aircraft Arrival,24
DEL-021271,FL-092526,Maintenance,349
DEL-021272,FL-092529,Late Aircraft Arrival,32
DEL-021273,FL-092533,Weather,52
DEL-021274,FL-092539,Late Aircraft Arrival,93
DEL-021275,FL-092545,Weather,17
DEL-021276,FL-092548,Weather,27
DEL-021277,FL-092550,Late Aircraft Arrival,57
DEL-021278,FL-092557,Maintenance,20
DEL-021279,FL-092572,Security,27
DEL-021280,FL-092575,Maintenance,45
DEL-021281,FL-092580,Air Traffic Control,72
DEL-021282,FL-092588,Air Traffic Control,46
DEL-021283,FL-092593,Maintenance,44
DEL-021284,FL-092597,Late Aircraft Arrival,59
DEL-021285,FL-092599,Weather,27
DEL-021286,FL-092609,Weather,23
DEL-021287,FL-092610,Security,17
DEL-021288,FL-092612,Maintenance,22
DEL-021289,FL-092615,Weather,60
DEL-021290,FL-092616,Air Traffic Control,19
DEL-021291,FL-092621,Air Traffic Control,352
DEL-021292,FL-092628,Maintenance,44
DEL-021293,FL-092629,Maintenance,89
DEL-021294,FL-092644,Air Traffic Control,106
DEL-021295,FL-092646,Weather,48
DEL-021296,FL-092649,Weather,56
DEL-021297,FL-092655,Weather,62
DEL-021298,FL-092658,Weather,88
DEL-021299,FL-092669,Air Traffic Control,72
DEL-021300,FL-092671,Late Aircraft Arrival,50
DEL-021301,FL-092677,Maintenance,21
DEL-021302,FL-092678,Weather,42
DEL-021303,FL-092680,Air Traffic Control,53
DEL-021304,FL-092685,Weather,20
DEL-021305,FL-092688,Maintenance,32
DEL-021306,FL-092695,Maintenance,96
DEL-021307,FL-092698,Weather,101
DEL-021308,FL-092700,Air Traffic Control,34
DEL-021309,FL-092702,Late Aircraft Arrival,30
DEL-021310,FL-092703,Air Traffic Control,35
DEL-021311,FL-092704,Maintenance,42
DEL-021312,FL-092709,Air Traffic Control,44
DEL-021313,FL-092710,Late Aircraft Arrival,19
DEL-021314,FL-092715,Late Aircraft Arrival,174
DEL-021315,FL-092718,Air Traffic Control,57
DEL-021316,FL-092719,Weather,219
DEL-021317,FL-092721,Weather,22
DEL-021318,FL-092722,Late Aircraft Arrival,15
DEL-021319,FL-092727,Maintenance,33
DEL-021320,FL-092729,Weather,56
DEL-021321,FL-092730,Weather,24
DEL-021322,FL-092731,Maintenance,57
DEL-021323,FL-092733,Maintenance,28
DEL-021324,FL-092736,Air Traffic Control,25
DEL-021325,FL-092737,Weather,24
DEL-021326,FL-092741,Weather,127
DEL-021327,FL-092743,Maintenance,46
DEL-021328,FL-092765,Weather,80
DEL-021329,FL-092768,Air Traffic Control,35
DEL-021330,FL-092772,Late Aircraft Arrival,100
DEL-021331,FL-092777,Late Aircraft Arrival,122
DEL-021332,FL-092781,Late Aircraft Arrival,190
DEL-021333,FL-092783,Air Traffic Control,96
DEL-021334,FL-092790,Late Aircraft Arrival,106
DEL-021335,FL-092796,Maintenance,23
DEL-021336,FL-092798,Air Traffic Control,56
DEL-021337,FL-092806,Weather,64
DEL-021338,FL-092807,Weather,29
DEL-021339,FL-092810,Air Traffic Control,69
DEL-021340,FL-092811,Security,73
DEL-021341,FL-092815,Late Aircraft Arrival,21
DEL-021342,FL-092816,Weather,121
DEL-021343,FL-092817,Weather,80
DEL-021344,FL-092838,Security,30
DEL-021345,FL-092840,Late Aircraft Arrival,16
DEL-021346,FL-092842,Air Traffic Control,24
DEL-021347,FL-092851,Late Aircraft Arrival,77
DEL-021348,FL-092853,Security,50
DEL-021349,FL-092871,Late Aircraft Arrival,48
DEL-021350,FL-092883,Air Traffic Control,23
DEL-021351,FL-092891,Maintenance,20
DEL-021352,FL-092895,Maintenance,45
DEL-021353,FL-092899,Maintenance,55
DEL-021354,FL-092900,Late Aircraft Arrival,129
DEL-021355,FL-092905,Air Traffic Control,35
DEL-021356,FL-092907,Maintenance,35
DEL-021357,FL-092908,Late Aircraft Arrival,51
DEL-021358,FL-092909,Air Traffic Control,45
DEL-021359,FL-092914,Air Traffic Control,40
DEL-021360,FL-092917,Maintenance,20
DEL-021361,FL-092920,Air Traffic Control,56
DEL-021362,FL-092921,Air Traffic Control,47
DEL-021363,FL-092924,Late Aircraft Arrival,40
DEL-021364,FL-092927,Maintenance,48
DEL-021365,FL-092928,Maintenance,56
DEL-021366,FL-092931,Air Traffic Control,48
DEL-021367,FL-092935,Air Traffic Control,25
DEL-021368,FL-092937,Weather,54
DEL-021369,FL-092941,Maintenance,71
DEL-021370,FL-092945,Security,41
DEL-021371,FL-092947,Late Aircraft Arrival,200
DEL-021372,FL-092950,Weather,20
DEL-021373,FL-092952,Late Aircraft Arrival,24
DEL-021374,FL-092953,Weather,68
DEL-021375,FL-092956,Late Aircraft Arrival,36
DEL-021376,FL-092961,Weather,37
DEL-021377,FL-092962,Air Traffic Control,19
DEL-021378,FL-092969,Maintenance,100
DEL-021379,FL-092980,Weather,93
DEL-021380,FL-092981,Weather,39
DEL-021381,FL-092982,Weather,45
DEL-021382,FL-092983,Air Traffic Control,50
DEL-021383,FL-092984,Late Aircraft Arrival,63
DEL-021384,FL-092985,Security,26
DEL-021385,FL-093007,Late Aircraft Arrival,152
DEL-021386,FL-093012,Air Traffic Control,28
DEL-021387,FL-093014,Late Aircraft Arrival,15
DEL-021388,FL-093022,Weather,106
DEL-021389,FL-093041,Air Traffic Control,63
DEL-021390,FL-093045,Air Traffic Control,29
DEL-021391,FL-093046,Late Aircraft Arrival,55
DEL-021392,FL-093056,Late Aircraft Arrival,58
DEL-021393,FL-093058,Air Traffic Control,24
DEL-021394,FL-093067,Air Traffic Control,16
DEL-021395,FL-093070,Maintenance,40
DEL-021396,FL-093078,Air Traffic Control,70
DEL-021397,FL-093080,Late Aircraft Arrival,61
DEL-021398,FL-093086,Weather,16
DEL-021399,FL-093089,Late Aircraft Arrival,27
DEL-021400,FL-093092,Late Aircraft Arrival,21
DEL-021401,FL-093096,Maintenance,19
DEL-021402,FL-093099,Air Traffic Control,18
DEL-021403,FL-093101,Air Traffic Control,16
DEL-021404,FL-093102,Maintenance,178
DEL-021405,FL-093106,Maintenance,58
DEL-021406,FL-093107,Weather,74
DEL-021407,FL-093109,Air Traffic Control,97
DEL-021408,FL-093119,Late Aircraft Arrival,20
DEL-021409,FL-093120,Air Traffic Control,47
DEL-021410,FL-093121,Maintenance,27
DEL-021411,FL-093136,Weather,31
DEL-021412,FL-093137,Maintenance,47
DEL-021413,FL-093164,Weather,35
DEL-021414,FL-093171,Air Traffic Control,53
DEL-021415,FL-093176,Maintenance,52
DEL-021416,FL-093179,Late Aircraft Arrival,17
DEL-021417,FL-093182,Maintenance,21
DEL-021418,FL-093183,Weather,101
DEL-021419,FL-093190,Maintenance,29
DEL-021420,FL-093194,Weather,226
DEL-021421,FL-093207,Air Traffic Control,65
DEL-021422,FL-093209,Weather,96
DEL-021423,FL-093211,Maintenance,54
DEL-021424,FL-093217,Maintenance,17
DEL-021425,FL-093228,Air Traffic Control,77
DEL-021426,FL-093230,Air Traffic Control,41
DEL-021427,FL-093234,Air Traffic Control,59
DEL-021428,FL-093235,Late Aircraft Arrival,25
DEL-021429,FL-093237,Weather,90
DEL-021430,FL-093244,Security,47
DEL-021431,FL-093245,Weather,37
DEL-021432,FL-093265,Air Traffic Control,29
DEL-021433,FL-093267,Weather,30
DEL-021434,FL-093269,Maintenance,31
DEL-021435,FL-093276,Maintenance,18
DEL-021436,FL-093280,Late Aircraft Arrival,33
DEL-021437,FL-093283,Air Traffic Control,58
DEL-021438,FL-093289,Air Traffic Control,27
DEL-021439,FL-093290,Weather,103
DEL-021440,FL-093295,Air Traffic Control,144
DEL-021441,FL-093297,Air Traffic Control,39
DEL-021442,FL-093299,Weather,57
DEL-021443,FL-093300,Weather,30
DEL-021444,FL-093303,Weather,20
DEL-021445,FL-093306,Maintenance,69
DEL-021446,FL-093313,Maintenance,27
DEL-021447,FL-093314,Air Traffic Control,71
DEL-021448,FL-093316,Late Aircraft Arrival,39
DEL-021449,FL-093325,Air Traffic Control,23
DEL-021450,FL-093326,Security,18
DEL-021451,FL-093328,Air Traffic Control,125
DEL-021452,FL-093329,Air Traffic Control,56
DEL-021453,FL-093340,Air Traffic Control,54
DEL-021454,FL-093341,Late Aircraft Arrival,39
DEL-021455,FL-093344,Air Traffic Control,19
DEL-021456,FL-093346,Late Aircraft Arrival,75
DEL-021457,FL-093350,Maintenance,161
DEL-021458,FL-093352,Air Traffic Control,19
DEL-021459,FL-093353,Air Traffic Control,28
DEL-021460,FL-093358,Air Traffic Control,28
DEL-021461,FL-093359,Weather,72
DEL-021462,FL-093363,Late Aircraft Arrival,82
DEL-021463,FL-093367,Air Traffic Control,21
DEL-021464,FL-093371,Maintenance,35
DEL-021465,FL-093379,Air Traffic Control,44
DEL-021466,FL-093380,Late Aircraft Arrival,41
DEL-021467,FL-093382,Air Traffic Control,41
DEL-021468,FL-093385,Weather,31
DEL-021469,FL-093391,Maintenance,45
DEL-021470,FL-093407,Late Aircraft Arrival,21
DEL-021471,FL-093417,Air Traffic Control,79
DEL-021472,FL-093419,Air Traffic Control,44
DEL-021473,FL-093421,Air Traffic Control,18
DEL-021474,FL-093422,Weather,40
DEL-021475,FL-093423,Weather,72
DEL-021476,FL-093424,Maintenance,49
DEL-021477,FL-093427,Air Traffic Control,17
DEL-021478,FL-093430,Late Aircraft Arrival,17
DEL-021479,FL-093432,Weather,101
DEL-021480,FL-093442,Air Traffic Control,85
DEL-021481,FL-093445,Late Aircraft Arrival,42
DEL-021482,FL-093452,Security,65
DEL-021483,FL-093454,Air Traffic Control,49
DEL-021484,FL-093464,Weather,32
DEL-021485,FL-093467,Weather,37
DEL-021486,FL-093468,Air Traffic Control,29
DEL-021487,FL-093469,Weather,35
DEL-021488,FL-093473,Weather,95
DEL-021489,FL-093481,Air Traffic Control,142
DEL-021490,FL-093484,Weather,47
DEL-021491,FL-093492,Weather,20
DEL-021492,FL-093497,Maintenance,32
DEL-021493,FL-093504,Maintenance,24
DEL-021494,FL-093505,Weather,69
DEL-021495,FL-093510,Weather,21
DEL-021496,FL-093511,Weather,20
DEL-021497,FL-093519,Maintenance,15
DEL-021498,FL-093523,Air Traffic Control,205
DEL-021499,FL-093525,Maintenance,35
DEL-021500,FL-093527,Late Aircraft Arrival,55
DEL-021501,FL-093539,Air Traffic Control,17
DEL-021502,FL-093544,Weather,31
DEL-021503,FL-093552,Weather,33
DEL-021504,FL-093555,Security,104
DEL-021505,FL-093561,Air Traffic Control,87
DEL-021506,FL-093566,Air Traffic Control,25
DEL-021507,FL-093572,Air Traffic Control,25
DEL-021508,FL-093580,Weather,28
DEL-021509,FL-093582,Maintenance,32
DEL-021510,FL-093584,Maintenance,16
DEL-021511,FL-093585,Air Traffic Control,54
DEL-021512,FL-093588,Air Traffic Control,48
DEL-021513,FL-093590,Maintenance,27
DEL-021514,FL-093596,Security,16
DEL-021515,FL-093602,Late Aircraft Arrival,51
DEL-021516,FL-093616,Air Traffic Control,31
DEL-021517,FL-093617,Air Traffic Control,118
DEL-021518,FL-093619,Air Traffic Control,28
DEL-021519,FL-093624,Air Traffic Control,59
DEL-021520,FL-093631,Air Traffic Control,45
DEL-021521,FL-093647,Weather,19
DEL-021522,FL-093662,Air Traffic Control,15
DEL-021523,FL-093669,Air Traffic Control,35
DEL-021524,FL-093673,Maintenance,21
DEL-021525,FL-093674,Air Traffic Control,40
DEL-021526,FL-093677,Security,143
DEL-021527,FL-093679,Weather,23
DEL-021528,FL-093689,Weather,177
DEL-021529,FL-093697,Security,189
DEL-021530,FL-093698,Maintenance,123
DEL-021531,FL-093705,Weather,53
DEL-021532,FL-093706,Air Traffic Control,25
DEL-021533,FL-093713,Weather,43
DEL-021534,FL-093718,Weather,24
DEL-021535,FL-093721,Security,38
DEL-021536,FL-093732,Weather,30
DEL-021537,FL-093736,Maintenance,103
DEL-021538,FL-093739,Air Traffic Control,18
DEL-021539,FL-093741,Air Traffic Control,46
DEL-021540,FL-093744,Late Aircraft Arrival,128
DEL-021541,FL-093749,Late Aircraft Arrival,17
DEL-021542,FL-093753,Maintenance,20
DEL-021543,FL-093765,Maintenance,38
DEL-021544,FL-093772,Air Traffic Control,18
DEL-021545,FL-093773,Late Aircraft Arrival,21
DEL-021546,FL-093776,Air Traffic Control,106
DEL-021547,FL-093779,Weather,15
DEL-021548,FL-093785,Weather,37
DEL-021549,FL-093788,Air Traffic Control,20
DEL-021550,FL-093790,Maintenance,22
DEL-021551,FL-093799,Air Traffic Control,34
DEL-021552,FL-093804,Late Aircraft Arrival,28
DEL-021553,FL-093805,Weather,27
DEL-021554,FL-093806,Air Traffic Control,102
DEL-021555,FL-093818,Maintenance,55
DEL-021556,FL-093822,Late Aircraft Arrival,195
DEL-021557,FL-093834,Weather,24
DEL-021558,FL-093837,Air Traffic Control,41
DEL-021559,FL-093844,Air Traffic Control,43
DEL-021560,FL-093852,Air Traffic Control,31
DEL-021561,FL-093854,Late Aircraft Arrival,21
DEL-021562,FL-093857,Air Traffic Control,82
DEL-021563,FL-093860,Late Aircraft Arrival,116
DEL-021564,FL-093870,Late Aircraft Arrival,74
DEL-021565,FL-093873,Weather,21
DEL-021566,FL-093879,Air Traffic Control,34
DEL-021567,FL-093881,Late Aircraft Arrival,80
DEL-021568,FL-093884,Late Aircraft Arrival,23
DEL-021569,FL-093889,Air Traffic Control,21
DEL-021570,FL-093892,Weather,23
DEL-021571,FL-093893,Late Aircraft Arrival,31
DEL-021572,FL-093895,Air Traffic Control,43
DEL-021573,FL-093896,Late Aircraft Arrival,37
DEL-021574,FL-093906,Weather,39
DEL-021575,FL-093908,Maintenance,57
DEL-021576,FL-093910,Weather,40
DEL-021577,FL-093914,Weather,35
DEL-021578,FL-093918,Security,45
DEL-021579,FL-093924,Air Traffic Control,15
DEL-021580,FL-093925,Air Traffic Control,29
DEL-021581,FL-093934,Maintenance,27
DEL-021582,FL-093938,Air Traffic Control,18
DEL-021583,FL-093947,Air Traffic Control,23
DEL-021584,FL-093948,Weather,87
DEL-021585,FL-093950,Weather,102
DEL-021586,FL-093957,Weather,47
DEL-021587,FL-093962,Weather,39
DEL-021588,FL-093968,Weather,31
DEL-021589,FL-093970,Security,56
DEL-021590,FL-093972,Air Traffic Control,59
DEL-021591,FL-093988,Maintenance,19
DEL-021592,FL-093995,Air Traffic Control,18
DEL-021593,FL-093999,Late Aircraft Arrival,74
DEL-021594,FL-094011,Late Aircraft Arrival,46
DEL-021595,FL-094019,Weather,20
DEL-021596,FL-094024,Air Traffic Control,28
DEL-021597,FL-094029,Maintenance,58
DEL-021598,FL-094030,Air Traffic Control,39
DEL-021599,FL-094031,Weather,166
DEL-021600,FL-094037,Air Traffic Control,100
DEL-021601,FL-094043,Air Traffic Control,85
DEL-021602,FL-094049,Late Aircraft Arrival,50
DEL-021603,FL-094052,Security,31
DEL-021604,FL-094059,Air Traffic Control,31
DEL-021605,FL-094061,Air Traffic Control,179
DEL-021606,FL-094065,Late Aircraft Arrival,28
DEL-021607,FL-094068,Weather,54
DEL-021608,FL-094072,Air Traffic Control,22
DEL-021609,FL-094073,Maintenance,18
DEL-021610,FL-094083,Maintenance,54
DEL-021611,FL-094089,Air Traffic Control,82
DEL-021612,FL-094096,Late Aircraft Arrival,20
DEL-021613,FL-094097,Late Aircraft Arrival,64
DEL-021614,FL-094106,Security,18
DEL-021615,FL-094111,Weather,56
DEL-021616,FL-094115,Air Traffic Control,37
DEL-021617,FL-094124,Security,88
DEL-021618,FL-094131,Late Aircraft Arrival,60
DEL-021619,FL-094135,Weather,88
DEL-021620,FL-094144,Maintenance,23
DEL-021621,FL-094155,Late Aircraft Arrival,16
DEL-021622,FL-094159,Air Traffic Control,116
DEL-021623,FL-094169,Air Traffic Control,64
DEL-021624,FL-094173,Air Traffic Control,89
DEL-021625,FL-094174,Late Aircraft Arrival,27
DEL-021626,FL-094181,Air Traffic Control,25
DEL-021627,FL-094182,Security,34
DEL-021628,FL-094184,Late Aircraft Arrival,25
DEL-021629,FL-094192,Air Traffic Control,90
DEL-021630,FL-094197,Late Aircraft Arrival,68
DEL-021631,FL-094199,Weather,36
DEL-021632,FL-094200,Maintenance,104
DEL-021633,FL-094201,Late Aircraft Arrival,19
DEL-021634,FL-094204,Air Traffic Control,129
DEL-021635,FL-094206,Weather,70
DEL-021636,FL-094214,Weather,20
DEL-021637,FL-094216,Air Traffic Control,83
DEL-021638,FL-094226,Air Traffic Control,24
DEL-021639,FL-094236,Late Aircraft Arrival,49
DEL-021640,FL-094240,Weather,59
DEL-021641,FL-094244,Weather,38
DEL-021642,FL-094254,Air Traffic Control,146
DEL-021643,FL-094255,Air Traffic Control,21
DEL-021644,FL-094267,Late Aircraft Arrival,46
DEL-021645,FL-094268,Air Traffic Control,61
DEL-021646,FL-094276,Air Traffic Control,30
DEL-021647,FL-094280,Air Traffic Control,100
DEL-021648,FL-094282,Weather,115
DEL-021649,FL-094284,Air Traffic Control,50
DEL-021650,FL-094287,Late Aircraft Arrival,38
DEL-021651,FL-094288,Air Traffic Control,44
DEL-021652,FL-094293,Late Aircraft Arrival,63
DEL-021653,FL-094302,Late Aircraft Arrival,39
DEL-021654,FL-094303,Weather,94
DEL-021655,FL-094309,Maintenance,89
DEL-021656,FL-094318,Late Aircraft Arrival,97
DEL-021657,FL-094329,Maintenance,17
DEL-021658,FL-094332,Weather,24
DEL-021659,FL-094335,Air Traffic Control,22
DEL-021660,FL-094336,Air Traffic Control,30
DEL-021661,FL-094339,Maintenance,52
DEL-021662,FL-094344,Late Aircraft Arrival,72
DEL-021663,FL-094358,Security,68
DEL-021664,FL-094364,Weather,36
DEL-021665,FL-094381,Weather,42
DEL-021666,FL-094383,Maintenance,143
DEL-021667,FL-094388,Maintenance,29
DEL-021668,FL-094391,Late Aircraft Arrival,50
DEL-021669,FL-094398,Security,44
DEL-021670,FL-094400,Late Aircraft Arrival,37
DEL-021671,FL-094401,Air Traffic Control,22
DEL-021672,FL-094405,Air Traffic Control,126
DEL-021673,FL-094414,Maintenance,26
DEL-021674,FL-094415,Air Traffic Control,74
DEL-021675,FL-094429,Weather,55
DEL-021676,FL-094433,Air Traffic Control,62
DEL-021677,FL-094435,Late Aircraft Arrival,58
DEL-021678,FL-094436,Air Traffic Control,35
DEL-021679,FL-094443,Maintenance,23
DEL-021680,FL-094447,Air Traffic Control,30
DEL-021681,FL-094450,Maintenance,91
DEL-021682,FL-094451,Air Traffic Control,37
DEL-021683,FL-094454,Late Aircraft Arrival,59
DEL-021684,FL-094461,Late Aircraft Arrival,26
DEL-021685,FL-094467,Air Traffic Control,45
DEL-021686,FL-094469,Weather,153
DEL-021687,FL-094470,Air Traffic Control,86
DEL-021688,FL-094472,Weather,27
DEL-021689,FL-094473,Late Aircraft Arrival,113
DEL-021690,FL-094474,Maintenance,16
DEL-021691,FL-094475,Maintenance,53
DEL-021692,FL-094477,Air Traffic Control,24
DEL-021693,FL-094478,Maintenance,49
DEL-021694,FL-094479,Air Traffic Control,45
DEL-021695,FL-094482,Air Traffic Control,76
DEL-021696,FL-094483,Weather,115
DEL-021697,FL-094484,Air Traffic Control,41
DEL-021698,FL-094486,Air Traffic Control,92
DEL-021699,FL-094503,Late Aircraft Arrival,25
DEL-021700,FL-094504,Security,45
DEL-021701,FL-094513,Air Traffic Control,17
DEL-021702,FL-094516,Air Traffic Control,89
DEL-021703,FL-094517,Weather,21
DEL-021704,FL-094520,Weather,127
DEL-021705,FL-094521,Late Aircraft Arrival,32
DEL-021706,FL-094522,Air Traffic Control,21
DEL-021707,FL-094524,Late Aircraft Arrival,101
DEL-021708,FL-094527,Maintenance,89
DEL-021709,FL-094529,Maintenance,49
DEL-021710,FL-094535,Weather,45
DEL-021711,FL-094538,Air Traffic Control,15
DEL-021712,FL-094543,Late Aircraft Arrival,68
DEL-021713,FL-094544,Maintenance,21
DEL-021714,FL-094549,Weather,21
DEL-021715,FL-094553,Weather,42
DEL-021716,FL-094558,Weather,30
DEL-021717,FL-094562,Weather,19
DEL-021718,FL-094565,Maintenance,203
DEL-021719,FL-094569,Weather,77
DEL-021720,FL-094573,Air Traffic Control,39
DEL-021721,FL-094575,Late Aircraft Arrival,93
DEL-021722,FL-094579,Weather,16
DEL-021723,FL-094581,Maintenance,40
DEL-021724,FL-094583,Air Traffic Control,30
DEL-021725,FL-094586,Weather,54
DEL-021726,FL-094587,Maintenance,38
DEL-021727,FL-094590,Air Traffic Control,43
DEL-021728,FL-094596,Late Aircraft Arrival,83
DEL-021729,FL-094598,Maintenance,17
DEL-021730,FL-094601,Late Aircraft Arrival,102
DEL-021731,FL-094609,Security,31
DEL-021732,FL-094617,Air Traffic Control,33
DEL-021733,FL-094618,Weather,36
DEL-021734,FL-094624,Weather,18
DEL-021735,FL-094625,Air Traffic Control,22
DEL-021736,FL-094632,Air Traffic Control,29
DEL-021737,FL-094635,Weather,33
DEL-021738,FL-094641,Air Traffic Control,30
DEL-021739,FL-094643,Late Aircraft Arrival,41
DEL-021740,FL-094646,Air Traffic Control,56
DEL-021741,FL-094649,Maintenance,47
DEL-021742,FL-094650,Weather,114
DEL-021743,FL-094651,Late Aircraft Arrival,35
DEL-021744,FL-094653,Maintenance,26
DEL-021745,FL-094656,Air Traffic Control,235
DEL-021746,FL-094661,Late Aircraft Arrival,34
DEL-021747,FL-094669,Late Aircraft Arrival,20
DEL-021748,FL-094671,Weather,32
DEL-021749,FL-094674,Weather,26
DEL-021750,FL-094676,Air Traffic Control,26
DEL-021751,FL-094678,Air Traffic Control,54
DEL-021752,FL-094698,Air Traffic Control,153
DEL-021753,FL-094700,Maintenance,51
DEL-021754,FL-094702,Late Aircraft Arrival,47
DEL-021755,FL-094703,Maintenance,56
DEL-021756,FL-094704,Late Aircraft Arrival,164
DEL-021757,FL-094707,Maintenance,40
DEL-021758,FL-094709,Air Traffic Control,24
DEL-021759,FL-094711,Weather,22
DEL-021760,FL-094718,Air Traffic Control,60
DEL-021761,FL-094720,Maintenance,40
DEL-021762,FL-094725,Air Traffic Control,117
DEL-021763,FL-094735,Late Aircraft Arrival,74
DEL-021764,FL-094737,Air Traffic Control,113
DEL-021765,FL-094743,Late Aircraft Arrival,30
DEL-021766,FL-094756,Security,25
DEL-021767,FL-094757,Late Aircraft Arrival,38
DEL-021768,FL-094762,Late Aircraft Arrival,39
DEL-021769,FL-094767,Late Aircraft Arrival,16
DEL-021770,FL-094781,Late Aircraft Arrival,35
DEL-021771,FL-094782,Late Aircraft Arrival,68
DEL-021772,FL-094786,Air Traffic Control,96
DEL-021773,FL-094789,Maintenance,92
DEL-021774,FL-094796,Security,29
DEL-021775,FL-094800,Air Traffic Control,34
DEL-021776,FL-094803,Maintenance,32
DEL-021777,FL-094819,Maintenance,69
DEL-021778,FL-094826,Maintenance,29
DEL-021779,FL-094832,Late Aircraft Arrival,53
DEL-021780,FL-094837,Security,25
DEL-021781,FL-094839,Air Traffic Control,48
DEL-021782,FL-094847,Weather,41
DEL-021783,FL-094848,Air Traffic Control,117
DEL-021784,FL-094853,Maintenance,72
DEL-021785,FL-094854,Air Traffic Control,148
DEL-021786,FL-094861,Security,66
DEL-021787,FL-094862,Air Traffic Control,49
DEL-021788,FL-094863,Weather,21
DEL-021789,FL-094871,Late Aircraft Arrival,20
DEL-021790,FL-094881,Maintenance,34
DEL-021791,FL-094883,Maintenance,117
DEL-021792,FL-094887,Maintenance,111
DEL-021793,FL-094893,Late Aircraft Arrival,202
DEL-021794,FL-094896,Late Aircraft Arrival,42
DEL-021795,FL-094901,Late Aircraft Arrival,20
DEL-021796,FL-094903,Maintenance,56
DEL-021797,FL-094907,Maintenance,74
DEL-021798,FL-094910,Weather,76
DEL-021799,FL-094911,Late Aircraft Arrival,79
DEL-021800,FL-094925,Air Traffic Control,169
DEL-021801,FL-094927,Weather,17
DEL-021802,FL-094928,Air Traffic Control,36
DEL-021803,FL-094929,Air Traffic Control,50
DEL-021804,FL-094933,Air Traffic Control,92
DEL-021805,FL-094939,Air Traffic Control,123
DEL-021806,FL-094941,Air Traffic Control,62
DEL-021807,FL-094943,Maintenance,26
DEL-021808,FL-094945,Maintenance,20
DEL-021809,FL-094946,Late Aircraft Arrival,87
DEL-021810,FL-094949,Weather,16
DEL-021811,FL-094952,Air Traffic Control,95
DEL-021812,FL-094953,Weather,81
DEL-021813,FL-094959,Air Traffic Control,25
DEL-021814,FL-094961,Air Traffic Control,23
DEL-021815,FL-094962,Late Aircraft Arrival,35
DEL-021816,FL-094966,Maintenance,68
DEL-021817,FL-094970,Air Traffic Control,44
DEL-021818,FL-094977,Air Traffic Control,55
DEL-021819,FL-094982,Weather,76
DEL-021820,FL-094984,Maintenance,108
DEL-021821,FL-094986,Maintenance,26
DEL-021822,FL-094987,Maintenance,98
DEL-021823,FL-095002,Air Traffic Control,19
DEL-021824,FL-095010,Maintenance,23
DEL-021825,FL-095012,Maintenance,40
DEL-021826,FL-095016,Late Aircraft Arrival,55
DEL-021827,FL-095020,Maintenance,105
DEL-021828,FL-095023,Weather,88
DEL-021829,FL-095024,Weather,90
DEL-021830,FL-095026,Weather,72
DEL-021831,FL-095036,Late Aircraft Arrival,38
DEL-021832,FL-095043,Weather,29
DEL-021833,FL-095058,Weather,18
DEL-021834,FL-095060,Weather,17
DEL-021835,FL-095070,Weather,132
DEL-021836,FL-095076,Maintenance,44
DEL-021837,FL-095078,Air Traffic Control,40
DEL-021838,FL-095079,Air Traffic Control,15
DEL-021839,FL-095083,Air Traffic Control,52
DEL-021840,FL-095086,Weather,181
DEL-021841,FL-095096,Late Aircraft Arrival,103
DEL-021842,FL-095097,Maintenance,88
DEL-021843,FL-095100,Security,22
DEL-021844,FL-095102,Weather,63
DEL-021845,FL-095104,Late Aircraft Arrival,21
DEL-021846,FL-095115,Late Aircraft Arrival,57
DEL-021847,FL-095118,Maintenance,77
DEL-021848,FL-095127,Weather,76
DEL-021849,FL-095129,Air Traffic Control,84
DEL-021850,FL-095133,Air Traffic Control,84
DEL-021851,FL-095134,Maintenance,48
DEL-021852,FL-095140,Late Aircraft Arrival,105
DEL-021853,FL-095144,Late Aircraft Arrival,35
DEL-021854,FL-095145,Air Traffic Control,21
DEL-021855,FL-095146,Late Aircraft Arrival,104
DEL-021856,FL-095147,Security,208
DEL-021857,FL-095148,Security,46
DEL-021858,FL-095153,Maintenance,149
DEL-021859,FL-095155,Air Traffic Control,44
DEL-021860,FL-095166,Late Aircraft Arrival,62
DEL-021861,FL-095168,Late Aircraft Arrival,49
DEL-021862,FL-095171,Weather,82
DEL-021863,FL-095174,Weather,124
DEL-021864,FL-095178,Air Traffic Control,38
DEL-021865,FL-095179,Air Traffic Control,117
DEL-021866,FL-095186,Air Traffic Control,33
DEL-021867,FL-095197,Security,59
DEL-021868,FL-095207,Security,66
DEL-021869,FL-095209,Late Aircraft Arrival,23
DEL-021870,FL-095211,Security,76
DEL-021871,FL-095212,Air Traffic Control,36
DEL-021872,FL-095213,Maintenance,116
DEL-021873,FL-095216,Weather,66
DEL-021874,FL-095217,Maintenance,17
DEL-021875,FL-095220,Security,108
DEL-021876,FL-095226,Weather,32
DEL-021877,FL-095229,Air Traffic Control,74
DEL-021878,FL-095240,Late Aircraft Arrival,123
DEL-021879,FL-095243,Air Traffic Control,28
DEL-021880,FL-095244,Air Traffic Control,32
DEL-021881,FL-095249,Maintenance,27
DEL-021882,FL-095250,Late Aircraft Arrival,132
DEL-021883,FL-095253,Late Aircraft Arrival,29
DEL-021884,FL-095261,Air Traffic Control,23
DEL-021885,FL-095264,Air Traffic Control,36
DEL-021886,FL-095270,Weather,84
DEL-021887,FL-095286,Maintenance,46
DEL-021888,FL-095293,Air Traffic Control,60
DEL-021889,FL-095295,Maintenance,39
DEL-021890,FL-095299,Air Traffic Control,177
DEL-021891,FL-095304,Maintenance,20
DEL-021892,FL-095309,Weather,55
DEL-021893,FL-095312,Air Traffic Control,57
DEL-021894,FL-095317,Late Aircraft Arrival,28
DEL-021895,FL-095319,Air Traffic Control,18
DEL-021896,FL-095321,Weather,106
DEL-021897,FL-095322,Air Traffic Control,57
DEL-021898,FL-095323,Air Traffic Control,15
DEL-021899,FL-095328,Late Aircraft Arrival,166
DEL-021900,FL-095331,Security,22
DEL-021901,FL-095332,Late Aircraft Arrival,65
DEL-021902,FL-095344,Weather,28
DEL-021903,FL-095348,Air Traffic Control,32
DEL-021904,FL-095349,Maintenance,44
DEL-021905,FL-095352,Air Traffic Control,55
DEL-021906,FL-095357,Air Traffic Control,46
DEL-021907,FL-095359,Weather,74
DEL-021908,FL-095360,Maintenance,30
DEL-021909,FL-095363,Maintenance,90
DEL-021910,FL-095367,Maintenance,73
DEL-021911,FL-095369,Late Aircraft Arrival,23
DEL-021912,FL-095370,Weather,22
DEL-021913,FL-095372,Air Traffic Control,21
DEL-021914,FL-095376,Air Traffic Control,92
DEL-021915,FL-095381,Weather,80
DEL-021916,FL-095385,Air Traffic Control,119
DEL-021917,FL-095386,Air Traffic Control,108
DEL-021918,FL-095387,Security,57
DEL-021919,FL-095393,Air Traffic Control,40
DEL-021920,FL-095394,Weather,100
DEL-021921,FL-095397,Air Traffic Control,26
DEL-021922,FL-095403,Maintenance,85
DEL-021923,FL-095404,Weather,54
DEL-021924,FL-095405,Air Traffic Control,15
DEL-021925,FL-095409,Maintenance,65
DEL-021926,FL-095411,Maintenance,56
DEL-021927,FL-095413,Weather,102
DEL-021928,FL-095419,Air Traffic Control,30
DEL-021929,FL-095420,Late Aircraft Arrival,51
DEL-021930,FL-095421,Air Traffic Control,19
DEL-021931,FL-095426,Air Traffic Control,17
DEL-021932,FL-095427,Air Traffic Control,97
DEL-021933,FL-095428,Security,220
DEL-021934,FL-095431,Late Aircraft Arrival,20
DEL-021935,FL-095434,Air Traffic Control,21
DEL-021936,FL-095451,Weather,54
DEL-021937,FL-095455,Air Traffic Control,60
DEL-021938,FL-095457,Weather,116
DEL-021939,FL-095461,Weather,96
DEL-021940,FL-095471,Weather,46
DEL-021941,FL-095486,Weather,47
DEL-021942,FL-095493,Air Traffic Control,60
DEL-021943,FL-095495,Air Traffic Control,20
DEL-021944,FL-095497,Weather,51
DEL-021945,FL-095501,Weather,56
DEL-021946,FL-095503,Late Aircraft Arrival,25
DEL-021947,FL-095511,Maintenance,20
DEL-021948,FL-095514,Maintenance,31
DEL-021949,FL-095523,Late Aircraft Arrival,127
DEL-021950,FL-095526,Weather,56
DEL-021951,FL-095531,Maintenance,26
DEL-021952,FL-095536,Air Traffic Control,88
DEL-021953,FL-095541,Late Aircraft Arrival,22
DEL-021954,FL-095543,Maintenance,100
DEL-021955,FL-095544,Weather,239
DEL-021956,FL-095547,Maintenance,102
DEL-021957,FL-095550,Air Traffic Control,55
DEL-021958,FL-095552,Late Aircraft Arrival,155
DEL-021959,FL-095557,Maintenance,54
DEL-021960,FL-095558,Weather,23
DEL-021961,FL-095562,Weather,115
DEL-021962,FL-095569,Late Aircraft Arrival,104
DEL-021963,FL-095572,Security,51
DEL-021964,FL-095576,Weather,71
DEL-021965,FL-095578,Maintenance,41
DEL-021966,FL-095580,Air Traffic Control,33
DEL-021967,FL-095585,Late Aircraft Arrival,22
DEL-021968,FL-095601,Late Aircraft Arrival,26
DEL-021969,FL-095602,Maintenance,68
DEL-021970,FL-095604,Weather,107
DEL-021971,FL-095611,Air Traffic Control,81
DEL-021972,FL-095612,Air Traffic Control,52
DEL-021973,FL-095613,Security,76
DEL-021974,FL-095614,Maintenance,134
DEL-021975,FL-095623,Air Traffic Control,68
DEL-021976,FL-095624,Air Traffic Control,142
DEL-021977,FL-095628,Air Traffic Control,15
DEL-021978,FL-095642,Maintenance,28
DEL-021979,FL-095645,Weather,27
DEL-021980,FL-095646,Maintenance,78
DEL-021981,FL-095648,Weather,63
DEL-021982,FL-095659,Maintenance,19
DEL-021983,FL-095666,Late Aircraft Arrival,191
DEL-021984,FL-095678,Maintenance,50
DEL-021985,FL-095695,Weather,61
DEL-021986,FL-095701,Air Traffic Control,84
DEL-021987,FL-095702,Security,17
DEL-021988,FL-095703,Late Aircraft Arrival,54
DEL-021989,FL-095722,Weather,225
DEL-021990,FL-095724,Weather,68
DEL-021991,FL-095736,Air Traffic Control,165
DEL-021992,FL-095737,Air Traffic Control,20
DEL-021993,FL-095738,Air Traffic Control,90
DEL-021994,FL-095742,Weather,41
DEL-021995,FL-095744,Air Traffic Control,24
DEL-021996,FL-095746,Maintenance,24
DEL-021997,FL-095765,Air Traffic Control,32
DEL-021998,FL-095766,Air Traffic Control,15
DEL-021999,FL-095767,Air Traffic Control,75
DEL-022000,FL-095768,Late Aircraft Arrival,67
DEL-022001,FL-095769,Air Traffic Control,22
DEL-022002,FL-095797,Maintenance,36
DEL-022003,FL-095801,Air Traffic Control,47
DEL-022004,FL-095803,Air Traffic Control,222
DEL-022005,FL-095807,Late Aircraft Arrival,69
DEL-022006,FL-095811,Maintenance,72
DEL-022007,FL-095812,Air Traffic Control,27
DEL-022008,FL-095821,Maintenance,163
DEL-022009,FL-095824,Weather,164
DEL-022010,FL-095836,Air Traffic Control,44
DEL-022011,FL-095838,Air Traffic Control,66
DEL-022012,FL-095839,Weather,41
DEL-022013,FL-095843,Late Aircraft Arrival,89
DEL-022014,FL-095846,Weather,15
DEL-022015,FL-095850,Late Aircraft Arrival,37
DEL-022016,FL-095855,Air Traffic Control,68
DEL-022017,FL-095863,Maintenance,85
DEL-022018,FL-095871,Air Traffic Control,31
DEL-022019,FL-095875,Late Aircraft Arrival,15
DEL-022020,FL-095876,Maintenance,17
DEL-022021,FL-095877,Air Traffic Control,102
DEL-022022,FL-095886,Security,32
DEL-022023,FL-095887,Maintenance,92
DEL-022024,FL-095888,Air Traffic Control,41
DEL-022025,FL-095889,Maintenance,103
DEL-022026,FL-095891,Late Aircraft Arrival,170
DEL-022027,FL-095894,Weather,30
DEL-022028,FL-095896,Weather,59
DEL-022029,FL-095901,Weather,40
DEL-022030,FL-095905,Maintenance,43
DEL-022031,FL-095918,Late Aircraft Arrival,52
DEL-022032,FL-095921,Security,20
DEL-022033,FL-095926,Late Aircraft Arrival,65
DEL-022034,FL-095937,Weather,63
DEL-022035,FL-095938,Air Traffic Control,70
DEL-022036,FL-095939,Maintenance,350
DEL-022037,FL-095942,Air Traffic Control,40
DEL-022038,FL-095952,Late Aircraft Arrival,70
DEL-022039,FL-095954,Weather,99
DEL-022040,FL-095957,Air Traffic Control,23
DEL-022041,FL-095959,Weather,50
DEL-022042,FL-095963,Maintenance,85
DEL-022043,FL-095965,Security,34
DEL-022044,FL-095971,Weather,94
DEL-022045,FL-095978,Maintenance,139
DEL-022046,FL-095979,Late Aircraft Arrival,34
DEL-022047,FL-095980,Weather,15
DEL-022048,FL-095982,Late Aircraft Arrival,15
DEL-022049,FL-095987,Weather,50
DEL-022050,FL-095992,Late Aircraft Arrival,25
DEL-022051,FL-096005,Late Aircraft Arrival,26
DEL-022052,FL-096006,Weather,29
DEL-022053,FL-096016,Weather,104
DEL-022054,FL-096018,Late Aircraft Arrival,42
DEL-022055,FL-096022,Air Traffic Control,28
DEL-022056,FL-096025,Maintenance,24
DEL-022057,FL-096028,Weather,37
DEL-022058,FL-096032,Air Traffic Control,32
DEL-022059,FL-096036,Air Traffic Control,29
DEL-022060,FL-096037,Air Traffic Control,37
DEL-022061,FL-096044,Late Aircraft Arrival,118
DEL-022062,FL-096045,Air Traffic Control,39
DEL-022063,FL-096046,Late Aircraft Arrival,36
DEL-022064,FL-096047,Weather,40
DEL-022065,FL-096051,Maintenance,17
DEL-022066,FL-096057,Weather,94
DEL-022067,FL-096058,Weather,22
DEL-022068,FL-096061,Maintenance,93
DEL-022069,FL-096064,Weather,77
DEL-022070,FL-096069,Late Aircraft Arrival,35
DEL-022071,FL-096074,Weather,114
DEL-022072,FL-096081,Air Traffic Control,22
DEL-022073,FL-096082,Maintenance,20
DEL-022074,FL-096086,Late Aircraft Arrival,64
DEL-022075,FL-096087,Maintenance,18
DEL-022076,FL-096088,Maintenance,47
DEL-022077,FL-096091,Maintenance,102
DEL-022078,FL-096092,Maintenance,36
DEL-022079,FL-096094,Weather,93
DEL-022080,FL-096101,Maintenance,62
DEL-022081,FL-096106,Late Aircraft Arrival,37
DEL-022082,FL-096109,Late Aircraft Arrival,16
DEL-022083,FL-096131,Air Traffic Control,48
DEL-022084,FL-096138,Maintenance,57
DEL-022085,FL-096142,Late Aircraft Arrival,50
DEL-022086,FL-096144,Weather,95
DEL-022087,FL-096145,Late Aircraft Arrival,200
DEL-022088,FL-096147,Late Aircraft Arrival,16
DEL-022089,FL-096149,Air Traffic Control,147
DEL-022090,FL-096153,Weather,30
DEL-022091,FL-096160,Late Aircraft Arrival,48
DEL-022092,FL-096161,Late Aircraft Arrival,90
DEL-022093,FL-096162,Late Aircraft Arrival,18
DEL-022094,FL-096172,Security,130
DEL-022095,FL-096179,Weather,23
DEL-022096,FL-096180,Weather,100
DEL-022097,FL-096181,Weather,140
DEL-022098,FL-096188,Weather,30
DEL-022099,FL-096193,Weather,38
DEL-022100,FL-096195,Late Aircraft Arrival,74
DEL-022101,FL-096197,Weather,63
DEL-022102,FL-096199,Weather,36
DEL-022103,FL-096209,Weather,34
DEL-022104,FL-096217,Weather,152
DEL-022105,FL-096221,Weather,25
DEL-022106,FL-096222,Weather,101
DEL-022107,FL-096223,Air Traffic Control,15
DEL-022108,FL-096227,Maintenance,38
DEL-022109,FL-096228,Air Traffic Control,39
DEL-022110,FL-096234,Late Aircraft Arrival,54
DEL-022111,FL-096237,Security,18
DEL-022112,FL-096240,Late Aircraft Arrival,147
DEL-022113,FL-096242,Air Traffic Control,38
DEL-022114,FL-096247,Late Aircraft Arrival,94
DEL-022115,FL-096250,Weather,138
DEL-022116,FL-096254,Maintenance,85
DEL-022117,FL-096255,Maintenance,43
DEL-022118,FL-096263,Late Aircraft Arrival,72
DEL-022119,FL-096265,Air Traffic Control,20
DEL-022120,FL-096269,Weather,49
DEL-022121,FL-096273,Weather,73
DEL-022122,FL-096274,Maintenance,65
DEL-022123,FL-096285,Late Aircraft Arrival,48
DEL-022124,FL-096288,Weather,36
DEL-022125,FL-096295,Air Traffic Control,51
DEL-022126,FL-096306,Security,18
DEL-022127,FL-096308,Weather,133
DEL-022128,FL-096314,Weather,94
DEL-022129,FL-096316,Air Traffic Control,44
DEL-022130,FL-096322,Maintenance,23
DEL-022131,FL-096323,Weather,42
DEL-022132,FL-096327,Maintenance,32
DEL-022133,FL-096335,Air Traffic Control,104
DEL-022134,FL-096336,Late Aircraft Arrival,37
DEL-022135,FL-096338,Maintenance,37
DEL-022136,FL-096340,Weather,15
DEL-022137,FL-096342,Maintenance,80
DEL-022138,FL-096351,Weather,82
DEL-022139,FL-096354,Maintenance,177
DEL-022140,FL-096361,Weather,63
DEL-022141,FL-096367,Air Traffic Control,63
DEL-022142,FL-096373,Weather,89
DEL-022143,FL-096374,Maintenance,29
DEL-022144,FL-096375,Late Aircraft Arrival,115
DEL-022145,FL-096384,Air Traffic Control,30
DEL-022146,FL-096387,Weather,59
DEL-022147,FL-096388,Air Traffic Control,138
DEL-022148,FL-096395,Air Traffic Control,80
DEL-022149,FL-096399,Maintenance,64
DEL-022150,FL-096421,Air Traffic Control,34
DEL-022151,FL-096425,Late Aircraft Arrival,25
DEL-022152,FL-096433,Air Traffic Control,20
DEL-022153,FL-096434,Weather,20
DEL-022154,FL-096439,Maintenance,59
DEL-022155,FL-096447,Air Traffic Control,42
DEL-022156,FL-096452,Weather,192
DEL-022157,FL-096453,Air Traffic Control,33
DEL-022158,FL-096455,Maintenance,24
DEL-022159,FL-096467,Air Traffic Control,37
DEL-022160,FL-096468,Air Traffic Control,71
DEL-022161,FL-096469,Late Aircraft Arrival,18
DEL-022162,FL-096481,Late Aircraft Arrival,48
DEL-022163,FL-096482,Weather,25
DEL-022164,FL-096485,Weather,45
DEL-022165,FL-096497,Security,33
DEL-022166,FL-096504,Weather,135
DEL-022167,FL-096508,Late Aircraft Arrival,46
DEL-022168,FL-096511,Late Aircraft Arrival,36
DEL-022169,FL-096512,Air Traffic Control,20
DEL-022170,FL-096516,Weather,31
DEL-022171,FL-096517,Air Traffic Control,30
DEL-022172,FL-096521,Air Traffic Control,19
DEL-022173,FL-096528,Weather,98
DEL-022174,FL-096529,Air Traffic Control,79
DEL-022175,FL-096531,Late Aircraft Arrival,44
DEL-022176,FL-096534,Maintenance,34
DEL-022177,FL-096541,Maintenance,67
DEL-022178,FL-096547,Maintenance,23
DEL-022179,FL-096549,Security,61
DEL-022180,FL-096552,Maintenance,61
DEL-022181,FL-096557,Maintenance,73
DEL-022182,FL-096559,Weather,15
DEL-022183,FL-096564,Weather,40
DEL-022184,FL-096567,Air Traffic Control,101
DEL-022185,FL-096579,Late Aircraft Arrival,69
DEL-022186,FL-096581,Air Traffic Control,150
DEL-022187,FL-096588,Maintenance,22
DEL-022188,FL-096589,Maintenance,27
DEL-022189,FL-096598,Air Traffic Control,18
DEL-022190,FL-096600,Weather,43
DEL-022191,FL-096602,Maintenance,34
DEL-022192,FL-096604,Weather,63
DEL-022193,FL-096617,Late Aircraft Arrival,111
DEL-022194,FL-096620,Weather,177
DEL-022195,FL-096621,Air Traffic Control,105
DEL-022196,FL-096626,Air Traffic Control,80
DEL-022197,FL-096630,Weather,38
DEL-022198,FL-096643,Maintenance,52
DEL-022199,FL-096645,Late Aircraft Arrival,138
DEL-022200,FL-096649,Air Traffic Control,27
DEL-022201,FL-096652,Air Traffic Control,164
DEL-022202,FL-096658,Weather,29
DEL-022203,FL-096668,Air Traffic Control,63
DEL-022204,FL-096670,Maintenance,19
DEL-022205,FL-096672,Air Traffic Control,160
DEL-022206,FL-096673,Weather,16
DEL-022207,FL-096675,Maintenance,82
DEL-022208,FL-096683,Weather,23
DEL-022209,FL-096684,Late Aircraft Arrival,118
DEL-022210,FL-096686,Air Traffic Control,25
DEL-022211,FL-096690,Maintenance,44
DEL-022212,FL-096693,Late Aircraft Arrival,94
DEL-022213,FL-096702,Weather,108
DEL-022214,FL-096704,Maintenance,15
DEL-022215,FL-096705,Weather,24
DEL-022216,FL-096707,Maintenance,54
DEL-022217,FL-096709,Weather,86
DEL-022218,FL-096710,Air Traffic Control,77
DEL-022219,FL-096718,Maintenance,16
DEL-022220,FL-096723,Security,24
DEL-022221,FL-096725,Maintenance,17
DEL-022222,FL-096731,Weather,41
DEL-022223,FL-096733,Late Aircraft Arrival,38
DEL-022224,FL-096737,Weather,22
DEL-022225,FL-096739,Maintenance,75
DEL-022226,FL-096743,Weather,146
DEL-022227,FL-096746,Weather,27
DEL-022228,FL-096747,Maintenance,56
DEL-022229,FL-096750,Air Traffic Control,67
DEL-022230,FL-096752,Late Aircraft Arrival,91
DEL-022231,FL-096755,Weather,16
DEL-022232,FL-096757,Air Traffic Control,17
DEL-022233,FL-096759,Late Aircraft Arrival,175
DEL-022234,FL-096769,Maintenance,64
DEL-022235,FL-096774,Weather,26
DEL-022236,FL-096777,Weather,40
DEL-022237,FL-096781,Weather,72
DEL-022238,FL-096784,Maintenance,35
DEL-022239,FL-096787,Weather,65
DEL-022240,FL-096793,Maintenance,57
DEL-022241,FL-096799,Air Traffic Control,27
DEL-022242,FL-096800,Late Aircraft Arrival,18
DEL-022243,FL-096803,Air Traffic Control,68
DEL-022244,FL-096804,Maintenance,19
DEL-022245,FL-096817,Maintenance,104
DEL-022246,FL-096819,Weather,50
DEL-022247,FL-096821,Maintenance,43
DEL-022248,FL-096829,Late Aircraft Arrival,78
DEL-022249,FL-096831,Weather,18
DEL-022250,FL-096835,Air Traffic Control,17
DEL-022251,FL-096836,Weather,38
DEL-022252,FL-096838,Weather,59
DEL-022253,FL-096854,Late Aircraft Arrival,17
DEL-022254,FL-096861,Security,40
DEL-022255,FL-096867,Maintenance,30
DEL-022256,FL-096869,Weather,59
DEL-022257,FL-096881,Air Traffic Control,128
DEL-022258,FL-096887,Air Traffic Control,62
DEL-022259,FL-096888,Maintenance,42
DEL-022260,FL-096892,Maintenance,76
DEL-022261,FL-096895,Late Aircraft Arrival,18
DEL-022262,FL-096896,Maintenance,17
DEL-022263,FL-096900,Air Traffic Control,356
DEL-022264,FL-096905,Weather,21
DEL-022265,FL-096907,Air Traffic Control,23
DEL-022266,FL-096909,Late Aircraft Arrival,71
DEL-022267,FL-096910,Maintenance,50
DEL-022268,FL-096914,Maintenance,21
DEL-022269,FL-096924,Air Traffic Control,173
DEL-022270,FL-096931,Late Aircraft Arrival,101
DEL-022271,FL-096934,Maintenance,17
DEL-022272,FL-096939,Late Aircraft Arrival,27
DEL-022273,FL-096943,Maintenance,144
DEL-022274,FL-096951,Late Aircraft Arrival,41
DEL-022275,FL-096955,Weather,155
DEL-022276,FL-096956,Weather,33
DEL-022277,FL-096961,Air Traffic Control,62
DEL-022278,FL-096963,Air Traffic Control,39
DEL-022279,FL-096972,Air Traffic Control,52
DEL-022280,FL-096973,Security,44
DEL-022281,FL-096974,Air Traffic Control,39
DEL-022282,FL-096978,Maintenance,18
DEL-022283,FL-096979,Late Aircraft Arrival,166
DEL-022284,FL-096981,Late Aircraft Arrival,19
DEL-022285,FL-096985,Weather,28
DEL-022286,FL-096986,Weather,21
DEL-022287,FL-096989,Maintenance,159
DEL-022288,FL-096994,Weather,114
DEL-022289,FL-096996,Air Traffic Control,29
DEL-022290,FL-096999,Maintenance,49
DEL-022291,FL-097003,Air Traffic Control,31
DEL-022292,FL-097008,Weather,42
DEL-022293,FL-097009,Late Aircraft Arrival,21
DEL-022294,FL-097012,Late Aircraft Arrival,20
DEL-022295,FL-097014,Air Traffic Control,79
DEL-022296,FL-097018,Weather,88
DEL-022297,FL-097031,Air Traffic Control,94
DEL-022298,FL-097035,Late Aircraft Arrival,156
DEL-022299,FL-097037,Late Aircraft Arrival,88
DEL-022300,FL-097040,Security,116
DEL-022301,FL-097047,Air Traffic Control,62
DEL-022302,FL-097050,Maintenance,63
DEL-022303,FL-097052,Weather,24
DEL-022304,FL-097054,Air Traffic Control,36
DEL-022305,FL-097056,Weather,83
DEL-022306,FL-097057,Air Traffic Control,21
DEL-022307,FL-097058,Maintenance,22
DEL-022308,FL-097059,Weather,89
DEL-022309,FL-097065,Air Traffic Control,21
DEL-022310,FL-097068,Weather,22
DEL-022311,FL-097072,Maintenance,88
DEL-022312,FL-097074,Late Aircraft Arrival,34
DEL-022313,FL-097089,Air Traffic Control,92
DEL-022314,FL-097093,Maintenance,16
DEL-022315,FL-097094,Late Aircraft Arrival,71
DEL-022316,FL-097103,Weather,74
DEL-022317,FL-097110,Weather,24
DEL-022318,FL-097114,Weather,74
DEL-022319,FL-097120,Weather,20
DEL-022320,FL-097130,Weather,25
DEL-022321,FL-097132,Maintenance,38
DEL-022322,FL-097136,Weather,83
DEL-022323,FL-097149,Late Aircraft Arrival,50
DEL-022324,FL-097152,Weather,36
DEL-022325,FL-097153,Late Aircraft Arrival,60
DEL-022326,FL-097157,Late Aircraft Arrival,146
DEL-022327,FL-097158,Maintenance,47
DEL-022328,FL-097159,Weather,142
DEL-022329,FL-097161,Air Traffic Control,33
DEL-022330,FL-097164,Weather,35
DEL-022331,FL-097169,Late Aircraft Arrival,38
DEL-022332,FL-097171,Weather,29
DEL-022333,FL-097172,Air Traffic Control,30
DEL-022334,FL-097177,Maintenance,28
DEL-022335,FL-097181,Late Aircraft Arrival,30
DEL-022336,FL-097192,Air Traffic Control,38
DEL-022337,FL-097193,Late Aircraft Arrival,30
DEL-022338,FL-097199,Late Aircraft Arrival,77
DEL-022339,FL-097200,Late Aircraft Arrival,22
DEL-022340,FL-097206,Air Traffic Control,45
DEL-022341,FL-097210,Late Aircraft Arrival,81
DEL-022342,FL-097213,Late Aircraft Arrival,42
DEL-022343,FL-097224,Maintenance,17
DEL-022344,FL-097231,Maintenance,60
DEL-022345,FL-097233,Weather,15
DEL-022346,FL-097234,Late Aircraft Arrival,61
DEL-022347,FL-097245,Weather,55
DEL-022348,FL-097249,Air Traffic Control,28
DEL-022349,FL-097252,Air Traffic Control,229
DEL-022350,FL-097257,Late Aircraft Arrival,31
DEL-022351,FL-097261,Weather,56
DEL-022352,FL-097263,Late Aircraft Arrival,25
DEL-022353,FL-097270,Maintenance,44
DEL-022354,FL-097272,Maintenance,82
DEL-022355,FL-097274,Maintenance,24
DEL-022356,FL-097275,Weather,35
DEL-022357,FL-097279,Late Aircraft Arrival,73
DEL-022358,FL-097281,Weather,171
DEL-022359,FL-097282,Air Traffic Control,86
DEL-022360,FL-097283,Air Traffic Control,40
DEL-022361,FL-097286,Weather,62
DEL-022362,FL-097287,Air Traffic Control,31
DEL-022363,FL-097291,Air Traffic Control,32
DEL-022364,FL-097294,Maintenance,25
DEL-022365,FL-097306,Late Aircraft Arrival,42
DEL-022366,FL-097309,Late Aircraft Arrival,44
DEL-022367,FL-097310,Air Traffic Control,15
DEL-022368,FL-097329,Weather,68
DEL-022369,FL-097335,Air Traffic Control,25
DEL-022370,FL-097336,Weather,20
DEL-022371,FL-097341,Air Traffic Control,38
DEL-022372,FL-097354,Weather,134
DEL-022373,FL-097358,Air Traffic Control,19
DEL-022374,FL-097372,Air Traffic Control,88
DEL-022375,FL-097379,Weather,35
DEL-022376,FL-097387,Maintenance,36
DEL-022377,FL-097388,Late Aircraft Arrival,19
DEL-022378,FL-097408,Weather,18
DEL-022379,FL-097409,Maintenance,71
DEL-022380,FL-097424,Air Traffic Control,26
DEL-022381,FL-097426,Late Aircraft Arrival,51
DEL-022382,FL-097427,Security,22
DEL-022383,FL-097430,Air Traffic Control,39
DEL-022384,FL-097432,Air Traffic Control,55
DEL-022385,FL-097447,Maintenance,76
DEL-022386,FL-097448,Air Traffic Control,58
DEL-022387,FL-097455,Maintenance,39
DEL-022388,FL-097458,Late Aircraft Arrival,29
DEL-022389,FL-097465,Maintenance,59
DEL-022390,FL-097476,Maintenance,76
DEL-022391,FL-097478,Weather,63
DEL-022392,FL-097496,Maintenance,34
DEL-022393,FL-097499,Weather,51
DEL-022394,FL-097504,Weather,15
DEL-022395,FL-097505,Weather,20
DEL-022396,FL-097515,Maintenance,18
DEL-022397,FL-097520,Air Traffic Control,24
DEL-022398,FL-097529,Weather,254
DEL-022399,FL-097532,Late Aircraft Arrival,55
DEL-022400,FL-097533,Air Traffic Control,40
DEL-022401,FL-097537,Air Traffic Control,79
DEL-022402,FL-097545,Late Aircraft Arrival,28
DEL-022403,FL-097550,Weather,16
DEL-022404,FL-097553,Maintenance,45
DEL-022405,FL-097554,Weather,35
DEL-022406,FL-097556,Maintenance,80
DEL-022407,FL-097564,Weather,87
DEL-022408,FL-097566,Maintenance,155
DEL-022409,FL-097568,Air Traffic Control,68
DEL-022410,FL-097569,Security,50
DEL-022411,FL-097571,Air Traffic Control,15
DEL-022412,FL-097577,Air Traffic Control,27
DEL-022413,FL-097580,Maintenance,66
DEL-022414,FL-097582,Maintenance,38
DEL-022415,FL-097584,Weather,130
DEL-022416,FL-097590,Air Traffic Control,28
DEL-022417,FL-097600,Air Traffic Control,19
DEL-022418,FL-097607,Air Traffic Control,32
DEL-022419,FL-097609,Late Aircraft Arrival,57
DEL-022420,FL-097611,Maintenance,26
DEL-022421,FL-097616,Air Traffic Control,114
DEL-022422,FL-097628,Maintenance,35
DEL-022423,FL-097635,Maintenance,27
DEL-022424,FL-097637,Air Traffic Control,18
DEL-022425,FL-097638,Maintenance,42
DEL-022426,FL-097640,Late Aircraft Arrival,32
DEL-022427,FL-097645,Air Traffic Control,74
DEL-022428,FL-097649,Maintenance,90
DEL-022429,FL-097655,Air Traffic Control,23
DEL-022430,FL-097656,Late Aircraft Arrival,140
DEL-022431,FL-097657,Air Traffic Control,25
DEL-022432,FL-097662,Air Traffic Control,19
DEL-022433,FL-097664,Maintenance,32
DEL-022434,FL-097665,Air Traffic Control,26
DEL-022435,FL-097672,Late Aircraft Arrival,48
DEL-022436,FL-097677,Late Aircraft Arrival,16
DEL-022437,FL-097683,Late Aircraft Arrival,29
DEL-022438,FL-097690,Air Traffic Control,87
DEL-022439,FL-097709,Weather,21
DEL-022440,FL-097710,Air Traffic Control,58
DEL-022441,FL-097711,Air Traffic Control,23
DEL-022442,FL-097712,Late Aircraft Arrival,55
DEL-022443,FL-097721,Air Traffic Control,18
DEL-022444,FL-097728,Air Traffic Control,35
DEL-022445,FL-097729,Maintenance,105
DEL-022446,FL-097735,Air Traffic Control,19
DEL-022447,FL-097737,Maintenance,46
DEL-022448,FL-097739,Weather,53
DEL-022449,FL-097744,Late Aircraft Arrival,62
DEL-022450,FL-097746,Air Traffic Control,25
DEL-022451,FL-097748,Weather,20
DEL-022452,FL-097752,Maintenance,43
DEL-022453,FL-097753,Maintenance,150
DEL-022454,FL-097754,Weather,65
DEL-022455,FL-097758,Late Aircraft Arrival,53
DEL-022456,FL-097760,Weather,68
DEL-022457,FL-097762,Late Aircraft Arrival,102
DEL-022458,FL-097767,Air Traffic Control,157
DEL-022459,FL-097771,Late Aircraft Arrival,27
DEL-022460,FL-097773,Air Traffic Control,67
DEL-022461,FL-097774,Maintenance,29
DEL-022462,FL-097776,Late Aircraft Arrival,78
DEL-022463,FL-097787,Air Traffic Control,103
DEL-022464,FL-097793,Air Traffic Control,130
DEL-022465,FL-097797,Maintenance,101
DEL-022466,FL-097798,Air Traffic Control,97
DEL-022467,FL-097799,Air Traffic Control,86
DEL-022468,FL-097800,Late Aircraft Arrival,110
DEL-022469,FL-097812,Weather,21
DEL-022470,FL-097838,Weather,27
DEL-022471,FL-097845,Security,98
DEL-022472,FL-097849,Late Aircraft Arrival,53
DEL-022473,FL-097852,Weather,50
DEL-022474,FL-097853,Weather,16
DEL-022475,FL-097856,Late Aircraft Arrival,49
DEL-022476,FL-097861,Weather,19
DEL-022477,FL-097862,Air Traffic Control,35
DEL-022478,FL-097865,Air Traffic Control,21
DEL-022479,FL-097870,Maintenance,127
DEL-022480,FL-097873,Late Aircraft Arrival,16
DEL-022481,FL-097880,Weather,52
DEL-022482,FL-097884,Air Traffic Control,29
DEL-022483,FL-097891,Maintenance,123
DEL-022484,FL-097894,Weather,88
DEL-022485,FL-097898,Weather,68
DEL-022486,FL-097911,Weather,63
DEL-022487,FL-097913,Maintenance,183
DEL-022488,FL-097922,Maintenance,54
DEL-022489,FL-097928,Weather,103
DEL-022490,FL-097931,Air Traffic Control,157
DEL-022491,FL-097937,Weather,22
DEL-022492,FL-097938,Air Traffic Control,17
DEL-022493,FL-097941,Air Traffic Control,24
DEL-022494,FL-097945,Air Traffic Control,17
DEL-022495,FL-097946,Air Traffic Control,18
DEL-022496,FL-097948,Weather,26
DEL-022497,FL-097949,Weather,23
DEL-022498,FL-097951,Air Traffic Control,17
DEL-022499,FL-097952,Air Traffic Control,85
DEL-022500,FL-097958,Air Traffic Control,26
DEL-022501,FL-097961,Weather,68
DEL-022502,FL-097963,Air Traffic Control,116
DEL-022503,FL-097972,Late Aircraft Arrival,48
DEL-022504,FL-097981,Weather,111
DEL-022505,FL-097983,Maintenance,37
DEL-022506,FL-097991,Air Traffic Control,19
DEL-022507,FL-097993,Weather,17
DEL-022508,FL-097994,Weather,26
DEL-022509,FL-097996,Security,23
DEL-022510,FL-097997,Late Aircraft Arrival,78
DEL-022511,FL-097999,Air Traffic Control,138
DEL-022512,FL-098009,Air Traffic Control,89
DEL-022513,FL-098010,Weather,50
DEL-022514,FL-098014,Security,111
DEL-022515,FL-098018,Maintenance,24
DEL-022516,FL-098019,Maintenance,70
DEL-022517,FL-098034,Maintenance,59
DEL-022518,FL-098043,Weather,236
DEL-022519,FL-098051,Air Traffic Control,53
DEL-022520,FL-098056,Weather,53
DEL-022521,FL-098057,Maintenance,36
DEL-022522,FL-098065,Maintenance,90
DEL-022523,FL-098066,Late Aircraft Arrival,32
DEL-022524,FL-098069,Late Aircraft Arrival,190
DEL-022525,FL-098076,Weather,43
DEL-022526,FL-098085,Late Aircraft Arrival,55
DEL-022527,FL-098086,Security,144
DEL-022528,FL-098087,Late Aircraft Arrival,21
DEL-022529,FL-098089,Late Aircraft Arrival,65
DEL-022530,FL-098094,Maintenance,27
DEL-022531,FL-098100,Maintenance,82
DEL-022532,FL-098104,Maintenance,19
DEL-022533,FL-098105,Air Traffic Control,41
DEL-022534,FL-098106,Late Aircraft Arrival,168
DEL-022535,FL-098110,Maintenance,33
DEL-022536,FL-098111,Air Traffic Control,213
DEL-022537,FL-098116,Air Traffic Control,19
DEL-022538,FL-098122,Late Aircraft Arrival,76
DEL-022539,FL-098127,Late Aircraft Arrival,23
DEL-022540,FL-098132,Air Traffic Control,33
DEL-022541,FL-098136,Air Traffic Control,62
DEL-022542,FL-098139,Air Traffic Control,16
DEL-022543,FL-098140,Security,148
DEL-022544,FL-098142,Maintenance,24
DEL-022545,FL-098150,Maintenance,28
DEL-022546,FL-098154,Maintenance,48
DEL-022547,FL-098155,Maintenance,31
DEL-022548,FL-098158,Maintenance,34
DEL-022549,FL-098161,Air Traffic Control,99
DEL-022550,FL-098163,Late Aircraft Arrival,21
DEL-022551,FL-098166,Late Aircraft Arrival,48
DEL-022552,FL-098167,Air Traffic Control,26
DEL-022553,FL-098175,Maintenance,61
DEL-022554,FL-098184,Air Traffic Control,20
DEL-022555,FL-098188,Air Traffic Control,105
DEL-022556,FL-098192,Maintenance,28
DEL-022557,FL-098193,Maintenance,82
DEL-022558,FL-098196,Air Traffic Control,52
DEL-022559,FL-098202,Air Traffic Control,59
DEL-022560,FL-098216,Maintenance,109
DEL-022561,FL-098219,Maintenance,60
DEL-022562,FL-098221,Maintenance,48
DEL-022563,FL-098235,Air Traffic Control,52
DEL-022564,FL-098239,Weather,26
DEL-022565,FL-098246,Weather,57
DEL-022566,FL-098247,Maintenance,28
DEL-022567,FL-098248,Air Traffic Control,22
DEL-022568,FL-098252,Air Traffic Control,144
DEL-022569,FL-098254,Maintenance,39
DEL-022570,FL-098260,Weather,18
DEL-022571,FL-098261,Maintenance,17
DEL-022572,FL-098274,Weather,66
DEL-022573,FL-098285,Late Aircraft Arrival,19
DEL-022574,FL-098288,Weather,24
DEL-022575,FL-098292,Late Aircraft Arrival,62
DEL-022576,FL-098300,Maintenance,120
DEL-022577,FL-098306,Late Aircraft Arrival,39
DEL-022578,FL-098308,Late Aircraft Arrival,18
DEL-022579,FL-098319,Late Aircraft Arrival,40
DEL-022580,FL-098326,Weather,23
DEL-022581,FL-098327,Maintenance,26
DEL-022582,FL-098334,Late Aircraft Arrival,34
DEL-022583,FL-098336,Late Aircraft Arrival,97
DEL-022584,FL-098337,Weather,91
DEL-022585,FL-098348,Late Aircraft Arrival,58
DEL-022586,FL-098351,Weather,21
DEL-022587,FL-098352,Weather,24
DEL-022588,FL-098355,Late Aircraft Arrival,83
DEL-022589,FL-098356,Maintenance,257
DEL-022590,FL-098359,Weather,46
DEL-022591,FL-098361,Security,24
DEL-022592,FL-098365,Weather,47
DEL-022593,FL-098371,Air Traffic Control,30
DEL-022594,FL-098375,Air Traffic Control,62
DEL-022595,FL-098377,Late Aircraft Arrival,63
DEL-022596,FL-098381,Late Aircraft Arrival,70
DEL-022597,FL-098382,Maintenance,16
DEL-022598,FL-098384,Late Aircraft Arrival,36
DEL-022599,FL-098397,Weather,80
DEL-022600,FL-098401,Weather,30
DEL-022601,FL-098403,Weather,80
DEL-022602,FL-098404,Security,20
DEL-022603,FL-098405,Maintenance,31
DEL-022604,FL-098410,Weather,50
DEL-022605,FL-098412,Air Traffic Control,48
DEL-022606,FL-098414,Maintenance,28
DEL-022607,FL-098420,Air Traffic Control,42
DEL-022608,FL-098421,Weather,38
DEL-022609,FL-098423,Air Traffic Control,22
DEL-022610,FL-098426,Late Aircraft Arrival,98
DEL-022611,FL-098429,Maintenance,36
DEL-022612,FL-098430,Air Traffic Control,86
DEL-022613,FL-098432,Maintenance,20
DEL-022614,FL-098433,Weather,28
DEL-022615,FL-098437,Air Traffic Control,102
DEL-022616,FL-098438,Maintenance,75
DEL-022617,FL-098455,Weather,36
DEL-022618,FL-098462,Maintenance,22
DEL-022619,FL-098466,Weather,57
DEL-022620,FL-098472,Air Traffic Control,57
DEL-022621,FL-098481,Air Traffic Control,22
DEL-022622,FL-098484,Maintenance,16
DEL-022623,FL-098495,Maintenance,61
DEL-022624,FL-098506,Late Aircraft Arrival,48
DEL-022625,FL-098513,Maintenance,82
DEL-022626,FL-098518,Weather,63
DEL-022627,FL-098519,Weather,54
DEL-022628,FL-098521,Late Aircraft Arrival,69
DEL-022629,FL-098542,Maintenance,44
DEL-022630,FL-098545,Security,28
DEL-022631,FL-098546,Late Aircraft Arrival,54
DEL-022632,FL-098550,Weather,36
DEL-022633,FL-098557,Air Traffic Control,51
DEL-022634,FL-098560,Weather,77
DEL-022635,FL-098563,Air Traffic Control,73
DEL-022636,FL-098568,Air Traffic Control,107
DEL-022637,FL-098570,Air Traffic Control,15
DEL-022638,FL-098574,Maintenance,61
DEL-022639,FL-098585,Air Traffic Control,79
DEL-022640,FL-098586,Weather,70
DEL-022641,FL-098588,Air Traffic Control,66
DEL-022642,FL-098590,Maintenance,64
DEL-022643,FL-098592,Late Aircraft Arrival,131
DEL-022644,FL-098596,Late Aircraft Arrival,21
DEL-022645,FL-098598,Weather,84
DEL-022646,FL-098601,Maintenance,162
DEL-022647,FL-098604,Weather,231
DEL-022648,FL-098607,Weather,167
DEL-022649,FL-098612,Weather,41
DEL-022650,FL-098615,Maintenance,76
DEL-022651,FL-098621,Air Traffic Control,17
DEL-022652,FL-098623,Air Traffic Control,20
DEL-022653,FL-098628,Air Traffic Control,51
DEL-022654,FL-098633,Late Aircraft Arrival,25
DEL-022655,FL-098635,Late Aircraft Arrival,35
DEL-022656,FL-098636,Weather,41
DEL-022657,FL-098638,Maintenance,37
DEL-022658,FL-098648,Late Aircraft Arrival,16
DEL-022659,FL-098653,Maintenance,45
DEL-022660,FL-098654,Maintenance,18
DEL-022661,FL-098655,Security,22
DEL-022662,FL-098659,Air Traffic Control,38
DEL-022663,FL-098662,Air Traffic Control,48
DEL-022664,FL-098671,Weather,16
DEL-022665,FL-098672,Weather,31
DEL-022666,FL-098674,Air Traffic Control,34
DEL-022667,FL-098683,Air Traffic Control,21
DEL-022668,FL-098691,Late Aircraft Arrival,53
DEL-022669,FL-098692,Weather,15
DEL-022670,FL-098693,Maintenance,69
DEL-022671,FL-098704,Maintenance,130
DEL-022672,FL-098709,Weather,29
DEL-022673,FL-098712,Weather,41
DEL-022674,FL-098717,Late Aircraft Arrival,67
DEL-022675,FL-098718,Late Aircraft Arrival,26
DEL-022676,FL-098720,Air Traffic Control,72
DEL-022677,FL-098722,Maintenance,219
DEL-022678,FL-098724,Late Aircraft Arrival,34
DEL-022679,FL-098732,Air Traffic Control,173
DEL-022680,FL-098742,Late Aircraft Arrival,69
DEL-022681,FL-098745,Air Traffic Control,51
DEL-022682,FL-098755,Weather,136
DEL-022683,FL-098758,Security,25
DEL-022684,FL-098760,Air Traffic Control,94
DEL-022685,FL-098763,Maintenance,104
DEL-022686,FL-098770,Weather,102
DEL-022687,FL-098776,Late Aircraft Arrival,105
DEL-022688,FL-098777,Air Traffic Control,117
DEL-022689,FL-098781,Security,19
DEL-022690,FL-098787,Weather,18
DEL-022691,FL-098789,Weather,29
DEL-022692,FL-098795,Air Traffic Control,123
DEL-022693,FL-098796,Air Traffic Control,25
DEL-022694,FL-098798,Air Traffic Control,240
DEL-022695,FL-098801,Maintenance,47
DEL-022696,FL-098802,Air Traffic Control,55
DEL-022697,FL-098818,Maintenance,34
DEL-022698,FL-098826,Air Traffic Control,80
DEL-022699,FL-098827,Weather,20
DEL-022700,FL-098837,Security,57
DEL-022701,FL-098838,Air Traffic Control,70
DEL-022702,FL-098841,Maintenance,15
DEL-022703,FL-098845,Weather,48
DEL-022704,FL-098846,Maintenance,43
DEL-022705,FL-098849,Weather,32
DEL-022706,FL-098852,Weather,131
DEL-022707,FL-098853,Air Traffic Control,31
DEL-022708,FL-098857,Maintenance,26
DEL-022709,FL-098860,Air Traffic Control,163
DEL-022710,FL-098862,Air Traffic Control,27
DEL-022711,FL-098867,Air Traffic Control,51
DEL-022712,FL-098869,Weather,112
DEL-022713,FL-098878,Late Aircraft Arrival,138
DEL-022714,FL-098880,Air Traffic Control,16
DEL-022715,FL-098881,Maintenance,27
DEL-022716,FL-098887,Late Aircraft Arrival,53
DEL-022717,FL-098891,Weather,33
DEL-022718,FL-098892,Maintenance,45
DEL-022719,FL-098895,Weather,67
DEL-022720,FL-098896,Weather,40
DEL-022721,FL-098903,Late Aircraft Arrival,64
DEL-022722,FL-098908,Late Aircraft Arrival,31
DEL-022723,FL-098909,Maintenance,55
DEL-022724,FL-098910,Weather,97
DEL-022725,FL-098914,Late Aircraft Arrival,30
DEL-022726,FL-098917,Weather,23
DEL-022727,FL-098918,Maintenance,19
DEL-022728,FL-098923,Late Aircraft Arrival,67
DEL-022729,FL-098929,Maintenance,50
DEL-022730,FL-098932,Late Aircraft Arrival,28
DEL-022731,FL-098934,Maintenance,58
DEL-022732,FL-098936,Weather,24
DEL-022733,FL-098939,Weather,89
DEL-022734,FL-098947,Maintenance,41
DEL-022735,FL-098960,Weather,16
DEL-022736,FL-098966,Maintenance,56
DEL-022737,FL-098968,Late Aircraft Arrival,36
DEL-022738,FL-098973,Weather,28
DEL-022739,FL-098977,Weather,151
DEL-022740,FL-098988,Maintenance,93
DEL-022741,FL-098989,Weather,19
DEL-022742,FL-098990,Weather,16
DEL-022743,FL-098991,Weather,78
DEL-022744,FL-098997,Maintenance,41
DEL-022745,FL-098999,Air Traffic Control,38
DEL-022746,FL-099009,Maintenance,106
DEL-022747,FL-099013,Maintenance,24
DEL-022748,FL-099014,Weather,61
DEL-022749,FL-099016,Weather,20
DEL-022750,FL-099017,Late Aircraft Arrival,37
DEL-022751,FL-099027,Maintenance,73
DEL-022752,FL-099030,Maintenance,45
DEL-022753,FL-099037,Air Traffic Control,42
DEL-022754,FL-099043,Maintenance,68
DEL-022755,FL-099046,Maintenance,17
DEL-022756,FL-099047,Maintenance,197
DEL-022757,FL-099055,Air Traffic Control,45
DEL-022758,FL-099057,Late Aircraft Arrival,25
DEL-022759,FL-099062,Weather,49
DEL-022760,FL-099063,Weather,351
DEL-022761,FL-099067,Weather,82
DEL-022762,FL-099070,Security,79
DEL-022763,FL-099072,Air Traffic Control,56
DEL-022764,FL-099075,Maintenance,47
DEL-022765,FL-099079,Weather,18
DEL-022766,FL-099087,Late Aircraft Arrival,59
DEL-022767,FL-099090,Late Aircraft Arrival,32
DEL-022768,FL-099091,Air Traffic Control,56
DEL-022769,FL-099099,Security,16
DEL-022770,FL-099101,Air Traffic Control,135
DEL-022771,FL-099105,Maintenance,53
DEL-022772,FL-099108,Air Traffic Control,91
DEL-022773,FL-099110,Maintenance,18
DEL-022774,FL-099111,Late Aircraft Arrival,97
DEL-022775,FL-099112,Weather,39
DEL-022776,FL-099113,Air Traffic Control,17
DEL-022777,FL-099117,Air Traffic Control,38
DEL-022778,FL-099125,Late Aircraft Arrival,46
DEL-022779,FL-099127,Weather,128
DEL-022780,FL-099128,Late Aircraft Arrival,45
DEL-022781,FL-099131,Weather,15
DEL-022782,FL-099134,Maintenance,15
DEL-022783,FL-099136,Weather,28
DEL-022784,FL-099138,Weather,34
DEL-022785,FL-099139,Weather,47
DEL-022786,FL-099142,Air Traffic Control,247
DEL-022787,FL-099143,Late Aircraft Arrival,54
DEL-022788,FL-099144,Maintenance,31
DEL-022789,FL-099153,Weather,47
DEL-022790,FL-099156,Maintenance,18
DEL-022791,FL-099163,Air Traffic Control,68
DEL-022792,FL-099174,Security,28
DEL-022793,FL-099182,Late Aircraft Arrival,20
DEL-022794,FL-099185,Late Aircraft Arrival,66
DEL-022795,FL-099187,Security,24
DEL-022796,FL-099188,Air Traffic Control,18
DEL-022797,FL-099191,Air Traffic Control,209
DEL-022798,FL-099192,Late Aircraft Arrival,101
DEL-022799,FL-099201,Maintenance,85
DEL-022800,FL-099202,Air Traffic Control,22
DEL-022801,FL-099211,Air Traffic Control,102
DEL-022802,FL-099213,Maintenance,68
DEL-022803,FL-099214,Air Traffic Control,64
DEL-022804,FL-099216,Late Aircraft Arrival,49
DEL-022805,FL-099217,Maintenance,23
DEL-022806,FL-099221,Late Aircraft Arrival,26
DEL-022807,FL-099226,Late Aircraft Arrival,46
DEL-022808,FL-099232,Weather,19
DEL-022809,FL-099233,Late Aircraft Arrival,32
DEL-022810,FL-099236,Air Traffic Control,54
DEL-022811,FL-099237,Weather,130
DEL-022812,FL-099253,Air Traffic Control,17
DEL-022813,FL-099256,Maintenance,68
DEL-022814,FL-099260,Late Aircraft Arrival,151
DEL-022815,FL-099263,Air Traffic Control,28
DEL-022816,FL-099265,Maintenance,67
DEL-022817,FL-099279,Maintenance,20
DEL-022818,FL-099284,Maintenance,103
DEL-022819,FL-099286,Weather,53
DEL-022820,FL-099287,Air Traffic Control,111
DEL-022821,FL-099293,Weather,100
DEL-022822,FL-099295,Late Aircraft Arrival,85
DEL-022823,FL-099302,Late Aircraft Arrival,22
DEL-022824,FL-099305,Maintenance,23
DEL-022825,FL-099307,Maintenance,23
DEL-022826,FL-099314,Late Aircraft Arrival,30
DEL-022827,FL-099318,Air Traffic Control,149
DEL-022828,FL-099321,Maintenance,99
DEL-022829,FL-099328,Maintenance,69
DEL-022830,FL-099332,Late Aircraft Arrival,21
DEL-022831,FL-099336,Weather,31
DEL-022832,FL-099338,Air Traffic Control,16
DEL-022833,FL-099341,Weather,97
DEL-022834,FL-099346,Weather,98
DEL-022835,FL-099347,Air Traffic Control,138
DEL-022836,FL-099349,Security,72
DEL-022837,FL-099350,Late Aircraft Arrival,113
DEL-022838,FL-099351,Maintenance,123
DEL-022839,FL-099352,Maintenance,41
DEL-022840,FL-099355,Air Traffic Control,21
DEL-022841,FL-099372,Maintenance,56
DEL-022842,FL-099380,Air Traffic Control,23
DEL-022843,FL-099382,Security,18
DEL-022844,FL-099383,Maintenance,24
DEL-022845,FL-099386,Weather,60
DEL-022846,FL-099389,Weather,62
DEL-022847,FL-099411,Weather,31
DEL-022848,FL-099412,Late Aircraft Arrival,24
DEL-022849,FL-099423,Maintenance,202
DEL-022850,FL-099428,Weather,86
DEL-022851,FL-099432,Weather,96
DEL-022852,FL-099436,Late Aircraft Arrival,27
DEL-022853,FL-099437,Maintenance,107
DEL-022854,FL-099444,Air Traffic Control,18
DEL-022855,FL-099447,Air Traffic Control,18
DEL-022856,FL-099448,Air Traffic Control,223
DEL-022857,FL-099458,Weather,70
DEL-022858,FL-099459,Air Traffic Control,75
DEL-022859,FL-099461,Weather,36
DEL-022860,FL-099463,Air Traffic Control,26
DEL-022861,FL-099466,Air Traffic Control,36
DEL-022862,FL-099471,Weather,33
DEL-022863,FL-099476,Air Traffic Control,35
DEL-022864,FL-099478,Weather,23
DEL-022865,FL-099485,Late Aircraft Arrival,28
DEL-022866,FL-099493,Late Aircraft Arrival,112
DEL-022867,FL-099499,Air Traffic Control,39
DEL-022868,FL-099503,Security,26
DEL-022869,FL-099507,Late Aircraft Arrival,122
DEL-022870,FL-099512,Weather,44
DEL-022871,FL-099517,Late Aircraft Arrival,40
DEL-022872,FL-099522,Air Traffic Control,229
DEL-022873,FL-099526,Late Aircraft Arrival,101
DEL-022874,FL-099533,Maintenance,22
DEL-022875,FL-099534,Weather,43
DEL-022876,FL-099543,Maintenance,17
DEL-022877,FL-099548,Air Traffic Control,71
DEL-022878,FL-099553,Weather,42
DEL-022879,FL-099556,Late Aircraft Arrival,60
DEL-022880,FL-099558,Late Aircraft Arrival,18
DEL-022881,FL-099565,Weather,53
DEL-022882,FL-099566,Weather,16
DEL-022883,FL-099571,Maintenance,57
DEL-022884,FL-099576,Weather,119
DEL-022885,FL-099585,Maintenance,63
DEL-022886,FL-099586,Security,26
DEL-022887,FL-099593,Maintenance,27
DEL-022888,FL-099598,Weather,82
DEL-022889,FL-099602,Maintenance,53
DEL-022890,FL-099603,Air Traffic Control,72
DEL-022891,FL-099606,Late Aircraft Arrival,17
DEL-022892,FL-099613,Air Traffic Control,63
DEL-022893,FL-099616,Maintenance,19
DEL-022894,FL-099625,Weather,68
DEL-022895,FL-099627,Late Aircraft Arrival,43
DEL-022896,FL-099629,Weather,38
DEL-022897,FL-099631,Air Traffic Control,80
DEL-022898,FL-099636,Air Traffic Control,77
DEL-022899,FL-099638,Air Traffic Control,24
DEL-022900,FL-099639,Late Aircraft Arrival,33
DEL-022901,FL-099643,Late Aircraft Arrival,20
DEL-022902,FL-099646,Weather,24
DEL-022903,FL-099648,Air Traffic Control,178
DEL-022904,FL-099656,Weather,27
DEL-022905,FL-099668,Air Traffic Control,57
DEL-022906,FL-099670,Weather,34
DEL-022907,FL-099672,Late Aircraft Arrival,67
DEL-022908,FL-099675,Weather,30
DEL-022909,FL-099684,Air Traffic Control,79
DEL-022910,FL-099686,Air Traffic Control,117
DEL-022911,FL-099691,Air Traffic Control,20
DEL-022912,FL-099692,Weather,31
DEL-022913,FL-099697,Weather,71
DEL-022914,FL-099704,Late Aircraft Arrival,89
DEL-022915,FL-099705,Weather,172
DEL-022916,FL-099718,Late Aircraft Arrival,75
DEL-022917,FL-099719,Maintenance,38
DEL-022918,FL-099720,Late Aircraft Arrival,152
DEL-022919,FL-099727,Late Aircraft Arrival,24
DEL-022920,FL-099728,Security,16
DEL-022921,FL-099730,Weather,185
DEL-022922,FL-099731,Late Aircraft Arrival,75
DEL-022923,FL-099733,Weather,92
DEL-022924,FL-099734,Air Traffic Control,27
DEL-022925,FL-099744,Maintenance,47
DEL-022926,FL-099748,Weather,118
DEL-022927,FL-099755,Air Traffic Control,32
DEL-022928,FL-099757,Weather,45
DEL-022929,FL-099761,Air Traffic Control,40
DEL-022930,FL-099763,Weather,54
DEL-022931,FL-099768,Late Aircraft Arrival,28
DEL-022932,FL-099769,Air Traffic Control,24
DEL-022933,FL-099770,Maintenance,21
DEL-022934,FL-099771,Maintenance,87
DEL-022935,FL-099772,Air Traffic Control,42
DEL-022936,FL-099775,Security,117
DEL-022937,FL-099776,Maintenance,23
DEL-022938,FL-099782,Late Aircraft Arrival,15
DEL-022939,FL-099785,Late Aircraft Arrival,35
DEL-022940,FL-099788,Weather,89
DEL-022941,FL-099793,Weather,58
DEL-022942,FL-099794,Maintenance,69
DEL-022943,FL-099808,Security,27
DEL-022944,FL-099812,Late Aircraft Arrival,23
DEL-022945,FL-099815,Air Traffic Control,30
DEL-022946,FL-099820,Late Aircraft Arrival,17
DEL-022947,FL-099821,Air Traffic Control,15
DEL-022948,FL-099825,Air Traffic Control,195
DEL-022949,FL-099832,Late Aircraft Arrival,64
DEL-022950,FL-099839,Late Aircraft Arrival,28
DEL-022951,FL-099852,Maintenance,37
DEL-022952,FL-099854,Late Aircraft Arrival,102
DEL-022953,FL-099856,Air Traffic Control,55
DEL-022954,FL-099857,Maintenance,48
DEL-022955,FL-099858,Late Aircraft Arrival,68
DEL-022956,FL-099860,Air Traffic Control,46
DEL-022957,FL-099862,Air Traffic Control,34
DEL-022958,FL-099863,Air Traffic Control,117
DEL-022959,FL-099876,Security,16
DEL-022960,FL-099878,Air Traffic Control,22
DEL-022961,FL-099890,Air Traffic Control,17
DEL-022962,FL-099891,Late Aircraft Arrival,37
DEL-022963,FL-099902,Weather,33
DEL-022964,FL-099908,Maintenance,18
DEL-022965,FL-099910,Air Traffic Control,23
DEL-022966,FL-099915,Air Traffic Control,46
DEL-022967,FL-099919,Maintenance,102
DEL-022968,FL-099930,Air Traffic Control,86
DEL-022969,FL-099941,Maintenance,49
DEL-022970,FL-099950,Weather,17
DEL-022971,FL-099951,Air Traffic Control,20
DEL-022972,FL-099952,Weather,142
DEL-022973,FL-099955,Maintenance,41
DEL-022974,FL-099962,Weather,124
DEL-022975,FL-099963,Air Traffic Control,16
DEL-022976,FL-099964,Late Aircraft Arrival,53
DEL-022977,FL-099969,Weather,23
DEL-022978,FL-099990,Air Traffic Control,48
DEL-022979,FL-099999,Air Traffic Control,25
