Weather_ID,Airport_Code,Date,Temperature_C,Wind_Speed_Kts,Visibility_KM,Condition
WX-0000001,JED,2024-01-01,21,13,9.4,Clear
WX-0000002,JED,2024-01-02,12,10,8.3,Clear
WX-0000003,JED,2024-01-03,20,10,8.7,Clear
WX-0000004,JED,2024-01-04,30,7,8.9,Clear
WX-0000005,JED,2024-01-05,17,5,9.3,Cloudy
WX-0000006,JED,2024-01-06,36,7,8.3,Clear
WX-0000007,JED,2024-01-07,20,10,9.0,Clear
WX-0000008,JED,2024-01-08,16,13,9.9,Clear
WX-0000009,JED,2024-01-09,39,5,1.4,Fog
WX-0000010,JED,2024-01-10,30,13,1.0,Fog
WX-0000011,JED,2024-01-11,28,3,8.9,Cloudy
WX-0000012,JED,2024-01-12,19,12,8.5,Clear
WX-0000013,JED,2024-01-13,27,13,8.6,Clear
WX-0000014,JED,2024-01-14,15,12,9.6,Clear
WX-0000015,JED,2024-01-15,27,6,8.4,Clear
WX-0000016,JED,2024-01-16,38,2,9.3,Clear
WX-0000017,JED,2024-01-17,12,8,9.6,Clear
WX-0000018,JED,2024-01-18,24,6,8.4,Clear
WX-0000019,JED,2024-01-19,27,11,9.8,Clear
WX-0000020,JED,2024-01-20,37,10,8.0,Clear
WX-0000021,JED,2024-01-21,35,40,3.6,Storm
WX-0000022,JED,2024-01-22,16,7,9.6,Rain
WX-0000023,JED,2024-01-23,25,12,9.9,Clear
WX-0000024,JED,2024-01-24,32,2,8.5,Clear
WX-0000025,JED,2024-01-25,18,42,8.2,Rain
WX-0000026,JED,2024-01-26,12,14,8.7,Clear
WX-0000027,JED,2024-01-27,39,6,8.1,Clear
WX-0000028,JED,2024-01-28,17,8,2.0,Fog
WX-0000029,JED,2024-01-29,24,10,8.3,Clear
WX-0000030,JED,2024-01-30,35,7,9.6,Cloudy
WX-0000031,JED,2024-01-31,21,3,8.3,Clear
WX-0000032,JED,2024-02-01,19,3,2.0,Fog
WX-0000033,JED,2024-02-02,28,7,9.9,Cloudy
WX-0000034,JED,2024-02-03,30,20,1.9,Storm
WX-0000035,JED,2024-02-04,22,8,9.6,Clear
WX-0000036,JED,2024-02-05,17,9,9.5,Clear
WX-0000037,JED,2024-02-06,19,9,9.2,Clear
WX-0000038,JED,2024-02-07,14,4,9.3,Clear
WX-0000039,JED,2024-02-08,37,8,8.5,Clear
WX-0000040,JED,2024-02-09,29,6,8.4,Cloudy
WX-0000041,JED,2024-02-10,30,13,3.9,Fog
WX-0000042,JED,2024-02-11,10,5,8.5,Cloudy
WX-0000043,JED,2024-02-12,29,13,8.7,Cloudy
WX-0000044,JED,2024-02-13,41,25,1.4,Storm
WX-0000045,JED,2024-02-14,30,2,8.5,Clear
WX-0000046,JED,2024-02-15,37,9,8.9,Cloudy
WX-0000047,JED,2024-02-16,35,33,2.7,Storm
WX-0000048,JED,2024-02-17,20,37,9.2,Rain
WX-0000049,JED,2024-02-18,18,6,9.8,Cloudy
WX-0000050,JED,2024-02-19,29,10,8.6,Clear
WX-0000051,JED,2024-02-20,17,13,9.0,Cloudy
WX-0000052,JED,2024-02-21,25,9,8.1,Clear
WX-0000053,JED,2024-02-22,22,5,8.5,Rain
WX-0000054,JED,2024-02-23,38,24,2.2,Storm
WX-0000055,JED,2024-02-24,27,14,8.6,Clear
WX-0000056,JED,2024-02-25,36,12,8.4,Clear
WX-0000057,JED,2024-02-26,40,3,9.5,Clear
WX-0000058,JED,2024-02-27,28,13,9.7,Cloudy
WX-0000059,JED,2024-02-28,10,13,9.1,Clear
WX-0000060,JED,2024-02-29,40,8,9.0,Clear
WX-0000061,JED,2024-03-01,28,25,8.1,Rain
WX-0000062,JED,2024-03-02,20,7,9.9,Cloudy
WX-0000063,JED,2024-03-03,15,31,9.3,Rain
WX-0000064,JED,2024-03-04,19,12,9.6,Cloudy
WX-0000065,JED,2024-03-05,19,41,8.5,Rain
WX-0000066,JED,2024-03-06,38,12,9.9,Clear
WX-0000067,JED,2024-03-07,24,13,9.5,Clear
WX-0000068,JED,2024-03-08,13,20,8.1,Rain
WX-0000069,JED,2024-03-09,16,8,8.4,Cloudy
WX-0000070,JED,2024-03-10,17,9,8.7,Clear
WX-0000071,JED,2024-03-11,33,31,9.7,Rain
WX-0000072,JED,2024-03-12,14,7,9.7,Clear
WX-0000073,JED,2024-03-13,20,7,9.5,Clear
WX-0000074,JED,2024-03-14,22,8,8.1,Cloudy
WX-0000075,JED,2024-03-15,17,14,8.9,Clear
WX-0000076,JED,2024-03-16,29,3,9.7,Clear
WX-0000077,JED,2024-03-17,39,6,1.8,Fog
WX-0000078,JED,2024-03-18,27,9,9.4,Cloudy
WX-0000079,JED,2024-03-19,20,39,8.7,Rain
WX-0000080,JED,2024-03-20,21,10,8.5,Clear
WX-0000081,JED,2024-03-21,37,3,8.1,Clear
WX-0000082,JED,2024-03-22,18,14,9.3,Cloudy
WX-0000083,JED,2024-03-23,24,31,8.5,Rain
WX-0000084,JED,2024-03-24,17,13,9.0,Clear
WX-0000085,JED,2024-03-25,13,7,8.6,Clear
WX-0000086,JED,2024-03-26,33,3,8.0,Clear
WX-0000087,JED,2024-03-27,34,25,3.3,Storm
WX-0000088,JED,2024-03-28,38,11,9.8,Clear
WX-0000089,JED,2024-03-29,30,3,2.8,Fog
WX-0000090,JED,2024-03-30,41,34,9.2,Rain
WX-0000091,JED,2024-03-31,12,12,8.8,Clear
WX-0000092,JED,2024-04-01,28,14,8.4,Clear
WX-0000093,JED,2024-04-02,34,5,9.0,Cloudy
WX-0000094,JED,2024-04-03,39,24,8.0,Rain
WX-0000095,JED,2024-04-04,16,2,8.3,Cloudy
WX-0000096,JED,2024-04-05,15,6,8.6,Clear
WX-0000097,JED,2024-04-06,19,9,3.6,Fog
WX-0000098,JED,2024-04-07,28,6,8.1,Cloudy
WX-0000099,JED,2024-04-08,23,10,9.2,Clear
WX-0000100,JED,2024-04-09,33,4,8.5,Clear
WX-0000101,JED,2024-04-10,41,4,8.8,Clear
WX-0000102,JED,2024-04-11,16,7,8.7,Clear
WX-0000103,JED,2024-04-12,22,12,8.6,Clear
WX-0000104,JED,2024-04-13,16,6,9.5,Clear
WX-0000105,JED,2024-04-14,25,32,10.0,Rain
WX-0000106,JED,2024-04-15,41,13,8.4,Cloudy
WX-0000107,JED,2024-04-16,26,7,9.8,Clear
WX-0000108,JED,2024-04-17,38,8,9.1,Clear
WX-0000109,JED,2024-04-18,15,3,8.5,Clear
WX-0000110,JED,2024-04-19,22,5,9.9,Clear
WX-0000111,JED,2024-04-20,39,9,9.6,Clear
WX-0000112,JED,2024-04-21,15,2,8.6,Clear
WX-0000113,JED,2024-04-22,16,16,8.6,Rain
WX-0000114,JED,2024-04-23,12,11,1.2,Fog
WX-0000115,JED,2024-04-24,30,12,8.1,Clear
WX-0000116,JED,2024-04-25,12,8,9.3,Clear
WX-0000117,JED,2024-04-26,41,6,9.9,Clear
WX-0000118,JED,2024-04-27,21,12,8.9,Clear
WX-0000119,JED,2024-04-28,17,2,8.8,Clear
WX-0000120,JED,2024-04-29,17,13,1.6,Fog
WX-0000121,JED,2024-04-30,39,9,9.7,Clear
WX-0000122,JED,2024-05-01,27,14,9.8,Clear
WX-0000123,JED,2024-05-02,20,8,9.3,Clear
WX-0000124,JED,2024-05-03,32,12,9.1,Clear
WX-0000125,JED,2024-05-04,26,34,8.2,Rain
WX-0000126,JED,2024-05-05,23,12,8.9,Cloudy
WX-0000127,JED,2024-05-06,23,9,8.8,Clear
WX-0000128,JED,2024-05-07,37,9,9.1,Clear
WX-0000129,JED,2024-05-08,34,13,8.6,Clear
WX-0000130,JED,2024-05-09,13,10,8.8,Clear
WX-0000131,JED,2024-05-10,16,10,10.0,Clear
WX-0000132,JED,2024-05-11,32,14,10.0,Cloudy
WX-0000133,JED,2024-05-12,28,12,8.8,Clear
WX-0000134,JED,2024-05-13,36,13,9.4,Clear
WX-0000135,JED,2024-05-14,19,14,9.0,Rain
WX-0000136,JED,2024-05-15,39,26,3.6,Storm
WX-0000137,JED,2024-05-16,37,7,9.6,Clear
WX-0000138,JED,2024-05-17,11,13,9.9,Clear
WX-0000139,JED,2024-05-18,32,10,9.5,Clear
WX-0000140,JED,2024-05-19,28,10,8.5,Clear
WX-0000141,JED,2024-05-20,30,4,8.4,Cloudy
WX-0000142,JED,2024-05-21,23,4,9.5,Cloudy
WX-0000143,JED,2024-05-22,38,7,8.5,Clear
WX-0000144,JED,2024-05-23,31,12,9.7,Clear
WX-0000145,JED,2024-05-24,36,6,9.2,Clear
WX-0000146,JED,2024-05-25,25,3,10.0,Clear
WX-0000147,JED,2024-05-26,41,2,2.2,Fog
WX-0000148,JED,2024-05-27,21,8,8.0,Clear
WX-0000149,JED,2024-05-28,16,14,8.3,Cloudy
WX-0000150,JED,2024-05-29,19,10,8.5,Cloudy
WX-0000151,JED,2024-05-30,15,7,8.5,Clear
WX-0000152,JED,2024-05-31,38,3,8.8,Clear
WX-0000153,JED,2024-06-01,31,8,9.7,Clear
WX-0000154,JED,2024-06-02,26,9,9.1,Cloudy
WX-0000155,JED,2024-06-03,35,5,9.7,Clear
WX-0000156,JED,2024-06-04,36,10,8.2,Clear
WX-0000157,JED,2024-06-05,12,4,9.4,Cloudy
WX-0000158,JED,2024-06-06,41,9,9.2,Clear
WX-0000159,JED,2024-06-07,35,2,2.1,Fog
WX-0000160,JED,2024-06-08,28,13,9.6,Cloudy
WX-0000161,JED,2024-06-09,15,4,8.2,Clear
WX-0000162,JED,2024-06-10,15,9,9.8,Clear
WX-0000163,JED,2024-06-11,41,5,8.1,Clear
WX-0000164,JED,2024-06-12,25,2,9.7,Clear
WX-0000165,JED,2024-06-13,33,8,8.5,Clear
WX-0000166,JED,2024-06-14,14,14,8.7,Clear
WX-0000167,JED,2024-06-15,35,20,9.1,Rain
WX-0000168,JED,2024-06-16,18,4,9.7,Clear
WX-0000169,JED,2024-06-17,40,3,8.4,Cloudy
WX-0000170,JED,2024-06-18,35,3,8.8,Clear
WX-0000171,JED,2024-06-19,20,39,3.3,Storm
WX-0000172,JED,2024-06-20,41,14,9.2,Clear
WX-0000173,JED,2024-06-21,13,7,9.3,Clear
WX-0000174,JED,2024-06-22,23,10,9.9,Clear
WX-0000175,JED,2024-06-23,10,7,8.1,Clear
WX-0000176,JED,2024-06-24,17,14,10.0,Clear
WX-0000177,JED,2024-06-25,34,8,10.0,Clear
WX-0000178,JED,2024-06-26,12,13,9.9,Cloudy
WX-0000179,JED,2024-06-27,25,5,8.6,Clear
WX-0000180,JED,2024-06-28,21,14,9.3,Cloudy
WX-0000181,JED,2024-06-29,38,9,8.9,Cloudy
WX-0000182,JED,2024-06-30,30,14,9.5,Clear
WX-0000183,JED,2024-07-01,23,5,8.3,Clear
WX-0000184,JED,2024-07-02,23,3,8.6,Clear
WX-0000185,JED,2024-07-03,33,24,8.6,Rain
WX-0000186,JED,2024-07-04,10,2,8.6,Clear
WX-0000187,JED,2024-07-05,26,11,9.5,Clear
WX-0000188,JED,2024-07-06,32,42,9.1,Rain
WX-0000189,JED,2024-07-07,21,8,8.6,Cloudy
WX-0000190,JED,2024-07-08,33,4,9.2,Clear
WX-0000191,JED,2024-07-09,22,10,9.1,Clear
WX-0000192,JED,2024-07-10,35,5,8.3,Cloudy
WX-0000193,JED,2024-07-11,16,27,8.5,Rain
WX-0000194,JED,2024-07-12,30,4,9.7,Clear
WX-0000195,JED,2024-07-13,17,3,9.0,Clear
WX-0000196,JED,2024-07-14,23,8,1.9,Fog
WX-0000197,JED,2024-07-15,18,14,9.0,Clear
WX-0000198,JED,2024-07-16,11,3,8.9,Cloudy
WX-0000199,JED,2024-07-17,26,9,8.2,Clear
WX-0000200,JED,2024-07-18,14,12,2.9,Fog
WX-0000201,JED,2024-07-19,14,11,9.5,Rain
WX-0000202,JED,2024-07-20,17,11,9.5,Clear
WX-0000203,JED,2024-07-21,34,12,9.5,Cloudy
WX-0000204,JED,2024-07-22,38,12,9.9,Clear
WX-0000205,JED,2024-07-23,30,14,8.4,Clear
WX-0000206,JED,2024-07-24,27,12,8.7,Clear
WX-0000207,JED,2024-07-25,33,10,8.1,Clear
WX-0000208,JED,2024-07-26,36,14,10.0,Clear
WX-0000209,JED,2024-07-27,18,6,1.7,Fog
WX-0000210,JED,2024-07-28,10,9,8.1,Clear
WX-0000211,JED,2024-07-29,18,23,8.2,Rain
WX-0000212,JED,2024-07-30,41,10,9.9,Clear
WX-0000213,JED,2024-07-31,18,5,9.7,Clear
WX-0000214,JED,2024-08-01,29,8,8.9,Clear
WX-0000215,JED,2024-08-02,28,13,9.7,Clear
WX-0000216,JED,2024-08-03,33,10,8.6,Clear
WX-0000217,JED,2024-08-04,30,43,9.3,Rain
WX-0000218,JED,2024-08-05,24,9,9.5,Clear
WX-0000219,JED,2024-08-06,40,7,8.8,Clear
WX-0000220,JED,2024-08-07,13,11,9.6,Clear
WX-0000221,JED,2024-08-08,34,4,8.4,Cloudy
WX-0000222,JED,2024-08-09,18,2,9.7,Clear
WX-0000223,JED,2024-08-10,26,5,9.7,Clear
WX-0000224,JED,2024-08-11,39,2,9.5,Clear
WX-0000225,JED,2024-08-12,34,6,9.1,Clear
WX-0000226,JED,2024-08-13,28,26,9.1,Rain
WX-0000227,JED,2024-08-14,32,3,8.9,Clear
WX-0000228,JED,2024-08-15,37,11,9.1,Clear
WX-0000229,JED,2024-08-16,13,7,9.7,Clear
WX-0000230,JED,2024-08-17,26,14,8.4,Clear
WX-0000231,JED,2024-08-18,10,13,9.0,Clear
WX-0000232,JED,2024-08-19,34,6,1.7,Fog
WX-0000233,JED,2024-08-20,14,8,8.9,Clear
WX-0000234,JED,2024-08-21,10,3,8.1,Clear
WX-0000235,JED,2024-08-22,31,2,9.5,Clear
WX-0000236,JED,2024-08-23,19,12,8.1,Cloudy
WX-0000237,JED,2024-08-24,33,21,8.4,Rain
WX-0000238,JED,2024-08-25,25,5,9.3,Clear
WX-0000239,JED,2024-08-26,28,3,9.7,Clear
WX-0000240,JED,2024-08-27,16,2,8.5,Clear
WX-0000241,JED,2024-08-28,34,7,9.8,Cloudy
WX-0000242,JED,2024-08-29,16,14,9.0,Cloudy
WX-0000243,JED,2024-08-30,35,6,9.5,Clear
WX-0000244,JED,2024-08-31,35,14,8.6,Cloudy
WX-0000245,JED,2024-09-01,35,6,8.7,Clear
WX-0000246,JED,2024-09-02,25,7,1.7,Fog
WX-0000247,JED,2024-09-03,29,4,8.8,Clear
WX-0000248,JED,2024-09-04,37,8,8.4,Clear
WX-0000249,JED,2024-09-05,14,7,8.0,Clear
WX-0000250,JED,2024-09-06,30,2,9.0,Cloudy
WX-0000251,JED,2024-09-07,30,10,9.9,Clear
WX-0000252,JED,2024-09-08,34,2,8.8,Clear
WX-0000253,JED,2024-09-09,27,10,8.8,Cloudy
WX-0000254,JED,2024-09-10,22,4,8.2,Clear
WX-0000255,JED,2024-09-11,41,6,8.7,Clear
WX-0000256,JED,2024-09-12,41,5,8.9,Clear
WX-0000257,JED,2024-09-13,23,39,9.6,Rain
WX-0000258,JED,2024-09-14,41,41,1.9,Storm
WX-0000259,JED,2024-09-15,17,2,8.9,Cloudy
WX-0000260,JED,2024-09-16,19,42,1.1,Storm
WX-0000261,JED,2024-09-17,16,5,1.5,Storm
WX-0000262,JED,2024-09-18,25,44,1.3,Storm
WX-0000263,JED,2024-09-19,13,14,9.8,Clear
WX-0000264,JED,2024-09-20,27,4,8.8,Clear
WX-0000265,JED,2024-09-21,27,11,8.6,Clear
WX-0000266,JED,2024-09-22,11,10,9.2,Clear
WX-0000267,JED,2024-09-23,11,14,8.7,Clear
WX-0000268,JED,2024-09-24,40,12,9.7,Clear
WX-0000269,JED,2024-09-25,41,6,8.2,Clear
WX-0000270,JED,2024-09-26,39,29,2.9,Storm
WX-0000271,JED,2024-09-27,38,13,9.0,Clear
WX-0000272,JED,2024-09-28,19,14,8.2,Clear
WX-0000273,JED,2024-09-29,14,10,8.3,Clear
WX-0000274,JED,2024-09-30,16,6,8.2,Clear
WX-0000275,JED,2024-10-01,11,9,8.9,Clear
WX-0000276,JED,2024-10-02,29,10,8.1,Clear
WX-0000277,JED,2024-10-03,39,4,9.2,Clear
WX-0000278,JED,2024-10-04,30,6,9.4,Clear
WX-0000279,JED,2024-10-05,12,13,8.5,Clear
WX-0000280,JED,2024-10-06,31,6,9.1,Clear
WX-0000281,JED,2024-10-07,15,9,9.7,Clear
WX-0000282,JED,2024-10-08,23,13,8.6,Clear
WX-0000283,JED,2024-10-09,37,5,8.3,Rain
WX-0000284,JED,2024-10-10,36,9,8.8,Clear
WX-0000285,JED,2024-10-11,37,9,9.1,Cloudy
WX-0000286,JED,2024-10-12,31,7,9.4,Clear
WX-0000287,JED,2024-10-13,10,7,9.4,Cloudy
WX-0000288,JED,2024-10-14,23,42,8.3,Rain
WX-0000289,JED,2024-10-15,31,7,8.0,Clear
WX-0000290,JED,2024-10-16,33,10,8.8,Clear
WX-0000291,JED,2024-10-17,19,8,8.9,Cloudy
WX-0000292,JED,2024-10-18,28,7,9.5,Clear
WX-0000293,JED,2024-10-19,41,7,8.9,Cloudy
WX-0000294,JED,2024-10-20,37,17,8.3,Rain
WX-0000295,JED,2024-10-21,22,14,9.5,Cloudy
WX-0000296,JED,2024-10-22,31,13,8.4,Cloudy
WX-0000297,JED,2024-10-23,22,7,9.8,Clear
WX-0000298,JED,2024-10-24,29,7,8.7,Clear
WX-0000299,JED,2024-10-25,22,6,9.5,Cloudy
WX-0000300,JED,2024-10-26,11,13,8.6,Clear
WX-0000301,JED,2024-10-27,35,4,8.1,Clear
WX-0000302,JED,2024-10-28,19,9,9.4,Clear
WX-0000303,JED,2024-10-29,13,11,9.9,Clear
WX-0000304,JED,2024-10-30,40,7,9.6,Cloudy
WX-0000305,JED,2024-10-31,38,2,9.4,Clear
WX-0000306,JED,2024-11-01,18,14,1.2,Fog
WX-0000307,JED,2024-11-02,13,44,8.9,Rain
WX-0000308,JED,2024-11-03,22,10,8.2,Clear
WX-0000309,JED,2024-11-04,20,10,8.8,Rain
WX-0000310,JED,2024-11-05,12,10,9.5,Cloudy
WX-0000311,JED,2024-11-06,38,12,9.2,Clear
WX-0000312,JED,2024-11-07,14,11,8.3,Clear
WX-0000313,JED,2024-11-08,38,2,8.7,Clear
WX-0000314,JED,2024-11-09,24,11,8.9,Cloudy
WX-0000315,JED,2024-11-10,12,13,8.6,Cloudy
WX-0000316,JED,2024-11-11,19,5,9.1,Cloudy
WX-0000317,JED,2024-11-12,21,3,8.1,Clear
WX-0000318,JED,2024-11-13,30,2,8.0,Clear
WX-0000319,JED,2024-11-14,13,6,8.0,Clear
WX-0000320,JED,2024-11-15,24,4,8.2,Clear
WX-0000321,JED,2024-11-16,25,9,1.5,Fog
WX-0000322,JED,2024-11-17,19,4,9.6,Clear
WX-0000323,JED,2024-11-18,10,5,10.0,Clear
WX-0000324,JED,2024-11-19,29,8,9.9,Cloudy
WX-0000325,JED,2024-11-20,26,7,8.3,Clear
WX-0000326,JED,2024-11-21,28,3,9.6,Clear
WX-0000327,JED,2024-11-22,35,12,9.4,Cloudy
WX-0000328,JED,2024-11-23,32,6,9.9,Clear
WX-0000329,JED,2024-11-24,26,19,8.8,Rain
WX-0000330,JED,2024-11-25,26,11,9.1,Clear
WX-0000331,JED,2024-11-26,20,7,9.6,Cloudy
WX-0000332,JED,2024-11-27,34,5,9.5,Cloudy
WX-0000333,JED,2024-11-28,10,4,9.5,Cloudy
WX-0000334,JED,2024-11-29,38,4,8.3,Clear
WX-0000335,JED,2024-11-30,27,7,9.5,Clear
WX-0000336,JED,2024-12-01,18,14,9.0,Clear
WX-0000337,JED,2024-12-02,36,2,9.3,Cloudy
WX-0000338,JED,2024-12-03,39,13,9.2,Clear
WX-0000339,JED,2024-12-04,34,14,9.9,Clear
WX-0000340,JED,2024-12-05,10,5,8.8,Clear
WX-0000341,JED,2024-12-06,14,6,8.3,Clear
WX-0000342,JED,2024-12-07,36,14,8.1,Clear
WX-0000343,JED,2024-12-08,38,8,8.2,Cloudy
WX-0000344,JED,2024-12-09,40,6,9.6,Clear
WX-0000345,JED,2024-12-10,17,9,3.1,Fog
WX-0000346,JED,2024-12-11,35,14,3.4,Fog
WX-0000347,JED,2024-12-12,37,11,9.7,Clear
WX-0000348,JED,2024-12-13,29,11,8.8,Clear
WX-0000349,JED,2024-12-14,33,11,9.1,Clear
WX-0000350,JED,2024-12-15,29,14,9.8,Cloudy
WX-0000351,JED,2024-12-16,32,24,9.6,Rain
WX-0000352,JED,2024-12-17,40,13,8.2,Clear
WX-0000353,JED,2024-12-18,23,3,8.8,Clear
WX-0000354,JED,2024-12-19,35,35,9.8,Rain
WX-0000355,JED,2024-12-20,36,12,9.5,Cloudy
WX-0000356,JED,2024-12-21,17,5,8.1,Cloudy
WX-0000357,JED,2024-12-22,31,2,9.9,Clear
WX-0000358,JED,2024-12-23,10,4,8.3,Clear
WX-0000359,JED,2024-12-24,16,6,1.4,Fog
WX-0000360,JED,2024-12-25,20,12,2.2,Fog
WX-0000361,JED,2024-12-26,37,6,8.1,Clear
WX-0000362,JED,2024-12-27,14,6,9.1,Clear
WX-0000363,JED,2024-12-28,14,14,8.9,Clear
WX-0000364,JED,2024-12-29,13,10,9.3,Clear
WX-0000365,JED,2024-12-30,27,12,10.0,Clear
WX-0000366,JED,2024-12-31,35,5,9.6,Cloudy
WX-0000367,JED,2025-01-01,15,8,8.9,Clear
WX-0000368,JED,2025-01-02,22,9,8.4,Clear
WX-0000369,JED,2025-01-03,22,5,8.2,Cloudy
WX-0000370,JED,2025-01-04,12,4,9.8,Clear
WX-0000371,JED,2025-01-05,13,10,9.5,Clear
WX-0000372,JED,2025-01-06,22,19,8.2,Rain
WX-0000373,JED,2025-01-07,38,13,9.9,Cloudy
WX-0000374,JED,2025-01-08,27,11,9.4,Cloudy
WX-0000375,JED,2025-01-09,38,13,8.8,Cloudy
WX-0000376,JED,2025-01-10,35,6,8.3,Clear
WX-0000377,JED,2025-01-11,13,7,9.4,Clear
WX-0000378,JED,2025-01-12,24,30,1.2,Storm
WX-0000379,JED,2025-01-13,25,5,8.8,Clear
WX-0000380,JED,2025-01-14,28,13,9.8,Clear
WX-0000381,JED,2025-01-15,18,5,9.4,Clear
WX-0000382,JED,2025-01-16,30,9,8.1,Clear
WX-0000383,JED,2025-01-17,28,29,1.5,Storm
WX-0000384,JED,2025-01-18,34,9,2.1,Fog
WX-0000385,JED,2025-01-19,33,10,9.9,Cloudy
WX-0000386,JED,2025-01-20,40,2,8.2,Clear
WX-0000387,JED,2025-01-21,13,14,9.7,Clear
WX-0000388,JED,2025-01-22,24,2,8.0,Clear
WX-0000389,JED,2025-01-23,25,14,8.6,Clear
WX-0000390,JED,2025-01-24,25,13,9.1,Clear
WX-0000391,JED,2025-01-25,12,8,8.2,Clear
WX-0000392,JED,2025-01-26,11,5,8.1,Clear
WX-0000393,JED,2025-01-27,16,5,9.6,Clear
WX-0000394,JED,2025-01-28,28,5,9.2,Clear
WX-0000395,JED,2025-01-29,21,2,8.6,Cloudy
WX-0000396,JED,2025-01-30,13,9,9.2,Clear
WX-0000397,JED,2025-01-31,22,5,9.4,Clear
WX-0000398,JED,2025-02-01,16,8,8.7,Clear
WX-0000399,JED,2025-02-02,24,9,9.2,Rain
WX-0000400,JED,2025-02-03,35,7,8.9,Cloudy
WX-0000401,JED,2025-02-04,15,2,9.1,Clear
WX-0000402,JED,2025-02-05,29,13,8.8,Cloudy
WX-0000403,JED,2025-02-06,29,4,9.8,Clear
WX-0000404,JED,2025-02-07,38,9,9.8,Cloudy
WX-0000405,JED,2025-02-08,25,4,8.2,Clear
WX-0000406,JED,2025-02-09,31,3,9.9,Clear
WX-0000407,JED,2025-02-10,27,5,9.5,Clear
WX-0000408,JED,2025-02-11,11,8,8.9,Clear
WX-0000409,JED,2025-02-12,29,2,8.1,Clear
WX-0000410,JED,2025-02-13,36,14,8.1,Clear
WX-0000411,JED,2025-02-14,34,10,9.6,Clear
WX-0000412,JED,2025-02-15,36,21,9.7,Rain
WX-0000413,JED,2025-02-16,40,11,8.6,Clear
WX-0000414,JED,2025-02-17,16,14,8.2,Clear
WX-0000415,JED,2025-02-18,28,7,9.5,Clear
WX-0000416,JED,2025-02-19,40,14,9.8,Clear
WX-0000417,JED,2025-02-20,34,10,8.5,Clear
WX-0000418,JED,2025-02-21,34,7,9.2,Clear
WX-0000419,JED,2025-02-22,10,5,9.7,Clear
WX-0000420,JED,2025-02-23,25,5,8.5,Clear
WX-0000421,JED,2025-02-24,41,6,9.5,Cloudy
WX-0000422,JED,2025-02-25,26,31,8.2,Rain
WX-0000423,JED,2025-02-26,21,6,9.4,Cloudy
WX-0000424,JED,2025-02-27,29,4,8.1,Clear
WX-0000425,JED,2025-02-28,29,7,8.3,Clear
WX-0000426,JED,2025-03-01,19,14,8.9,Rain
WX-0000427,JED,2025-03-02,33,3,8.9,Clear
WX-0000428,JED,2025-03-03,21,10,8.9,Clear
WX-0000429,JED,2025-03-04,18,2,3.5,Fog
WX-0000430,JED,2025-03-05,37,12,9.0,Cloudy
WX-0000431,JED,2025-03-06,14,20,3.9,Storm
WX-0000432,JED,2025-03-07,31,2,9.9,Cloudy
WX-0000433,JED,2025-03-08,29,24,9.6,Rain
WX-0000434,JED,2025-03-09,26,3,8.9,Cloudy
WX-0000435,JED,2025-03-10,38,2,8.9,Cloudy
WX-0000436,JED,2025-03-11,12,13,8.2,Clear
WX-0000437,JED,2025-03-12,13,14,9.8,Clear
WX-0000438,JED,2025-03-13,34,9,8.2,Clear
WX-0000439,JED,2025-03-14,17,9,8.6,Clear
WX-0000440,JED,2025-03-15,32,14,9.9,Clear
WX-0000441,JED,2025-03-16,14,2,9.3,Clear
WX-0000442,JED,2025-03-17,12,9,8.5,Cloudy
WX-0000443,JED,2025-03-18,26,11,1.7,Fog
WX-0000444,JED,2025-03-19,20,14,9.3,Clear
WX-0000445,JED,2025-03-20,28,12,8.5,Rain
WX-0000446,JED,2025-03-21,15,2,9.6,Clear
WX-0000447,JED,2025-03-22,40,23,1.1,Storm
WX-0000448,JED,2025-03-23,33,3,8.1,Clear
WX-0000449,JED,2025-03-24,15,9,8.7,Cloudy
WX-0000450,JED,2025-03-25,18,10,8.1,Clear
WX-0000451,JED,2025-03-26,38,41,2.5,Storm
WX-0000452,JED,2025-03-27,37,2,9.5,Cloudy
WX-0000453,JED,2025-03-28,29,9,8.1,Clear
WX-0000454,JED,2025-03-29,30,12,8.6,Clear
WX-0000455,JED,2025-03-30,35,8,9.1,Clear
WX-0000456,JED,2025-03-31,37,5,8.4,Clear
WX-0000457,JED,2025-04-01,13,11,9.9,Clear
WX-0000458,JED,2025-04-02,16,12,8.6,Clear
WX-0000459,JED,2025-04-03,17,7,9.3,Clear
WX-0000460,JED,2025-04-04,32,14,9.4,Clear
WX-0000461,JED,2025-04-05,14,11,8.3,Clear
WX-0000462,JED,2025-04-06,40,4,9.9,Clear
WX-0000463,JED,2025-04-07,41,13,8.1,Clear
WX-0000464,JED,2025-04-08,17,8,9.2,Clear
WX-0000465,JED,2025-04-09,41,11,10.0,Cloudy
WX-0000466,JED,2025-04-10,16,13,8.2,Clear
WX-0000467,JED,2025-04-11,17,10,8.9,Cloudy
WX-0000468,JED,2025-04-12,26,13,9.0,Clear
WX-0000469,JED,2025-04-13,21,15,9.5,Rain
WX-0000470,JED,2025-04-14,40,13,8.2,Cloudy
WX-0000471,JED,2025-04-15,34,10,8.6,Clear
WX-0000472,JED,2025-04-16,15,11,9.6,Clear
WX-0000473,JED,2025-04-17,20,12,8.2,Clear
WX-0000474,JED,2025-04-18,29,10,8.6,Cloudy
WX-0000475,JED,2025-04-19,27,6,9.8,Clear
WX-0000476,JED,2025-04-20,32,8,8.3,Cloudy
WX-0000477,JED,2025-04-21,25,8,9.0,Cloudy
WX-0000478,JED,2025-04-22,18,4,9.6,Clear
WX-0000479,JED,2025-04-23,16,8,3.0,Storm
WX-0000480,JED,2025-04-24,13,14,9.4,Clear
WX-0000481,JED,2025-04-25,41,32,8.6,Rain
WX-0000482,JED,2025-04-26,31,3,2.0,Fog
WX-0000483,JED,2025-04-27,33,9,8.9,Clear
WX-0000484,JED,2025-04-28,11,7,9.4,Rain
WX-0000485,JED,2025-04-29,32,18,9.8,Rain
WX-0000486,JED,2025-04-30,41,8,9.0,Clear
WX-0000487,JED,2025-05-01,11,5,9.5,Clear
WX-0000488,JED,2025-05-02,35,4,8.8,Clear
WX-0000489,JED,2025-05-03,14,2,9.9,Clear
WX-0000490,JED,2025-05-04,34,3,8.8,Clear
WX-0000491,JED,2025-05-05,27,12,9.5,Cloudy
WX-0000492,JED,2025-05-06,15,9,10.0,Clear
WX-0000493,JED,2025-05-07,20,14,8.7,Clear
WX-0000494,JED,2025-05-08,12,12,8.0,Clear
WX-0000495,JED,2025-05-09,17,2,8.9,Clear
WX-0000496,JED,2025-05-10,14,37,9.6,Rain
WX-0000497,JED,2025-05-11,24,5,9.7,Clear
WX-0000498,JED,2025-05-12,16,10,9.9,Clear
WX-0000499,JED,2025-05-13,37,38,3.2,Storm
WX-0000500,JED,2025-05-14,40,2,8.3,Clear
WX-0000501,JED,2025-05-15,30,5,8.6,Clear
WX-0000502,JED,2025-05-16,15,6,8.8,Clear
WX-0000503,JED,2025-05-17,37,12,9.9,Cloudy
WX-0000504,JED,2025-05-18,27,11,8.7,Clear
WX-0000505,JED,2025-05-19,10,8,9.2,Cloudy
WX-0000506,JED,2025-05-20,31,9,9.8,Cloudy
WX-0000507,JED,2025-05-21,41,14,9.3,Cloudy
WX-0000508,JED,2025-05-22,12,12,9.4,Clear
WX-0000509,JED,2025-05-23,36,2,8.5,Clear
WX-0000510,JED,2025-05-24,11,5,9.1,Clear
WX-0000511,JED,2025-05-25,33,9,9.8,Clear
WX-0000512,JED,2025-05-26,21,4,8.8,Clear
WX-0000513,JED,2025-05-27,15,14,9.7,Clear
WX-0000514,JED,2025-05-28,17,11,8.2,Cloudy
WX-0000515,JED,2025-05-29,35,14,9.0,Clear
WX-0000516,JED,2025-05-30,32,6,8.9,Cloudy
WX-0000517,JED,2025-05-31,14,11,9.2,Cloudy
WX-0000518,JED,2025-06-01,32,12,8.2,Cloudy
WX-0000519,JED,2025-06-02,35,5,8.4,Clear
WX-0000520,JED,2025-06-03,36,5,8.8,Cloudy
WX-0000521,JED,2025-06-04,32,12,9.1,Clear
WX-0000522,JED,2025-06-05,33,3,8.4,Clear
WX-0000523,JED,2025-06-06,24,9,9.7,Rain
WX-0000524,JED,2025-06-07,38,2,9.4,Clear
WX-0000525,JED,2025-06-08,30,7,9.0,Rain
WX-0000526,JED,2025-06-09,27,8,9.9,Clear
WX-0000527,JED,2025-06-10,11,8,8.2,Cloudy
WX-0000528,JED,2025-06-11,15,12,9.5,Clear
WX-0000529,JED,2025-06-12,41,19,8.0,Rain
WX-0000530,JED,2025-06-13,24,4,8.2,Clear
WX-0000531,JED,2025-06-14,28,12,10.0,Clear
WX-0000532,JED,2025-06-15,11,32,9.6,Rain
WX-0000533,JED,2025-06-16,37,11,8.2,Clear
WX-0000534,JED,2025-06-17,29,4,8.9,Cloudy
WX-0000535,JED,2025-06-18,30,7,9.7,Clear
WX-0000536,JED,2025-06-19,10,19,3.5,Storm
WX-0000537,JED,2025-06-20,25,3,9.7,Clear
WX-0000538,JED,2025-06-21,24,12,8.0,Clear
WX-0000539,JED,2025-06-22,23,2,8.4,Clear
WX-0000540,JED,2025-06-23,33,9,9.3,Clear
WX-0000541,JED,2025-06-24,22,4,9.5,Cloudy
WX-0000542,JED,2025-06-25,10,14,8.3,Clear
WX-0000543,JED,2025-06-26,10,7,8.3,Clear
WX-0000544,JED,2025-06-27,39,9,8.1,Rain
WX-0000545,JED,2025-06-28,33,29,8.2,Rain
WX-0000546,JED,2025-06-29,28,4,8.7,Clear
WX-0000547,JED,2025-06-30,33,4,9.0,Clear
WX-0000548,JED,2025-07-01,26,8,9.9,Cloudy
WX-0000549,JED,2025-07-02,24,10,8.5,Clear
WX-0000550,JED,2025-07-03,22,10,8.4,Clear
WX-0000551,JED,2025-07-04,32,14,8.5,Cloudy
WX-0000552,JED,2025-07-05,14,29,1.6,Storm
WX-0000553,JED,2025-07-06,27,3,1.6,Fog
WX-0000554,JED,2025-07-07,12,29,10.0,Rain
WX-0000555,JED,2025-07-08,37,7,8.4,Cloudy
WX-0000556,JED,2025-07-09,39,14,9.4,Cloudy
WX-0000557,JED,2025-07-10,34,4,8.8,Clear
WX-0000558,JED,2025-07-11,35,3,8.8,Clear
WX-0000559,JED,2025-07-12,30,8,8.2,Clear
WX-0000560,JED,2025-07-13,13,42,8.3,Rain
WX-0000561,JED,2025-07-14,12,7,9.0,Clear
WX-0000562,JED,2025-07-15,14,9,8.2,Clear
WX-0000563,JED,2025-07-16,40,2,8.2,Clear
WX-0000564,JED,2025-07-17,36,3,8.2,Clear
WX-0000565,JED,2025-07-18,25,42,9.5,Rain
WX-0000566,JED,2025-07-19,19,25,9.3,Rain
WX-0000567,JED,2025-07-20,29,4,8.3,Cloudy
WX-0000568,JED,2025-07-21,41,3,9.9,Clear
WX-0000569,JED,2025-07-22,12,10,9.2,Clear
WX-0000570,JED,2025-07-23,32,12,9.9,Clear
WX-0000571,JED,2025-07-24,20,8,8.9,Clear
WX-0000572,JED,2025-07-25,10,11,9.7,Clear
WX-0000573,JED,2025-07-26,15,12,9.0,Clear
WX-0000574,JED,2025-07-27,18,10,8.8,Clear
WX-0000575,JED,2025-07-28,31,4,8.3,Clear
WX-0000576,JED,2025-07-29,24,14,9.2,Clear
WX-0000577,JED,2025-07-30,28,9,9.1,Clear
WX-0000578,JED,2025-07-31,11,14,9.8,Cloudy
WX-0000579,JED,2025-08-01,10,11,9.8,Clear
WX-0000580,JED,2025-08-02,10,13,1.1,Storm
WX-0000581,JED,2025-08-03,11,42,2.4,Storm
WX-0000582,JED,2025-08-04,27,39,1.8,Storm
WX-0000583,JED,2025-08-05,22,8,9.5,Cloudy
WX-0000584,JED,2025-08-06,27,14,9.9,Clear
WX-0000585,JED,2025-08-07,19,5,1.7,Fog
WX-0000586,JED,2025-08-08,37,10,8.8,Cloudy
WX-0000587,JED,2025-08-09,34,10,9.0,Clear
WX-0000588,JED,2025-08-10,23,7,8.7,Clear
WX-0000589,JED,2025-08-11,37,3,8.9,Clear
WX-0000590,JED,2025-08-12,25,40,9.2,Rain
WX-0000591,JED,2025-08-13,31,6,9.7,Cloudy
WX-0000592,JED,2025-08-14,40,14,9.6,Clear
WX-0000593,JED,2025-08-15,26,14,8.6,Cloudy
WX-0000594,JED,2025-08-16,41,40,9.2,Rain
WX-0000595,JED,2025-08-17,23,8,8.9,Clear
WX-0000596,JED,2025-08-18,18,7,9.4,Cloudy
WX-0000597,JED,2025-08-19,36,10,9.9,Clear
WX-0000598,JED,2025-08-20,18,7,8.5,Clear
WX-0000599,JED,2025-08-21,13,8,8.2,Clear
WX-0000600,JED,2025-08-22,17,21,3.4,Storm
WX-0000601,JED,2025-08-23,30,11,8.7,Cloudy
WX-0000602,JED,2025-08-24,18,13,8.9,Clear
WX-0000603,JED,2025-08-25,20,2,8.7,Cloudy
WX-0000604,JED,2025-08-26,40,5,9.7,Clear
WX-0000605,JED,2025-08-27,33,11,9.4,Clear
WX-0000606,JED,2025-08-28,23,7,8.3,Clear
WX-0000607,JED,2025-08-29,22,5,9.2,Clear
WX-0000608,JED,2025-08-30,11,2,9.0,Clear
WX-0000609,JED,2025-08-31,18,13,8.2,Clear
WX-0000610,JED,2025-09-01,13,6,9.8,Cloudy
WX-0000611,JED,2025-09-02,25,10,8.5,Cloudy
WX-0000612,JED,2025-09-03,27,9,9.6,Cloudy
WX-0000613,JED,2025-09-04,11,5,9.4,Clear
WX-0000614,JED,2025-09-05,38,19,8.8,Rain
WX-0000615,JED,2025-09-06,36,10,9.4,Cloudy
WX-0000616,JED,2025-09-07,37,10,2.2,Storm
WX-0000617,JED,2025-09-08,34,3,9.1,Clear
WX-0000618,JED,2025-09-09,32,3,9.2,Clear
WX-0000619,JED,2025-09-10,36,23,9.3,Rain
WX-0000620,JED,2025-09-11,33,3,9.3,Clear
WX-0000621,JED,2025-09-12,33,12,9.5,Clear
WX-0000622,JED,2025-09-13,15,8,9.2,Clear
WX-0000623,JED,2025-09-14,20,19,1.3,Storm
WX-0000624,JED,2025-09-15,30,9,8.8,Clear
WX-0000625,JED,2025-09-16,22,3,8.1,Clear
WX-0000626,JED,2025-09-17,34,7,8.6,Cloudy
WX-0000627,JED,2025-09-18,22,2,9.5,Cloudy
WX-0000628,JED,2025-09-19,17,8,9.9,Cloudy
WX-0000629,JED,2025-09-20,32,7,9.9,Clear
WX-0000630,JED,2025-09-21,11,14,9.2,Clear
WX-0000631,JED,2025-09-22,18,7,9.5,Clear
WX-0000632,JED,2025-09-23,24,2,9.6,Clear
WX-0000633,JED,2025-09-24,21,10,9.6,Clear
WX-0000634,JED,2025-09-25,39,14,8.1,Clear
WX-0000635,JED,2025-09-26,15,13,8.2,Clear
WX-0000636,JED,2025-09-27,37,8,8.6,Rain
WX-0000637,JED,2025-09-28,33,21,8.5,Rain
WX-0000638,JED,2025-09-29,28,3,8.7,Clear
WX-0000639,JED,2025-09-30,35,11,10.0,Clear
WX-0000640,JED,2025-10-01,41,10,8.1,Clear
WX-0000641,JED,2025-10-02,21,5,9.1,Rain
WX-0000642,JED,2025-10-03,22,14,8.9,Clear
WX-0000643,JED,2025-10-04,21,13,9.5,Clear
WX-0000644,JED,2025-10-05,16,13,10.0,Clear
WX-0000645,JED,2025-10-06,18,11,8.9,Cloudy
WX-0000646,JED,2025-10-07,35,4,8.3,Clear
WX-0000647,JED,2025-10-08,25,2,8.3,Cloudy
WX-0000648,JED,2025-10-09,12,24,9.9,Rain
WX-0000649,JED,2025-10-10,24,2,8.0,Clear
WX-0000650,JED,2025-10-11,41,2,9.8,Clear
WX-0000651,JED,2025-10-12,38,14,9.0,Clear
WX-0000652,JED,2025-10-13,15,12,8.8,Clear
WX-0000653,JED,2025-10-14,41,12,8.9,Cloudy
WX-0000654,JED,2025-10-15,38,13,3.6,Storm
WX-0000655,JED,2025-10-16,28,8,8.7,Clear
WX-0000656,JED,2025-10-17,39,35,9.4,Rain
WX-0000657,JED,2025-10-18,32,12,1.4,Fog
WX-0000658,JED,2025-10-19,32,9,9.5,Clear
WX-0000659,JED,2025-10-20,14,7,8.2,Clear
WX-0000660,JED,2025-10-21,18,5,8.6,Clear
WX-0000661,JED,2025-10-22,31,11,8.1,Clear
WX-0000662,JED,2025-10-23,16,10,9.6,Clear
WX-0000663,JED,2025-10-24,23,8,9.8,Clear
WX-0000664,JED,2025-10-25,31,28,8.9,Rain
WX-0000665,JED,2025-10-26,30,5,9.0,Clear
WX-0000666,JED,2025-10-27,38,19,9.5,Rain
WX-0000667,JED,2025-10-28,34,8,8.1,Clear
WX-0000668,JED,2025-10-29,18,10,1.8,Fog
WX-0000669,JED,2025-10-30,24,32,8.8,Rain
WX-0000670,JED,2025-10-31,15,36,8.6,Rain
WX-0000671,JED,2025-11-01,20,5,9.7,Clear
WX-0000672,JED,2025-11-02,30,9,8.7,Cloudy
WX-0000673,JED,2025-11-03,33,3,9.5,Cloudy
WX-0000674,JED,2025-11-04,12,9,9.5,Clear
WX-0000675,JED,2025-11-05,41,5,8.6,Clear
WX-0000676,JED,2025-11-06,15,5,9.5,Clear
WX-0000677,JED,2025-11-07,10,35,9.9,Rain
WX-0000678,JED,2025-11-08,41,12,9.3,Cloudy
WX-0000679,JED,2025-11-09,32,3,3.1,Fog
WX-0000680,JED,2025-11-10,32,6,1.4,Fog
WX-0000681,JED,2025-11-11,17,5,9.8,Cloudy
WX-0000682,JED,2025-11-12,30,10,8.5,Clear
WX-0000683,JED,2025-11-13,41,14,9.3,Clear
WX-0000684,JED,2025-11-14,37,10,9.7,Clear
WX-0000685,JED,2025-11-15,23,5,8.7,Clear
WX-0000686,JED,2025-11-16,24,9,8.7,Clear
WX-0000687,JED,2025-11-17,19,4,9.2,Clear
WX-0000688,JED,2025-11-18,23,12,8.6,Clear
WX-0000689,JED,2025-11-19,31,28,9.3,Rain
WX-0000690,JED,2025-11-20,34,14,9.5,Clear
WX-0000691,JED,2025-11-21,31,10,8.3,Clear
WX-0000692,JED,2025-11-22,32,12,8.2,Clear
WX-0000693,JED,2025-11-23,21,12,8.1,Clear
WX-0000694,JED,2025-11-24,24,5,8.8,Clear
WX-0000695,JED,2025-11-25,34,5,8.7,Clear
WX-0000696,JED,2025-11-26,31,11,8.9,Cloudy
WX-0000697,JED,2025-11-27,33,20,8.2,Rain
WX-0000698,JED,2025-11-28,24,7,9.6,Clear
WX-0000699,JED,2025-11-29,32,12,8.8,Clear
WX-0000700,JED,2025-11-30,14,3,8.1,Clear
WX-0000701,JED,2025-12-01,14,4,9.5,Clear
WX-0000702,JED,2025-12-02,12,15,9.4,Rain
WX-0000703,JED,2025-12-03,28,3,8.5,Clear
WX-0000704,JED,2025-12-04,18,22,8.8,Rain
WX-0000705,JED,2025-12-05,22,13,9.7,Clear
WX-0000706,JED,2025-12-06,23,24,8.4,Rain
WX-0000707,JED,2025-12-07,36,2,9.8,Clear
WX-0000708,JED,2025-12-08,19,8,8.1,Clear
WX-0000709,JED,2025-12-09,12,41,9.6,Rain
WX-0000710,JED,2025-12-10,22,8,9.7,Clear
WX-0000711,JED,2025-12-11,40,38,2.3,Storm
WX-0000712,JED,2025-12-12,29,12,8.5,Clear
WX-0000713,JED,2025-12-13,27,10,9.7,Clear
WX-0000714,JED,2025-12-14,17,7,9.2,Cloudy
WX-0000715,JED,2025-12-15,12,14,9.6,Clear
WX-0000716,JED,2025-12-16,20,7,8.3,Clear
WX-0000717,JED,2025-12-17,25,6,8.7,Clear
WX-0000718,JED,2025-12-18,16,21,8.0,Rain
WX-0000719,JED,2025-12-19,30,21,3.0,Storm
WX-0000720,JED,2025-12-20,15,3,8.9,Clear
WX-0000721,JED,2025-12-21,29,14,9.7,Clear
WX-0000722,JED,2025-12-22,13,2,9.7,Cloudy
WX-0000723,JED,2025-12-23,41,10,9.4,Cloudy
WX-0000724,JED,2025-12-24,38,5,8.9,Cloudy
WX-0000725,JED,2025-12-25,27,41,9.7,Rain
WX-0000726,JED,2025-12-26,26,2,9.5,Clear
WX-0000727,JED,2025-12-27,33,8,8.7,Clear
WX-0000728,JED,2025-12-28,28,18,9.1,Rain
WX-0000729,JED,2025-12-29,16,21,8.2,Rain
WX-0000730,JED,2025-12-30,36,13,1.1,Fog
WX-0000731,JED,2025-12-31,38,7,8.3,Cloudy
WX-0000732,RUH,2024-01-01,12,9,3.7,Fog
WX-0000733,RUH,2024-01-02,38,12,9.0,Clear
WX-0000734,RUH,2024-01-03,11,10,8.1,Clear
WX-0000735,RUH,2024-01-04,11,2,9.8,Clear
WX-0000736,RUH,2024-01-05,26,7,9.9,Cloudy
WX-0000737,RUH,2024-01-06,32,13,9.2,Clear
WX-0000738,RUH,2024-01-07,11,6,8.4,Clear
WX-0000739,RUH,2024-01-08,22,7,8.2,Cloudy
WX-0000740,RUH,2024-01-09,32,10,8.5,Clear
WX-0000741,RUH,2024-01-10,20,8,9.7,Clear
WX-0000742,RUH,2024-01-11,29,10,8.4,Clear
WX-0000743,RUH,2024-01-12,24,13,9.2,Clear
WX-0000744,RUH,2024-01-13,30,2,9.1,Cloudy
WX-0000745,RUH,2024-01-14,25,7,9.9,Clear
WX-0000746,RUH,2024-01-15,15,10,8.9,Clear
WX-0000747,RUH,2024-01-16,40,9,9.0,Rain
WX-0000748,RUH,2024-01-17,29,9,8.7,Clear
WX-0000749,RUH,2024-01-18,41,8,8.9,Clear
WX-0000750,RUH,2024-01-19,30,11,9.0,Clear
WX-0000751,RUH,2024-01-20,28,14,9.7,Clear
WX-0000752,RUH,2024-01-21,26,6,8.2,Clear
WX-0000753,RUH,2024-01-22,40,11,8.7,Clear
WX-0000754,RUH,2024-01-23,21,5,8.7,Clear
WX-0000755,RUH,2024-01-24,37,12,9.2,Clear
WX-0000756,RUH,2024-01-25,33,14,8.0,Clear
WX-0000757,RUH,2024-01-26,34,2,9.3,Clear
WX-0000758,RUH,2024-01-27,16,6,9.1,Clear
WX-0000759,RUH,2024-01-28,31,14,9.8,Cloudy
WX-0000760,RUH,2024-01-29,24,35,3.5,Storm
WX-0000761,RUH,2024-01-30,28,15,1.4,Storm
WX-0000762,RUH,2024-01-31,41,14,8.3,Clear
WX-0000763,RUH,2024-02-01,27,13,2.2,Fog
WX-0000764,RUH,2024-02-02,34,6,9.4,Clear
WX-0000765,RUH,2024-02-03,31,14,8.4,Clear
WX-0000766,RUH,2024-02-04,22,5,9.2,Cloudy
WX-0000767,RUH,2024-02-05,38,4,9.2,Clear
WX-0000768,RUH,2024-02-06,26,7,9.2,Clear
WX-0000769,RUH,2024-02-07,40,14,8.2,Cloudy
WX-0000770,RUH,2024-02-08,41,19,8.4,Rain
WX-0000771,RUH,2024-02-09,29,23,1.5,Storm
WX-0000772,RUH,2024-02-10,41,4,8.9,Clear
WX-0000773,RUH,2024-02-11,15,13,8.0,Clear
WX-0000774,RUH,2024-02-12,30,24,8.2,Rain
WX-0000775,RUH,2024-02-13,33,14,9.2,Cloudy
WX-0000776,RUH,2024-02-14,32,11,8.7,Cloudy
WX-0000777,RUH,2024-02-15,36,4,8.2,Clear
WX-0000778,RUH,2024-02-16,22,44,8.8,Rain
WX-0000779,RUH,2024-02-17,21,8,9.8,Clear
WX-0000780,RUH,2024-02-18,26,14,8.1,Clear
WX-0000781,RUH,2024-02-19,31,14,8.2,Clear
WX-0000782,RUH,2024-02-20,21,2,9.9,Clear
WX-0000783,RUH,2024-02-21,14,10,9.8,Clear
WX-0000784,RUH,2024-02-22,10,13,1.9,Fog
WX-0000785,RUH,2024-02-23,35,10,9.3,Clear
WX-0000786,RUH,2024-02-24,34,8,9.3,Clear
WX-0000787,RUH,2024-02-25,20,14,9.1,Cloudy
WX-0000788,RUH,2024-02-26,23,4,9.1,Clear
WX-0000789,RUH,2024-02-27,12,11,8.8,Cloudy
WX-0000790,RUH,2024-02-28,31,14,9.8,Rain
WX-0000791,RUH,2024-02-29,35,4,9.6,Clear
WX-0000792,RUH,2024-03-01,20,8,9.9,Clear
WX-0000793,RUH,2024-03-02,41,2,9.6,Clear
WX-0000794,RUH,2024-03-03,28,11,3.2,Fog
WX-0000795,RUH,2024-03-04,24,14,8.9,Clear
WX-0000796,RUH,2024-03-05,34,11,9.2,Clear
WX-0000797,RUH,2024-03-06,27,31,1.1,Storm
WX-0000798,RUH,2024-03-07,40,12,9.8,Cloudy
WX-0000799,RUH,2024-03-08,37,12,9.1,Clear
WX-0000800,RUH,2024-03-09,26,9,9.9,Clear
WX-0000801,RUH,2024-03-10,38,35,1.9,Storm
WX-0000802,RUH,2024-03-11,29,9,9.3,Clear
WX-0000803,RUH,2024-03-12,22,37,9.7,Rain
WX-0000804,RUH,2024-03-13,32,4,9.5,Clear
WX-0000805,RUH,2024-03-14,40,17,9.6,Rain
WX-0000806,RUH,2024-03-15,18,15,8.8,Rain
WX-0000807,RUH,2024-03-16,25,12,8.2,Cloudy
WX-0000808,RUH,2024-03-17,16,12,8.7,Clear
WX-0000809,RUH,2024-03-18,39,3,3.1,Fog
WX-0000810,RUH,2024-03-19,23,29,8.8,Rain
WX-0000811,RUH,2024-03-20,31,3,9.1,Clear
WX-0000812,RUH,2024-03-21,26,7,8.4,Clear
WX-0000813,RUH,2024-03-22,32,10,9.8,Cloudy
WX-0000814,RUH,2024-03-23,23,11,8.8,Clear
WX-0000815,RUH,2024-03-24,29,13,8.2,Clear
WX-0000816,RUH,2024-03-25,13,5,9.6,Clear
WX-0000817,RUH,2024-03-26,19,13,3.7,Storm
WX-0000818,RUH,2024-03-27,29,9,8.4,Cloudy
WX-0000819,RUH,2024-03-28,33,10,8.0,Rain
WX-0000820,RUH,2024-03-29,30,14,9.4,Clear
WX-0000821,RUH,2024-03-30,11,9,9.4,Clear
WX-0000822,RUH,2024-03-31,28,7,9.9,Clear
WX-0000823,RUH,2024-04-01,24,5,8.0,Clear
WX-0000824,RUH,2024-04-02,34,13,8.5,Cloudy
WX-0000825,RUH,2024-04-03,15,12,8.2,Clear
WX-0000826,RUH,2024-04-04,34,6,8.4,Clear
WX-0000827,RUH,2024-04-05,13,2,8.2,Clear
WX-0000828,RUH,2024-04-06,27,10,9.5,Clear
WX-0000829,RUH,2024-04-07,24,42,8.5,Rain
WX-0000830,RUH,2024-04-08,10,14,3.2,Fog
WX-0000831,RUH,2024-04-09,40,14,9.7,Cloudy
WX-0000832,RUH,2024-04-10,21,9,1.5,Fog
WX-0000833,RUH,2024-04-11,15,8,9.7,Clear
WX-0000834,RUH,2024-04-12,29,29,8.5,Rain
WX-0000835,RUH,2024-04-13,33,5,9.9,Cloudy
WX-0000836,RUH,2024-04-14,23,12,8.6,Clear
WX-0000837,RUH,2024-04-15,36,34,2.6,Storm
WX-0000838,RUH,2024-04-16,36,7,8.5,Clear
WX-0000839,RUH,2024-04-17,24,13,8.4,Clear
WX-0000840,RUH,2024-04-18,26,4,9.7,Clear
WX-0000841,RUH,2024-04-19,35,5,8.4,Clear
WX-0000842,RUH,2024-04-20,29,6,9.1,Cloudy
WX-0000843,RUH,2024-04-21,27,14,8.3,Clear
WX-0000844,RUH,2024-04-22,12,5,9.2,Cloudy
WX-0000845,RUH,2024-04-23,24,8,9.1,Clear
WX-0000846,RUH,2024-04-24,10,12,10.0,Clear
WX-0000847,RUH,2024-04-25,41,21,8.7,Rain
WX-0000848,RUH,2024-04-26,40,2,8.4,Clear
WX-0000849,RUH,2024-04-27,38,11,3.3,Fog
WX-0000850,RUH,2024-04-28,14,6,8.2,Cloudy
WX-0000851,RUH,2024-04-29,22,5,9.0,Clear
WX-0000852,RUH,2024-04-30,41,6,9.3,Clear
WX-0000853,RUH,2024-05-01,30,4,8.5,Clear
WX-0000854,RUH,2024-05-02,39,43,2.5,Storm
WX-0000855,RUH,2024-05-03,22,13,9.8,Clear
WX-0000856,RUH,2024-05-04,34,8,2.0,Fog
WX-0000857,RUH,2024-05-05,24,12,9.6,Rain
WX-0000858,RUH,2024-05-06,22,6,9.2,Clear
WX-0000859,RUH,2024-05-07,20,4,9.5,Clear
WX-0000860,RUH,2024-05-08,29,7,8.7,Clear
WX-0000861,RUH,2024-05-09,13,8,9.4,Clear
WX-0000862,RUH,2024-05-10,27,10,8.4,Clear
WX-0000863,RUH,2024-05-11,12,3,9.5,Clear
WX-0000864,RUH,2024-05-12,18,5,8.9,Clear
WX-0000865,RUH,2024-05-13,15,7,8.0,Rain
WX-0000866,RUH,2024-05-14,12,14,8.0,Rain
WX-0000867,RUH,2024-05-15,27,5,9.6,Clear
WX-0000868,RUH,2024-05-16,13,11,8.7,Cloudy
WX-0000869,RUH,2024-05-17,27,8,8.8,Cloudy
WX-0000870,RUH,2024-05-18,39,6,9.8,Cloudy
WX-0000871,RUH,2024-05-19,22,13,9.4,Cloudy
WX-0000872,RUH,2024-05-20,14,13,8.4,Clear
WX-0000873,RUH,2024-05-21,33,12,8.1,Cloudy
WX-0000874,RUH,2024-05-22,13,6,8.8,Clear
WX-0000875,RUH,2024-05-23,14,11,8.8,Cloudy
WX-0000876,RUH,2024-05-24,28,12,2.3,Fog
WX-0000877,RUH,2024-05-25,20,11,8.3,Clear
WX-0000878,RUH,2024-05-26,14,2,9.9,Clear
WX-0000879,RUH,2024-05-27,34,10,8.7,Clear
WX-0000880,RUH,2024-05-28,30,13,8.7,Cloudy
WX-0000881,RUH,2024-05-29,17,12,9.7,Clear
WX-0000882,RUH,2024-05-30,22,13,8.8,Clear
WX-0000883,RUH,2024-05-31,20,3,9.7,Clear
WX-0000884,RUH,2024-06-01,16,17,8.1,Rain
WX-0000885,RUH,2024-06-02,26,12,9.4,Clear
WX-0000886,RUH,2024-06-03,37,10,9.8,Clear
WX-0000887,RUH,2024-06-04,19,8,9.6,Clear
WX-0000888,RUH,2024-06-05,10,13,9.4,Clear
WX-0000889,RUH,2024-06-06,39,8,9.0,Clear
WX-0000890,RUH,2024-06-07,16,13,8.7,Clear
WX-0000891,RUH,2024-06-08,28,4,9.3,Clear
WX-0000892,RUH,2024-06-09,41,5,8.5,Cloudy
WX-0000893,RUH,2024-06-10,37,14,8.8,Clear
WX-0000894,RUH,2024-06-11,10,11,9.9,Cloudy
WX-0000895,RUH,2024-06-12,30,11,8.7,Clear
WX-0000896,RUH,2024-06-13,27,13,8.2,Clear
WX-0000897,RUH,2024-06-14,11,14,9.2,Cloudy
WX-0000898,RUH,2024-06-15,35,4,8.3,Cloudy
WX-0000899,RUH,2024-06-16,28,13,8.3,Cloudy
WX-0000900,RUH,2024-06-17,28,8,8.9,Clear
WX-0000901,RUH,2024-06-18,17,7,1.6,Fog
WX-0000902,RUH,2024-06-19,11,11,2.7,Fog
WX-0000903,RUH,2024-06-20,36,10,8.6,Clear
WX-0000904,RUH,2024-06-21,12,15,2.3,Storm
WX-0000905,RUH,2024-06-22,10,7,9.7,Clear
WX-0000906,RUH,2024-06-23,12,4,9.0,Clear
WX-0000907,RUH,2024-06-24,30,2,9.8,Cloudy
WX-0000908,RUH,2024-06-25,28,2,8.2,Clear
WX-0000909,RUH,2024-06-26,11,14,9.0,Rain
WX-0000910,RUH,2024-06-27,26,10,3.9,Fog
WX-0000911,RUH,2024-06-28,30,6,8.1,Rain
WX-0000912,RUH,2024-06-29,35,7,9.4,Clear
WX-0000913,RUH,2024-06-30,28,5,9.9,Cloudy
WX-0000914,RUH,2024-07-01,13,8,9.7,Clear
WX-0000915,RUH,2024-07-02,34,4,8.6,Clear
WX-0000916,RUH,2024-07-03,21,12,9.7,Cloudy
WX-0000917,RUH,2024-07-04,20,7,8.1,Cloudy
WX-0000918,RUH,2024-07-05,16,2,9.6,Cloudy
WX-0000919,RUH,2024-07-06,36,3,9.1,Clear
WX-0000920,RUH,2024-07-07,21,8,3.0,Fog
WX-0000921,RUH,2024-07-08,27,11,8.8,Cloudy
WX-0000922,RUH,2024-07-09,36,27,8.7,Rain
WX-0000923,RUH,2024-07-10,12,14,9.4,Cloudy
WX-0000924,RUH,2024-07-11,38,13,8.3,Cloudy
WX-0000925,RUH,2024-07-12,11,20,1.5,Storm
WX-0000926,RUH,2024-07-13,29,7,9.6,Cloudy
WX-0000927,RUH,2024-07-14,26,13,8.8,Clear
WX-0000928,RUH,2024-07-15,15,3,9.5,Clear
WX-0000929,RUH,2024-07-16,30,14,9.2,Clear
WX-0000930,RUH,2024-07-17,34,12,8.8,Cloudy
WX-0000931,RUH,2024-07-18,15,6,8.5,Clear
WX-0000932,RUH,2024-07-19,11,4,8.9,Clear
WX-0000933,RUH,2024-07-20,33,29,9.5,Rain
WX-0000934,RUH,2024-07-21,36,7,8.3,Cloudy
WX-0000935,RUH,2024-07-22,26,14,1.6,Fog
WX-0000936,RUH,2024-07-23,38,8,9.7,Clear
WX-0000937,RUH,2024-07-24,39,9,8.1,Clear
WX-0000938,RUH,2024-07-25,31,11,8.5,Clear
WX-0000939,RUH,2024-07-26,10,10,9.5,Clear
WX-0000940,RUH,2024-07-27,15,2,8.4,Cloudy
WX-0000941,RUH,2024-07-28,38,4,8.7,Cloudy
WX-0000942,RUH,2024-07-29,41,12,9.8,Clear
WX-0000943,RUH,2024-07-30,40,4,8.8,Cloudy
WX-0000944,RUH,2024-07-31,20,6,9.3,Clear
WX-0000945,RUH,2024-08-01,13,14,8.8,Clear
WX-0000946,RUH,2024-08-02,33,8,9.7,Clear
WX-0000947,RUH,2024-08-03,31,12,1.3,Fog
WX-0000948,RUH,2024-08-04,29,26,8.3,Rain
WX-0000949,RUH,2024-08-05,34,7,9.7,Cloudy
WX-0000950,RUH,2024-08-06,10,14,9.7,Clear
WX-0000951,RUH,2024-08-07,11,8,2.1,Fog
WX-0000952,RUH,2024-08-08,30,3,1.1,Fog
WX-0000953,RUH,2024-08-09,22,2,9.6,Clear
WX-0000954,RUH,2024-08-10,26,36,9.4,Rain
WX-0000955,RUH,2024-08-11,13,10,3.7,Fog
WX-0000956,RUH,2024-08-12,36,6,9.7,Clear
WX-0000957,RUH,2024-08-13,11,8,8.5,Clear
WX-0000958,RUH,2024-08-14,41,7,9.5,Clear
WX-0000959,RUH,2024-08-15,27,10,9.1,Clear
WX-0000960,RUH,2024-08-16,23,7,9.0,Cloudy
WX-0000961,RUH,2024-08-17,19,7,9.5,Clear
WX-0000962,RUH,2024-08-18,36,3,9.3,Cloudy
WX-0000963,RUH,2024-08-19,18,10,8.7,Clear
WX-0000964,RUH,2024-08-20,28,7,9.8,Clear
WX-0000965,RUH,2024-08-21,21,7,9.1,Clear
WX-0000966,RUH,2024-08-22,30,5,8.2,Clear
WX-0000967,RUH,2024-08-23,31,6,9.8,Clear
WX-0000968,RUH,2024-08-24,22,9,9.2,Clear
WX-0000969,RUH,2024-08-25,27,4,9.5,Clear
WX-0000970,RUH,2024-08-26,30,8,8.2,Cloudy
WX-0000971,RUH,2024-08-27,38,5,9.1,Clear
WX-0000972,RUH,2024-08-28,12,4,8.7,Clear
WX-0000973,RUH,2024-08-29,26,11,8.1,Cloudy
WX-0000974,RUH,2024-08-30,26,4,8.0,Cloudy
WX-0000975,RUH,2024-08-31,39,10,9.6,Cloudy
WX-0000976,RUH,2024-09-01,13,4,9.8,Clear
WX-0000977,RUH,2024-09-02,16,9,9.2,Clear
WX-0000978,RUH,2024-09-03,18,5,9.1,Clear
WX-0000979,RUH,2024-09-04,22,9,9.1,Cloudy
WX-0000980,RUH,2024-09-05,14,14,10.0,Clear
WX-0000981,RUH,2024-09-06,39,5,9.4,Clear
WX-0000982,RUH,2024-09-07,18,7,9.8,Cloudy
WX-0000983,RUH,2024-09-08,17,8,8.6,Cloudy
WX-0000984,RUH,2024-09-09,41,5,3.9,Fog
WX-0000985,RUH,2024-09-10,16,3,9.9,Cloudy
WX-0000986,RUH,2024-09-11,14,10,8.9,Clear
WX-0000987,RUH,2024-09-12,20,7,8.3,Clear
WX-0000988,RUH,2024-09-13,41,8,9.7,Clear
WX-0000989,RUH,2024-09-14,39,9,8.5,Clear
WX-0000990,RUH,2024-09-15,37,8,9.5,Clear
WX-0000991,RUH,2024-09-16,38,2,9.4,Clear
WX-0000992,RUH,2024-09-17,29,17,3.0,Storm
WX-0000993,RUH,2024-09-18,12,13,9.7,Clear
WX-0000994,RUH,2024-09-19,18,12,9.8,Cloudy
WX-0000995,RUH,2024-09-20,25,12,8.3,Clear
WX-0000996,RUH,2024-09-21,17,3,8.6,Cloudy
WX-0000997,RUH,2024-09-22,13,9,9.7,Clear
WX-0000998,RUH,2024-09-23,16,7,8.4,Clear
WX-0000999,RUH,2024-09-24,38,2,9.6,Clear
WX-0001000,RUH,2024-09-25,16,3,8.2,Cloudy
WX-0001001,RUH,2024-09-26,41,26,9.1,Rain
WX-0001002,RUH,2024-09-27,35,44,1.8,Storm
WX-0001003,RUH,2024-09-28,25,3,9.3,Clear
WX-0001004,RUH,2024-09-29,30,11,2.5,Fog
WX-0001005,RUH,2024-09-30,21,12,9.9,Cloudy
WX-0001006,RUH,2024-10-01,31,11,9.0,Clear
WX-0001007,RUH,2024-10-02,35,10,9.9,Clear
WX-0001008,RUH,2024-10-03,33,5,9.2,Cloudy
WX-0001009,RUH,2024-10-04,19,2,8.3,Cloudy
WX-0001010,RUH,2024-10-05,32,4,9.4,Clear
WX-0001011,RUH,2024-10-06,13,13,8.7,Clear
WX-0001012,RUH,2024-10-07,33,5,9.2,Clear
WX-0001013,RUH,2024-10-08,28,7,9.3,Cloudy
WX-0001014,RUH,2024-10-09,41,5,10.0,Cloudy
WX-0001015,RUH,2024-10-10,35,7,9.6,Cloudy
WX-0001016,RUH,2024-10-11,40,10,8.0,Clear
WX-0001017,RUH,2024-10-12,37,10,9.4,Clear
WX-0001018,RUH,2024-10-13,24,10,9.2,Cloudy
WX-0001019,RUH,2024-10-14,31,19,9.4,Rain
WX-0001020,RUH,2024-10-15,25,2,9.0,Clear
WX-0001021,RUH,2024-10-16,17,13,8.3,Clear
WX-0001022,RUH,2024-10-17,21,6,8.7,Clear
WX-0001023,RUH,2024-10-18,31,8,8.5,Cloudy
WX-0001024,RUH,2024-10-19,36,43,9.9,Rain
WX-0001025,RUH,2024-10-20,34,10,8.9,Clear
WX-0001026,RUH,2024-10-21,22,12,9.2,Clear
WX-0001027,RUH,2024-10-22,24,2,8.6,Clear
WX-0001028,RUH,2024-10-23,16,13,9.1,Clear
WX-0001029,RUH,2024-10-24,26,14,9.0,Clear
WX-0001030,RUH,2024-10-25,19,11,8.8,Clear
WX-0001031,RUH,2024-10-26,29,13,8.5,Clear
WX-0001032,RUH,2024-10-27,15,7,1.0,Fog
WX-0001033,RUH,2024-10-28,33,21,8.5,Rain
WX-0001034,RUH,2024-10-29,17,12,9.4,Clear
WX-0001035,RUH,2024-10-30,13,20,9.7,Rain
WX-0001036,RUH,2024-10-31,30,11,8.2,Clear
WX-0001037,RUH,2024-11-01,33,5,9.5,Clear
WX-0001038,RUH,2024-11-02,22,6,8.5,Cloudy
WX-0001039,RUH,2024-11-03,21,38,9.5,Rain
WX-0001040,RUH,2024-11-04,22,7,9.9,Clear
WX-0001041,RUH,2024-11-05,36,10,8.7,Clear
WX-0001042,RUH,2024-11-06,29,2,9.0,Clear
WX-0001043,RUH,2024-11-07,27,4,8.1,Cloudy
WX-0001044,RUH,2024-11-08,11,8,8.6,Cloudy
WX-0001045,RUH,2024-11-09,33,10,9.7,Clear
WX-0001046,RUH,2024-11-10,18,6,9.8,Cloudy
WX-0001047,RUH,2024-11-11,27,6,8.9,Cloudy
WX-0001048,RUH,2024-11-12,39,3,8.4,Clear
WX-0001049,RUH,2024-11-13,13,13,8.7,Cloudy
WX-0001050,RUH,2024-11-14,20,7,1.3,Fog
WX-0001051,RUH,2024-11-15,12,10,9.8,Clear
WX-0001052,RUH,2024-11-16,37,3,9.6,Clear
WX-0001053,RUH,2024-11-17,37,4,9.3,Clear
WX-0001054,RUH,2024-11-18,17,13,8.8,Clear
WX-0001055,RUH,2024-11-19,11,10,1.3,Storm
WX-0001056,RUH,2024-11-20,40,2,8.3,Clear
WX-0001057,RUH,2024-11-21,38,4,9.1,Cloudy
WX-0001058,RUH,2024-11-22,41,12,9.9,Clear
WX-0001059,RUH,2024-11-23,16,13,2.4,Fog
WX-0001060,RUH,2024-11-24,11,9,9.8,Clear
WX-0001061,RUH,2024-11-25,14,5,9.2,Clear
WX-0001062,RUH,2024-11-26,22,12,9.4,Clear
WX-0001063,RUH,2024-11-27,21,9,8.8,Cloudy
WX-0001064,RUH,2024-11-28,12,40,1.1,Storm
WX-0001065,RUH,2024-11-29,13,13,8.8,Clear
WX-0001066,RUH,2024-11-30,14,9,9.8,Clear
WX-0001067,RUH,2024-12-01,29,11,9.9,Clear
WX-0001068,RUH,2024-12-02,37,12,9.2,Clear
WX-0001069,RUH,2024-12-03,25,14,9.7,Cloudy
WX-0001070,RUH,2024-12-04,15,9,9.4,Cloudy
WX-0001071,RUH,2024-12-05,15,13,8.6,Clear
WX-0001072,RUH,2024-12-06,34,9,9.4,Clear
WX-0001073,RUH,2024-12-07,39,13,8.4,Cloudy
WX-0001074,RUH,2024-12-08,34,6,9.3,Clear
WX-0001075,RUH,2024-12-09,36,7,9.8,Clear
WX-0001076,RUH,2024-12-10,15,5,8.3,Cloudy
WX-0001077,RUH,2024-12-11,17,11,8.9,Clear
WX-0001078,RUH,2024-12-12,34,9,8.0,Clear
WX-0001079,RUH,2024-12-13,27,4,8.4,Cloudy
WX-0001080,RUH,2024-12-14,27,13,9.7,Clear
WX-0001081,RUH,2024-12-15,36,29,9.5,Rain
WX-0001082,RUH,2024-12-16,39,12,9.2,Clear
WX-0001083,RUH,2024-12-17,27,9,8.3,Clear
WX-0001084,RUH,2024-12-18,25,2,8.2,Clear
WX-0001085,RUH,2024-12-19,32,8,1.4,Fog
WX-0001086,RUH,2024-12-20,14,8,1.8,Fog
WX-0001087,RUH,2024-12-21,11,8,9.3,Clear
WX-0001088,RUH,2024-12-22,14,21,10.0,Rain
WX-0001089,RUH,2024-12-23,41,8,8.6,Clear
WX-0001090,RUH,2024-12-24,37,12,8.3,Clear
WX-0001091,RUH,2024-12-25,39,20,8.5,Rain
WX-0001092,RUH,2024-12-26,20,12,9.8,Clear
WX-0001093,RUH,2024-12-27,27,12,9.6,Rain
WX-0001094,RUH,2024-12-28,13,9,8.8,Cloudy
WX-0001095,RUH,2024-12-29,41,9,9.2,Clear
WX-0001096,RUH,2024-12-30,16,8,8.9,Clear
WX-0001097,RUH,2024-12-31,36,12,8.2,Cloudy
WX-0001098,RUH,2025-01-01,21,11,9.1,Clear
WX-0001099,RUH,2025-01-02,16,2,8.4,Clear
WX-0001100,RUH,2025-01-03,17,12,8.6,Clear
WX-0001101,RUH,2025-01-04,39,13,9.4,Clear
WX-0001102,RUH,2025-01-05,27,13,2.2,Storm
WX-0001103,RUH,2025-01-06,23,3,8.1,Clear
WX-0001104,RUH,2025-01-07,38,26,8.6,Rain
WX-0001105,RUH,2025-01-08,15,5,9.2,Cloudy
WX-0001106,RUH,2025-01-09,16,7,9.0,Cloudy
WX-0001107,RUH,2025-01-10,24,9,9.2,Clear
WX-0001108,RUH,2025-01-11,20,14,9.2,Clear
WX-0001109,RUH,2025-01-12,35,5,8.3,Clear
WX-0001110,RUH,2025-01-13,12,8,9.6,Clear
WX-0001111,RUH,2025-01-14,10,14,9.4,Clear
WX-0001112,RUH,2025-01-15,35,9,9.0,Cloudy
WX-0001113,RUH,2025-01-16,11,9,9.4,Clear
WX-0001114,RUH,2025-01-17,18,37,2.2,Storm
WX-0001115,RUH,2025-01-18,27,11,9.3,Cloudy
WX-0001116,RUH,2025-01-19,12,12,10.0,Clear
WX-0001117,RUH,2025-01-20,25,9,8.0,Clear
WX-0001118,RUH,2025-01-21,18,3,8.6,Clear
WX-0001119,RUH,2025-01-22,11,4,9.2,Clear
WX-0001120,RUH,2025-01-23,22,18,9.0,Rain
WX-0001121,RUH,2025-01-24,18,2,8.2,Clear
WX-0001122,RUH,2025-01-25,32,6,8.6,Cloudy
WX-0001123,RUH,2025-01-26,37,12,9.0,Clear
WX-0001124,RUH,2025-01-27,17,3,8.5,Cloudy
WX-0001125,RUH,2025-01-28,16,33,8.6,Rain
WX-0001126,RUH,2025-01-29,11,4,8.4,Cloudy
WX-0001127,RUH,2025-01-30,23,3,8.6,Clear
WX-0001128,RUH,2025-01-31,33,18,9.0,Rain
WX-0001129,RUH,2025-02-01,24,16,9.4,Rain
WX-0001130,RUH,2025-02-02,20,12,9.7,Clear
WX-0001131,RUH,2025-02-03,41,6,9.2,Clear
WX-0001132,RUH,2025-02-04,20,38,8.3,Rain
WX-0001133,RUH,2025-02-05,11,8,8.3,Clear
WX-0001134,RUH,2025-02-06,14,13,8.8,Clear
WX-0001135,RUH,2025-02-07,38,7,8.4,Clear
WX-0001136,RUH,2025-02-08,12,4,10.0,Clear
WX-0001137,RUH,2025-02-09,18,11,8.2,Clear
WX-0001138,RUH,2025-02-10,20,38,9.4,Rain
WX-0001139,RUH,2025-02-11,10,8,8.1,Clear
WX-0001140,RUH,2025-02-12,34,34,8.4,Rain
WX-0001141,RUH,2025-02-13,25,28,9.4,Rain
WX-0001142,RUH,2025-02-14,25,14,9.0,Clear
WX-0001143,RUH,2025-02-15,16,6,8.5,Clear
WX-0001144,RUH,2025-02-16,18,2,8.6,Clear
WX-0001145,RUH,2025-02-17,37,6,8.7,Clear
WX-0001146,RUH,2025-02-18,26,7,8.0,Clear
WX-0001147,RUH,2025-02-19,27,6,9.4,Clear
WX-0001148,RUH,2025-02-20,26,2,9.0,Clear
WX-0001149,RUH,2025-02-21,15,3,9.6,Clear
WX-0001150,RUH,2025-02-22,22,4,9.2,Clear
WX-0001151,RUH,2025-02-23,28,15,9.7,Rain
WX-0001152,RUH,2025-02-24,11,3,10.0,Clear
WX-0001153,RUH,2025-02-25,40,6,1.7,Fog
WX-0001154,RUH,2025-02-26,31,12,10.0,Clear
WX-0001155,RUH,2025-02-27,26,2,8.9,Clear
WX-0001156,RUH,2025-02-28,27,6,3.4,Fog
WX-0001157,RUH,2025-03-01,40,11,9.3,Clear
WX-0001158,RUH,2025-03-02,19,9,9.9,Clear
WX-0001159,RUH,2025-03-03,29,13,8.3,Cloudy
WX-0001160,RUH,2025-03-04,23,11,8.1,Clear
WX-0001161,RUH,2025-03-05,11,9,3.2,Storm
WX-0001162,RUH,2025-03-06,16,9,2.5,Fog
WX-0001163,RUH,2025-03-07,27,7,9.1,Clear
WX-0001164,RUH,2025-03-08,31,12,8.9,Cloudy
WX-0001165,RUH,2025-03-09,28,3,9.7,Clear
WX-0001166,RUH,2025-03-10,22,10,8.4,Cloudy
WX-0001167,RUH,2025-03-11,31,2,9.2,Cloudy
WX-0001168,RUH,2025-03-12,38,14,9.8,Clear
WX-0001169,RUH,2025-03-13,18,7,9.0,Clear
WX-0001170,RUH,2025-03-14,27,22,8.2,Rain
WX-0001171,RUH,2025-03-15,39,14,8.4,Clear
WX-0001172,RUH,2025-03-16,17,10,9.8,Clear
WX-0001173,RUH,2025-03-17,17,13,9.1,Clear
WX-0001174,RUH,2025-03-18,11,10,9.7,Clear
WX-0001175,RUH,2025-03-19,10,13,8.7,Clear
WX-0001176,RUH,2025-03-20,17,14,9.3,Clear
WX-0001177,RUH,2025-03-21,33,4,9.2,Clear
WX-0001178,RUH,2025-03-22,27,3,9.1,Clear
WX-0001179,RUH,2025-03-23,38,7,9.1,Clear
WX-0001180,RUH,2025-03-24,27,23,8.2,Rain
WX-0001181,RUH,2025-03-25,26,2,9.5,Cloudy
WX-0001182,RUH,2025-03-26,33,10,9.5,Clear
WX-0001183,RUH,2025-03-27,28,14,2.5,Fog
WX-0001184,RUH,2025-03-28,24,6,8.3,Clear
WX-0001185,RUH,2025-03-29,34,20,8.3,Rain
WX-0001186,RUH,2025-03-30,31,5,3.5,Fog
WX-0001187,RUH,2025-03-31,27,3,3.0,Fog
WX-0001188,RUH,2025-04-01,32,12,9.3,Clear
WX-0001189,RUH,2025-04-02,24,4,8.3,Cloudy
WX-0001190,RUH,2025-04-03,29,9,9.4,Clear
WX-0001191,RUH,2025-04-04,27,4,8.5,Cloudy
WX-0001192,RUH,2025-04-05,21,7,8.7,Clear
WX-0001193,RUH,2025-04-06,31,8,9.1,Cloudy
WX-0001194,RUH,2025-04-07,20,3,9.9,Clear
WX-0001195,RUH,2025-04-08,38,13,10.0,Clear
WX-0001196,RUH,2025-04-09,31,5,9.7,Cloudy
WX-0001197,RUH,2025-04-10,41,13,8.7,Clear
WX-0001198,RUH,2025-04-11,41,8,4.0,Fog
WX-0001199,RUH,2025-04-12,18,32,9.7,Rain
WX-0001200,RUH,2025-04-13,12,10,9.2,Cloudy
WX-0001201,RUH,2025-04-14,28,10,8.4,Clear
WX-0001202,RUH,2025-04-15,33,8,8.5,Cloudy
WX-0001203,RUH,2025-04-16,23,27,9.9,Rain
WX-0001204,RUH,2025-04-17,35,17,8.2,Rain
WX-0001205,RUH,2025-04-18,18,14,8.1,Cloudy
WX-0001206,RUH,2025-04-19,38,9,8.4,Clear
WX-0001207,RUH,2025-04-20,29,9,8.6,Clear
WX-0001208,RUH,2025-04-21,37,4,9.3,Cloudy
WX-0001209,RUH,2025-04-22,39,9,8.6,Clear
WX-0001210,RUH,2025-04-23,17,14,8.3,Cloudy
WX-0001211,RUH,2025-04-24,25,11,9.8,Clear
WX-0001212,RUH,2025-04-25,26,8,8.4,Clear
WX-0001213,RUH,2025-04-26,21,7,9.3,Clear
WX-0001214,RUH,2025-04-27,13,6,9.7,Clear
WX-0001215,RUH,2025-04-28,24,12,9.6,Cloudy
WX-0001216,RUH,2025-04-29,37,8,9.2,Clear
WX-0001217,RUH,2025-04-30,19,13,9.0,Cloudy
WX-0001218,RUH,2025-05-01,13,2,8.1,Clear
WX-0001219,RUH,2025-05-02,27,13,8.2,Clear
WX-0001220,RUH,2025-05-03,26,41,9.2,Rain
WX-0001221,RUH,2025-05-04,10,5,9.5,Clear
WX-0001222,RUH,2025-05-05,32,4,9.2,Cloudy
WX-0001223,RUH,2025-05-06,10,5,8.7,Clear
WX-0001224,RUH,2025-05-07,10,12,8.8,Clear
WX-0001225,RUH,2025-05-08,17,41,1.7,Storm
WX-0001226,RUH,2025-05-09,29,14,9.7,Clear
WX-0001227,RUH,2025-05-10,14,5,3.7,Fog
WX-0001228,RUH,2025-05-11,22,2,8.5,Clear
WX-0001229,RUH,2025-05-12,29,10,9.0,Clear
WX-0001230,RUH,2025-05-13,41,5,8.3,Clear
WX-0001231,RUH,2025-05-14,25,9,8.6,Cloudy
WX-0001232,RUH,2025-05-15,36,8,9.3,Cloudy
WX-0001233,RUH,2025-05-16,12,4,8.6,Clear
WX-0001234,RUH,2025-05-17,38,12,8.1,Clear
WX-0001235,RUH,2025-05-18,26,12,9.2,Cloudy
WX-0001236,RUH,2025-05-19,20,3,8.2,Clear
WX-0001237,RUH,2025-05-20,23,10,8.2,Clear
WX-0001238,RUH,2025-05-21,41,8,9.8,Clear
WX-0001239,RUH,2025-05-22,24,3,10.0,Clear
WX-0001240,RUH,2025-05-23,11,13,9.3,Clear
WX-0001241,RUH,2025-05-24,36,10,8.8,Clear
WX-0001242,RUH,2025-05-25,20,2,8.2,Clear
WX-0001243,RUH,2025-05-26,35,10,10.0,Clear
WX-0001244,RUH,2025-05-27,25,25,9.5,Rain
WX-0001245,RUH,2025-05-28,23,12,8.8,Cloudy
WX-0001246,RUH,2025-05-29,20,6,2.0,Fog
WX-0001247,RUH,2025-05-30,27,12,8.5,Clear
WX-0001248,RUH,2025-05-31,38,14,8.7,Clear
WX-0001249,RUH,2025-06-01,10,4,9.3,Clear
WX-0001250,RUH,2025-06-02,31,3,9.9,Cloudy
WX-0001251,RUH,2025-06-03,26,10,8.5,Clear
WX-0001252,RUH,2025-06-04,33,3,9.4,Cloudy
WX-0001253,RUH,2025-06-05,34,5,9.2,Clear
WX-0001254,RUH,2025-06-06,20,4,8.9,Clear
WX-0001255,RUH,2025-06-07,32,8,8.9,Clear
WX-0001256,RUH,2025-06-08,16,10,9.2,Cloudy
WX-0001257,RUH,2025-06-09,30,9,8.6,Cloudy
WX-0001258,RUH,2025-06-10,18,3,8.7,Clear
WX-0001259,RUH,2025-06-11,12,13,9.8,Clear
WX-0001260,RUH,2025-06-12,24,2,9.7,Cloudy
WX-0001261,RUH,2025-06-13,28,8,9.9,Clear
WX-0001262,RUH,2025-06-14,28,9,9.6,Clear
WX-0001263,RUH,2025-06-15,41,13,9.6,Clear
WX-0001264,RUH,2025-06-16,25,9,3.3,Fog
WX-0001265,RUH,2025-06-17,24,6,10.0,Cloudy
WX-0001266,RUH,2025-06-18,15,13,9.2,Clear
WX-0001267,RUH,2025-06-19,31,7,8.6,Clear
WX-0001268,RUH,2025-06-20,17,2,9.3,Clear
WX-0001269,RUH,2025-06-21,18,2,9.7,Cloudy
WX-0001270,RUH,2025-06-22,15,5,8.8,Clear
WX-0001271,RUH,2025-06-23,14,10,8.9,Clear
WX-0001272,RUH,2025-06-24,31,10,8.6,Clear
WX-0001273,RUH,2025-06-25,38,5,9.3,Cloudy
WX-0001274,RUH,2025-06-26,23,31,3.1,Storm
WX-0001275,RUH,2025-06-27,20,3,8.2,Clear
WX-0001276,RUH,2025-06-28,13,6,9.4,Cloudy
WX-0001277,RUH,2025-06-29,33,13,9.1,Clear
WX-0001278,RUH,2025-06-30,27,9,8.3,Clear
WX-0001279,RUH,2025-07-01,10,12,8.8,Clear
WX-0001280,RUH,2025-07-02,28,13,9.9,Cloudy
WX-0001281,RUH,2025-07-03,11,23,3.3,Storm
WX-0001282,RUH,2025-07-04,26,10,8.1,Clear
WX-0001283,RUH,2025-07-05,41,27,8.4,Rain
WX-0001284,RUH,2025-07-06,32,3,9.3,Clear
WX-0001285,RUH,2025-07-07,23,14,2.2,Fog
WX-0001286,RUH,2025-07-08,34,8,8.5,Clear
WX-0001287,RUH,2025-07-09,11,2,8.8,Cloudy
WX-0001288,RUH,2025-07-10,17,2,9.8,Clear
WX-0001289,RUH,2025-07-11,17,13,8.7,Clear
WX-0001290,RUH,2025-07-12,25,4,8.5,Clear
WX-0001291,RUH,2025-07-13,23,14,9.6,Cloudy
WX-0001292,RUH,2025-07-14,37,11,8.6,Cloudy
WX-0001293,RUH,2025-07-15,19,10,9.2,Cloudy
WX-0001294,RUH,2025-07-16,16,7,9.8,Cloudy
WX-0001295,RUH,2025-07-17,20,30,9.2,Rain
WX-0001296,RUH,2025-07-18,38,6,3.4,Fog
WX-0001297,RUH,2025-07-19,29,12,3.4,Fog
WX-0001298,RUH,2025-07-20,29,27,3.0,Storm
WX-0001299,RUH,2025-07-21,29,9,8.2,Clear
WX-0001300,RUH,2025-07-22,13,3,9.9,Cloudy
WX-0001301,RUH,2025-07-23,37,14,8.3,Cloudy
WX-0001302,RUH,2025-07-24,14,11,9.7,Clear
WX-0001303,RUH,2025-07-25,22,3,9.1,Clear
WX-0001304,RUH,2025-07-26,22,13,8.6,Clear
WX-0001305,RUH,2025-07-27,31,19,3.3,Storm
WX-0001306,RUH,2025-07-28,26,10,8.2,Cloudy
WX-0001307,RUH,2025-07-29,12,8,10.0,Clear
WX-0001308,RUH,2025-07-30,35,5,9.9,Clear
WX-0001309,RUH,2025-07-31,35,13,9.8,Clear
WX-0001310,RUH,2025-08-01,39,41,8.8,Rain
WX-0001311,RUH,2025-08-02,23,37,8.3,Rain
WX-0001312,RUH,2025-08-03,18,3,9.5,Clear
WX-0001313,RUH,2025-08-04,32,2,8.9,Clear
WX-0001314,RUH,2025-08-05,23,3,8.7,Cloudy
WX-0001315,RUH,2025-08-06,33,42,3.2,Storm
WX-0001316,RUH,2025-08-07,36,37,9.2,Rain
WX-0001317,RUH,2025-08-08,30,12,9.2,Clear
WX-0001318,RUH,2025-08-09,18,8,9.2,Cloudy
WX-0001319,RUH,2025-08-10,33,2,9.1,Clear
WX-0001320,RUH,2025-08-11,36,4,2.5,Fog
WX-0001321,RUH,2025-08-12,40,10,9.8,Clear
WX-0001322,RUH,2025-08-13,40,14,8.2,Cloudy
WX-0001323,RUH,2025-08-14,38,5,9.5,Clear
WX-0001324,RUH,2025-08-15,10,12,8.8,Clear
WX-0001325,RUH,2025-08-16,34,12,8.2,Cloudy
WX-0001326,RUH,2025-08-17,25,6,8.7,Clear
WX-0001327,RUH,2025-08-18,17,12,9.1,Cloudy
WX-0001328,RUH,2025-08-19,12,12,9.0,Cloudy
WX-0001329,RUH,2025-08-20,33,13,9.8,Cloudy
WX-0001330,RUH,2025-08-21,13,11,9.3,Clear
WX-0001331,RUH,2025-08-22,17,12,9.3,Cloudy
WX-0001332,RUH,2025-08-23,18,4,8.5,Clear
WX-0001333,RUH,2025-08-24,11,21,9.3,Rain
WX-0001334,RUH,2025-08-25,20,3,8.7,Cloudy
WX-0001335,RUH,2025-08-26,29,8,10.0,Clear
WX-0001336,RUH,2025-08-27,34,2,9.5,Clear
WX-0001337,RUH,2025-08-28,20,9,9.2,Clear
WX-0001338,RUH,2025-08-29,24,5,9.3,Clear
WX-0001339,RUH,2025-08-30,25,13,9.8,Cloudy
WX-0001340,RUH,2025-08-31,30,3,8.8,Cloudy
WX-0001341,RUH,2025-09-01,33,11,9.5,Rain
WX-0001342,RUH,2025-09-02,39,12,9.3,Cloudy
WX-0001343,RUH,2025-09-03,12,12,8.2,Cloudy
WX-0001344,RUH,2025-09-04,40,7,8.7,Clear
WX-0001345,RUH,2025-09-05,26,14,8.6,Clear
WX-0001346,RUH,2025-09-06,25,14,9.3,Cloudy
WX-0001347,RUH,2025-09-07,40,4,9.5,Clear
WX-0001348,RUH,2025-09-08,40,21,8.4,Rain
WX-0001349,RUH,2025-09-09,32,11,9.7,Clear
WX-0001350,RUH,2025-09-10,16,5,9.2,Clear
WX-0001351,RUH,2025-09-11,22,28,2.1,Storm
WX-0001352,RUH,2025-09-12,37,6,8.1,Clear
WX-0001353,RUH,2025-09-13,16,13,2.5,Fog
WX-0001354,RUH,2025-09-14,12,6,8.1,Clear
WX-0001355,RUH,2025-09-15,38,44,1.6,Storm
WX-0001356,RUH,2025-09-16,33,11,8.5,Clear
WX-0001357,RUH,2025-09-17,27,9,8.5,Cloudy
WX-0001358,RUH,2025-09-18,19,17,9.1,Rain
WX-0001359,RUH,2025-09-19,27,9,9.0,Clear
WX-0001360,RUH,2025-09-20,26,11,9.5,Clear
WX-0001361,RUH,2025-09-21,11,10,8.5,Clear
WX-0001362,RUH,2025-09-22,10,7,8.2,Clear
WX-0001363,RUH,2025-09-23,41,37,8.8,Rain
WX-0001364,RUH,2025-09-24,38,14,9.8,Clear
WX-0001365,RUH,2025-09-25,18,13,8.6,Clear
WX-0001366,RUH,2025-09-26,38,5,9.3,Clear
WX-0001367,RUH,2025-09-27,34,8,8.8,Clear
WX-0001368,RUH,2025-09-28,20,12,9.1,Cloudy
WX-0001369,RUH,2025-09-29,30,6,8.3,Cloudy
WX-0001370,RUH,2025-09-30,32,14,8.2,Clear
WX-0001371,RUH,2025-10-01,24,5,8.8,Clear
WX-0001372,RUH,2025-10-02,21,5,8.6,Clear
WX-0001373,RUH,2025-10-03,35,9,8.3,Clear
WX-0001374,RUH,2025-10-04,38,9,8.9,Clear
WX-0001375,RUH,2025-10-05,29,2,9.0,Cloudy
WX-0001376,RUH,2025-10-06,32,10,9.8,Clear
WX-0001377,RUH,2025-10-07,14,14,2.8,Storm
WX-0001378,RUH,2025-10-08,12,10,9.0,Clear
WX-0001379,RUH,2025-10-09,26,7,8.1,Clear
WX-0001380,RUH,2025-10-10,16,6,8.1,Clear
WX-0001381,RUH,2025-10-11,17,10,9.2,Clear
WX-0001382,RUH,2025-10-12,41,3,8.7,Clear
WX-0001383,RUH,2025-10-13,34,10,3.7,Storm
WX-0001384,RUH,2025-10-14,15,13,8.3,Cloudy
WX-0001385,RUH,2025-10-15,35,9,9.8,Clear
WX-0001386,RUH,2025-10-16,27,5,1.0,Fog
WX-0001387,RUH,2025-10-17,19,2,9.9,Clear
WX-0001388,RUH,2025-10-18,21,3,8.8,Clear
WX-0001389,RUH,2025-10-19,20,5,8.4,Cloudy
WX-0001390,RUH,2025-10-20,36,7,8.6,Clear
WX-0001391,RUH,2025-10-21,10,44,9.7,Rain
WX-0001392,RUH,2025-10-22,18,5,9.8,Rain
WX-0001393,RUH,2025-10-23,17,5,9.5,Clear
WX-0001394,RUH,2025-10-24,34,9,8.3,Clear
WX-0001395,RUH,2025-10-25,13,7,9.4,Clear
WX-0001396,RUH,2025-10-26,24,6,8.0,Clear
WX-0001397,RUH,2025-10-27,24,5,9.0,Cloudy
WX-0001398,RUH,2025-10-28,12,9,9.7,Clear
WX-0001399,RUH,2025-10-29,41,11,9.7,Clear
WX-0001400,RUH,2025-10-30,12,3,9.7,Clear
WX-0001401,RUH,2025-10-31,41,8,8.4,Clear
WX-0001402,RUH,2025-11-01,15,12,9.9,Cloudy
WX-0001403,RUH,2025-11-02,34,2,4.0,Fog
WX-0001404,RUH,2025-11-03,34,14,8.1,Clear
WX-0001405,RUH,2025-11-04,34,6,9.3,Rain
WX-0001406,RUH,2025-11-05,16,8,9.1,Cloudy
WX-0001407,RUH,2025-11-06,20,6,2.9,Storm
WX-0001408,RUH,2025-11-07,28,14,9.8,Clear
WX-0001409,RUH,2025-11-08,27,7,9.1,Clear
WX-0001410,RUH,2025-11-09,22,10,9.1,Clear
WX-0001411,RUH,2025-11-10,15,9,8.6,Clear
WX-0001412,RUH,2025-11-11,31,14,8.3,Clear
WX-0001413,RUH,2025-11-12,27,12,9.9,Clear
WX-0001414,RUH,2025-11-13,14,14,9.7,Clear
WX-0001415,RUH,2025-11-14,10,12,2.8,Fog
WX-0001416,RUH,2025-11-15,12,8,9.3,Clear
WX-0001417,RUH,2025-11-16,11,31,2.1,Storm
WX-0001418,RUH,2025-11-17,30,13,8.2,Cloudy
WX-0001419,RUH,2025-11-18,26,5,10.0,Clear
WX-0001420,RUH,2025-11-19,40,12,8.6,Clear
WX-0001421,RUH,2025-11-20,40,5,8.9,Clear
WX-0001422,RUH,2025-11-21,34,2,8.6,Cloudy
WX-0001423,RUH,2025-11-22,28,5,8.6,Clear
WX-0001424,RUH,2025-11-23,35,3,8.2,Clear
WX-0001425,RUH,2025-11-24,33,2,9.6,Clear
WX-0001426,RUH,2025-11-25,11,6,3.1,Fog
WX-0001427,RUH,2025-11-26,26,7,8.2,Cloudy
WX-0001428,RUH,2025-11-27,30,2,8.3,Clear
WX-0001429,RUH,2025-11-28,34,14,9.3,Clear
WX-0001430,RUH,2025-11-29,29,11,3.8,Fog
WX-0001431,RUH,2025-11-30,34,2,9.1,Cloudy
WX-0001432,RUH,2025-12-01,32,12,8.6,Clear
WX-0001433,RUH,2025-12-02,34,12,9.6,Clear
WX-0001434,RUH,2025-12-03,40,8,8.8,Rain
WX-0001435,RUH,2025-12-04,11,2,8.7,Clear
WX-0001436,RUH,2025-12-05,18,2,8.1,Clear
WX-0001437,RUH,2025-12-06,28,4,9.7,Clear
WX-0001438,RUH,2025-12-07,30,3,8.5,Clear
WX-0001439,RUH,2025-12-08,26,13,8.9,Clear
WX-0001440,RUH,2025-12-09,19,3,9.7,Clear
WX-0001441,RUH,2025-12-10,40,40,10.0,Rain
WX-0001442,RUH,2025-12-11,14,10,8.7,Clear
WX-0001443,RUH,2025-12-12,19,2,9.5,Clear
WX-0001444,RUH,2025-12-13,19,14,9.2,Clear
WX-0001445,RUH,2025-12-14,25,2,8.2,Cloudy
WX-0001446,RUH,2025-12-15,34,10,9.7,Clear
WX-0001447,RUH,2025-12-16,36,5,1.9,Storm
WX-0001448,RUH,2025-12-17,12,8,9.8,Clear
WX-0001449,RUH,2025-12-18,39,14,9.1,Clear
WX-0001450,RUH,2025-12-19,31,7,8.8,Clear
WX-0001451,RUH,2025-12-20,39,42,9.5,Rain
WX-0001452,RUH,2025-12-21,12,4,9.0,Clear
WX-0001453,RUH,2025-12-22,11,7,8.1,Clear
WX-0001454,RUH,2025-12-23,12,4,8.3,Clear
WX-0001455,RUH,2025-12-24,32,7,9.0,Cloudy
WX-0001456,RUH,2025-12-25,25,13,9.1,Cloudy
WX-0001457,RUH,2025-12-26,12,5,8.6,Cloudy
WX-0001458,RUH,2025-12-27,38,7,9.9,Clear
WX-0001459,RUH,2025-12-28,17,14,9.7,Clear
WX-0001460,RUH,2025-12-29,24,39,9.9,Rain
WX-0001461,RUH,2025-12-30,28,5,8.6,Cloudy
WX-0001462,RUH,2025-12-31,31,4,2.6,Fog
WX-0001463,DMM,2024-01-01,32,4,8.7,Clear
WX-0001464,DMM,2024-01-02,36,7,2.4,Fog
WX-0001465,DMM,2024-01-03,10,7,8.2,Clear
WX-0001466,DMM,2024-01-04,34,13,9.9,Clear
WX-0001467,DMM,2024-01-05,11,11,8.2,Clear
WX-0001468,DMM,2024-01-06,12,11,8.8,Cloudy
WX-0001469,DMM,2024-01-07,24,8,8.4,Clear
WX-0001470,DMM,2024-01-08,26,19,9.4,Rain
WX-0001471,DMM,2024-01-09,33,7,8.6,Clear
WX-0001472,DMM,2024-01-10,38,4,9.7,Clear
WX-0001473,DMM,2024-01-11,27,6,3.8,Storm
WX-0001474,DMM,2024-01-12,26,5,8.3,Clear
WX-0001475,DMM,2024-01-13,41,3,9.8,Clear
WX-0001476,DMM,2024-01-14,16,4,9.1,Clear
WX-0001477,DMM,2024-01-15,17,11,8.4,Cloudy
WX-0001478,DMM,2024-01-16,41,41,2.8,Storm
WX-0001479,DMM,2024-01-17,30,8,8.4,Clear
WX-0001480,DMM,2024-01-18,22,2,1.9,Fog
WX-0001481,DMM,2024-01-19,19,9,3.8,Storm
WX-0001482,DMM,2024-01-20,11,10,9.4,Clear
WX-0001483,DMM,2024-01-21,18,3,9.8,Clear
WX-0001484,DMM,2024-01-22,21,6,8.8,Clear
WX-0001485,DMM,2024-01-23,23,6,8.1,Clear
WX-0001486,DMM,2024-01-24,22,11,9.1,Clear
WX-0001487,DMM,2024-01-25,15,10,8.4,Cloudy
WX-0001488,DMM,2024-01-26,41,9,8.6,Clear
WX-0001489,DMM,2024-01-27,41,2,8.4,Clear
WX-0001490,DMM,2024-01-28,40,2,9.8,Clear
WX-0001491,DMM,2024-01-29,17,5,8.7,Clear
WX-0001492,DMM,2024-01-30,11,5,9.3,Clear
WX-0001493,DMM,2024-01-31,37,10,1.4,Fog
WX-0001494,DMM,2024-02-01,18,10,8.3,Cloudy
WX-0001495,DMM,2024-02-02,18,4,8.2,Clear
WX-0001496,DMM,2024-02-03,18,9,8.1,Cloudy
WX-0001497,DMM,2024-02-04,32,11,9.3,Clear
WX-0001498,DMM,2024-02-05,31,11,3.9,Fog
WX-0001499,DMM,2024-02-06,13,6,9.8,Clear
WX-0001500,DMM,2024-02-07,21,7,8.5,Cloudy
WX-0001501,DMM,2024-02-08,13,2,9.8,Cloudy
WX-0001502,DMM,2024-02-09,23,6,8.2,Clear
WX-0001503,DMM,2024-02-10,31,2,9.2,Clear
WX-0001504,DMM,2024-02-11,18,5,9.5,Clear
WX-0001505,DMM,2024-02-12,20,5,2.1,Fog
WX-0001506,DMM,2024-02-13,36,8,9.6,Cloudy
WX-0001507,DMM,2024-02-14,40,7,9.5,Clear
WX-0001508,DMM,2024-02-15,10,10,8.7,Rain
WX-0001509,DMM,2024-02-16,24,11,9.4,Clear
WX-0001510,DMM,2024-02-17,28,14,9.7,Clear
WX-0001511,DMM,2024-02-18,28,7,9.4,Clear
WX-0001512,DMM,2024-02-19,35,3,9.8,Cloudy
WX-0001513,DMM,2024-02-20,36,3,9.6,Clear
WX-0001514,DMM,2024-02-21,34,5,9.8,Cloudy
WX-0001515,DMM,2024-02-22,12,10,9.8,Clear
WX-0001516,DMM,2024-02-23,39,4,9.5,Clear
WX-0001517,DMM,2024-02-24,16,7,9.7,Cloudy
WX-0001518,DMM,2024-02-25,35,8,8.9,Rain
WX-0001519,DMM,2024-02-26,34,6,9.3,Clear
WX-0001520,DMM,2024-02-27,31,11,8.6,Clear
WX-0001521,DMM,2024-02-28,30,3,9.1,Cloudy
WX-0001522,DMM,2024-02-29,18,4,9.8,Clear
WX-0001523,DMM,2024-03-01,39,5,8.5,Clear
WX-0001524,DMM,2024-03-02,38,13,8.6,Cloudy
WX-0001525,DMM,2024-03-03,37,8,8.8,Clear
WX-0001526,DMM,2024-03-04,11,26,2.9,Storm
WX-0001527,DMM,2024-03-05,32,19,8.6,Rain
WX-0001528,DMM,2024-03-06,15,11,8.4,Clear
WX-0001529,DMM,2024-03-07,16,12,9.5,Clear
WX-0001530,DMM,2024-03-08,14,3,8.6,Cloudy
WX-0001531,DMM,2024-03-09,34,12,9.6,Clear
WX-0001532,DMM,2024-03-10,41,5,9.9,Clear
WX-0001533,DMM,2024-03-11,39,23,2.2,Storm
WX-0001534,DMM,2024-03-12,24,5,9.6,Cloudy
WX-0001535,DMM,2024-03-13,21,14,9.3,Clear
WX-0001536,DMM,2024-03-14,22,6,9.3,Clear
WX-0001537,DMM,2024-03-15,22,17,8.5,Rain
WX-0001538,DMM,2024-03-16,12,10,9.9,Clear
WX-0001539,DMM,2024-03-17,40,4,8.8,Clear
WX-0001540,DMM,2024-03-18,26,12,8.4,Clear
WX-0001541,DMM,2024-03-19,21,11,9.3,Clear
WX-0001542,DMM,2024-03-20,12,4,8.3,Clear
WX-0001543,DMM,2024-03-21,36,13,2.0,Fog
WX-0001544,DMM,2024-03-22,39,14,8.9,Clear
WX-0001545,DMM,2024-03-23,36,6,9.3,Clear
WX-0001546,DMM,2024-03-24,40,14,9.7,Cloudy
WX-0001547,DMM,2024-03-25,16,27,9.6,Rain
WX-0001548,DMM,2024-03-26,32,4,8.6,Clear
WX-0001549,DMM,2024-03-27,12,10,9.7,Clear
WX-0001550,DMM,2024-03-28,29,8,8.2,Cloudy
WX-0001551,DMM,2024-03-29,17,6,9.3,Clear
WX-0001552,DMM,2024-03-30,37,12,9.4,Clear
WX-0001553,DMM,2024-03-31,40,33,9.2,Rain
WX-0001554,DMM,2024-04-01,31,12,9.6,Clear
WX-0001555,DMM,2024-04-02,19,33,8.7,Rain
WX-0001556,DMM,2024-04-03,33,26,1.6,Storm
WX-0001557,DMM,2024-04-04,28,7,9.1,Clear
WX-0001558,DMM,2024-04-05,38,14,9.7,Clear
WX-0001559,DMM,2024-04-06,30,26,9.9,Rain
WX-0001560,DMM,2024-04-07,31,11,9.8,Clear
WX-0001561,DMM,2024-04-08,38,8,8.4,Cloudy
WX-0001562,DMM,2024-04-09,41,6,8.2,Cloudy
WX-0001563,DMM,2024-04-10,10,8,2.6,Storm
WX-0001564,DMM,2024-04-11,23,2,8.1,Clear
WX-0001565,DMM,2024-04-12,29,7,8.7,Cloudy
WX-0001566,DMM,2024-04-13,41,4,8.3,Clear
WX-0001567,DMM,2024-04-14,24,13,9.7,Clear
WX-0001568,DMM,2024-04-15,29,9,9.7,Clear
WX-0001569,DMM,2024-04-16,37,13,8.0,Cloudy
WX-0001570,DMM,2024-04-17,33,2,8.4,Clear
WX-0001571,DMM,2024-04-18,11,9,9.5,Cloudy
WX-0001572,DMM,2024-04-19,23,34,9.1,Rain
WX-0001573,DMM,2024-04-20,39,6,8.6,Cloudy
WX-0001574,DMM,2024-04-21,27,7,9.3,Clear
WX-0001575,DMM,2024-04-22,36,9,8.7,Cloudy
WX-0001576,DMM,2024-04-23,28,10,8.7,Cloudy
WX-0001577,DMM,2024-04-24,23,5,9.5,Clear
WX-0001578,DMM,2024-04-25,15,7,9.3,Clear
WX-0001579,DMM,2024-04-26,21,13,8.3,Clear
WX-0001580,DMM,2024-04-27,28,5,9.2,Clear
WX-0001581,DMM,2024-04-28,25,12,9.8,Clear
WX-0001582,DMM,2024-04-29,34,12,8.5,Clear
WX-0001583,DMM,2024-04-30,21,21,3.1,Storm
WX-0001584,DMM,2024-05-01,14,13,9.1,Cloudy
WX-0001585,DMM,2024-05-02,15,3,9.4,Clear
WX-0001586,DMM,2024-05-03,35,14,9.3,Clear
WX-0001587,DMM,2024-05-04,21,11,3.9,Fog
WX-0001588,DMM,2024-05-05,30,14,9.5,Clear
WX-0001589,DMM,2024-05-06,32,43,10.0,Rain
WX-0001590,DMM,2024-05-07,14,14,8.0,Cloudy
WX-0001591,DMM,2024-05-08,23,12,8.8,Clear
WX-0001592,DMM,2024-05-09,19,5,8.7,Clear
WX-0001593,DMM,2024-05-10,13,26,1.5,Storm
WX-0001594,DMM,2024-05-11,39,14,9.8,Clear
WX-0001595,DMM,2024-05-12,33,8,9.8,Clear
WX-0001596,DMM,2024-05-13,25,5,9.8,Clear
WX-0001597,DMM,2024-05-14,12,2,8.9,Cloudy
WX-0001598,DMM,2024-05-15,19,13,8.4,Cloudy
WX-0001599,DMM,2024-05-16,37,10,9.4,Clear
WX-0001600,DMM,2024-05-17,36,2,9.0,Cloudy
WX-0001601,DMM,2024-05-18,35,6,9.1,Clear
WX-0001602,DMM,2024-05-19,12,31,8.6,Rain
WX-0001603,DMM,2024-05-20,30,8,8.5,Clear
WX-0001604,DMM,2024-05-21,30,10,9.3,Cloudy
WX-0001605,DMM,2024-05-22,29,7,8.8,Clear
WX-0001606,DMM,2024-05-23,18,6,9.3,Clear
WX-0001607,DMM,2024-05-24,24,3,8.9,Clear
WX-0001608,DMM,2024-05-25,24,8,9.5,Clear
WX-0001609,DMM,2024-05-26,17,32,8.9,Rain
WX-0001610,DMM,2024-05-27,35,13,8.4,Clear
WX-0001611,DMM,2024-05-28,32,7,9.9,Clear
WX-0001612,DMM,2024-05-29,41,21,9.7,Rain
WX-0001613,DMM,2024-05-30,25,37,9.2,Rain
WX-0001614,DMM,2024-05-31,28,6,8.6,Cloudy
WX-0001615,DMM,2024-06-01,37,11,9.8,Clear
WX-0001616,DMM,2024-06-02,37,16,9.8,Rain
WX-0001617,DMM,2024-06-03,18,3,9.0,Clear
WX-0001618,DMM,2024-06-04,18,10,8.6,Clear
WX-0001619,DMM,2024-06-05,34,5,8.2,Clear
WX-0001620,DMM,2024-06-06,37,14,8.4,Clear
WX-0001621,DMM,2024-06-07,39,11,8.6,Clear
WX-0001622,DMM,2024-06-08,34,8,9.3,Cloudy
WX-0001623,DMM,2024-06-09,15,13,9.1,Clear
WX-0001624,DMM,2024-06-10,12,10,9.4,Clear
WX-0001625,DMM,2024-06-11,35,3,8.9,Clear
WX-0001626,DMM,2024-06-12,30,7,9.1,Cloudy
WX-0001627,DMM,2024-06-13,37,2,8.7,Clear
WX-0001628,DMM,2024-06-14,35,3,8.0,Clear
WX-0001629,DMM,2024-06-15,10,10,9.3,Clear
WX-0001630,DMM,2024-06-16,10,12,9.5,Clear
WX-0001631,DMM,2024-06-17,40,6,8.2,Cloudy
WX-0001632,DMM,2024-06-18,34,2,9.5,Clear
WX-0001633,DMM,2024-06-19,27,24,2.4,Storm
WX-0001634,DMM,2024-06-20,41,7,9.7,Rain
WX-0001635,DMM,2024-06-21,21,2,2.1,Fog
WX-0001636,DMM,2024-06-22,18,9,9.9,Clear
WX-0001637,DMM,2024-06-23,23,2,9.9,Clear
WX-0001638,DMM,2024-06-24,40,10,9.2,Clear
WX-0001639,DMM,2024-06-25,12,7,8.7,Clear
WX-0001640,DMM,2024-06-26,24,4,9.9,Clear
WX-0001641,DMM,2024-06-27,19,2,10.0,Clear
WX-0001642,DMM,2024-06-28,20,12,9.9,Clear
WX-0001643,DMM,2024-06-29,30,40,2.0,Storm
WX-0001644,DMM,2024-06-30,39,9,8.8,Cloudy
WX-0001645,DMM,2024-07-01,16,3,8.4,Clear
WX-0001646,DMM,2024-07-02,23,6,9.7,Clear
WX-0001647,DMM,2024-07-03,21,2,9.2,Clear
WX-0001648,DMM,2024-07-04,28,6,9.2,Cloudy
WX-0001649,DMM,2024-07-05,26,4,8.3,Cloudy
WX-0001650,DMM,2024-07-06,16,9,3.9,Storm
WX-0001651,DMM,2024-07-07,12,11,9.8,Clear
WX-0001652,DMM,2024-07-08,23,7,9.0,Cloudy
WX-0001653,DMM,2024-07-09,19,10,9.2,Clear
WX-0001654,DMM,2024-07-10,24,9,9.3,Cloudy
WX-0001655,DMM,2024-07-11,11,13,9.0,Clear
WX-0001656,DMM,2024-07-12,33,8,8.7,Cloudy
WX-0001657,DMM,2024-07-13,12,4,9.6,Cloudy
WX-0001658,DMM,2024-07-14,40,13,3.1,Fog
WX-0001659,DMM,2024-07-15,12,11,8.6,Clear
WX-0001660,DMM,2024-07-16,39,9,9.1,Clear
WX-0001661,DMM,2024-07-17,17,13,9.6,Cloudy
WX-0001662,DMM,2024-07-18,10,9,8.3,Clear
WX-0001663,DMM,2024-07-19,24,7,8.6,Cloudy
WX-0001664,DMM,2024-07-20,36,9,8.3,Clear
WX-0001665,DMM,2024-07-21,22,6,8.7,Clear
WX-0001666,DMM,2024-07-22,41,5,9.0,Clear
WX-0001667,DMM,2024-07-23,16,37,8.7,Rain
WX-0001668,DMM,2024-07-24,36,13,9.7,Cloudy
WX-0001669,DMM,2024-07-25,29,2,8.0,Cloudy
WX-0001670,DMM,2024-07-26,23,5,8.5,Clear
WX-0001671,DMM,2024-07-27,36,10,8.6,Clear
WX-0001672,DMM,2024-07-28,19,4,8.3,Clear
WX-0001673,DMM,2024-07-29,39,7,8.2,Cloudy
WX-0001674,DMM,2024-07-30,12,11,8.5,Clear
WX-0001675,DMM,2024-07-31,18,2,8.9,Clear
WX-0001676,DMM,2024-08-01,25,7,8.1,Clear
WX-0001677,DMM,2024-08-02,29,9,8.4,Clear
WX-0001678,DMM,2024-08-03,36,9,9.7,Clear
WX-0001679,DMM,2024-08-04,13,11,10.0,Clear
WX-0001680,DMM,2024-08-05,12,8,8.9,Clear
WX-0001681,DMM,2024-08-06,29,7,9.5,Clear
WX-0001682,DMM,2024-08-07,35,3,9.9,Clear
WX-0001683,DMM,2024-08-08,22,21,9.5,Rain
WX-0001684,DMM,2024-08-09,21,3,8.6,Clear
WX-0001685,DMM,2024-08-10,12,2,8.4,Clear
WX-0001686,DMM,2024-08-11,28,5,9.1,Clear
WX-0001687,DMM,2024-08-12,35,12,8.7,Clear
WX-0001688,DMM,2024-08-13,14,36,9.9,Rain
WX-0001689,DMM,2024-08-14,23,9,10.0,Clear
WX-0001690,DMM,2024-08-15,13,14,8.3,Cloudy
WX-0001691,DMM,2024-08-16,21,13,9.2,Clear
WX-0001692,DMM,2024-08-17,30,13,8.3,Clear
WX-0001693,DMM,2024-08-18,25,14,8.9,Clear
WX-0001694,DMM,2024-08-19,39,9,8.3,Clear
WX-0001695,DMM,2024-08-20,14,32,2.1,Storm
WX-0001696,DMM,2024-08-21,33,13,9.6,Clear
WX-0001697,DMM,2024-08-22,25,14,3.1,Storm
WX-0001698,DMM,2024-08-23,25,8,8.3,Clear
WX-0001699,DMM,2024-08-24,18,11,9.4,Clear
WX-0001700,DMM,2024-08-25,34,8,9.2,Clear
WX-0001701,DMM,2024-08-26,14,9,8.2,Clear
WX-0001702,DMM,2024-08-27,25,2,8.7,Clear
WX-0001703,DMM,2024-08-28,37,13,9.0,Clear
WX-0001704,DMM,2024-08-29,35,13,9.9,Clear
WX-0001705,DMM,2024-08-30,12,2,9.2,Clear
WX-0001706,DMM,2024-08-31,14,9,8.1,Clear
WX-0001707,DMM,2024-09-01,21,12,9.3,Clear
WX-0001708,DMM,2024-09-02,10,13,8.2,Clear
WX-0001709,DMM,2024-09-03,34,27,3.5,Storm
WX-0001710,DMM,2024-09-04,32,40,2.6,Storm
WX-0001711,DMM,2024-09-05,21,14,9.0,Clear
WX-0001712,DMM,2024-09-06,35,13,9.5,Cloudy
WX-0001713,DMM,2024-09-07,35,6,9.6,Cloudy
WX-0001714,DMM,2024-09-08,27,2,9.4,Cloudy
WX-0001715,DMM,2024-09-09,24,3,8.0,Clear
WX-0001716,DMM,2024-09-10,30,5,9.8,Clear
WX-0001717,DMM,2024-09-11,33,11,9.2,Clear
WX-0001718,DMM,2024-09-12,12,10,9.4,Clear
WX-0001719,DMM,2024-09-13,22,9,8.4,Cloudy
WX-0001720,DMM,2024-09-14,21,23,8.3,Rain
WX-0001721,DMM,2024-09-15,30,9,9.4,Clear
WX-0001722,DMM,2024-09-16,14,3,9.5,Cloudy
WX-0001723,DMM,2024-09-17,32,7,8.5,Clear
WX-0001724,DMM,2024-09-18,28,13,8.6,Clear
WX-0001725,DMM,2024-09-19,25,15,2.5,Storm
WX-0001726,DMM,2024-09-20,36,9,8.5,Clear
WX-0001727,DMM,2024-09-21,22,8,9.1,Clear
WX-0001728,DMM,2024-09-22,10,5,9.2,Clear
WX-0001729,DMM,2024-09-23,36,26,9.9,Rain
WX-0001730,DMM,2024-09-24,21,4,9.1,Clear
WX-0001731,DMM,2024-09-25,32,27,9.9,Rain
WX-0001732,DMM,2024-09-26,18,8,9.8,Cloudy
WX-0001733,DMM,2024-09-27,34,2,8.8,Clear
WX-0001734,DMM,2024-09-28,16,10,9.5,Clear
WX-0001735,DMM,2024-09-29,28,13,9.3,Clear
WX-0001736,DMM,2024-09-30,12,5,8.5,Cloudy
WX-0001737,DMM,2024-10-01,15,8,1.2,Fog
WX-0001738,DMM,2024-10-02,36,23,3.8,Storm
WX-0001739,DMM,2024-10-03,15,14,8.9,Clear
WX-0001740,DMM,2024-10-04,33,6,8.7,Cloudy
WX-0001741,DMM,2024-10-05,32,5,9.3,Cloudy
WX-0001742,DMM,2024-10-06,40,13,8.9,Clear
WX-0001743,DMM,2024-10-07,14,7,9.8,Cloudy
WX-0001744,DMM,2024-10-08,10,11,8.6,Clear
WX-0001745,DMM,2024-10-09,20,11,8.7,Cloudy
WX-0001746,DMM,2024-10-10,22,6,9.3,Clear
WX-0001747,DMM,2024-10-11,40,11,1.4,Fog
WX-0001748,DMM,2024-10-12,14,2,9.3,Clear
WX-0001749,DMM,2024-10-13,16,13,9.4,Clear
WX-0001750,DMM,2024-10-14,28,4,8.9,Clear
WX-0001751,DMM,2024-10-15,18,42,9.3,Rain
WX-0001752,DMM,2024-10-16,36,6,8.1,Clear
WX-0001753,DMM,2024-10-17,21,13,9.1,Clear
WX-0001754,DMM,2024-10-18,24,5,8.1,Clear
WX-0001755,DMM,2024-10-19,13,13,8.6,Clear
WX-0001756,DMM,2024-10-20,12,6,10.0,Cloudy
WX-0001757,DMM,2024-10-21,10,4,10.0,Clear
WX-0001758,DMM,2024-10-22,36,10,9.9,Clear
WX-0001759,DMM,2024-10-23,37,5,8.2,Clear
WX-0001760,DMM,2024-10-24,30,3,9.6,Clear
WX-0001761,DMM,2024-10-25,13,10,9.2,Clear
WX-0001762,DMM,2024-10-26,31,7,9.3,Clear
WX-0001763,DMM,2024-10-27,30,11,8.6,Clear
WX-0001764,DMM,2024-10-28,34,12,8.3,Clear
WX-0001765,DMM,2024-10-29,36,7,9.3,Clear
WX-0001766,DMM,2024-10-30,10,6,9.9,Clear
WX-0001767,DMM,2024-10-31,40,11,9.3,Clear
WX-0001768,DMM,2024-11-01,40,7,8.6,Clear
WX-0001769,DMM,2024-11-02,23,13,8.4,Clear
WX-0001770,DMM,2024-11-03,17,4,9.1,Clear
WX-0001771,DMM,2024-11-04,18,4,9.5,Clear
WX-0001772,DMM,2024-11-05,36,8,8.7,Rain
WX-0001773,DMM,2024-11-06,24,9,3.1,Fog
WX-0001774,DMM,2024-11-07,11,14,8.7,Clear
WX-0001775,DMM,2024-11-08,30,4,8.0,Clear
WX-0001776,DMM,2024-11-09,26,5,9.9,Clear
WX-0001777,DMM,2024-11-10,30,38,8.3,Rain
WX-0001778,DMM,2024-11-11,14,9,1.2,Fog
WX-0001779,DMM,2024-11-12,28,3,9.9,Clear
WX-0001780,DMM,2024-11-13,10,14,8.8,Clear
WX-0001781,DMM,2024-11-14,15,42,8.9,Rain
WX-0001782,DMM,2024-11-15,13,3,9.1,Clear
WX-0001783,DMM,2024-11-16,37,11,9.6,Clear
WX-0001784,DMM,2024-11-17,14,4,9.3,Clear
WX-0001785,DMM,2024-11-18,28,14,8.6,Cloudy
WX-0001786,DMM,2024-11-19,25,8,3.2,Storm
WX-0001787,DMM,2024-11-20,23,13,9.1,Clear
WX-0001788,DMM,2024-11-21,39,13,8.3,Clear
WX-0001789,DMM,2024-11-22,24,40,9.7,Rain
WX-0001790,DMM,2024-11-23,29,7,8.1,Clear
WX-0001791,DMM,2024-11-24,13,7,8.2,Clear
WX-0001792,DMM,2024-11-25,21,12,9.7,Clear
WX-0001793,DMM,2024-11-26,19,9,9.6,Clear
WX-0001794,DMM,2024-11-27,38,6,9.9,Rain
WX-0001795,DMM,2024-11-28,29,12,8.9,Cloudy
WX-0001796,DMM,2024-11-29,35,5,9.5,Clear
WX-0001797,DMM,2024-11-30,23,20,9.4,Rain
WX-0001798,DMM,2024-12-01,17,9,9.4,Clear
WX-0001799,DMM,2024-12-02,18,9,8.1,Clear
WX-0001800,DMM,2024-12-03,36,21,9.2,Rain
WX-0001801,DMM,2024-12-04,24,2,8.3,Cloudy
WX-0001802,DMM,2024-12-05,33,14,9.8,Clear
WX-0001803,DMM,2024-12-06,33,8,9.1,Clear
WX-0001804,DMM,2024-12-07,19,7,9.5,Clear
WX-0001805,DMM,2024-12-08,33,9,8.4,Cloudy
WX-0001806,DMM,2024-12-09,41,6,8.7,Clear
WX-0001807,DMM,2024-12-10,13,18,10.0,Rain
WX-0001808,DMM,2024-12-11,29,4,8.9,Clear
WX-0001809,DMM,2024-12-12,20,2,9.5,Clear
WX-0001810,DMM,2024-12-13,14,34,9.6,Rain
WX-0001811,DMM,2024-12-14,12,10,9.3,Clear
WX-0001812,DMM,2024-12-15,13,7,8.1,Clear
WX-0001813,DMM,2024-12-16,17,13,9.2,Clear
WX-0001814,DMM,2024-12-17,10,7,1.1,Fog
WX-0001815,DMM,2024-12-18,40,3,8.4,Clear
WX-0001816,DMM,2024-12-19,12,36,8.7,Rain
WX-0001817,DMM,2024-12-20,18,3,8.9,Clear
WX-0001818,DMM,2024-12-21,41,6,8.7,Cloudy
WX-0001819,DMM,2024-12-22,11,11,10.0,Clear
WX-0001820,DMM,2024-12-23,19,39,8.3,Rain
WX-0001821,DMM,2024-12-24,13,20,3.5,Storm
WX-0001822,DMM,2024-12-25,11,6,8.6,Clear
WX-0001823,DMM,2024-12-26,20,17,2.6,Storm
WX-0001824,DMM,2024-12-27,14,31,8.5,Rain
WX-0001825,DMM,2024-12-28,36,2,9.7,Cloudy
WX-0001826,DMM,2024-12-29,25,9,9.3,Clear
WX-0001827,DMM,2024-12-30,28,24,3.2,Storm
WX-0001828,DMM,2024-12-31,13,5,1.4,Fog
WX-0001829,DMM,2025-01-01,16,13,8.0,Rain
WX-0001830,DMM,2025-01-02,17,2,9.0,Cloudy
WX-0001831,DMM,2025-01-03,33,2,8.7,Clear
WX-0001832,DMM,2025-01-04,38,33,9.4,Rain
WX-0001833,DMM,2025-01-05,27,7,9.7,Clear
WX-0001834,DMM,2025-01-06,23,4,8.8,Clear
WX-0001835,DMM,2025-01-07,11,9,10.0,Clear
WX-0001836,DMM,2025-01-08,22,7,9.4,Rain
WX-0001837,DMM,2025-01-09,31,42,8.2,Rain
WX-0001838,DMM,2025-01-10,21,10,3.8,Fog
WX-0001839,DMM,2025-01-11,36,7,8.9,Clear
WX-0001840,DMM,2025-01-12,11,11,9.5,Cloudy
WX-0001841,DMM,2025-01-13,37,3,9.0,Clear
WX-0001842,DMM,2025-01-14,40,8,8.5,Clear
WX-0001843,DMM,2025-01-15,15,9,9.5,Clear
WX-0001844,DMM,2025-01-16,13,10,8.4,Clear
WX-0001845,DMM,2025-01-17,19,7,8.9,Cloudy
WX-0001846,DMM,2025-01-18,39,3,9.8,Clear
WX-0001847,DMM,2025-01-19,31,4,9.8,Clear
WX-0001848,DMM,2025-01-20,12,4,9.9,Cloudy
WX-0001849,DMM,2025-01-21,39,20,1.3,Storm
WX-0001850,DMM,2025-01-22,20,7,9.8,Clear
WX-0001851,DMM,2025-01-23,38,8,9.1,Clear
WX-0001852,DMM,2025-01-24,10,25,8.9,Rain
WX-0001853,DMM,2025-01-25,13,5,8.6,Clear
WX-0001854,DMM,2025-01-26,22,5,9.1,Clear
WX-0001855,DMM,2025-01-27,38,8,9.4,Clear
WX-0001856,DMM,2025-01-28,17,11,9.9,Clear
WX-0001857,DMM,2025-01-29,41,10,8.1,Clear
WX-0001858,DMM,2025-01-30,17,13,8.2,Clear
WX-0001859,DMM,2025-01-31,34,3,8.5,Cloudy
WX-0001860,DMM,2025-02-01,22,9,9.9,Clear
WX-0001861,DMM,2025-02-02,10,5,9.7,Clear
WX-0001862,DMM,2025-02-03,16,4,9.3,Cloudy
WX-0001863,DMM,2025-02-04,11,7,9.1,Cloudy
WX-0001864,DMM,2025-02-05,28,5,8.9,Clear
WX-0001865,DMM,2025-02-06,37,5,8.5,Clear
WX-0001866,DMM,2025-02-07,38,4,8.8,Clear
WX-0001867,DMM,2025-02-08,29,14,8.0,Clear
WX-0001868,DMM,2025-02-09,19,14,1.2,Fog
WX-0001869,DMM,2025-02-10,31,6,8.6,Clear
WX-0001870,DMM,2025-02-11,29,9,8.5,Clear
WX-0001871,DMM,2025-02-12,21,6,9.3,Clear
WX-0001872,DMM,2025-02-13,16,12,8.5,Clear
WX-0001873,DMM,2025-02-14,28,14,2.4,Fog
WX-0001874,DMM,2025-02-15,38,12,8.6,Clear
WX-0001875,DMM,2025-02-16,11,13,9.0,Clear
WX-0001876,DMM,2025-02-17,25,5,9.7,Clear
WX-0001877,DMM,2025-02-18,19,13,8.1,Clear
WX-0001878,DMM,2025-02-19,10,13,9.8,Clear
WX-0001879,DMM,2025-02-20,19,10,8.6,Clear
WX-0001880,DMM,2025-02-21,39,3,8.9,Clear
WX-0001881,DMM,2025-02-22,28,5,8.1,Clear
WX-0001882,DMM,2025-02-23,25,13,9.2,Cloudy
WX-0001883,DMM,2025-02-24,27,3,9.0,Clear
WX-0001884,DMM,2025-02-25,18,12,8.8,Rain
WX-0001885,DMM,2025-02-26,23,14,9.5,Cloudy
WX-0001886,DMM,2025-02-27,33,2,9.1,Clear
WX-0001887,DMM,2025-02-28,15,10,8.8,Clear
WX-0001888,DMM,2025-03-01,25,7,8.7,Clear
WX-0001889,DMM,2025-03-02,29,12,9.8,Clear
WX-0001890,DMM,2025-03-03,17,3,8.5,Clear
WX-0001891,DMM,2025-03-04,39,7,8.4,Clear
WX-0001892,DMM,2025-03-05,24,10,9.4,Clear
WX-0001893,DMM,2025-03-06,36,3,9.2,Clear
WX-0001894,DMM,2025-03-07,24,6,2.1,Fog
WX-0001895,DMM,2025-03-08,13,5,8.6,Cloudy
WX-0001896,DMM,2025-03-09,40,8,8.4,Clear
WX-0001897,DMM,2025-03-10,33,2,8.9,Cloudy
WX-0001898,DMM,2025-03-11,21,7,9.0,Cloudy
WX-0001899,DMM,2025-03-12,11,41,8.4,Rain
WX-0001900,DMM,2025-03-13,14,3,8.6,Cloudy
WX-0001901,DMM,2025-03-14,14,4,8.3,Clear
WX-0001902,DMM,2025-03-15,25,7,8.3,Cloudy
WX-0001903,DMM,2025-03-16,39,5,9.7,Clear
WX-0001904,DMM,2025-03-17,12,12,9.6,Clear
WX-0001905,DMM,2025-03-18,15,11,8.6,Clear
WX-0001906,DMM,2025-03-19,37,3,9.9,Cloudy
WX-0001907,DMM,2025-03-20,12,12,8.6,Clear
WX-0001908,DMM,2025-03-21,28,37,9.1,Rain
WX-0001909,DMM,2025-03-22,17,9,9.0,Clear
WX-0001910,DMM,2025-03-23,22,12,8.5,Clear
WX-0001911,DMM,2025-03-24,33,2,8.3,Clear
WX-0001912,DMM,2025-03-25,17,13,9.2,Clear
WX-0001913,DMM,2025-03-26,29,3,9.7,Clear
WX-0001914,DMM,2025-03-27,26,10,9.5,Clear
WX-0001915,DMM,2025-03-28,16,44,9.0,Rain
WX-0001916,DMM,2025-03-29,17,15,8.5,Rain
WX-0001917,DMM,2025-03-30,28,6,9.1,Cloudy
WX-0001918,DMM,2025-03-31,36,7,9.0,Clear
WX-0001919,DMM,2025-04-01,39,4,9.3,Clear
WX-0001920,DMM,2025-04-02,28,6,9.2,Cloudy
WX-0001921,DMM,2025-04-03,17,29,8.4,Rain
WX-0001922,DMM,2025-04-04,15,2,8.5,Cloudy
WX-0001923,DMM,2025-04-05,22,6,9.0,Clear
WX-0001924,DMM,2025-04-06,18,4,9.7,Cloudy
WX-0001925,DMM,2025-04-07,16,8,9.0,Clear
WX-0001926,DMM,2025-04-08,39,17,9.3,Rain
WX-0001927,DMM,2025-04-09,18,9,8.5,Cloudy
WX-0001928,DMM,2025-04-10,22,2,9.0,Cloudy
WX-0001929,DMM,2025-04-11,20,5,9.4,Clear
WX-0001930,DMM,2025-04-12,41,6,9.2,Clear
WX-0001931,DMM,2025-04-13,23,2,8.8,Clear
WX-0001932,DMM,2025-04-14,15,12,8.3,Clear
WX-0001933,DMM,2025-04-15,28,13,8.8,Clear
WX-0001934,DMM,2025-04-16,31,11,9.5,Clear
WX-0001935,DMM,2025-04-17,30,31,8.3,Rain
WX-0001936,DMM,2025-04-18,23,2,8.9,Cloudy
WX-0001937,DMM,2025-04-19,32,10,9.1,Clear
WX-0001938,DMM,2025-04-20,30,2,8.9,Clear
WX-0001939,DMM,2025-04-21,32,11,8.7,Clear
WX-0001940,DMM,2025-04-22,33,6,8.3,Clear
WX-0001941,DMM,2025-04-23,19,14,9.7,Rain
WX-0001942,DMM,2025-04-24,23,14,9.6,Clear
WX-0001943,DMM,2025-04-25,20,4,8.9,Clear
WX-0001944,DMM,2025-04-26,23,2,9.2,Clear
WX-0001945,DMM,2025-04-27,25,35,8.3,Rain
WX-0001946,DMM,2025-04-28,26,9,9.3,Clear
WX-0001947,DMM,2025-04-29,40,3,9.7,Clear
WX-0001948,DMM,2025-04-30,10,13,9.0,Cloudy
WX-0001949,DMM,2025-05-01,13,6,2.8,Storm
WX-0001950,DMM,2025-05-02,28,6,9.4,Clear
WX-0001951,DMM,2025-05-03,38,14,9.5,Cloudy
WX-0001952,DMM,2025-05-04,35,5,9.4,Clear
WX-0001953,DMM,2025-05-05,17,3,9.3,Clear
WX-0001954,DMM,2025-05-06,30,8,3.2,Fog
WX-0001955,DMM,2025-05-07,36,7,2.9,Fog
WX-0001956,DMM,2025-05-08,24,41,2.6,Storm
WX-0001957,DMM,2025-05-09,38,14,9.5,Clear
WX-0001958,DMM,2025-05-10,23,14,1.3,Fog
WX-0001959,DMM,2025-05-11,33,3,8.7,Clear
WX-0001960,DMM,2025-05-12,37,3,8.0,Cloudy
WX-0001961,DMM,2025-05-13,19,8,8.1,Clear
WX-0001962,DMM,2025-05-14,13,4,9.5,Clear
WX-0001963,DMM,2025-05-15,33,14,9.1,Clear
WX-0001964,DMM,2025-05-16,26,9,9.5,Clear
WX-0001965,DMM,2025-05-17,13,3,8.6,Clear
WX-0001966,DMM,2025-05-18,10,8,3.4,Storm
WX-0001967,DMM,2025-05-19,24,12,8.1,Clear
WX-0001968,DMM,2025-05-20,41,12,2.1,Fog
WX-0001969,DMM,2025-05-21,31,7,8.4,Clear
WX-0001970,DMM,2025-05-22,17,40,9.6,Rain
WX-0001971,DMM,2025-05-23,38,6,9.0,Clear
WX-0001972,DMM,2025-05-24,27,6,9.7,Clear
WX-0001973,DMM,2025-05-25,31,6,10.0,Clear
WX-0001974,DMM,2025-05-26,10,5,9.2,Clear
WX-0001975,DMM,2025-05-27,22,18,2.3,Storm
WX-0001976,DMM,2025-05-28,13,10,8.0,Cloudy
WX-0001977,DMM,2025-05-29,12,5,8.7,Clear
WX-0001978,DMM,2025-05-30,34,5,8.6,Rain
WX-0001979,DMM,2025-05-31,33,2,8.4,Clear
WX-0001980,DMM,2025-06-01,36,12,8.5,Clear
WX-0001981,DMM,2025-06-02,37,13,3.8,Fog
WX-0001982,DMM,2025-06-03,34,7,8.9,Clear
WX-0001983,DMM,2025-06-04,24,23,1.8,Storm
WX-0001984,DMM,2025-06-05,32,8,9.9,Clear
WX-0001985,DMM,2025-06-06,40,10,8.3,Cloudy
WX-0001986,DMM,2025-06-07,39,10,9.0,Clear
WX-0001987,DMM,2025-06-08,39,8,9.3,Clear
WX-0001988,DMM,2025-06-09,20,13,8.3,Cloudy
WX-0001989,DMM,2025-06-10,25,4,8.5,Cloudy
WX-0001990,DMM,2025-06-11,18,4,9.6,Clear
WX-0001991,DMM,2025-06-12,18,3,8.8,Clear
WX-0001992,DMM,2025-06-13,37,6,9.0,Clear
WX-0001993,DMM,2025-06-14,19,6,8.3,Clear
WX-0001994,DMM,2025-06-15,25,13,2.2,Storm
WX-0001995,DMM,2025-06-16,33,7,9.1,Clear
WX-0001996,DMM,2025-06-17,17,12,8.8,Cloudy
WX-0001997,DMM,2025-06-18,26,9,9.3,Clear
WX-0001998,DMM,2025-06-19,23,2,9.4,Clear
WX-0001999,DMM,2025-06-20,29,13,9.2,Clear
WX-0002000,DMM,2025-06-21,15,9,10.0,Clear
WX-0002001,DMM,2025-06-22,37,9,9.4,Clear
WX-0002002,DMM,2025-06-23,36,12,9.9,Cloudy
WX-0002003,DMM,2025-06-24,17,10,9.4,Clear
WX-0002004,DMM,2025-06-25,33,3,3.7,Fog
WX-0002005,DMM,2025-06-26,12,11,8.5,Clear
WX-0002006,DMM,2025-06-27,36,2,9.0,Cloudy
WX-0002007,DMM,2025-06-28,23,3,8.6,Clear
WX-0002008,DMM,2025-06-29,35,4,9.2,Clear
WX-0002009,DMM,2025-06-30,15,3,9.1,Clear
WX-0002010,DMM,2025-07-01,40,3,3.9,Fog
WX-0002011,DMM,2025-07-02,39,12,8.2,Clear
WX-0002012,DMM,2025-07-03,38,16,2.3,Storm
WX-0002013,DMM,2025-07-04,27,5,10.0,Rain
WX-0002014,DMM,2025-07-05,11,2,8.3,Clear
WX-0002015,DMM,2025-07-06,23,2,8.2,Cloudy
WX-0002016,DMM,2025-07-07,14,8,8.1,Clear
WX-0002017,DMM,2025-07-08,18,6,9.8,Clear
WX-0002018,DMM,2025-07-09,41,11,8.2,Clear
WX-0002019,DMM,2025-07-10,34,5,9.2,Clear
WX-0002020,DMM,2025-07-11,26,4,8.5,Clear
WX-0002021,DMM,2025-07-12,23,2,8.4,Cloudy
WX-0002022,DMM,2025-07-13,32,27,9.9,Rain
WX-0002023,DMM,2025-07-14,15,3,2.9,Fog
WX-0002024,DMM,2025-07-15,22,5,8.5,Clear
WX-0002025,DMM,2025-07-16,15,5,9.5,Cloudy
WX-0002026,DMM,2025-07-17,40,7,9.3,Clear
WX-0002027,DMM,2025-07-18,14,10,9.6,Clear
WX-0002028,DMM,2025-07-19,14,2,8.7,Clear
WX-0002029,DMM,2025-07-20,10,13,8.8,Clear
WX-0002030,DMM,2025-07-21,16,17,9.9,Rain
WX-0002031,DMM,2025-07-22,16,8,1.2,Storm
WX-0002032,DMM,2025-07-23,21,14,1.6,Fog
WX-0002033,DMM,2025-07-24,15,9,8.1,Cloudy
WX-0002034,DMM,2025-07-25,29,13,9.3,Cloudy
WX-0002035,DMM,2025-07-26,38,6,3.0,Fog
WX-0002036,DMM,2025-07-27,32,22,8.5,Rain
WX-0002037,DMM,2025-07-28,18,8,9.8,Clear
WX-0002038,DMM,2025-07-29,12,13,8.1,Clear
WX-0002039,DMM,2025-07-30,24,10,9.5,Clear
WX-0002040,DMM,2025-07-31,39,4,8.2,Clear
WX-0002041,DMM,2025-08-01,41,5,8.8,Clear
WX-0002042,DMM,2025-08-02,24,5,9.9,Cloudy
WX-0002043,DMM,2025-08-03,17,7,9.1,Clear
WX-0002044,DMM,2025-08-04,36,9,1.9,Fog
WX-0002045,DMM,2025-08-05,19,3,8.5,Clear
WX-0002046,DMM,2025-08-06,29,39,9.8,Rain
WX-0002047,DMM,2025-08-07,37,10,9.9,Clear
WX-0002048,DMM,2025-08-08,13,2,8.4,Cloudy
WX-0002049,DMM,2025-08-09,36,14,8.0,Clear
WX-0002050,DMM,2025-08-10,41,28,2.9,Storm
WX-0002051,DMM,2025-08-11,40,2,8.3,Clear
WX-0002052,DMM,2025-08-12,18,5,9.9,Clear
WX-0002053,DMM,2025-08-13,15,3,8.4,Clear
WX-0002054,DMM,2025-08-14,18,3,8.7,Clear
WX-0002055,DMM,2025-08-15,18,14,9.2,Clear
WX-0002056,DMM,2025-08-16,10,14,9.8,Clear
WX-0002057,DMM,2025-08-17,26,10,9.6,Clear
WX-0002058,DMM,2025-08-18,17,3,8.1,Clear
WX-0002059,DMM,2025-08-19,17,10,10.0,Clear
WX-0002060,DMM,2025-08-20,19,3,8.8,Clear
WX-0002061,DMM,2025-08-21,36,12,9.9,Cloudy
WX-0002062,DMM,2025-08-22,34,12,9.9,Clear
WX-0002063,DMM,2025-08-23,39,14,9.6,Cloudy
WX-0002064,DMM,2025-08-24,16,14,3.2,Fog
WX-0002065,DMM,2025-08-25,38,3,8.7,Clear
WX-0002066,DMM,2025-08-26,11,7,8.9,Clear
WX-0002067,DMM,2025-08-27,34,13,8.1,Cloudy
WX-0002068,DMM,2025-08-28,16,12,8.2,Clear
WX-0002069,DMM,2025-08-29,16,11,8.6,Clear
WX-0002070,DMM,2025-08-30,19,11,8.3,Clear
WX-0002071,DMM,2025-08-31,25,14,8.8,Cloudy
WX-0002072,DMM,2025-09-01,35,7,8.6,Clear
WX-0002073,DMM,2025-09-02,28,10,8.0,Clear
WX-0002074,DMM,2025-09-03,22,7,8.5,Cloudy
WX-0002075,DMM,2025-09-04,12,11,8.3,Clear
WX-0002076,DMM,2025-09-05,14,5,9.5,Clear
WX-0002077,DMM,2025-09-06,27,34,8.9,Rain
WX-0002078,DMM,2025-09-07,15,14,9.7,Clear
WX-0002079,DMM,2025-09-08,11,3,9.9,Clear
WX-0002080,DMM,2025-09-09,35,6,8.4,Clear
WX-0002081,DMM,2025-09-10,26,32,8.6,Rain
WX-0002082,DMM,2025-09-11,21,14,9.7,Clear
WX-0002083,DMM,2025-09-12,40,7,9.5,Clear
WX-0002084,DMM,2025-09-13,26,10,9.8,Cloudy
WX-0002085,DMM,2025-09-14,17,7,9.7,Clear
WX-0002086,DMM,2025-09-15,33,13,8.0,Clear
WX-0002087,DMM,2025-09-16,31,9,8.8,Clear
WX-0002088,DMM,2025-09-17,33,19,2.7,Storm
WX-0002089,DMM,2025-09-18,23,11,9.2,Clear
WX-0002090,DMM,2025-09-19,15,6,9.5,Clear
WX-0002091,DMM,2025-09-20,22,13,9.0,Clear
WX-0002092,DMM,2025-09-21,24,5,8.9,Cloudy
WX-0002093,DMM,2025-09-22,21,7,9.3,Cloudy
WX-0002094,DMM,2025-09-23,13,44,9.2,Rain
WX-0002095,DMM,2025-09-24,40,6,8.7,Clear
WX-0002096,DMM,2025-09-25,35,2,9.9,Clear
WX-0002097,DMM,2025-09-26,32,10,8.6,Clear
WX-0002098,DMM,2025-09-27,29,21,8.5,Rain
WX-0002099,DMM,2025-09-28,28,6,9.9,Clear
WX-0002100,DMM,2025-09-29,30,13,1.4,Storm
WX-0002101,DMM,2025-09-30,17,6,9.5,Clear
WX-0002102,DMM,2025-10-01,32,2,8.8,Clear
WX-0002103,DMM,2025-10-02,25,8,8.5,Clear
WX-0002104,DMM,2025-10-03,11,12,8.2,Clear
WX-0002105,DMM,2025-10-04,32,4,8.9,Clear
WX-0002106,DMM,2025-10-05,36,14,8.4,Clear
WX-0002107,DMM,2025-10-06,23,6,10.0,Rain
WX-0002108,DMM,2025-10-07,26,5,8.8,Clear
WX-0002109,DMM,2025-10-08,14,5,9.9,Cloudy
WX-0002110,DMM,2025-10-09,37,3,8.3,Clear
WX-0002111,DMM,2025-10-10,32,2,8.9,Clear
WX-0002112,DMM,2025-10-11,14,6,8.8,Cloudy
WX-0002113,DMM,2025-10-12,13,2,9.0,Clear
WX-0002114,DMM,2025-10-13,10,2,2.1,Fog
WX-0002115,DMM,2025-10-14,13,7,2.6,Fog
WX-0002116,DMM,2025-10-15,18,10,9.2,Clear
WX-0002117,DMM,2025-10-16,28,4,9.9,Clear
WX-0002118,DMM,2025-10-17,33,7,9.5,Clear
WX-0002119,DMM,2025-10-18,33,10,9.0,Clear
WX-0002120,DMM,2025-10-19,37,11,8.6,Rain
WX-0002121,DMM,2025-10-20,28,8,9.4,Clear
WX-0002122,DMM,2025-10-21,19,8,8.5,Clear
WX-0002123,DMM,2025-10-22,17,3,9.9,Cloudy
WX-0002124,DMM,2025-10-23,20,11,9.4,Clear
WX-0002125,DMM,2025-10-24,17,13,9.2,Clear
WX-0002126,DMM,2025-10-25,23,9,8.0,Clear
WX-0002127,DMM,2025-10-26,37,8,8.5,Clear
WX-0002128,DMM,2025-10-27,41,4,8.0,Clear
WX-0002129,DMM,2025-10-28,33,6,8.2,Clear
WX-0002130,DMM,2025-10-29,16,11,8.8,Clear
WX-0002131,DMM,2025-10-30,22,12,8.9,Cloudy
WX-0002132,DMM,2025-10-31,32,10,1.6,Fog
WX-0002133,DMM,2025-11-01,23,9,2.5,Storm
WX-0002134,DMM,2025-11-02,16,7,2.0,Fog
WX-0002135,DMM,2025-11-03,32,5,8.7,Clear
WX-0002136,DMM,2025-11-04,10,9,9.0,Clear
WX-0002137,DMM,2025-11-05,12,11,9.8,Clear
WX-0002138,DMM,2025-11-06,23,13,8.1,Clear
WX-0002139,DMM,2025-11-07,14,3,8.2,Cloudy
WX-0002140,DMM,2025-11-08,23,4,9.3,Clear
WX-0002141,DMM,2025-11-09,40,14,8.8,Rain
WX-0002142,DMM,2025-11-10,34,5,8.8,Clear
WX-0002143,DMM,2025-11-11,40,14,8.2,Clear
WX-0002144,DMM,2025-11-12,41,6,9.4,Clear
WX-0002145,DMM,2025-11-13,10,4,9.0,Clear
WX-0002146,DMM,2025-11-14,37,12,8.0,Clear
WX-0002147,DMM,2025-11-15,15,3,9.5,Clear
WX-0002148,DMM,2025-11-16,17,9,9.1,Cloudy
WX-0002149,DMM,2025-11-17,32,13,8.2,Clear
WX-0002150,DMM,2025-11-18,25,10,8.0,Cloudy
WX-0002151,DMM,2025-11-19,39,13,3.5,Storm
WX-0002152,DMM,2025-11-20,15,42,1.9,Storm
WX-0002153,DMM,2025-11-21,20,12,9.3,Clear
WX-0002154,DMM,2025-11-22,31,16,9.4,Rain
WX-0002155,DMM,2025-11-23,13,2,9.2,Clear
WX-0002156,DMM,2025-11-24,19,14,9.8,Clear
WX-0002157,DMM,2025-11-25,16,18,1.3,Storm
WX-0002158,DMM,2025-11-26,15,8,8.2,Clear
WX-0002159,DMM,2025-11-27,10,7,8.6,Clear
WX-0002160,DMM,2025-11-28,25,2,9.9,Clear
WX-0002161,DMM,2025-11-29,41,14,8.5,Cloudy
WX-0002162,DMM,2025-11-30,10,12,8.9,Clear
WX-0002163,DMM,2025-12-01,21,4,8.3,Cloudy
WX-0002164,DMM,2025-12-02,29,6,8.6,Clear
WX-0002165,DMM,2025-12-03,29,8,8.6,Clear
WX-0002166,DMM,2025-12-04,27,6,9.7,Clear
WX-0002167,DMM,2025-12-05,32,13,8.7,Clear
WX-0002168,DMM,2025-12-06,10,11,9.7,Clear
WX-0002169,DMM,2025-12-07,30,5,9.7,Cloudy
WX-0002170,DMM,2025-12-08,10,7,8.2,Clear
WX-0002171,DMM,2025-12-09,21,6,3.8,Fog
WX-0002172,DMM,2025-12-10,40,8,8.6,Cloudy
WX-0002173,DMM,2025-12-11,14,8,8.3,Clear
WX-0002174,DMM,2025-12-12,33,10,9.9,Clear
WX-0002175,DMM,2025-12-13,16,9,9.6,Clear
WX-0002176,DMM,2025-12-14,16,8,8.9,Clear
WX-0002177,DMM,2025-12-15,33,3,8.8,Clear
WX-0002178,DMM,2025-12-16,41,9,8.3,Rain
WX-0002179,DMM,2025-12-17,18,12,9.7,Cloudy
WX-0002180,DMM,2025-12-18,31,7,8.4,Cloudy
WX-0002181,DMM,2025-12-19,31,21,8.1,Rain
WX-0002182,DMM,2025-12-20,24,5,8.3,Cloudy
WX-0002183,DMM,2025-12-21,16,15,9.3,Rain
WX-0002184,DMM,2025-12-22,23,3,9.6,Clear
WX-0002185,DMM,2025-12-23,35,14,9.8,Clear
WX-0002186,DMM,2025-12-24,40,3,8.5,Clear
WX-0002187,DMM,2025-12-25,29,2,9.7,Cloudy
WX-0002188,DMM,2025-12-26,18,13,8.3,Clear
WX-0002189,DMM,2025-12-27,41,4,8.4,Clear
WX-0002190,DMM,2025-12-28,33,8,8.5,Clear
WX-0002191,DMM,2025-12-29,18,7,9.6,Clear
WX-0002192,DMM,2025-12-30,11,11,9.7,Cloudy
WX-0002193,DMM,2025-12-31,23,5,9.0,Cloudy
WX-0002194,LHR,2024-01-01,24,6,3.6,Fog
WX-0002195,LHR,2024-01-02,31,13,8.7,Clear
WX-0002196,LHR,2024-01-03,33,11,8.5,Cloudy
WX-0002197,LHR,2024-01-04,37,10,9.1,Cloudy
WX-0002198,LHR,2024-01-05,21,4,8.6,Clear
WX-0002199,LHR,2024-01-06,16,13,9.8,Clear
WX-0002200,LHR,2024-01-07,23,6,8.0,Clear
WX-0002201,LHR,2024-01-08,24,5,9.5,Cloudy
WX-0002202,LHR,2024-01-09,21,12,9.5,Clear
WX-0002203,LHR,2024-01-10,29,2,9.0,Clear
WX-0002204,LHR,2024-01-11,28,39,3.9,Storm
WX-0002205,LHR,2024-01-12,21,34,2.1,Storm
WX-0002206,LHR,2024-01-13,25,14,9.4,Clear
WX-0002207,LHR,2024-01-14,11,11,8.5,Clear
WX-0002208,LHR,2024-01-15,34,5,8.1,Cloudy
WX-0002209,LHR,2024-01-16,16,7,8.2,Cloudy
WX-0002210,LHR,2024-01-17,15,36,10.0,Rain
WX-0002211,LHR,2024-01-18,11,6,8.8,Rain
WX-0002212,LHR,2024-01-19,17,13,10.0,Clear
WX-0002213,LHR,2024-01-20,39,5,8.1,Clear
WX-0002214,LHR,2024-01-21,27,11,9.6,Clear
WX-0002215,LHR,2024-01-22,16,14,9.7,Clear
WX-0002216,LHR,2024-01-23,33,12,8.4,Clear
WX-0002217,LHR,2024-01-24,13,6,8.4,Clear
WX-0002218,LHR,2024-01-25,36,4,8.9,Clear
WX-0002219,LHR,2024-01-26,27,12,8.8,Clear
WX-0002220,LHR,2024-01-27,38,2,8.3,Cloudy
WX-0002221,LHR,2024-01-28,33,10,8.3,Clear
WX-0002222,LHR,2024-01-29,34,24,9.4,Rain
WX-0002223,LHR,2024-01-30,10,4,9.0,Clear
WX-0002224,LHR,2024-01-31,27,2,9.1,Clear
WX-0002225,LHR,2024-02-01,18,5,9.3,Clear
WX-0002226,LHR,2024-02-02,14,6,8.6,Clear
WX-0002227,LHR,2024-02-03,19,2,9.0,Clear
WX-0002228,LHR,2024-02-04,40,2,8.1,Clear
WX-0002229,LHR,2024-02-05,22,14,3.6,Storm
WX-0002230,LHR,2024-02-06,33,10,9.9,Cloudy
WX-0002231,LHR,2024-02-07,38,8,8.8,Cloudy
WX-0002232,LHR,2024-02-08,25,5,9.5,Clear
WX-0002233,LHR,2024-02-09,28,7,8.1,Clear
WX-0002234,LHR,2024-02-10,28,14,9.4,Clear
WX-0002235,LHR,2024-02-11,12,3,8.5,Clear
WX-0002236,LHR,2024-02-12,10,9,3.1,Storm
WX-0002237,LHR,2024-02-13,39,14,8.5,Cloudy
WX-0002238,LHR,2024-02-14,37,44,9.7,Rain
WX-0002239,LHR,2024-02-15,32,5,8.6,Cloudy
WX-0002240,LHR,2024-02-16,15,2,8.3,Clear
WX-0002241,LHR,2024-02-17,39,3,9.8,Clear
WX-0002242,LHR,2024-02-18,39,12,8.4,Clear
WX-0002243,LHR,2024-02-19,22,12,8.4,Cloudy
WX-0002244,LHR,2024-02-20,34,6,9.6,Clear
WX-0002245,LHR,2024-02-21,27,10,9.8,Clear
WX-0002246,LHR,2024-02-22,11,7,8.1,Clear
WX-0002247,LHR,2024-02-23,22,30,8.7,Rain
WX-0002248,LHR,2024-02-24,32,7,3.1,Fog
WX-0002249,LHR,2024-02-25,37,14,8.4,Clear
WX-0002250,LHR,2024-02-26,30,12,8.5,Cloudy
WX-0002251,LHR,2024-02-27,20,18,3.3,Storm
WX-0002252,LHR,2024-02-28,26,6,9.4,Clear
WX-0002253,LHR,2024-02-29,29,33,8.5,Rain
WX-0002254,LHR,2024-03-01,39,14,8.1,Clear
WX-0002255,LHR,2024-03-02,11,11,8.5,Clear
WX-0002256,LHR,2024-03-03,39,33,9.5,Rain
WX-0002257,LHR,2024-03-04,16,9,9.3,Clear
WX-0002258,LHR,2024-03-05,10,8,8.5,Cloudy
WX-0002259,LHR,2024-03-06,36,8,8.4,Clear
WX-0002260,LHR,2024-03-07,18,13,8.8,Cloudy
WX-0002261,LHR,2024-03-08,20,23,9.7,Rain
WX-0002262,LHR,2024-03-09,13,9,9.4,Clear
WX-0002263,LHR,2024-03-10,38,7,9.2,Clear
WX-0002264,LHR,2024-03-11,18,9,8.1,Cloudy
WX-0002265,LHR,2024-03-12,12,19,8.6,Rain
WX-0002266,LHR,2024-03-13,15,11,9.1,Clear
WX-0002267,LHR,2024-03-14,36,2,8.3,Clear
WX-0002268,LHR,2024-03-15,31,13,8.2,Clear
WX-0002269,LHR,2024-03-16,19,10,9.7,Clear
WX-0002270,LHR,2024-03-17,14,7,8.1,Clear
WX-0002271,LHR,2024-03-18,15,5,9.4,Clear
WX-0002272,LHR,2024-03-19,23,5,9.4,Clear
WX-0002273,LHR,2024-03-20,20,4,3.7,Fog
WX-0002274,LHR,2024-03-21,24,10,9.4,Cloudy
WX-0002275,LHR,2024-03-22,20,8,8.5,Cloudy
WX-0002276,LHR,2024-03-23,20,6,9.7,Clear
WX-0002277,LHR,2024-03-24,39,9,9.8,Clear
WX-0002278,LHR,2024-03-25,20,4,8.3,Clear
WX-0002279,LHR,2024-03-26,32,6,9.0,Clear
WX-0002280,LHR,2024-03-27,28,7,9.0,Clear
WX-0002281,LHR,2024-03-28,30,9,8.0,Clear
WX-0002282,LHR,2024-03-29,22,7,9.7,Rain
WX-0002283,LHR,2024-03-30,20,10,9.2,Clear
WX-0002284,LHR,2024-03-31,18,7,9.7,Clear
WX-0002285,LHR,2024-04-01,19,10,9.2,Clear
WX-0002286,LHR,2024-04-02,17,2,9.6,Clear
WX-0002287,LHR,2024-04-03,16,2,9.9,Cloudy
WX-0002288,LHR,2024-04-04,24,3,8.3,Clear
WX-0002289,LHR,2024-04-05,31,10,8.8,Clear
WX-0002290,LHR,2024-04-06,10,7,8.2,Clear
WX-0002291,LHR,2024-04-07,18,12,8.6,Clear
WX-0002292,LHR,2024-04-08,31,17,3.8,Storm
WX-0002293,LHR,2024-04-09,32,5,8.4,Clear
WX-0002294,LHR,2024-04-10,13,5,2.9,Storm
WX-0002295,LHR,2024-04-11,16,8,3.6,Fog
WX-0002296,LHR,2024-04-12,17,11,9.3,Clear
WX-0002297,LHR,2024-04-13,36,5,9.2,Clear
WX-0002298,LHR,2024-04-14,11,12,9.0,Clear
WX-0002299,LHR,2024-04-15,26,11,8.7,Cloudy
WX-0002300,LHR,2024-04-16,30,4,10.0,Clear
WX-0002301,LHR,2024-04-17,19,6,8.7,Clear
WX-0002302,LHR,2024-04-18,23,11,9.0,Cloudy
WX-0002303,LHR,2024-04-19,34,7,10.0,Clear
WX-0002304,LHR,2024-04-20,30,4,2.1,Fog
WX-0002305,LHR,2024-04-21,29,13,9.0,Cloudy
WX-0002306,LHR,2024-04-22,27,14,9.8,Cloudy
WX-0002307,LHR,2024-04-23,11,6,9.1,Clear
WX-0002308,LHR,2024-04-24,29,9,8.4,Cloudy
WX-0002309,LHR,2024-04-25,34,6,9.5,Clear
WX-0002310,LHR,2024-04-26,21,8,9.9,Clear
WX-0002311,LHR,2024-04-27,24,15,8.5,Rain
WX-0002312,LHR,2024-04-28,37,6,9.1,Clear
WX-0002313,LHR,2024-04-29,23,14,9.3,Clear
WX-0002314,LHR,2024-04-30,29,3,9.3,Clear
WX-0002315,LHR,2024-05-01,11,3,8.6,Clear
WX-0002316,LHR,2024-05-02,23,8,8.9,Clear
WX-0002317,LHR,2024-05-03,12,3,8.5,Clear
WX-0002318,LHR,2024-05-04,39,4,9.8,Clear
WX-0002319,LHR,2024-05-05,31,3,8.0,Clear
WX-0002320,LHR,2024-05-06,28,7,8.0,Clear
WX-0002321,LHR,2024-05-07,15,6,8.9,Clear
WX-0002322,LHR,2024-05-08,30,7,8.1,Cloudy
WX-0002323,LHR,2024-05-09,19,6,8.5,Cloudy
WX-0002324,LHR,2024-05-10,34,2,9.1,Clear
WX-0002325,LHR,2024-05-11,31,18,9.2,Rain
WX-0002326,LHR,2024-05-12,19,12,9.4,Cloudy
WX-0002327,LHR,2024-05-13,34,14,9.7,Clear
WX-0002328,LHR,2024-05-14,38,12,8.0,Clear
WX-0002329,LHR,2024-05-15,37,6,9.3,Clear
WX-0002330,LHR,2024-05-16,23,17,9.4,Rain
WX-0002331,LHR,2024-05-17,27,9,8.3,Clear
WX-0002332,LHR,2024-05-18,27,5,9.8,Clear
WX-0002333,LHR,2024-05-19,30,6,9.3,Clear
WX-0002334,LHR,2024-05-20,23,10,8.8,Clear
WX-0002335,LHR,2024-05-21,33,4,8.9,Cloudy
WX-0002336,LHR,2024-05-22,28,2,9.8,Clear
WX-0002337,LHR,2024-05-23,19,12,8.4,Clear
WX-0002338,LHR,2024-05-24,35,6,9.2,Clear
WX-0002339,LHR,2024-05-25,10,21,1.7,Storm
WX-0002340,LHR,2024-05-26,10,11,9.8,Clear
WX-0002341,LHR,2024-05-27,29,7,9.9,Cloudy
WX-0002342,LHR,2024-05-28,31,6,8.6,Cloudy
WX-0002343,LHR,2024-05-29,13,4,10.0,Clear
WX-0002344,LHR,2024-05-30,40,13,8.5,Clear
WX-0002345,LHR,2024-05-31,23,7,9.8,Clear
WX-0002346,LHR,2024-06-01,20,7,8.8,Clear
WX-0002347,LHR,2024-06-02,37,6,8.0,Clear
WX-0002348,LHR,2024-06-03,29,5,8.2,Clear
WX-0002349,LHR,2024-06-04,22,7,9.8,Cloudy
WX-0002350,LHR,2024-06-05,13,6,8.4,Clear
WX-0002351,LHR,2024-06-06,22,4,8.6,Clear
WX-0002352,LHR,2024-06-07,12,11,9.9,Clear
WX-0002353,LHR,2024-06-08,30,17,9.7,Rain
WX-0002354,LHR,2024-06-09,33,2,8.2,Cloudy
WX-0002355,LHR,2024-06-10,24,7,9.6,Cloudy
WX-0002356,LHR,2024-06-11,39,14,3.6,Storm
WX-0002357,LHR,2024-06-12,27,7,9.5,Clear
WX-0002358,LHR,2024-06-13,32,43,10.0,Rain
WX-0002359,LHR,2024-06-14,30,20,2.0,Storm
WX-0002360,LHR,2024-06-15,37,2,8.8,Clear
WX-0002361,LHR,2024-06-16,32,14,9.0,Clear
WX-0002362,LHR,2024-06-17,37,10,10.0,Clear
WX-0002363,LHR,2024-06-18,39,11,9.1,Clear
WX-0002364,LHR,2024-06-19,41,3,9.5,Cloudy
WX-0002365,LHR,2024-06-20,21,13,8.8,Clear
WX-0002366,LHR,2024-06-21,15,10,8.9,Clear
WX-0002367,LHR,2024-06-22,41,3,9.2,Clear
WX-0002368,LHR,2024-06-23,26,11,8.2,Cloudy
WX-0002369,LHR,2024-06-24,16,7,9.6,Clear
WX-0002370,LHR,2024-06-25,27,12,8.1,Clear
WX-0002371,LHR,2024-06-26,22,8,9.2,Cloudy
WX-0002372,LHR,2024-06-27,22,14,8.8,Clear
WX-0002373,LHR,2024-06-28,11,11,8.0,Clear
WX-0002374,LHR,2024-06-29,10,4,8.8,Clear
WX-0002375,LHR,2024-06-30,12,8,8.3,Clear
WX-0002376,LHR,2024-07-01,14,30,8.5,Rain
WX-0002377,LHR,2024-07-02,11,9,8.6,Cloudy
WX-0002378,LHR,2024-07-03,35,8,8.7,Clear
WX-0002379,LHR,2024-07-04,10,8,9.3,Clear
WX-0002380,LHR,2024-07-05,32,4,9.9,Cloudy
WX-0002381,LHR,2024-07-06,26,13,8.2,Clear
WX-0002382,LHR,2024-07-07,20,8,9.3,Clear
WX-0002383,LHR,2024-07-08,21,7,8.8,Clear
WX-0002384,LHR,2024-07-09,29,13,8.8,Clear
WX-0002385,LHR,2024-07-10,14,10,8.1,Clear
WX-0002386,LHR,2024-07-11,39,11,8.4,Clear
WX-0002387,LHR,2024-07-12,32,13,8.4,Clear
WX-0002388,LHR,2024-07-13,31,9,8.1,Clear
WX-0002389,LHR,2024-07-14,18,12,9.6,Clear
WX-0002390,LHR,2024-07-15,20,8,8.5,Clear
WX-0002391,LHR,2024-07-16,21,4,9.9,Cloudy
WX-0002392,LHR,2024-07-17,29,12,8.8,Cloudy
WX-0002393,LHR,2024-07-18,17,13,8.4,Clear
WX-0002394,LHR,2024-07-19,41,11,9.0,Clear
WX-0002395,LHR,2024-07-20,36,14,8.9,Cloudy
WX-0002396,LHR,2024-07-21,35,6,3.5,Fog
WX-0002397,LHR,2024-07-22,29,11,9.3,Cloudy
WX-0002398,LHR,2024-07-23,22,9,8.2,Rain
WX-0002399,LHR,2024-07-24,35,7,8.5,Clear
WX-0002400,LHR,2024-07-25,12,12,8.4,Clear
WX-0002401,LHR,2024-07-26,38,6,9.0,Clear
WX-0002402,LHR,2024-07-27,19,3,9.9,Clear
WX-0002403,LHR,2024-07-28,30,11,10.0,Clear
WX-0002404,LHR,2024-07-29,39,7,8.4,Clear
WX-0002405,LHR,2024-07-30,17,11,9.5,Clear
WX-0002406,LHR,2024-07-31,16,7,4.0,Fog
WX-0002407,LHR,2024-08-01,19,4,9.6,Clear
WX-0002408,LHR,2024-08-02,10,15,1.5,Storm
WX-0002409,LHR,2024-08-03,37,10,9.7,Clear
WX-0002410,LHR,2024-08-04,37,8,9.2,Clear
WX-0002411,LHR,2024-08-05,26,12,9.0,Clear
WX-0002412,LHR,2024-08-06,23,11,8.1,Cloudy
WX-0002413,LHR,2024-08-07,23,12,8.8,Clear
WX-0002414,LHR,2024-08-08,11,7,8.9,Clear
WX-0002415,LHR,2024-08-09,37,15,9.1,Rain
WX-0002416,LHR,2024-08-10,41,8,8.2,Clear
WX-0002417,LHR,2024-08-11,33,7,9.6,Clear
WX-0002418,LHR,2024-08-12,26,5,9.3,Clear
WX-0002419,LHR,2024-08-13,26,8,8.8,Cloudy
WX-0002420,LHR,2024-08-14,14,4,8.7,Clear
WX-0002421,LHR,2024-08-15,32,12,8.2,Clear
WX-0002422,LHR,2024-08-16,27,6,9.0,Clear
WX-0002423,LHR,2024-08-17,18,5,9.8,Clear
WX-0002424,LHR,2024-08-18,10,6,8.1,Clear
WX-0002425,LHR,2024-08-19,41,2,9.5,Clear
WX-0002426,LHR,2024-08-20,10,11,8.1,Clear
WX-0002427,LHR,2024-08-21,16,11,10.0,Clear
WX-0002428,LHR,2024-08-22,23,13,8.1,Clear
WX-0002429,LHR,2024-08-23,40,10,8.6,Rain
WX-0002430,LHR,2024-08-24,23,24,9.7,Rain
WX-0002431,LHR,2024-08-25,23,8,8.2,Clear
WX-0002432,LHR,2024-08-26,27,31,8.2,Rain
WX-0002433,LHR,2024-08-27,25,6,9.0,Clear
WX-0002434,LHR,2024-08-28,35,9,8.4,Clear
WX-0002435,LHR,2024-08-29,13,14,8.6,Clear
WX-0002436,LHR,2024-08-30,32,17,8.8,Rain
WX-0002437,LHR,2024-08-31,30,6,9.1,Clear
WX-0002438,LHR,2024-09-01,10,4,10.0,Clear
WX-0002439,LHR,2024-09-02,26,6,8.1,Rain
WX-0002440,LHR,2024-09-03,25,29,3.4,Storm
WX-0002441,LHR,2024-09-04,22,12,9.5,Clear
WX-0002442,LHR,2024-09-05,26,5,9.0,Cloudy
WX-0002443,LHR,2024-09-06,11,12,8.1,Rain
WX-0002444,LHR,2024-09-07,39,2,9.9,Clear
WX-0002445,LHR,2024-09-08,17,6,9.0,Clear
WX-0002446,LHR,2024-09-09,35,29,2.2,Storm
WX-0002447,LHR,2024-09-10,28,3,9.5,Cloudy
WX-0002448,LHR,2024-09-11,11,5,8.3,Cloudy
WX-0002449,LHR,2024-09-12,30,5,9.4,Clear
WX-0002450,LHR,2024-09-13,17,13,8.4,Rain
WX-0002451,LHR,2024-09-14,41,10,8.9,Clear
WX-0002452,LHR,2024-09-15,22,6,8.8,Clear
WX-0002453,LHR,2024-09-16,37,13,9.8,Clear
WX-0002454,LHR,2024-09-17,29,9,1.6,Storm
WX-0002455,LHR,2024-09-18,18,13,9.1,Cloudy
WX-0002456,LHR,2024-09-19,22,11,9.2,Clear
WX-0002457,LHR,2024-09-20,25,10,8.1,Rain
WX-0002458,LHR,2024-09-21,17,12,8.8,Clear
WX-0002459,LHR,2024-09-22,35,40,2.1,Storm
WX-0002460,LHR,2024-09-23,25,13,9.4,Clear
WX-0002461,LHR,2024-09-24,17,7,9.8,Clear
WX-0002462,LHR,2024-09-25,35,7,9.2,Clear
WX-0002463,LHR,2024-09-26,25,3,8.1,Clear
WX-0002464,LHR,2024-09-27,12,7,10.0,Cloudy
WX-0002465,LHR,2024-09-28,40,10,8.6,Clear
WX-0002466,LHR,2024-09-29,29,12,9.4,Clear
WX-0002467,LHR,2024-09-30,24,12,9.0,Cloudy
WX-0002468,LHR,2024-10-01,38,8,9.6,Clear
WX-0002469,LHR,2024-10-02,26,7,8.3,Clear
WX-0002470,LHR,2024-10-03,28,13,8.4,Clear
WX-0002471,LHR,2024-10-04,41,5,9.1,Clear
WX-0002472,LHR,2024-10-05,27,4,9.3,Clear
WX-0002473,LHR,2024-10-06,39,8,9.8,Clear
WX-0002474,LHR,2024-10-07,32,11,8.7,Cloudy
WX-0002475,LHR,2024-10-08,12,6,9.3,Clear
WX-0002476,LHR,2024-10-09,25,3,8.1,Cloudy
WX-0002477,LHR,2024-10-10,17,25,8.1,Rain
WX-0002478,LHR,2024-10-11,35,8,8.5,Clear
WX-0002479,LHR,2024-10-12,12,11,9.2,Clear
WX-0002480,LHR,2024-10-13,20,33,9.1,Rain
WX-0002481,LHR,2024-10-14,27,11,8.5,Clear
WX-0002482,LHR,2024-10-15,15,11,9.4,Clear
WX-0002483,LHR,2024-10-16,27,7,8.9,Cloudy
WX-0002484,LHR,2024-10-17,18,13,9.1,Cloudy
WX-0002485,LHR,2024-10-18,30,12,9.2,Clear
WX-0002486,LHR,2024-10-19,11,5,9.4,Cloudy
WX-0002487,LHR,2024-10-20,23,11,8.6,Cloudy
WX-0002488,LHR,2024-10-21,28,8,9.0,Rain
WX-0002489,LHR,2024-10-22,37,11,8.3,Clear
WX-0002490,LHR,2024-10-23,30,13,9.5,Clear
WX-0002491,LHR,2024-10-24,23,9,3.1,Fog
WX-0002492,LHR,2024-10-25,38,6,8.8,Clear
WX-0002493,LHR,2024-10-26,41,3,3.9,Fog
WX-0002494,LHR,2024-10-27,11,5,8.9,Clear
WX-0002495,LHR,2024-10-28,22,6,9.5,Clear
WX-0002496,LHR,2024-10-29,23,6,9.6,Clear
WX-0002497,LHR,2024-10-30,41,4,9.3,Clear
WX-0002498,LHR,2024-10-31,14,16,9.3,Rain
WX-0002499,LHR,2024-11-01,10,10,8.7,Cloudy
WX-0002500,LHR,2024-11-02,32,4,8.4,Clear
WX-0002501,LHR,2024-11-03,25,22,8.7,Rain
WX-0002502,LHR,2024-11-04,35,3,9.6,Cloudy
WX-0002503,LHR,2024-11-05,39,10,9.0,Clear
WX-0002504,LHR,2024-11-06,40,14,8.6,Clear
WX-0002505,LHR,2024-11-07,23,14,8.9,Clear
WX-0002506,LHR,2024-11-08,10,14,9.7,Clear
WX-0002507,LHR,2024-11-09,27,6,8.0,Clear
WX-0002508,LHR,2024-11-10,39,5,9.9,Clear
WX-0002509,LHR,2024-11-11,24,11,8.9,Cloudy
WX-0002510,LHR,2024-11-12,33,5,9.8,Clear
WX-0002511,LHR,2024-11-13,34,7,9.0,Clear
WX-0002512,LHR,2024-11-14,19,2,9.3,Cloudy
WX-0002513,LHR,2024-11-15,25,5,8.2,Clear
WX-0002514,LHR,2024-11-16,36,5,9.6,Clear
WX-0002515,LHR,2024-11-17,39,28,9.3,Rain
WX-0002516,LHR,2024-11-18,39,13,8.2,Clear
WX-0002517,LHR,2024-11-19,35,10,8.9,Cloudy
WX-0002518,LHR,2024-11-20,29,43,3.3,Storm
WX-0002519,LHR,2024-11-21,18,3,9.4,Cloudy
WX-0002520,LHR,2024-11-22,39,6,8.1,Clear
WX-0002521,LHR,2024-11-23,14,40,1.9,Storm
WX-0002522,LHR,2024-11-24,16,7,9.7,Clear
WX-0002523,LHR,2024-11-25,24,9,8.7,Clear
WX-0002524,LHR,2024-11-26,18,7,10.0,Clear
WX-0002525,LHR,2024-11-27,28,12,8.6,Clear
WX-0002526,LHR,2024-11-28,41,11,9.3,Clear
WX-0002527,LHR,2024-11-29,39,38,9.7,Rain
WX-0002528,LHR,2024-11-30,13,12,9.2,Rain
WX-0002529,LHR,2024-12-01,20,6,8.5,Clear
WX-0002530,LHR,2024-12-02,22,27,8.7,Rain
WX-0002531,LHR,2024-12-03,39,13,8.3,Clear
WX-0002532,LHR,2024-12-04,20,7,9.3,Clear
WX-0002533,LHR,2024-12-05,27,10,9.6,Clear
WX-0002534,LHR,2024-12-06,38,6,9.1,Cloudy
WX-0002535,LHR,2024-12-07,37,12,8.4,Clear
WX-0002536,LHR,2024-12-08,27,25,9.7,Rain
WX-0002537,LHR,2024-12-09,40,14,8.4,Clear
WX-0002538,LHR,2024-12-10,22,12,2.2,Fog
WX-0002539,LHR,2024-12-11,16,2,9.2,Cloudy
WX-0002540,LHR,2024-12-12,35,6,8.2,Clear
WX-0002541,LHR,2024-12-13,10,2,9.0,Clear
WX-0002542,LHR,2024-12-14,34,6,9.1,Clear
WX-0002543,LHR,2024-12-15,35,9,8.7,Clear
WX-0002544,LHR,2024-12-16,10,9,8.2,Clear
WX-0002545,LHR,2024-12-17,30,12,9.1,Clear
WX-0002546,LHR,2024-12-18,11,13,8.0,Clear
WX-0002547,LHR,2024-12-19,13,8,8.5,Clear
WX-0002548,LHR,2024-12-20,14,8,8.8,Clear
WX-0002549,LHR,2024-12-21,37,14,9.7,Clear
WX-0002550,LHR,2024-12-22,25,13,8.5,Cloudy
WX-0002551,LHR,2024-12-23,19,11,8.7,Cloudy
WX-0002552,LHR,2024-12-24,16,9,8.7,Clear
WX-0002553,LHR,2024-12-25,11,6,8.7,Clear
WX-0002554,LHR,2024-12-26,18,20,3.4,Storm
WX-0002555,LHR,2024-12-27,40,10,9.4,Clear
WX-0002556,LHR,2024-12-28,24,11,8.8,Clear
WX-0002557,LHR,2024-12-29,28,9,8.9,Cloudy
WX-0002558,LHR,2024-12-30,30,6,8.4,Clear
WX-0002559,LHR,2024-12-31,12,6,9.9,Clear
WX-0002560,LHR,2025-01-01,34,12,9.7,Clear
WX-0002561,LHR,2025-01-02,20,20,8.4,Rain
WX-0002562,LHR,2025-01-03,41,3,9.7,Clear
WX-0002563,LHR,2025-01-04,19,3,9.1,Clear
WX-0002564,LHR,2025-01-05,21,4,9.5,Clear
WX-0002565,LHR,2025-01-06,34,14,9.5,Clear
WX-0002566,LHR,2025-01-07,19,9,1.1,Storm
WX-0002567,LHR,2025-01-08,14,7,9.3,Cloudy
WX-0002568,LHR,2025-01-09,31,6,9.7,Clear
WX-0002569,LHR,2025-01-10,34,13,9.1,Rain
WX-0002570,LHR,2025-01-11,15,11,8.0,Clear
WX-0002571,LHR,2025-01-12,37,6,9.2,Clear
WX-0002572,LHR,2025-01-13,17,5,8.5,Clear
WX-0002573,LHR,2025-01-14,38,9,9.0,Clear
WX-0002574,LHR,2025-01-15,18,13,9.8,Clear
WX-0002575,LHR,2025-01-16,41,5,8.9,Clear
WX-0002576,LHR,2025-01-17,23,2,9.3,Cloudy
WX-0002577,LHR,2025-01-18,19,11,8.7,Clear
WX-0002578,LHR,2025-01-19,19,2,8.6,Clear
WX-0002579,LHR,2025-01-20,19,42,9.8,Rain
WX-0002580,LHR,2025-01-21,16,8,8.5,Clear
WX-0002581,LHR,2025-01-22,35,4,8.4,Cloudy
WX-0002582,LHR,2025-01-23,33,12,8.6,Clear
WX-0002583,LHR,2025-01-24,13,14,8.4,Cloudy
WX-0002584,LHR,2025-01-25,17,12,9.1,Cloudy
WX-0002585,LHR,2025-01-26,33,11,8.4,Clear
WX-0002586,LHR,2025-01-27,37,3,8.5,Clear
WX-0002587,LHR,2025-01-28,16,33,9.2,Rain
WX-0002588,LHR,2025-01-29,16,30,8.8,Rain
WX-0002589,LHR,2025-01-30,18,31,9.6,Rain
WX-0002590,LHR,2025-01-31,12,5,9.9,Clear
WX-0002591,LHR,2025-02-01,22,11,9.2,Clear
WX-0002592,LHR,2025-02-02,24,14,8.5,Clear
WX-0002593,LHR,2025-02-03,41,44,8.4,Rain
WX-0002594,LHR,2025-02-04,36,11,9.4,Clear
WX-0002595,LHR,2025-02-05,14,5,9.0,Clear
WX-0002596,LHR,2025-02-06,30,4,3.0,Fog
WX-0002597,LHR,2025-02-07,29,13,8.9,Clear
WX-0002598,LHR,2025-02-08,10,27,8.2,Rain
WX-0002599,LHR,2025-02-09,31,9,8.5,Clear
WX-0002600,LHR,2025-02-10,37,10,8.2,Cloudy
WX-0002601,LHR,2025-02-11,24,7,8.8,Rain
WX-0002602,LHR,2025-02-12,31,7,8.7,Clear
WX-0002603,LHR,2025-02-13,27,10,9.6,Clear
WX-0002604,LHR,2025-02-14,41,3,10.0,Cloudy
WX-0002605,LHR,2025-02-15,36,7,9.5,Clear
WX-0002606,LHR,2025-02-16,26,2,9.7,Clear
WX-0002607,LHR,2025-02-17,36,13,9.6,Cloudy
WX-0002608,LHR,2025-02-18,34,4,8.2,Clear
WX-0002609,LHR,2025-02-19,27,38,8.8,Rain
WX-0002610,LHR,2025-02-20,29,12,8.5,Cloudy
WX-0002611,LHR,2025-02-21,41,3,8.8,Clear
WX-0002612,LHR,2025-02-22,27,5,9.7,Clear
WX-0002613,LHR,2025-02-23,11,9,2.5,Storm
WX-0002614,LHR,2025-02-24,12,6,8.2,Clear
WX-0002615,LHR,2025-02-25,31,5,8.3,Clear
WX-0002616,LHR,2025-02-26,14,2,8.3,Cloudy
WX-0002617,LHR,2025-02-27,30,10,9.5,Clear
WX-0002618,LHR,2025-02-28,16,42,9.9,Rain
WX-0002619,LHR,2025-03-01,39,3,10.0,Clear
WX-0002620,LHR,2025-03-02,22,9,2.0,Fog
WX-0002621,LHR,2025-03-03,35,38,10.0,Rain
WX-0002622,LHR,2025-03-04,14,4,9.4,Clear
WX-0002623,LHR,2025-03-05,19,14,8.0,Clear
WX-0002624,LHR,2025-03-06,14,13,9.1,Clear
WX-0002625,LHR,2025-03-07,30,6,8.6,Cloudy
WX-0002626,LHR,2025-03-08,24,26,2.9,Storm
WX-0002627,LHR,2025-03-09,39,9,2.5,Fog
WX-0002628,LHR,2025-03-10,37,9,9.4,Cloudy
WX-0002629,LHR,2025-03-11,23,16,8.6,Rain
WX-0002630,LHR,2025-03-12,21,6,8.2,Clear
WX-0002631,LHR,2025-03-13,29,2,8.9,Cloudy
WX-0002632,LHR,2025-03-14,26,6,8.9,Cloudy
WX-0002633,LHR,2025-03-15,39,7,9.7,Cloudy
WX-0002634,LHR,2025-03-16,39,40,9.5,Rain
WX-0002635,LHR,2025-03-17,40,3,9.6,Clear
WX-0002636,LHR,2025-03-18,30,12,9.8,Clear
WX-0002637,LHR,2025-03-19,40,8,8.4,Cloudy
WX-0002638,LHR,2025-03-20,11,5,8.7,Clear
WX-0002639,LHR,2025-03-21,28,11,9.8,Clear
WX-0002640,LHR,2025-03-22,29,8,8.2,Clear
WX-0002641,LHR,2025-03-23,32,2,8.4,Clear
WX-0002642,LHR,2025-03-24,38,11,9.6,Clear
WX-0002643,LHR,2025-03-25,38,10,9.7,Clear
WX-0002644,LHR,2025-03-26,13,8,8.6,Cloudy
WX-0002645,LHR,2025-03-27,24,6,9.1,Clear
WX-0002646,LHR,2025-03-28,22,13,9.9,Rain
WX-0002647,LHR,2025-03-29,34,6,9.6,Clear
WX-0002648,LHR,2025-03-30,37,19,8.0,Rain
WX-0002649,LHR,2025-03-31,40,6,2.8,Storm
WX-0002650,LHR,2025-04-01,29,11,9.1,Clear
WX-0002651,LHR,2025-04-02,32,13,9.5,Clear
WX-0002652,LHR,2025-04-03,12,14,9.0,Clear
WX-0002653,LHR,2025-04-04,27,6,8.1,Clear
WX-0002654,LHR,2025-04-05,18,6,9.4,Clear
WX-0002655,LHR,2025-04-06,40,4,9.9,Clear
WX-0002656,LHR,2025-04-07,39,13,8.0,Clear
WX-0002657,LHR,2025-04-08,32,2,8.5,Clear
WX-0002658,LHR,2025-04-09,36,10,3.9,Fog
WX-0002659,LHR,2025-04-10,29,2,9.7,Clear
WX-0002660,LHR,2025-04-11,14,10,9.1,Clear
WX-0002661,LHR,2025-04-12,13,11,9.1,Clear
WX-0002662,LHR,2025-04-13,28,8,8.8,Cloudy
WX-0002663,LHR,2025-04-14,26,32,8.3,Rain
WX-0002664,LHR,2025-04-15,36,9,9.4,Cloudy
WX-0002665,LHR,2025-04-16,24,10,8.3,Clear
WX-0002666,LHR,2025-04-17,36,14,8.1,Clear
WX-0002667,LHR,2025-04-18,27,10,9.1,Clear
WX-0002668,LHR,2025-04-19,34,14,8.2,Clear
WX-0002669,LHR,2025-04-20,10,3,9.0,Cloudy
WX-0002670,LHR,2025-04-21,19,3,8.1,Clear
WX-0002671,LHR,2025-04-22,21,13,9.5,Cloudy
WX-0002672,LHR,2025-04-23,16,21,9.1,Rain
WX-0002673,LHR,2025-04-24,41,14,9.9,Clear
WX-0002674,LHR,2025-04-25,41,2,8.4,Clear
WX-0002675,LHR,2025-04-26,30,41,8.5,Rain
WX-0002676,LHR,2025-04-27,38,11,9.6,Clear
WX-0002677,LHR,2025-04-28,41,10,8.4,Clear
WX-0002678,LHR,2025-04-29,26,15,9.5,Rain
WX-0002679,LHR,2025-04-30,32,8,8.5,Clear
WX-0002680,LHR,2025-05-01,21,5,9.1,Clear
WX-0002681,LHR,2025-05-02,20,3,8.1,Clear
WX-0002682,LHR,2025-05-03,11,14,8.6,Cloudy
WX-0002683,LHR,2025-05-04,20,8,9.7,Clear
WX-0002684,LHR,2025-05-05,12,2,9.4,Cloudy
WX-0002685,LHR,2025-05-06,25,7,2.1,Fog
WX-0002686,LHR,2025-05-07,41,4,8.6,Clear
WX-0002687,LHR,2025-05-08,28,22,9.7,Rain
WX-0002688,LHR,2025-05-09,30,4,9.9,Cloudy
WX-0002689,LHR,2025-05-10,31,30,8.2,Rain
WX-0002690,LHR,2025-05-11,15,13,9.4,Clear
WX-0002691,LHR,2025-05-12,11,11,3.6,Fog
WX-0002692,LHR,2025-05-13,15,13,8.1,Clear
WX-0002693,LHR,2025-05-14,14,42,9.1,Rain
WX-0002694,LHR,2025-05-15,38,6,9.3,Clear
WX-0002695,LHR,2025-05-16,26,6,8.6,Clear
WX-0002696,LHR,2025-05-17,38,8,8.3,Cloudy
WX-0002697,LHR,2025-05-18,27,9,9.1,Clear
WX-0002698,LHR,2025-05-19,24,8,1.8,Fog
WX-0002699,LHR,2025-05-20,37,12,8.8,Clear
WX-0002700,LHR,2025-05-21,14,4,9.8,Clear
WX-0002701,LHR,2025-05-22,13,10,3.1,Storm
WX-0002702,LHR,2025-05-23,15,6,9.2,Cloudy
WX-0002703,LHR,2025-05-24,23,4,8.8,Cloudy
WX-0002704,LHR,2025-05-25,27,12,8.1,Cloudy
WX-0002705,LHR,2025-05-26,36,3,8.7,Clear
WX-0002706,LHR,2025-05-27,23,23,9.3,Rain
WX-0002707,LHR,2025-05-28,30,3,8.5,Cloudy
WX-0002708,LHR,2025-05-29,15,2,9.3,Clear
WX-0002709,LHR,2025-05-30,32,13,8.8,Clear
WX-0002710,LHR,2025-05-31,32,5,9.9,Cloudy
WX-0002711,LHR,2025-06-01,37,13,9.6,Clear
WX-0002712,LHR,2025-06-02,17,34,9.0,Rain
WX-0002713,LHR,2025-06-03,14,2,9.2,Clear
WX-0002714,LHR,2025-06-04,20,14,8.0,Clear
WX-0002715,LHR,2025-06-05,10,6,9.9,Clear
WX-0002716,LHR,2025-06-06,25,2,9.6,Clear
WX-0002717,LHR,2025-06-07,11,6,8.6,Cloudy
WX-0002718,LHR,2025-06-08,37,2,8.7,Clear
WX-0002719,LHR,2025-06-09,25,11,9.8,Clear
WX-0002720,LHR,2025-06-10,16,8,9.8,Clear
WX-0002721,LHR,2025-06-11,11,2,9.4,Cloudy
WX-0002722,LHR,2025-06-12,40,11,8.9,Cloudy
WX-0002723,LHR,2025-06-13,15,3,8.4,Clear
WX-0002724,LHR,2025-06-14,27,21,3.4,Storm
WX-0002725,LHR,2025-06-15,10,6,8.7,Clear
WX-0002726,LHR,2025-06-16,36,3,9.6,Clear
WX-0002727,LHR,2025-06-17,18,12,9.7,Clear
WX-0002728,LHR,2025-06-18,38,2,9.9,Clear
WX-0002729,LHR,2025-06-19,16,9,9.6,Clear
WX-0002730,LHR,2025-06-20,37,13,9.4,Rain
WX-0002731,LHR,2025-06-21,17,7,8.4,Clear
WX-0002732,LHR,2025-06-22,16,6,9.0,Clear
WX-0002733,LHR,2025-06-23,41,14,9.5,Clear
WX-0002734,LHR,2025-06-24,15,13,9.7,Clear
WX-0002735,LHR,2025-06-25,20,5,9.7,Clear
WX-0002736,LHR,2025-06-26,13,10,8.7,Cloudy
WX-0002737,LHR,2025-06-27,17,4,1.1,Fog
WX-0002738,LHR,2025-06-28,11,5,9.5,Cloudy
WX-0002739,LHR,2025-06-29,36,11,8.6,Clear
WX-0002740,LHR,2025-06-30,32,10,9.3,Cloudy
WX-0002741,LHR,2025-07-01,35,6,8.3,Clear
WX-0002742,LHR,2025-07-02,29,9,9.9,Clear
WX-0002743,LHR,2025-07-03,25,5,9.8,Clear
WX-0002744,LHR,2025-07-04,39,13,9.1,Cloudy
WX-0002745,LHR,2025-07-05,32,13,1.4,Storm
WX-0002746,LHR,2025-07-06,38,13,8.9,Clear
WX-0002747,LHR,2025-07-07,31,3,9.1,Clear
WX-0002748,LHR,2025-07-08,38,13,8.2,Cloudy
WX-0002749,LHR,2025-07-09,12,11,9.3,Clear
WX-0002750,LHR,2025-07-10,17,6,9.6,Clear
WX-0002751,LHR,2025-07-11,16,9,9.2,Rain
WX-0002752,LHR,2025-07-12,10,5,9.4,Clear
WX-0002753,LHR,2025-07-13,21,3,9.0,Clear
WX-0002754,LHR,2025-07-14,27,10,9.2,Clear
WX-0002755,LHR,2025-07-15,28,6,2.4,Fog
WX-0002756,LHR,2025-07-16,32,4,2.6,Fog
WX-0002757,LHR,2025-07-17,30,2,9.6,Clear
WX-0002758,LHR,2025-07-18,17,9,9.9,Clear
WX-0002759,LHR,2025-07-19,33,23,9.0,Rain
WX-0002760,LHR,2025-07-20,11,9,8.7,Clear
WX-0002761,LHR,2025-07-21,20,11,9.2,Cloudy
WX-0002762,LHR,2025-07-22,29,10,8.5,Clear
WX-0002763,LHR,2025-07-23,40,2,10.0,Cloudy
WX-0002764,LHR,2025-07-24,12,12,8.8,Cloudy
WX-0002765,LHR,2025-07-25,24,10,10.0,Clear
WX-0002766,LHR,2025-07-26,40,8,8.8,Cloudy
WX-0002767,LHR,2025-07-27,12,10,8.2,Cloudy
WX-0002768,LHR,2025-07-28,18,10,8.8,Clear
WX-0002769,LHR,2025-07-29,33,3,9.0,Cloudy
WX-0002770,LHR,2025-07-30,13,7,9.6,Clear
WX-0002771,LHR,2025-07-31,37,7,9.6,Clear
WX-0002772,LHR,2025-08-01,25,7,8.2,Clear
WX-0002773,LHR,2025-08-02,15,13,9.4,Rain
WX-0002774,LHR,2025-08-03,32,10,8.2,Clear
WX-0002775,LHR,2025-08-04,40,7,9.2,Clear
WX-0002776,LHR,2025-08-05,25,8,9.9,Clear
WX-0002777,LHR,2025-08-06,31,5,9.1,Clear
WX-0002778,LHR,2025-08-07,10,13,9.3,Clear
WX-0002779,LHR,2025-08-08,39,10,9.3,Clear
WX-0002780,LHR,2025-08-09,15,8,9.4,Cloudy
WX-0002781,LHR,2025-08-10,35,5,9.4,Cloudy
WX-0002782,LHR,2025-08-11,24,7,9.9,Clear
WX-0002783,LHR,2025-08-12,19,5,9.2,Clear
WX-0002784,LHR,2025-08-13,41,34,8.7,Rain
WX-0002785,LHR,2025-08-14,38,3,9.3,Clear
WX-0002786,LHR,2025-08-15,37,7,8.2,Clear
WX-0002787,LHR,2025-08-16,20,6,8.9,Clear
WX-0002788,LHR,2025-08-17,35,9,9.3,Clear
WX-0002789,LHR,2025-08-18,10,13,9.9,Clear
WX-0002790,LHR,2025-08-19,16,6,8.9,Cloudy
WX-0002791,LHR,2025-08-20,26,10,9.2,Clear
WX-0002792,LHR,2025-08-21,21,9,9.2,Cloudy
WX-0002793,LHR,2025-08-22,13,7,8.4,Clear
WX-0002794,LHR,2025-08-23,25,6,8.1,Clear
WX-0002795,LHR,2025-08-24,35,11,2.9,Fog
WX-0002796,LHR,2025-08-25,20,10,8.2,Clear
WX-0002797,LHR,2025-08-26,16,2,9.7,Clear
WX-0002798,LHR,2025-08-27,40,6,2.0,Storm
WX-0002799,LHR,2025-08-28,36,44,9.1,Rain
WX-0002800,LHR,2025-08-29,38,8,9.8,Clear
WX-0002801,LHR,2025-08-30,33,3,9.6,Clear
WX-0002802,LHR,2025-08-31,41,5,9.0,Cloudy
WX-0002803,LHR,2025-09-01,17,5,9.6,Clear
WX-0002804,LHR,2025-09-02,36,9,8.8,Clear
WX-0002805,LHR,2025-09-03,30,14,8.2,Clear
WX-0002806,LHR,2025-09-04,35,17,9.1,Rain
WX-0002807,LHR,2025-09-05,14,7,8.7,Cloudy
WX-0002808,LHR,2025-09-06,11,12,8.0,Cloudy
WX-0002809,LHR,2025-09-07,35,7,8.0,Cloudy
WX-0002810,LHR,2025-09-08,38,6,8.4,Clear
WX-0002811,LHR,2025-09-09,12,6,9.1,Clear
WX-0002812,LHR,2025-09-10,20,12,8.6,Clear
WX-0002813,LHR,2025-09-11,18,14,9.1,Clear
WX-0002814,LHR,2025-09-12,35,14,8.1,Cloudy
WX-0002815,LHR,2025-09-13,31,17,8.4,Rain
WX-0002816,LHR,2025-09-14,32,6,9.8,Cloudy
WX-0002817,LHR,2025-09-15,24,11,2.7,Storm
WX-0002818,LHR,2025-09-16,29,9,9.7,Cloudy
WX-0002819,LHR,2025-09-17,31,8,9.0,Cloudy
WX-0002820,LHR,2025-09-18,21,5,8.3,Clear
WX-0002821,LHR,2025-09-19,12,7,9.7,Clear
WX-0002822,LHR,2025-09-20,10,13,8.9,Clear
WX-0002823,LHR,2025-09-21,22,8,9.8,Clear
WX-0002824,LHR,2025-09-22,39,5,9.8,Clear
WX-0002825,LHR,2025-09-23,25,13,9.1,Cloudy
WX-0002826,LHR,2025-09-24,35,2,8.2,Cloudy
WX-0002827,LHR,2025-09-25,33,8,8.7,Clear
WX-0002828,LHR,2025-09-26,13,12,8.1,Clear
WX-0002829,LHR,2025-09-27,22,12,8.7,Cloudy
WX-0002830,LHR,2025-09-28,39,12,2.9,Fog
WX-0002831,LHR,2025-09-29,18,9,8.3,Clear
WX-0002832,LHR,2025-09-30,19,43,3.4,Storm
WX-0002833,LHR,2025-10-01,10,9,8.6,Cloudy
WX-0002834,LHR,2025-10-02,33,9,9.7,Clear
WX-0002835,LHR,2025-10-03,14,4,8.7,Clear
WX-0002836,LHR,2025-10-04,20,13,9.8,Cloudy
WX-0002837,LHR,2025-10-05,16,12,2.0,Storm
WX-0002838,LHR,2025-10-06,19,9,8.7,Clear
WX-0002839,LHR,2025-10-07,13,10,8.6,Cloudy
WX-0002840,LHR,2025-10-08,21,17,10.0,Rain
WX-0002841,LHR,2025-10-09,33,10,9.9,Clear
WX-0002842,LHR,2025-10-10,41,5,9.4,Cloudy
WX-0002843,LHR,2025-10-11,34,14,9.9,Cloudy
WX-0002844,LHR,2025-10-12,21,20,8.9,Rain
WX-0002845,LHR,2025-10-13,21,14,9.9,Clear
WX-0002846,LHR,2025-10-14,29,12,8.9,Clear
WX-0002847,LHR,2025-10-15,20,6,2.6,Fog
WX-0002848,LHR,2025-10-16,37,13,8.9,Clear
WX-0002849,LHR,2025-10-17,29,14,9.6,Clear
WX-0002850,LHR,2025-10-18,31,4,9.4,Cloudy
WX-0002851,LHR,2025-10-19,37,16,8.4,Rain
WX-0002852,LHR,2025-10-20,16,14,9.6,Clear
WX-0002853,LHR,2025-10-21,16,9,8.2,Clear
WX-0002854,LHR,2025-10-22,41,9,8.0,Clear
WX-0002855,LHR,2025-10-23,37,14,9.2,Clear
WX-0002856,LHR,2025-10-24,13,8,8.4,Clear
WX-0002857,LHR,2025-10-25,28,10,8.3,Clear
WX-0002858,LHR,2025-10-26,15,14,9.9,Clear
WX-0002859,LHR,2025-10-27,30,13,10.0,Clear
WX-0002860,LHR,2025-10-28,17,8,9.7,Clear
WX-0002861,LHR,2025-10-29,25,9,9.2,Cloudy
WX-0002862,LHR,2025-10-30,41,4,8.0,Clear
WX-0002863,LHR,2025-10-31,11,7,9.9,Clear
WX-0002864,LHR,2025-11-01,34,11,8.5,Cloudy
WX-0002865,LHR,2025-11-02,15,6,8.6,Cloudy
WX-0002866,LHR,2025-11-03,16,6,9.9,Clear
WX-0002867,LHR,2025-11-04,24,11,8.1,Cloudy
WX-0002868,LHR,2025-11-05,25,6,9.7,Clear
WX-0002869,LHR,2025-11-06,11,12,9.3,Clear
WX-0002870,LHR,2025-11-07,23,17,3.4,Storm
WX-0002871,LHR,2025-11-08,19,3,8.7,Clear
WX-0002872,LHR,2025-11-09,18,10,9.9,Clear
WX-0002873,LHR,2025-11-10,29,10,8.4,Cloudy
WX-0002874,LHR,2025-11-11,15,42,9.5,Rain
WX-0002875,LHR,2025-11-12,17,5,8.6,Clear
WX-0002876,LHR,2025-11-13,16,5,8.4,Clear
WX-0002877,LHR,2025-11-14,39,8,1.2,Storm
WX-0002878,LHR,2025-11-15,17,10,9.7,Clear
WX-0002879,LHR,2025-11-16,39,5,9.2,Clear
WX-0002880,LHR,2025-11-17,10,6,8.4,Cloudy
WX-0002881,LHR,2025-11-18,25,11,8.9,Clear
WX-0002882,LHR,2025-11-19,11,13,9.7,Clear
WX-0002883,LHR,2025-11-20,21,9,8.8,Clear
WX-0002884,LHR,2025-11-21,29,5,2.6,Fog
WX-0002885,LHR,2025-11-22,20,5,8.3,Clear
WX-0002886,LHR,2025-11-23,28,13,9.4,Clear
WX-0002887,LHR,2025-11-24,26,6,9.8,Clear
WX-0002888,LHR,2025-11-25,36,7,9.7,Clear
WX-0002889,LHR,2025-11-26,18,10,8.8,Clear
WX-0002890,LHR,2025-11-27,37,13,1.5,Fog
WX-0002891,LHR,2025-11-28,10,11,8.3,Clear
WX-0002892,LHR,2025-11-29,19,9,8.3,Clear
WX-0002893,LHR,2025-11-30,22,5,9.1,Clear
WX-0002894,LHR,2025-12-01,22,9,8.4,Clear
WX-0002895,LHR,2025-12-02,10,3,8.6,Clear
WX-0002896,LHR,2025-12-03,27,12,8.2,Clear
WX-0002897,LHR,2025-12-04,20,9,8.1,Clear
WX-0002898,LHR,2025-12-05,41,14,8.7,Clear
WX-0002899,LHR,2025-12-06,33,10,8.2,Clear
WX-0002900,LHR,2025-12-07,34,8,9.7,Cloudy
WX-0002901,LHR,2025-12-08,19,4,9.4,Clear
WX-0002902,LHR,2025-12-09,41,8,8.6,Clear
WX-0002903,LHR,2025-12-10,18,14,9.3,Clear
WX-0002904,LHR,2025-12-11,36,12,9.1,Cloudy
WX-0002905,LHR,2025-12-12,25,11,8.8,Clear
WX-0002906,LHR,2025-12-13,33,3,8.8,Clear
WX-0002907,LHR,2025-12-14,22,9,9.5,Clear
WX-0002908,LHR,2025-12-15,34,3,9.9,Cloudy
WX-0002909,LHR,2025-12-16,19,5,1.2,Fog
WX-0002910,LHR,2025-12-17,10,9,9.8,Clear
WX-0002911,LHR,2025-12-18,29,13,8.9,Clear
WX-0002912,LHR,2025-12-19,23,3,9.0,Clear
WX-0002913,LHR,2025-12-20,10,5,8.4,Clear
WX-0002914,LHR,2025-12-21,23,4,9.8,Clear
WX-0002915,LHR,2025-12-22,40,8,9.2,Rain
WX-0002916,LHR,2025-12-23,31,3,8.8,Clear
WX-0002917,LHR,2025-12-24,37,5,9.4,Clear
WX-0002918,LHR,2025-12-25,31,2,10.0,Clear
WX-0002919,LHR,2025-12-26,30,3,2.6,Fog
WX-0002920,LHR,2025-12-27,31,9,9.1,Cloudy
WX-0002921,LHR,2025-12-28,33,10,9.0,Clear
WX-0002922,LHR,2025-12-29,26,10,9.9,Clear
WX-0002923,LHR,2025-12-30,23,8,9.0,Clear
WX-0002924,LHR,2025-12-31,21,14,8.8,Clear
WX-0002925,JFK,2024-01-01,17,3,9.7,Clear
WX-0002926,JFK,2024-01-02,26,8,9.8,Cloudy
WX-0002927,JFK,2024-01-03,37,40,1.6,Storm
WX-0002928,JFK,2024-01-04,14,6,8.7,Clear
WX-0002929,JFK,2024-01-05,14,3,8.3,Clear
WX-0002930,JFK,2024-01-06,17,10,9.0,Clear
WX-0002931,JFK,2024-01-07,22,11,10.0,Clear
WX-0002932,JFK,2024-01-08,21,12,9.1,Cloudy
WX-0002933,JFK,2024-01-09,37,27,3.7,Storm
WX-0002934,JFK,2024-01-10,10,5,8.1,Rain
WX-0002935,JFK,2024-01-11,31,13,9.2,Clear
WX-0002936,JFK,2024-01-12,34,26,9.2,Rain
WX-0002937,JFK,2024-01-13,16,10,9.3,Clear
WX-0002938,JFK,2024-01-14,13,2,9.4,Clear
WX-0002939,JFK,2024-01-15,31,10,9.7,Clear
WX-0002940,JFK,2024-01-16,10,12,9.0,Clear
WX-0002941,JFK,2024-01-17,16,4,8.2,Cloudy
WX-0002942,JFK,2024-01-18,12,2,9.0,Cloudy
WX-0002943,JFK,2024-01-19,12,8,8.7,Clear
WX-0002944,JFK,2024-01-20,22,7,9.3,Clear
WX-0002945,JFK,2024-01-21,30,10,8.9,Cloudy
WX-0002946,JFK,2024-01-22,20,6,8.4,Clear
WX-0002947,JFK,2024-01-23,22,10,8.3,Clear
WX-0002948,JFK,2024-01-24,30,9,8.9,Clear
WX-0002949,JFK,2024-01-25,13,10,8.9,Clear
WX-0002950,JFK,2024-01-26,40,13,9.1,Clear
WX-0002951,JFK,2024-01-27,26,8,8.0,Clear
WX-0002952,JFK,2024-01-28,20,12,8.7,Clear
WX-0002953,JFK,2024-01-29,14,2,2.3,Fog
WX-0002954,JFK,2024-01-30,24,14,8.0,Cloudy
WX-0002955,JFK,2024-01-31,20,2,8.5,Cloudy
WX-0002956,JFK,2024-02-01,14,13,8.4,Cloudy
WX-0002957,JFK,2024-02-02,15,10,8.2,Clear
WX-0002958,JFK,2024-02-03,12,5,8.0,Clear
WX-0002959,JFK,2024-02-04,21,5,9.7,Clear
WX-0002960,JFK,2024-02-05,41,4,9.0,Clear
WX-0002961,JFK,2024-02-06,11,30,9.8,Rain
WX-0002962,JFK,2024-02-07,34,37,3.4,Storm
WX-0002963,JFK,2024-02-08,18,10,1.3,Fog
WX-0002964,JFK,2024-02-09,25,8,8.8,Clear
WX-0002965,JFK,2024-02-10,13,9,9.1,Cloudy
WX-0002966,JFK,2024-02-11,23,12,9.9,Clear
WX-0002967,JFK,2024-02-12,20,12,3.4,Storm
WX-0002968,JFK,2024-02-13,41,7,8.0,Clear
WX-0002969,JFK,2024-02-14,16,10,8.4,Clear
WX-0002970,JFK,2024-02-15,26,4,8.2,Clear
WX-0002971,JFK,2024-02-16,18,10,9.3,Cloudy
WX-0002972,JFK,2024-02-17,11,34,8.4,Rain
WX-0002973,JFK,2024-02-18,34,5,8.3,Clear
WX-0002974,JFK,2024-02-19,29,43,8.2,Rain
WX-0002975,JFK,2024-02-20,10,14,9.2,Cloudy
WX-0002976,JFK,2024-02-21,26,3,8.4,Clear
WX-0002977,JFK,2024-02-22,35,10,8.4,Clear
WX-0002978,JFK,2024-02-23,40,4,9.7,Clear
WX-0002979,JFK,2024-02-24,40,4,9.7,Clear
WX-0002980,JFK,2024-02-25,25,2,9.0,Cloudy
WX-0002981,JFK,2024-02-26,29,27,8.4,Rain
WX-0002982,JFK,2024-02-27,28,6,9.9,Cloudy
WX-0002983,JFK,2024-02-28,11,11,9.1,Clear
WX-0002984,JFK,2024-02-29,35,10,9.7,Cloudy
WX-0002985,JFK,2024-03-01,27,8,8.2,Cloudy
WX-0002986,JFK,2024-03-02,10,14,9.7,Cloudy
WX-0002987,JFK,2024-03-03,22,7,2.2,Fog
WX-0002988,JFK,2024-03-04,30,6,8.8,Clear
WX-0002989,JFK,2024-03-05,25,7,9.7,Clear
WX-0002990,JFK,2024-03-06,31,4,8.1,Cloudy
WX-0002991,JFK,2024-03-07,32,9,9.1,Clear
WX-0002992,JFK,2024-03-08,30,8,8.2,Cloudy
WX-0002993,JFK,2024-03-09,33,11,9.3,Clear
WX-0002994,JFK,2024-03-10,23,7,8.8,Rain
WX-0002995,JFK,2024-03-11,35,2,8.1,Clear
WX-0002996,JFK,2024-03-12,38,8,8.4,Clear
WX-0002997,JFK,2024-03-13,15,11,9.7,Clear
WX-0002998,JFK,2024-03-14,38,7,8.8,Cloudy
WX-0002999,JFK,2024-03-15,25,9,9.1,Clear
WX-0003000,JFK,2024-03-16,23,10,9.3,Cloudy
WX-0003001,JFK,2024-03-17,35,6,8.6,Clear
WX-0003002,JFK,2024-03-18,39,4,9.5,Clear
WX-0003003,JFK,2024-03-19,23,13,9.7,Cloudy
WX-0003004,JFK,2024-03-20,38,7,9.9,Clear
WX-0003005,JFK,2024-03-21,28,2,8.8,Cloudy
WX-0003006,JFK,2024-03-22,30,14,9.9,Clear
WX-0003007,JFK,2024-03-23,39,9,9.7,Clear
WX-0003008,JFK,2024-03-24,12,6,9.4,Cloudy
WX-0003009,JFK,2024-03-25,32,3,8.7,Clear
WX-0003010,JFK,2024-03-26,22,4,9.5,Cloudy
WX-0003011,JFK,2024-03-27,19,32,2.1,Storm
WX-0003012,JFK,2024-03-28,41,6,8.3,Clear
WX-0003013,JFK,2024-03-29,21,4,3.4,Fog
WX-0003014,JFK,2024-03-30,36,11,9.9,Clear
WX-0003015,JFK,2024-03-31,35,12,8.5,Clear
WX-0003016,JFK,2024-04-01,28,2,9.9,Clear
WX-0003017,JFK,2024-04-02,16,14,8.2,Clear
WX-0003018,JFK,2024-04-03,13,10,9.4,Clear
WX-0003019,JFK,2024-04-04,40,2,8.5,Clear
WX-0003020,JFK,2024-04-05,39,5,2.8,Fog
WX-0003021,JFK,2024-04-06,30,13,8.9,Clear
WX-0003022,JFK,2024-04-07,34,6,8.9,Clear
WX-0003023,JFK,2024-04-08,33,14,9.7,Cloudy
WX-0003024,JFK,2024-04-09,33,9,9.6,Clear
WX-0003025,JFK,2024-04-10,10,14,9.8,Clear
WX-0003026,JFK,2024-04-11,32,3,9.5,Clear
WX-0003027,JFK,2024-04-12,39,10,8.4,Cloudy
WX-0003028,JFK,2024-04-13,12,20,8.1,Rain
WX-0003029,JFK,2024-04-14,28,3,9.7,Cloudy
WX-0003030,JFK,2024-04-15,40,8,9.3,Clear
WX-0003031,JFK,2024-04-16,41,14,8.3,Clear
WX-0003032,JFK,2024-04-17,33,3,8.6,Clear
WX-0003033,JFK,2024-04-18,28,9,9.4,Clear
WX-0003034,JFK,2024-04-19,21,11,8.1,Clear
WX-0003035,JFK,2024-04-20,12,4,8.3,Clear
WX-0003036,JFK,2024-04-21,24,28,3.6,Storm
WX-0003037,JFK,2024-04-22,34,5,8.5,Clear
WX-0003038,JFK,2024-04-23,10,3,9.7,Clear
WX-0003039,JFK,2024-04-24,40,10,8.4,Clear
WX-0003040,JFK,2024-04-25,20,43,8.2,Rain
WX-0003041,JFK,2024-04-26,18,5,9.2,Clear
WX-0003042,JFK,2024-04-27,36,12,8.1,Clear
WX-0003043,JFK,2024-04-28,15,17,2.2,Storm
WX-0003044,JFK,2024-04-29,14,10,9.8,Clear
WX-0003045,JFK,2024-04-30,10,13,9.9,Clear
WX-0003046,JFK,2024-05-01,17,9,9.6,Clear
WX-0003047,JFK,2024-05-02,23,10,8.7,Clear
WX-0003048,JFK,2024-05-03,17,12,8.4,Rain
WX-0003049,JFK,2024-05-04,36,4,9.1,Clear
WX-0003050,JFK,2024-05-05,41,6,8.9,Clear
WX-0003051,JFK,2024-05-06,29,9,3.9,Fog
WX-0003052,JFK,2024-05-07,19,11,1.5,Fog
WX-0003053,JFK,2024-05-08,11,12,9.9,Clear
WX-0003054,JFK,2024-05-09,30,8,9.0,Clear
WX-0003055,JFK,2024-05-10,22,8,9.0,Clear
WX-0003056,JFK,2024-05-11,40,4,8.3,Clear
WX-0003057,JFK,2024-05-12,35,5,8.9,Cloudy
WX-0003058,JFK,2024-05-13,27,7,8.5,Clear
WX-0003059,JFK,2024-05-14,22,7,2.2,Storm
WX-0003060,JFK,2024-05-15,21,5,9.8,Cloudy
WX-0003061,JFK,2024-05-16,23,8,8.1,Cloudy
WX-0003062,JFK,2024-05-17,17,6,9.0,Cloudy
WX-0003063,JFK,2024-05-18,32,2,8.4,Clear
WX-0003064,JFK,2024-05-19,27,4,8.6,Clear
WX-0003065,JFK,2024-05-20,36,10,9.8,Cloudy
WX-0003066,JFK,2024-05-21,38,5,9.8,Clear
WX-0003067,JFK,2024-05-22,14,5,9.1,Clear
WX-0003068,JFK,2024-05-23,14,11,8.8,Clear
WX-0003069,JFK,2024-05-24,22,11,9.2,Clear
WX-0003070,JFK,2024-05-25,35,4,8.9,Clear
WX-0003071,JFK,2024-05-26,31,6,9.2,Cloudy
WX-0003072,JFK,2024-05-27,18,5,9.3,Clear
WX-0003073,JFK,2024-05-28,38,5,8.1,Rain
WX-0003074,JFK,2024-05-29,35,5,2.0,Fog
WX-0003075,JFK,2024-05-30,34,7,8.9,Cloudy
WX-0003076,JFK,2024-05-31,37,16,8.4,Rain
WX-0003077,JFK,2024-06-01,39,9,8.4,Clear
WX-0003078,JFK,2024-06-02,23,30,8.6,Rain
WX-0003079,JFK,2024-06-03,36,5,4.0,Fog
WX-0003080,JFK,2024-06-04,22,33,9.6,Rain
WX-0003081,JFK,2024-06-05,19,3,8.5,Clear
WX-0003082,JFK,2024-06-06,10,8,8.6,Clear
WX-0003083,JFK,2024-06-07,22,42,9.4,Rain
WX-0003084,JFK,2024-06-08,10,5,8.4,Clear
WX-0003085,JFK,2024-06-09,35,6,8.3,Clear
WX-0003086,JFK,2024-06-10,31,5,8.3,Clear
WX-0003087,JFK,2024-06-11,40,8,8.9,Cloudy
WX-0003088,JFK,2024-06-12,11,8,8.7,Clear
WX-0003089,JFK,2024-06-13,22,5,8.1,Clear
WX-0003090,JFK,2024-06-14,26,5,9.6,Clear
WX-0003091,JFK,2024-06-15,34,5,9.6,Cloudy
WX-0003092,JFK,2024-06-16,27,9,9.8,Clear
WX-0003093,JFK,2024-06-17,15,3,8.8,Clear
WX-0003094,JFK,2024-06-18,28,41,9.7,Rain
WX-0003095,JFK,2024-06-19,17,6,9.0,Cloudy
WX-0003096,JFK,2024-06-20,17,3,8.2,Clear
WX-0003097,JFK,2024-06-21,29,6,9.5,Cloudy
WX-0003098,JFK,2024-06-22,37,12,9.9,Clear
WX-0003099,JFK,2024-06-23,27,2,8.3,Clear
WX-0003100,JFK,2024-06-24,27,2,9.6,Clear
WX-0003101,JFK,2024-06-25,36,5,3.2,Storm
WX-0003102,JFK,2024-06-26,13,7,8.9,Clear
WX-0003103,JFK,2024-06-27,16,3,9.9,Clear
WX-0003104,JFK,2024-06-28,19,8,9.1,Clear
WX-0003105,JFK,2024-06-29,16,10,9.3,Clear
WX-0003106,JFK,2024-06-30,39,8,8.9,Clear
WX-0003107,JFK,2024-07-01,37,12,8.4,Clear
WX-0003108,JFK,2024-07-02,16,8,9.5,Rain
WX-0003109,JFK,2024-07-03,39,11,8.3,Cloudy
WX-0003110,JFK,2024-07-04,16,14,9.4,Clear
WX-0003111,JFK,2024-07-05,40,12,8.3,Clear
WX-0003112,JFK,2024-07-06,36,2,8.4,Cloudy
WX-0003113,JFK,2024-07-07,30,7,8.1,Cloudy
WX-0003114,JFK,2024-07-08,19,29,8.3,Rain
WX-0003115,JFK,2024-07-09,32,13,8.7,Clear
WX-0003116,JFK,2024-07-10,27,11,8.9,Clear
WX-0003117,JFK,2024-07-11,37,4,3.7,Fog
WX-0003118,JFK,2024-07-12,28,2,8.7,Clear
WX-0003119,JFK,2024-07-13,35,12,8.8,Clear
WX-0003120,JFK,2024-07-14,17,9,8.6,Clear
WX-0003121,JFK,2024-07-15,21,6,8.2,Clear
WX-0003122,JFK,2024-07-16,40,10,9.8,Clear
WX-0003123,JFK,2024-07-17,15,13,8.1,Clear
WX-0003124,JFK,2024-07-18,20,3,3.6,Fog
WX-0003125,JFK,2024-07-19,40,7,1.3,Fog
WX-0003126,JFK,2024-07-20,21,3,1.9,Fog
WX-0003127,JFK,2024-07-21,19,2,8.2,Clear
WX-0003128,JFK,2024-07-22,36,4,8.0,Clear
WX-0003129,JFK,2024-07-23,40,23,8.3,Rain
WX-0003130,JFK,2024-07-24,32,7,8.2,Clear
WX-0003131,JFK,2024-07-25,41,12,9.3,Cloudy
WX-0003132,JFK,2024-07-26,23,5,9.4,Clear
WX-0003133,JFK,2024-07-27,13,14,8.8,Clear
WX-0003134,JFK,2024-07-28,23,14,8.2,Clear
WX-0003135,JFK,2024-07-29,25,5,9.8,Clear
WX-0003136,JFK,2024-07-30,13,12,8.1,Clear
WX-0003137,JFK,2024-07-31,23,13,8.1,Clear
WX-0003138,JFK,2024-08-01,41,5,9.5,Clear
WX-0003139,JFK,2024-08-02,27,2,9.8,Clear
WX-0003140,JFK,2024-08-03,21,6,9.7,Clear
WX-0003141,JFK,2024-08-04,37,2,9.2,Clear
WX-0003142,JFK,2024-08-05,12,11,9.1,Cloudy
WX-0003143,JFK,2024-08-06,20,10,9.1,Cloudy
WX-0003144,JFK,2024-08-07,17,13,9.3,Cloudy
WX-0003145,JFK,2024-08-08,23,11,9.6,Clear
WX-0003146,JFK,2024-08-09,13,17,8.7,Rain
WX-0003147,JFK,2024-08-10,30,6,10.0,Clear
WX-0003148,JFK,2024-08-11,30,10,8.9,Clear
WX-0003149,JFK,2024-08-12,23,12,8.2,Clear
WX-0003150,JFK,2024-08-13,19,13,9.7,Clear
WX-0003151,JFK,2024-08-14,11,10,9.2,Clear
WX-0003152,JFK,2024-08-15,20,6,8.5,Clear
WX-0003153,JFK,2024-08-16,17,4,9.3,Cloudy
WX-0003154,JFK,2024-08-17,16,21,2.0,Storm
WX-0003155,JFK,2024-08-18,22,13,8.9,Clear
WX-0003156,JFK,2024-08-19,32,2,8.6,Cloudy
WX-0003157,JFK,2024-08-20,24,31,9.5,Rain
WX-0003158,JFK,2024-08-21,18,10,9.2,Clear
WX-0003159,JFK,2024-08-22,27,33,1.2,Storm
WX-0003160,JFK,2024-08-23,24,5,8.6,Clear
WX-0003161,JFK,2024-08-24,10,14,8.5,Cloudy
WX-0003162,JFK,2024-08-25,26,13,9.6,Clear
WX-0003163,JFK,2024-08-26,22,3,8.9,Clear
WX-0003164,JFK,2024-08-27,29,2,9.7,Clear
WX-0003165,JFK,2024-08-28,36,10,9.6,Clear
WX-0003166,JFK,2024-08-29,34,7,8.8,Clear
WX-0003167,JFK,2024-08-30,10,3,9.6,Clear
WX-0003168,JFK,2024-08-31,36,43,2.9,Storm
WX-0003169,JFK,2024-09-01,24,2,9.8,Cloudy
WX-0003170,JFK,2024-09-02,14,9,8.0,Clear
WX-0003171,JFK,2024-09-03,36,41,8.6,Rain
WX-0003172,JFK,2024-09-04,32,2,9.2,Cloudy
WX-0003173,JFK,2024-09-05,13,4,9.9,Clear
WX-0003174,JFK,2024-09-06,22,14,2.8,Fog
WX-0003175,JFK,2024-09-07,10,4,9.6,Clear
WX-0003176,JFK,2024-09-08,25,10,8.2,Clear
WX-0003177,JFK,2024-09-09,36,11,8.8,Cloudy
WX-0003178,JFK,2024-09-10,35,2,8.0,Clear
WX-0003179,JFK,2024-09-11,25,12,8.5,Clear
WX-0003180,JFK,2024-09-12,24,12,8.4,Clear
WX-0003181,JFK,2024-09-13,17,4,9.4,Clear
WX-0003182,JFK,2024-09-14,26,20,9.9,Rain
WX-0003183,JFK,2024-09-15,23,9,9.3,Cloudy
WX-0003184,JFK,2024-09-16,21,2,9.7,Cloudy
WX-0003185,JFK,2024-09-17,41,40,9.0,Rain
WX-0003186,JFK,2024-09-18,34,10,9.4,Clear
WX-0003187,JFK,2024-09-19,22,10,8.1,Rain
WX-0003188,JFK,2024-09-20,10,3,9.1,Clear
WX-0003189,JFK,2024-09-21,13,20,8.1,Rain
WX-0003190,JFK,2024-09-22,11,14,3.2,Fog
WX-0003191,JFK,2024-09-23,17,10,8.5,Clear
WX-0003192,JFK,2024-09-24,29,9,8.2,Clear
WX-0003193,JFK,2024-09-25,26,7,9.3,Cloudy
WX-0003194,JFK,2024-09-26,26,32,8.8,Rain
WX-0003195,JFK,2024-09-27,11,7,9.1,Cloudy
WX-0003196,JFK,2024-09-28,16,6,9.8,Clear
WX-0003197,JFK,2024-09-29,19,13,8.8,Clear
WX-0003198,JFK,2024-09-30,19,14,2.5,Fog
WX-0003199,JFK,2024-10-01,20,7,8.1,Clear
WX-0003200,JFK,2024-10-02,35,13,9.3,Clear
WX-0003201,JFK,2024-10-03,21,11,9.8,Cloudy
WX-0003202,JFK,2024-10-04,16,11,9.5,Clear
WX-0003203,JFK,2024-10-05,39,5,9.1,Clear
WX-0003204,JFK,2024-10-06,27,12,9.6,Cloudy
WX-0003205,JFK,2024-10-07,11,10,8.0,Clear
WX-0003206,JFK,2024-10-08,24,9,8.3,Clear
WX-0003207,JFK,2024-10-09,26,5,8.0,Clear
WX-0003208,JFK,2024-10-10,15,9,8.5,Cloudy
WX-0003209,JFK,2024-10-11,22,11,8.5,Clear
WX-0003210,JFK,2024-10-12,34,38,8.2,Rain
WX-0003211,JFK,2024-10-13,39,4,9.3,Clear
WX-0003212,JFK,2024-10-14,28,13,8.9,Cloudy
WX-0003213,JFK,2024-10-15,22,7,2.3,Storm
WX-0003214,JFK,2024-10-16,32,9,10.0,Cloudy
WX-0003215,JFK,2024-10-17,18,22,9.9,Rain
WX-0003216,JFK,2024-10-18,37,13,8.7,Cloudy
WX-0003217,JFK,2024-10-19,17,9,9.9,Clear
WX-0003218,JFK,2024-10-20,29,38,9.6,Rain
WX-0003219,JFK,2024-10-21,20,3,8.7,Clear
WX-0003220,JFK,2024-10-22,25,4,8.8,Cloudy
WX-0003221,JFK,2024-10-23,35,10,8.2,Clear
WX-0003222,JFK,2024-10-24,31,4,9.9,Clear
WX-0003223,JFK,2024-10-25,17,34,8.8,Rain
WX-0003224,JFK,2024-10-26,40,43,9.0,Rain
WX-0003225,JFK,2024-10-27,13,2,10.0,Cloudy
WX-0003226,JFK,2024-10-28,23,3,9.1,Cloudy
WX-0003227,JFK,2024-10-29,15,6,8.5,Cloudy
WX-0003228,JFK,2024-10-30,19,5,1.7,Fog
WX-0003229,JFK,2024-10-31,37,11,9.2,Clear
WX-0003230,JFK,2024-11-01,28,10,8.2,Cloudy
WX-0003231,JFK,2024-11-02,12,11,8.0,Clear
WX-0003232,JFK,2024-11-03,35,9,9.1,Cloudy
WX-0003233,JFK,2024-11-04,41,3,9.5,Clear
WX-0003234,JFK,2024-11-05,24,4,9.2,Clear
WX-0003235,JFK,2024-11-06,31,14,9.8,Cloudy
WX-0003236,JFK,2024-11-07,31,10,9.0,Clear
WX-0003237,JFK,2024-11-08,14,2,2.9,Fog
WX-0003238,JFK,2024-11-09,39,10,8.3,Clear
WX-0003239,JFK,2024-11-10,26,2,8.9,Clear
WX-0003240,JFK,2024-11-11,38,11,8.3,Clear
WX-0003241,JFK,2024-11-12,15,4,8.0,Clear
WX-0003242,JFK,2024-11-13,40,10,9.5,Cloudy
WX-0003243,JFK,2024-11-14,23,8,8.6,Cloudy
WX-0003244,JFK,2024-11-15,37,6,8.3,Clear
WX-0003245,JFK,2024-11-16,38,11,9.1,Clear
WX-0003246,JFK,2024-11-17,19,27,8.4,Rain
WX-0003247,JFK,2024-11-18,14,12,8.2,Clear
WX-0003248,JFK,2024-11-19,37,10,9.9,Cloudy
WX-0003249,JFK,2024-11-20,10,7,8.1,Cloudy
WX-0003250,JFK,2024-11-21,29,11,9.9,Clear
WX-0003251,JFK,2024-11-22,27,16,9.4,Rain
WX-0003252,JFK,2024-11-23,27,6,9.4,Clear
WX-0003253,JFK,2024-11-24,22,9,8.9,Cloudy
WX-0003254,JFK,2024-11-25,34,4,3.2,Fog
WX-0003255,JFK,2024-11-26,26,4,8.6,Clear
WX-0003256,JFK,2024-11-27,16,11,8.5,Cloudy
WX-0003257,JFK,2024-11-28,26,3,8.8,Clear
WX-0003258,JFK,2024-11-29,34,2,8.0,Cloudy
WX-0003259,JFK,2024-11-30,27,3,8.5,Clear
WX-0003260,JFK,2024-12-01,36,2,10.0,Clear
WX-0003261,JFK,2024-12-02,36,34,3.0,Storm
WX-0003262,JFK,2024-12-03,37,2,8.9,Clear
WX-0003263,JFK,2024-12-04,28,2,9.1,Clear
WX-0003264,JFK,2024-12-05,39,4,8.7,Clear
WX-0003265,JFK,2024-12-06,39,14,8.8,Cloudy
WX-0003266,JFK,2024-12-07,11,11,9.3,Clear
WX-0003267,JFK,2024-12-08,17,14,9.5,Clear
WX-0003268,JFK,2024-12-09,35,11,9.7,Clear
WX-0003269,JFK,2024-12-10,26,5,9.2,Cloudy
WX-0003270,JFK,2024-12-11,32,3,8.5,Clear
WX-0003271,JFK,2024-12-12,22,9,8.7,Clear
WX-0003272,JFK,2024-12-13,31,10,8.8,Clear
WX-0003273,JFK,2024-12-14,36,13,9.9,Rain
WX-0003274,JFK,2024-12-15,16,10,10.0,Clear
WX-0003275,JFK,2024-12-16,32,4,8.3,Clear
WX-0003276,JFK,2024-12-17,31,9,9.2,Clear
WX-0003277,JFK,2024-12-18,21,9,9.1,Clear
WX-0003278,JFK,2024-12-19,17,11,9.9,Cloudy
WX-0003279,JFK,2024-12-20,28,12,9.2,Clear
WX-0003280,JFK,2024-12-21,16,3,9.1,Clear
WX-0003281,JFK,2024-12-22,35,14,2.7,Fog
WX-0003282,JFK,2024-12-23,15,10,8.7,Cloudy
WX-0003283,JFK,2024-12-24,39,4,8.5,Clear
WX-0003284,JFK,2024-12-25,28,6,9.7,Clear
WX-0003285,JFK,2024-12-26,16,9,8.5,Cloudy
WX-0003286,JFK,2024-12-27,10,6,9.7,Rain
WX-0003287,JFK,2024-12-28,35,14,8.2,Cloudy
WX-0003288,JFK,2024-12-29,27,4,9.6,Clear
WX-0003289,JFK,2024-12-30,37,14,9.2,Clear
WX-0003290,JFK,2024-12-31,28,9,9.5,Clear
WX-0003291,JFK,2025-01-01,26,10,8.8,Clear
WX-0003292,JFK,2025-01-02,32,4,8.7,Clear
WX-0003293,JFK,2025-01-03,30,9,8.2,Clear
WX-0003294,JFK,2025-01-04,11,11,9.1,Clear
WX-0003295,JFK,2025-01-05,25,41,8.0,Rain
WX-0003296,JFK,2025-01-06,26,22,3.1,Storm
WX-0003297,JFK,2025-01-07,41,13,8.9,Clear
WX-0003298,JFK,2025-01-08,13,20,8.2,Rain
WX-0003299,JFK,2025-01-09,37,11,9.9,Clear
WX-0003300,JFK,2025-01-10,14,3,8.1,Clear
WX-0003301,JFK,2025-01-11,30,37,8.4,Rain
WX-0003302,JFK,2025-01-12,17,14,8.8,Clear
WX-0003303,JFK,2025-01-13,14,4,8.3,Cloudy
WX-0003304,JFK,2025-01-14,18,5,8.2,Rain
WX-0003305,JFK,2025-01-15,37,4,9.8,Clear
WX-0003306,JFK,2025-01-16,21,7,9.6,Clear
WX-0003307,JFK,2025-01-17,30,13,9.5,Cloudy
WX-0003308,JFK,2025-01-18,33,13,9.4,Clear
WX-0003309,JFK,2025-01-19,30,14,9.9,Clear
WX-0003310,JFK,2025-01-20,14,5,8.6,Clear
WX-0003311,JFK,2025-01-21,14,4,8.4,Clear
WX-0003312,JFK,2025-01-22,22,8,2.8,Fog
WX-0003313,JFK,2025-01-23,23,14,8.4,Clear
WX-0003314,JFK,2025-01-24,19,2,9.6,Clear
WX-0003315,JFK,2025-01-25,11,9,8.0,Cloudy
WX-0003316,JFK,2025-01-26,38,11,9.4,Clear
WX-0003317,JFK,2025-01-27,28,3,9.1,Clear
WX-0003318,JFK,2025-01-28,15,2,8.8,Clear
WX-0003319,JFK,2025-01-29,28,32,9.6,Rain
WX-0003320,JFK,2025-01-30,26,3,9.1,Clear
WX-0003321,JFK,2025-01-31,19,43,8.9,Rain
WX-0003322,JFK,2025-02-01,13,4,9.5,Clear
WX-0003323,JFK,2025-02-02,25,6,8.2,Clear
WX-0003324,JFK,2025-02-03,34,11,9.5,Clear
WX-0003325,JFK,2025-02-04,39,11,9.1,Clear
WX-0003326,JFK,2025-02-05,19,11,8.5,Cloudy
WX-0003327,JFK,2025-02-06,25,13,9.8,Clear
WX-0003328,JFK,2025-02-07,31,11,8.8,Clear
WX-0003329,JFK,2025-02-08,32,11,3.4,Storm
WX-0003330,JFK,2025-02-09,24,6,1.1,Fog
WX-0003331,JFK,2025-02-10,15,12,8.3,Clear
WX-0003332,JFK,2025-02-11,24,10,8.3,Clear
WX-0003333,JFK,2025-02-12,38,28,8.7,Rain
WX-0003334,JFK,2025-02-13,17,12,9.2,Clear
WX-0003335,JFK,2025-02-14,17,11,9.8,Clear
WX-0003336,JFK,2025-02-15,27,9,8.6,Cloudy
WX-0003337,JFK,2025-02-16,40,28,9.6,Rain
WX-0003338,JFK,2025-02-17,33,13,9.6,Clear
WX-0003339,JFK,2025-02-18,31,9,8.4,Rain
WX-0003340,JFK,2025-02-19,34,14,9.2,Clear
WX-0003341,JFK,2025-02-20,11,10,9.9,Clear
WX-0003342,JFK,2025-02-21,22,5,8.2,Cloudy
WX-0003343,JFK,2025-02-22,20,2,8.5,Clear
WX-0003344,JFK,2025-02-23,22,8,9.1,Clear
WX-0003345,JFK,2025-02-24,39,7,8.3,Cloudy
WX-0003346,JFK,2025-02-25,25,3,9.8,Clear
WX-0003347,JFK,2025-02-26,11,3,8.3,Clear
WX-0003348,JFK,2025-02-27,33,3,9.7,Cloudy
WX-0003349,JFK,2025-02-28,32,14,9.3,Cloudy
WX-0003350,JFK,2025-03-01,16,13,9.3,Rain
WX-0003351,JFK,2025-03-02,18,6,9.7,Cloudy
WX-0003352,JFK,2025-03-03,34,12,8.4,Clear
WX-0003353,JFK,2025-03-04,17,23,1.3,Storm
WX-0003354,JFK,2025-03-05,20,7,9.5,Clear
WX-0003355,JFK,2025-03-06,33,11,10.0,Clear
WX-0003356,JFK,2025-03-07,12,10,9.1,Clear
WX-0003357,JFK,2025-03-08,30,10,8.1,Cloudy
WX-0003358,JFK,2025-03-09,28,4,9.3,Clear
WX-0003359,JFK,2025-03-10,12,9,8.3,Clear
WX-0003360,JFK,2025-03-11,23,6,8.4,Clear
WX-0003361,JFK,2025-03-12,29,6,9.0,Cloudy
WX-0003362,JFK,2025-03-13,15,14,8.5,Clear
WX-0003363,JFK,2025-03-14,32,5,8.7,Clear
WX-0003364,JFK,2025-03-15,26,8,2.4,Fog
WX-0003365,JFK,2025-03-16,36,14,9.2,Clear
WX-0003366,JFK,2025-03-17,40,14,8.1,Clear
WX-0003367,JFK,2025-03-18,23,10,9.8,Clear
WX-0003368,JFK,2025-03-19,25,9,9.1,Cloudy
WX-0003369,JFK,2025-03-20,40,11,8.2,Clear
WX-0003370,JFK,2025-03-21,38,4,9.7,Clear
WX-0003371,JFK,2025-03-22,13,20,1.0,Storm
WX-0003372,JFK,2025-03-23,10,17,9.8,Rain
WX-0003373,JFK,2025-03-24,32,29,8.2,Rain
WX-0003374,JFK,2025-03-25,17,7,2.6,Storm
WX-0003375,JFK,2025-03-26,10,11,8.0,Cloudy
WX-0003376,JFK,2025-03-27,17,8,9.7,Clear
WX-0003377,JFK,2025-03-28,31,6,2.1,Fog
WX-0003378,JFK,2025-03-29,18,14,8.2,Clear
WX-0003379,JFK,2025-03-30,18,26,3.1,Storm
WX-0003380,JFK,2025-03-31,39,13,9.6,Clear
WX-0003381,JFK,2025-04-01,29,6,9.6,Clear
WX-0003382,JFK,2025-04-02,30,2,9.5,Clear
WX-0003383,JFK,2025-04-03,21,6,9.5,Clear
WX-0003384,JFK,2025-04-04,14,13,9.1,Clear
WX-0003385,JFK,2025-04-05,37,11,8.2,Clear
WX-0003386,JFK,2025-04-06,36,7,9.9,Clear
WX-0003387,JFK,2025-04-07,26,11,8.6,Clear
WX-0003388,JFK,2025-04-08,41,7,9.6,Clear
WX-0003389,JFK,2025-04-09,38,14,9.7,Cloudy
WX-0003390,JFK,2025-04-10,31,32,3.1,Storm
WX-0003391,JFK,2025-04-11,10,6,9.9,Clear
WX-0003392,JFK,2025-04-12,25,6,9.9,Clear
WX-0003393,JFK,2025-04-13,25,2,9.8,Clear
WX-0003394,JFK,2025-04-14,11,42,8.6,Rain
WX-0003395,JFK,2025-04-15,19,9,8.1,Clear
WX-0003396,JFK,2025-04-16,33,11,9.6,Clear
WX-0003397,JFK,2025-04-17,24,14,8.6,Cloudy
WX-0003398,JFK,2025-04-18,25,13,9.1,Clear
WX-0003399,JFK,2025-04-19,25,6,9.6,Clear
WX-0003400,JFK,2025-04-20,14,14,9.8,Clear
WX-0003401,JFK,2025-04-21,14,9,9.7,Rain
WX-0003402,JFK,2025-04-22,23,3,9.5,Cloudy
WX-0003403,JFK,2025-04-23,20,6,1.3,Storm
WX-0003404,JFK,2025-04-24,16,6,9.5,Clear
WX-0003405,JFK,2025-04-25,32,13,9.4,Clear
WX-0003406,JFK,2025-04-26,15,27,9.3,Rain
WX-0003407,JFK,2025-04-27,20,13,9.6,Clear
WX-0003408,JFK,2025-04-28,16,10,9.9,Rain
WX-0003409,JFK,2025-04-29,24,6,9.8,Clear
WX-0003410,JFK,2025-04-30,23,8,8.4,Clear
WX-0003411,JFK,2025-05-01,17,12,8.4,Clear
WX-0003412,JFK,2025-05-02,41,3,8.7,Clear
WX-0003413,JFK,2025-05-03,11,38,8.8,Rain
WX-0003414,JFK,2025-05-04,21,6,9.4,Clear
WX-0003415,JFK,2025-05-05,33,9,9.2,Clear
WX-0003416,JFK,2025-05-06,19,7,9.7,Clear
WX-0003417,JFK,2025-05-07,31,20,8.7,Rain
WX-0003418,JFK,2025-05-08,20,17,10.0,Rain
WX-0003419,JFK,2025-05-09,40,32,9.0,Rain
WX-0003420,JFK,2025-05-10,22,7,8.3,Clear
WX-0003421,JFK,2025-05-11,36,10,10.0,Rain
WX-0003422,JFK,2025-05-12,16,3,8.4,Clear
WX-0003423,JFK,2025-05-13,18,5,9.8,Clear
WX-0003424,JFK,2025-05-14,27,10,9.7,Cloudy
WX-0003425,JFK,2025-05-15,23,2,8.4,Clear
WX-0003426,JFK,2025-05-16,33,28,8.3,Rain
WX-0003427,JFK,2025-05-17,22,10,9.8,Cloudy
WX-0003428,JFK,2025-05-18,26,7,9.5,Clear
WX-0003429,JFK,2025-05-19,13,13,9.3,Cloudy
WX-0003430,JFK,2025-05-20,10,9,8.4,Cloudy
WX-0003431,JFK,2025-05-21,19,10,8.5,Clear
WX-0003432,JFK,2025-05-22,39,4,8.5,Cloudy
WX-0003433,JFK,2025-05-23,37,3,9.5,Clear
WX-0003434,JFK,2025-05-24,28,9,9.0,Clear
WX-0003435,JFK,2025-05-25,21,6,9.9,Clear
WX-0003436,JFK,2025-05-26,20,11,8.4,Rain
WX-0003437,JFK,2025-05-27,35,2,8.6,Clear
WX-0003438,JFK,2025-05-28,35,5,8.6,Clear
WX-0003439,JFK,2025-05-29,37,3,8.1,Cloudy
WX-0003440,JFK,2025-05-30,36,6,8.8,Clear
WX-0003441,JFK,2025-05-31,26,8,9.9,Clear
WX-0003442,JFK,2025-06-01,29,13,8.8,Clear
WX-0003443,JFK,2025-06-02,35,13,9.1,Clear
WX-0003444,JFK,2025-06-03,30,4,9.9,Clear
WX-0003445,JFK,2025-06-04,32,2,9.5,Clear
WX-0003446,JFK,2025-06-05,38,9,9.8,Cloudy
WX-0003447,JFK,2025-06-06,24,2,8.8,Clear
WX-0003448,JFK,2025-06-07,16,13,8.3,Clear
WX-0003449,JFK,2025-06-08,22,9,9.4,Clear
WX-0003450,JFK,2025-06-09,16,8,8.8,Clear
WX-0003451,JFK,2025-06-10,37,8,9.2,Clear
WX-0003452,JFK,2025-06-11,29,8,9.5,Cloudy
WX-0003453,JFK,2025-06-12,14,9,8.5,Clear
WX-0003454,JFK,2025-06-13,35,13,8.3,Clear
WX-0003455,JFK,2025-06-14,38,23,9.4,Rain
WX-0003456,JFK,2025-06-15,35,26,9.8,Rain
WX-0003457,JFK,2025-06-16,21,4,9.5,Cloudy
WX-0003458,JFK,2025-06-17,17,7,3.9,Fog
WX-0003459,JFK,2025-06-18,14,11,10.0,Clear
WX-0003460,JFK,2025-06-19,18,9,1.8,Storm
WX-0003461,JFK,2025-06-20,27,7,9.6,Clear
WX-0003462,JFK,2025-06-21,17,5,8.5,Clear
WX-0003463,JFK,2025-06-22,22,36,9.8,Rain
WX-0003464,JFK,2025-06-23,10,4,8.1,Clear
WX-0003465,JFK,2025-06-24,27,12,8.5,Clear
WX-0003466,JFK,2025-06-25,41,36,1.7,Storm
WX-0003467,JFK,2025-06-26,35,8,8.4,Cloudy
WX-0003468,JFK,2025-06-27,30,7,9.9,Clear
WX-0003469,JFK,2025-06-28,33,12,9.0,Clear
WX-0003470,JFK,2025-06-29,31,5,8.7,Cloudy
WX-0003471,JFK,2025-06-30,37,8,1.8,Fog
WX-0003472,JFK,2025-07-01,19,7,9.5,Clear
WX-0003473,JFK,2025-07-02,18,7,2.3,Fog
WX-0003474,JFK,2025-07-03,37,7,8.7,Clear
WX-0003475,JFK,2025-07-04,18,11,9.3,Clear
WX-0003476,JFK,2025-07-05,31,19,9.9,Rain
WX-0003477,JFK,2025-07-06,15,10,9.4,Clear
WX-0003478,JFK,2025-07-07,30,10,8.4,Clear
WX-0003479,JFK,2025-07-08,36,17,9.6,Rain
WX-0003480,JFK,2025-07-09,26,8,9.5,Clear
WX-0003481,JFK,2025-07-10,19,3,9.8,Cloudy
WX-0003482,JFK,2025-07-11,35,7,8.2,Cloudy
WX-0003483,JFK,2025-07-12,40,10,8.3,Clear
WX-0003484,JFK,2025-07-13,18,14,9.6,Clear
WX-0003485,JFK,2025-07-14,39,9,9.6,Clear
WX-0003486,JFK,2025-07-15,26,3,8.6,Cloudy
WX-0003487,JFK,2025-07-16,24,5,8.7,Clear
WX-0003488,JFK,2025-07-17,32,12,9.5,Clear
WX-0003489,JFK,2025-07-18,21,8,4.0,Fog
WX-0003490,JFK,2025-07-19,38,11,1.5,Storm
WX-0003491,JFK,2025-07-20,24,13,8.1,Rain
WX-0003492,JFK,2025-07-21,20,30,3.5,Storm
WX-0003493,JFK,2025-07-22,41,8,8.6,Clear
WX-0003494,JFK,2025-07-23,22,12,8.6,Clear
WX-0003495,JFK,2025-07-24,31,25,8.7,Rain
WX-0003496,JFK,2025-07-25,36,5,9.9,Clear
WX-0003497,JFK,2025-07-26,34,12,3.4,Storm
WX-0003498,JFK,2025-07-27,37,11,9.5,Clear
WX-0003499,JFK,2025-07-28,36,10,8.9,Clear
WX-0003500,JFK,2025-07-29,22,10,8.2,Cloudy
WX-0003501,JFK,2025-07-30,36,7,8.7,Cloudy
WX-0003502,JFK,2025-07-31,30,14,8.1,Clear
WX-0003503,JFK,2025-08-01,16,9,8.7,Clear
WX-0003504,JFK,2025-08-02,14,36,8.2,Rain
WX-0003505,JFK,2025-08-03,18,5,8.1,Clear
WX-0003506,JFK,2025-08-04,28,9,2.9,Fog
WX-0003507,JFK,2025-08-05,26,10,9.1,Clear
WX-0003508,JFK,2025-08-06,26,3,9.3,Clear
WX-0003509,JFK,2025-08-07,19,6,9.0,Cloudy
WX-0003510,JFK,2025-08-08,39,34,3.1,Storm
WX-0003511,JFK,2025-08-09,41,43,3.1,Storm
WX-0003512,JFK,2025-08-10,33,2,8.8,Cloudy
WX-0003513,JFK,2025-08-11,37,5,9.3,Clear
WX-0003514,JFK,2025-08-12,15,3,9.8,Clear
WX-0003515,JFK,2025-08-13,23,13,9.1,Clear
WX-0003516,JFK,2025-08-14,35,12,9.8,Cloudy
WX-0003517,JFK,2025-08-15,33,3,8.8,Clear
WX-0003518,JFK,2025-08-16,10,10,9.9,Clear
WX-0003519,JFK,2025-08-17,31,14,8.9,Clear
WX-0003520,JFK,2025-08-18,11,11,8.4,Clear
WX-0003521,JFK,2025-08-19,19,6,1.2,Fog
WX-0003522,JFK,2025-08-20,26,7,8.9,Clear
WX-0003523,JFK,2025-08-21,17,11,9.4,Cloudy
WX-0003524,JFK,2025-08-22,41,27,1.8,Storm
WX-0003525,JFK,2025-08-23,10,7,9.6,Clear
WX-0003526,JFK,2025-08-24,23,4,9.4,Clear
WX-0003527,JFK,2025-08-25,22,20,9.8,Rain
WX-0003528,JFK,2025-08-26,32,9,9.7,Clear
WX-0003529,JFK,2025-08-27,21,13,8.9,Clear
WX-0003530,JFK,2025-08-28,37,9,8.2,Clear
WX-0003531,JFK,2025-08-29,22,12,9.4,Cloudy
WX-0003532,JFK,2025-08-30,15,4,9.8,Clear
WX-0003533,JFK,2025-08-31,12,13,3.3,Fog
WX-0003534,JFK,2025-09-01,39,14,8.5,Clear
WX-0003535,JFK,2025-09-02,16,7,2.1,Fog
WX-0003536,JFK,2025-09-03,31,9,8.2,Clear
WX-0003537,JFK,2025-09-04,33,9,9.2,Clear
WX-0003538,JFK,2025-09-05,23,11,8.8,Clear
WX-0003539,JFK,2025-09-06,24,36,3.9,Storm
WX-0003540,JFK,2025-09-07,30,10,3.3,Fog
WX-0003541,JFK,2025-09-08,26,11,9.3,Clear
WX-0003542,JFK,2025-09-09,20,8,9.3,Clear
WX-0003543,JFK,2025-09-10,18,27,8.5,Rain
WX-0003544,JFK,2025-09-11,24,2,8.7,Cloudy
WX-0003545,JFK,2025-09-12,11,11,8.7,Clear
WX-0003546,JFK,2025-09-13,11,9,8.6,Clear
WX-0003547,JFK,2025-09-14,29,4,8.2,Clear
WX-0003548,JFK,2025-09-15,28,10,9.9,Clear
WX-0003549,JFK,2025-09-16,15,13,8.4,Clear
WX-0003550,JFK,2025-09-17,15,7,8.4,Clear
WX-0003551,JFK,2025-09-18,18,4,9.9,Cloudy
WX-0003552,JFK,2025-09-19,40,13,9.5,Rain
WX-0003553,JFK,2025-09-20,34,10,8.4,Clear
WX-0003554,JFK,2025-09-21,16,3,9.5,Clear
WX-0003555,JFK,2025-09-22,26,9,8.6,Clear
WX-0003556,JFK,2025-09-23,13,4,9.2,Cloudy
WX-0003557,JFK,2025-09-24,36,6,9.8,Clear
WX-0003558,JFK,2025-09-25,18,11,2.5,Storm
WX-0003559,JFK,2025-09-26,32,11,8.5,Clear
WX-0003560,JFK,2025-09-27,37,2,1.5,Fog
WX-0003561,JFK,2025-09-28,15,10,9.1,Clear
WX-0003562,JFK,2025-09-29,28,14,9.1,Clear
WX-0003563,JFK,2025-09-30,19,14,8.1,Cloudy
WX-0003564,JFK,2025-10-01,26,10,9.3,Clear
WX-0003565,JFK,2025-10-02,25,11,8.1,Cloudy
WX-0003566,JFK,2025-10-03,36,2,9.8,Clear
WX-0003567,JFK,2025-10-04,21,9,3.1,Fog
WX-0003568,JFK,2025-10-05,13,6,9.1,Clear
WX-0003569,JFK,2025-10-06,38,13,8.5,Clear
WX-0003570,JFK,2025-10-07,26,39,8.7,Rain
WX-0003571,JFK,2025-10-08,35,9,8.5,Clear
WX-0003572,JFK,2025-10-09,25,11,8.3,Clear
WX-0003573,JFK,2025-10-10,35,31,1.1,Storm
WX-0003574,JFK,2025-10-11,29,8,8.2,Cloudy
WX-0003575,JFK,2025-10-12,27,8,9.0,Clear
WX-0003576,JFK,2025-10-13,27,8,8.6,Clear
WX-0003577,JFK,2025-10-14,20,12,9.3,Clear
WX-0003578,JFK,2025-10-15,24,12,9.6,Cloudy
WX-0003579,JFK,2025-10-16,28,11,8.9,Cloudy
WX-0003580,JFK,2025-10-17,32,13,8.5,Clear
WX-0003581,JFK,2025-10-18,18,3,9.8,Clear
WX-0003582,JFK,2025-10-19,26,2,8.0,Clear
WX-0003583,JFK,2025-10-20,39,3,9.9,Cloudy
WX-0003584,JFK,2025-10-21,33,11,9.5,Cloudy
WX-0003585,JFK,2025-10-22,31,11,9.5,Clear
WX-0003586,JFK,2025-10-23,16,3,8.1,Clear
WX-0003587,JFK,2025-10-24,10,16,4.0,Storm
WX-0003588,JFK,2025-10-25,20,8,8.5,Clear
WX-0003589,JFK,2025-10-26,26,38,8.3,Rain
WX-0003590,JFK,2025-10-27,33,11,8.9,Clear
WX-0003591,JFK,2025-10-28,13,11,3.3,Fog
WX-0003592,JFK,2025-10-29,37,7,9.3,Clear
WX-0003593,JFK,2025-10-30,15,10,8.9,Clear
WX-0003594,JFK,2025-10-31,32,23,8.7,Rain
WX-0003595,JFK,2025-11-01,33,5,9.6,Clear
WX-0003596,JFK,2025-11-02,31,14,9.6,Clear
WX-0003597,JFK,2025-11-03,18,10,8.6,Clear
WX-0003598,JFK,2025-11-04,34,3,9.0,Clear
WX-0003599,JFK,2025-11-05,40,12,9.9,Cloudy
WX-0003600,JFK,2025-11-06,23,2,9.6,Cloudy
WX-0003601,JFK,2025-11-07,37,32,9.8,Rain
WX-0003602,JFK,2025-11-08,35,38,9.3,Rain
WX-0003603,JFK,2025-11-09,41,11,8.3,Clear
WX-0003604,JFK,2025-11-10,13,9,8.7,Cloudy
WX-0003605,JFK,2025-11-11,30,14,8.8,Clear
WX-0003606,JFK,2025-11-12,14,3,8.4,Clear
WX-0003607,JFK,2025-11-13,24,14,9.6,Clear
WX-0003608,JFK,2025-11-14,37,7,2.5,Fog
WX-0003609,JFK,2025-11-15,17,5,9.7,Cloudy
WX-0003610,JFK,2025-11-16,20,7,8.5,Rain
WX-0003611,JFK,2025-11-17,12,12,9.4,Clear
WX-0003612,JFK,2025-11-18,16,42,9.2,Rain
WX-0003613,JFK,2025-11-19,15,5,8.2,Cloudy
WX-0003614,JFK,2025-11-20,10,5,9.5,Clear
WX-0003615,JFK,2025-11-21,12,5,9.9,Clear
WX-0003616,JFK,2025-11-22,35,8,8.6,Clear
WX-0003617,JFK,2025-11-23,40,9,9.9,Clear
WX-0003618,JFK,2025-11-24,25,2,9.9,Clear
WX-0003619,JFK,2025-11-25,37,4,8.2,Cloudy
WX-0003620,JFK,2025-11-26,31,30,9.2,Rain
WX-0003621,JFK,2025-11-27,18,3,9.8,Clear
WX-0003622,JFK,2025-11-28,10,11,9.6,Clear
WX-0003623,JFK,2025-11-29,15,8,9.3,Rain
WX-0003624,JFK,2025-11-30,39,40,8.5,Rain
WX-0003625,JFK,2025-12-01,32,42,8.9,Rain
WX-0003626,JFK,2025-12-02,11,40,9.3,Rain
WX-0003627,JFK,2025-12-03,17,26,9.0,Rain
WX-0003628,JFK,2025-12-04,22,8,8.2,Clear
WX-0003629,JFK,2025-12-05,31,9,8.5,Clear
WX-0003630,JFK,2025-12-06,19,11,8.1,Clear
WX-0003631,JFK,2025-12-07,37,2,8.2,Clear
WX-0003632,JFK,2025-12-08,34,6,9.4,Cloudy
WX-0003633,JFK,2025-12-09,26,14,9.5,Clear
WX-0003634,JFK,2025-12-10,11,5,8.8,Clear
WX-0003635,JFK,2025-12-11,35,30,1.4,Storm
WX-0003636,JFK,2025-12-12,15,14,9.1,Cloudy
WX-0003637,JFK,2025-12-13,31,15,1.1,Storm
WX-0003638,JFK,2025-12-14,17,2,8.3,Cloudy
WX-0003639,JFK,2025-12-15,32,14,9.8,Clear
WX-0003640,JFK,2025-12-16,28,10,8.8,Cloudy
WX-0003641,JFK,2025-12-17,13,5,10.0,Clear
WX-0003642,JFK,2025-12-18,27,11,8.2,Rain
WX-0003643,JFK,2025-12-19,29,2,8.7,Clear
WX-0003644,JFK,2025-12-20,30,14,9.4,Clear
WX-0003645,JFK,2025-12-21,35,5,9.5,Clear
WX-0003646,JFK,2025-12-22,21,14,2.8,Storm
WX-0003647,JFK,2025-12-23,16,4,8.9,Cloudy
WX-0003648,JFK,2025-12-24,25,3,9.0,Cloudy
WX-0003649,JFK,2025-12-25,14,2,1.1,Fog
WX-0003650,JFK,2025-12-26,40,2,9.1,Clear
WX-0003651,JFK,2025-12-27,21,5,8.3,Clear
WX-0003652,JFK,2025-12-28,26,9,8.7,Clear
WX-0003653,JFK,2025-12-29,31,11,9.9,Clear
WX-0003654,JFK,2025-12-30,32,25,8.9,Rain
WX-0003655,JFK,2025-12-31,14,11,8.6,Clear
WX-0003656,DXB,2024-01-01,15,6,8.8,Clear
WX-0003657,DXB,2024-01-02,20,10,8.1,Clear
WX-0003658,DXB,2024-01-03,15,7,9.9,Clear
WX-0003659,DXB,2024-01-04,33,13,9.3,Rain
WX-0003660,DXB,2024-01-05,21,9,1.9,Fog
WX-0003661,DXB,2024-01-06,11,2,8.9,Clear
WX-0003662,DXB,2024-01-07,39,18,2.6,Storm
WX-0003663,DXB,2024-01-08,38,13,9.8,Clear
WX-0003664,DXB,2024-01-09,39,11,8.5,Cloudy
WX-0003665,DXB,2024-01-10,13,12,9.7,Cloudy
WX-0003666,DXB,2024-01-11,29,5,9.2,Cloudy
WX-0003667,DXB,2024-01-12,41,8,9.8,Clear
WX-0003668,DXB,2024-01-13,27,8,9.4,Rain
WX-0003669,DXB,2024-01-14,15,13,8.1,Clear
WX-0003670,DXB,2024-01-15,29,9,9.3,Cloudy
WX-0003671,DXB,2024-01-16,38,14,9.1,Clear
WX-0003672,DXB,2024-01-17,25,5,8.3,Clear
WX-0003673,DXB,2024-01-18,21,12,8.4,Clear
WX-0003674,DXB,2024-01-19,13,11,9.0,Clear
WX-0003675,DXB,2024-01-20,39,13,8.5,Cloudy
WX-0003676,DXB,2024-01-21,10,10,8.3,Cloudy
WX-0003677,DXB,2024-01-22,24,2,9.2,Clear
WX-0003678,DXB,2024-01-23,10,34,9.3,Rain
WX-0003679,DXB,2024-01-24,10,8,9.9,Cloudy
WX-0003680,DXB,2024-01-25,18,9,8.6,Clear
WX-0003681,DXB,2024-01-26,10,10,8.8,Clear
WX-0003682,DXB,2024-01-27,36,11,8.8,Clear
WX-0003683,DXB,2024-01-28,14,12,8.1,Cloudy
WX-0003684,DXB,2024-01-29,35,10,8.1,Cloudy
WX-0003685,DXB,2024-01-30,16,10,9.3,Cloudy
WX-0003686,DXB,2024-01-31,33,37,9.3,Rain
WX-0003687,DXB,2024-02-01,15,13,10.0,Clear
WX-0003688,DXB,2024-02-02,21,4,9.8,Clear
WX-0003689,DXB,2024-02-03,31,5,9.7,Clear
WX-0003690,DXB,2024-02-04,21,7,9.5,Clear
WX-0003691,DXB,2024-02-05,39,14,8.7,Cloudy
WX-0003692,DXB,2024-02-06,21,13,2.5,Fog
WX-0003693,DXB,2024-02-07,33,33,8.1,Rain
WX-0003694,DXB,2024-02-08,38,9,9.3,Clear
WX-0003695,DXB,2024-02-09,41,44,9.5,Rain
WX-0003696,DXB,2024-02-10,24,13,8.9,Clear
WX-0003697,DXB,2024-02-11,15,13,8.2,Clear
WX-0003698,DXB,2024-02-12,29,8,8.9,Clear
WX-0003699,DXB,2024-02-13,37,10,9.2,Clear
WX-0003700,DXB,2024-02-14,14,8,9.7,Clear
WX-0003701,DXB,2024-02-15,31,13,9.9,Clear
WX-0003702,DXB,2024-02-16,30,13,8.8,Clear
WX-0003703,DXB,2024-02-17,38,11,8.3,Clear
WX-0003704,DXB,2024-02-18,19,6,8.1,Clear
WX-0003705,DXB,2024-02-19,36,7,8.4,Cloudy
WX-0003706,DXB,2024-02-20,30,9,9.1,Clear
WX-0003707,DXB,2024-02-21,22,17,4.0,Storm
WX-0003708,DXB,2024-02-22,34,9,9.1,Clear
WX-0003709,DXB,2024-02-23,32,12,8.3,Cloudy
WX-0003710,DXB,2024-02-24,29,6,9.3,Clear
WX-0003711,DXB,2024-02-25,41,13,9.7,Clear
WX-0003712,DXB,2024-02-26,35,12,8.0,Clear
WX-0003713,DXB,2024-02-27,36,2,8.0,Clear
WX-0003714,DXB,2024-02-28,18,2,9.8,Cloudy
WX-0003715,DXB,2024-02-29,38,2,8.8,Cloudy
WX-0003716,DXB,2024-03-01,18,3,9.2,Clear
WX-0003717,DXB,2024-03-02,41,6,9.9,Rain
WX-0003718,DXB,2024-03-03,13,7,9.9,Cloudy
WX-0003719,DXB,2024-03-04,31,32,8.1,Rain
WX-0003720,DXB,2024-03-05,39,2,1.2,Fog
WX-0003721,DXB,2024-03-06,16,10,9.0,Clear
WX-0003722,DXB,2024-03-07,28,8,9.0,Cloudy
WX-0003723,DXB,2024-03-08,22,5,9.3,Clear
WX-0003724,DXB,2024-03-09,31,5,8.9,Clear
WX-0003725,DXB,2024-03-10,29,25,8.2,Rain
WX-0003726,DXB,2024-03-11,31,2,8.4,Clear
WX-0003727,DXB,2024-03-12,33,2,9.4,Clear
WX-0003728,DXB,2024-03-13,41,14,8.0,Clear
WX-0003729,DXB,2024-03-14,34,14,9.2,Cloudy
WX-0003730,DXB,2024-03-15,37,12,9.1,Clear
WX-0003731,DXB,2024-03-16,38,14,9.4,Clear
WX-0003732,DXB,2024-03-17,33,2,8.6,Cloudy
WX-0003733,DXB,2024-03-18,12,7,9.1,Clear
WX-0003734,DXB,2024-03-19,29,5,9.8,Clear
WX-0003735,DXB,2024-03-20,19,13,9.5,Clear
WX-0003736,DXB,2024-03-21,20,3,9.0,Clear
WX-0003737,DXB,2024-03-22,31,12,8.8,Clear
WX-0003738,DXB,2024-03-23,24,12,9.3,Rain
WX-0003739,DXB,2024-03-24,36,9,1.9,Fog
WX-0003740,DXB,2024-03-25,22,14,8.2,Cloudy
WX-0003741,DXB,2024-03-26,16,6,8.7,Clear
WX-0003742,DXB,2024-03-27,39,4,9.0,Cloudy
WX-0003743,DXB,2024-03-28,19,2,9.7,Clear
WX-0003744,DXB,2024-03-29,27,9,9.2,Clear
WX-0003745,DXB,2024-03-30,37,2,9.6,Clear
WX-0003746,DXB,2024-03-31,19,8,8.0,Clear
WX-0003747,DXB,2024-04-01,19,9,9.1,Clear
WX-0003748,DXB,2024-04-02,30,12,9.3,Clear
WX-0003749,DXB,2024-04-03,10,11,9.9,Clear
WX-0003750,DXB,2024-04-04,31,14,8.1,Clear
WX-0003751,DXB,2024-04-05,23,9,8.9,Clear
WX-0003752,DXB,2024-04-06,27,12,9.2,Clear
WX-0003753,DXB,2024-04-07,15,10,8.8,Clear
WX-0003754,DXB,2024-04-08,20,4,8.4,Clear
WX-0003755,DXB,2024-04-09,16,26,1.5,Storm
WX-0003756,DXB,2024-04-10,35,25,3.3,Storm
WX-0003757,DXB,2024-04-11,24,7,8.1,Clear
WX-0003758,DXB,2024-04-12,36,9,2.6,Fog
WX-0003759,DXB,2024-04-13,12,6,1.7,Storm
WX-0003760,DXB,2024-04-14,10,3,9.1,Clear
WX-0003761,DXB,2024-04-15,34,11,9.0,Clear
WX-0003762,DXB,2024-04-16,34,13,8.5,Clear
WX-0003763,DXB,2024-04-17,29,11,10.0,Clear
WX-0003764,DXB,2024-04-18,28,26,1.3,Storm
WX-0003765,DXB,2024-04-19,36,10,9.9,Cloudy
WX-0003766,DXB,2024-04-20,12,3,8.2,Clear
WX-0003767,DXB,2024-04-21,34,10,3.2,Storm
WX-0003768,DXB,2024-04-22,14,11,9.3,Clear
WX-0003769,DXB,2024-04-23,35,31,9.6,Rain
WX-0003770,DXB,2024-04-24,38,43,9.2,Rain
WX-0003771,DXB,2024-04-25,30,13,9.7,Cloudy
WX-0003772,DXB,2024-04-26,10,14,8.8,Rain
WX-0003773,DXB,2024-04-27,13,2,8.6,Cloudy
WX-0003774,DXB,2024-04-28,32,6,9.0,Cloudy
WX-0003775,DXB,2024-04-29,16,2,8.7,Clear
WX-0003776,DXB,2024-04-30,36,4,9.5,Clear
WX-0003777,DXB,2024-05-01,26,22,1.7,Storm
WX-0003778,DXB,2024-05-02,19,10,9.2,Cloudy
WX-0003779,DXB,2024-05-03,32,7,8.8,Cloudy
WX-0003780,DXB,2024-05-04,39,9,9.3,Clear
WX-0003781,DXB,2024-05-05,26,2,9.6,Clear
WX-0003782,DXB,2024-05-06,41,2,9.4,Clear
WX-0003783,DXB,2024-05-07,17,5,9.2,Rain
WX-0003784,DXB,2024-05-08,27,6,8.1,Clear
WX-0003785,DXB,2024-05-09,24,12,8.1,Clear
WX-0003786,DXB,2024-05-10,33,7,10.0,Clear
WX-0003787,DXB,2024-05-11,20,30,9.1,Rain
WX-0003788,DXB,2024-05-12,27,12,8.2,Cloudy
WX-0003789,DXB,2024-05-13,30,3,8.9,Clear
WX-0003790,DXB,2024-05-14,38,11,9.2,Clear
WX-0003791,DXB,2024-05-15,17,3,8.6,Clear
WX-0003792,DXB,2024-05-16,32,13,9.5,Clear
WX-0003793,DXB,2024-05-17,15,8,8.9,Clear
WX-0003794,DXB,2024-05-18,41,4,2.9,Fog
WX-0003795,DXB,2024-05-19,29,12,9.3,Clear
WX-0003796,DXB,2024-05-20,41,4,9.9,Clear
WX-0003797,DXB,2024-05-21,30,2,8.5,Clear
WX-0003798,DXB,2024-05-22,40,13,3.7,Fog
WX-0003799,DXB,2024-05-23,17,8,8.3,Clear
WX-0003800,DXB,2024-05-24,26,32,2.8,Storm
WX-0003801,DXB,2024-05-25,18,8,8.6,Clear
WX-0003802,DXB,2024-05-26,39,5,8.1,Cloudy
WX-0003803,DXB,2024-05-27,16,12,8.3,Clear
WX-0003804,DXB,2024-05-28,26,11,8.5,Cloudy
WX-0003805,DXB,2024-05-29,41,5,9.0,Clear
WX-0003806,DXB,2024-05-30,14,12,3.5,Fog
WX-0003807,DXB,2024-05-31,20,11,9.0,Clear
WX-0003808,DXB,2024-06-01,19,6,9.8,Clear
WX-0003809,DXB,2024-06-02,25,3,8.2,Clear
WX-0003810,DXB,2024-06-03,12,9,8.7,Clear
WX-0003811,DXB,2024-06-04,25,13,8.2,Cloudy
WX-0003812,DXB,2024-06-05,21,11,9.4,Clear
WX-0003813,DXB,2024-06-06,23,4,8.6,Clear
WX-0003814,DXB,2024-06-07,15,5,9.3,Clear
WX-0003815,DXB,2024-06-08,30,8,9.1,Clear
WX-0003816,DXB,2024-06-09,23,5,9.0,Clear
WX-0003817,DXB,2024-06-10,32,11,9.9,Cloudy
WX-0003818,DXB,2024-06-11,17,10,9.3,Cloudy
WX-0003819,DXB,2024-06-12,13,4,8.2,Clear
WX-0003820,DXB,2024-06-13,40,11,8.2,Clear
WX-0003821,DXB,2024-06-14,33,3,8.7,Clear
WX-0003822,DXB,2024-06-15,32,15,9.1,Rain
WX-0003823,DXB,2024-06-16,24,8,9.4,Clear
WX-0003824,DXB,2024-06-17,40,9,8.9,Clear
WX-0003825,DXB,2024-06-18,35,5,8.8,Clear
WX-0003826,DXB,2024-06-19,31,7,8.2,Clear
WX-0003827,DXB,2024-06-20,16,6,8.1,Cloudy
WX-0003828,DXB,2024-06-21,21,8,9.4,Cloudy
WX-0003829,DXB,2024-06-22,21,5,9.0,Clear
WX-0003830,DXB,2024-06-23,34,11,9.1,Cloudy
WX-0003831,DXB,2024-06-24,37,12,9.2,Clear
WX-0003832,DXB,2024-06-25,38,12,9.0,Clear
WX-0003833,DXB,2024-06-26,19,6,8.1,Clear
WX-0003834,DXB,2024-06-27,23,15,1.6,Storm
WX-0003835,DXB,2024-06-28,25,5,8.3,Clear
WX-0003836,DXB,2024-06-29,37,12,8.7,Clear
WX-0003837,DXB,2024-06-30,41,7,9.2,Clear
WX-0003838,DXB,2024-07-01,24,6,9.9,Clear
WX-0003839,DXB,2024-07-02,37,8,8.7,Clear
WX-0003840,DXB,2024-07-03,15,7,9.6,Clear
WX-0003841,DXB,2024-07-04,37,2,8.4,Clear
WX-0003842,DXB,2024-07-05,22,4,8.8,Clear
WX-0003843,DXB,2024-07-06,38,8,9.8,Clear
WX-0003844,DXB,2024-07-07,28,12,9.9,Cloudy
WX-0003845,DXB,2024-07-08,17,3,8.2,Clear
WX-0003846,DXB,2024-07-09,13,10,8.5,Clear
WX-0003847,DXB,2024-07-10,13,12,9.6,Clear
WX-0003848,DXB,2024-07-11,10,3,8.4,Clear
WX-0003849,DXB,2024-07-12,38,3,8.5,Clear
WX-0003850,DXB,2024-07-13,30,12,8.2,Clear
WX-0003851,DXB,2024-07-14,17,11,9.5,Clear
WX-0003852,DXB,2024-07-15,25,14,9.4,Clear
WX-0003853,DXB,2024-07-16,17,9,8.5,Clear
WX-0003854,DXB,2024-07-17,14,2,9.9,Clear
WX-0003855,DXB,2024-07-18,31,2,9.3,Clear
WX-0003856,DXB,2024-07-19,18,5,9.3,Clear
WX-0003857,DXB,2024-07-20,22,30,2.5,Storm
WX-0003858,DXB,2024-07-21,24,5,8.7,Clear
WX-0003859,DXB,2024-07-22,19,12,8.5,Clear
WX-0003860,DXB,2024-07-23,18,11,9.4,Cloudy
WX-0003861,DXB,2024-07-24,12,9,9.4,Rain
WX-0003862,DXB,2024-07-25,28,11,8.2,Clear
WX-0003863,DXB,2024-07-26,18,14,9.1,Clear
WX-0003864,DXB,2024-07-27,22,9,9.9,Clear
WX-0003865,DXB,2024-07-28,32,2,9.9,Cloudy
WX-0003866,DXB,2024-07-29,38,6,8.9,Clear
WX-0003867,DXB,2024-07-30,16,11,9.6,Clear
WX-0003868,DXB,2024-07-31,11,5,1.1,Fog
WX-0003869,DXB,2024-08-01,33,7,9.6,Clear
WX-0003870,DXB,2024-08-02,19,7,9.8,Rain
WX-0003871,DXB,2024-08-03,39,12,8.9,Cloudy
WX-0003872,DXB,2024-08-04,37,17,9.5,Rain
WX-0003873,DXB,2024-08-05,29,6,9.1,Cloudy
WX-0003874,DXB,2024-08-06,34,3,9.3,Clear
WX-0003875,DXB,2024-08-07,13,2,8.9,Clear
WX-0003876,DXB,2024-08-08,35,10,9.2,Clear
WX-0003877,DXB,2024-08-09,33,14,9.8,Clear
WX-0003878,DXB,2024-08-10,20,13,9.5,Clear
WX-0003879,DXB,2024-08-11,22,14,9.5,Clear
WX-0003880,DXB,2024-08-12,17,14,9.1,Clear
WX-0003881,DXB,2024-08-13,23,5,9.4,Clear
WX-0003882,DXB,2024-08-14,27,7,8.6,Cloudy
WX-0003883,DXB,2024-08-15,11,23,2.2,Storm
WX-0003884,DXB,2024-08-16,15,7,9.8,Clear
WX-0003885,DXB,2024-08-17,29,7,9.3,Clear
WX-0003886,DXB,2024-08-18,19,14,8.1,Clear
WX-0003887,DXB,2024-08-19,29,5,8.4,Clear
WX-0003888,DXB,2024-08-20,38,13,9.5,Rain
WX-0003889,DXB,2024-08-21,30,3,8.2,Clear
WX-0003890,DXB,2024-08-22,39,12,9.9,Cloudy
WX-0003891,DXB,2024-08-23,18,10,9.1,Clear
WX-0003892,DXB,2024-08-24,32,11,9.1,Clear
WX-0003893,DXB,2024-08-25,37,10,8.3,Clear
WX-0003894,DXB,2024-08-26,20,5,8.5,Clear
WX-0003895,DXB,2024-08-27,37,11,9.5,Clear
WX-0003896,DXB,2024-08-28,19,7,9.9,Clear
WX-0003897,DXB,2024-08-29,26,3,8.9,Clear
WX-0003898,DXB,2024-08-30,33,3,9.7,Clear
WX-0003899,DXB,2024-08-31,11,14,3.1,Fog
WX-0003900,DXB,2024-09-01,13,6,9.4,Clear
WX-0003901,DXB,2024-09-02,17,9,9.4,Cloudy
WX-0003902,DXB,2024-09-03,13,9,9.4,Cloudy
WX-0003903,DXB,2024-09-04,29,8,8.7,Cloudy
WX-0003904,DXB,2024-09-05,35,4,8.2,Clear
WX-0003905,DXB,2024-09-06,29,8,8.9,Rain
WX-0003906,DXB,2024-09-07,17,13,8.5,Clear
WX-0003907,DXB,2024-09-08,21,4,8.4,Clear
WX-0003908,DXB,2024-09-09,34,14,9.1,Cloudy
WX-0003909,DXB,2024-09-10,17,7,8.4,Clear
WX-0003910,DXB,2024-09-11,36,12,8.9,Clear
WX-0003911,DXB,2024-09-12,22,11,8.5,Clear
WX-0003912,DXB,2024-09-13,13,9,9.2,Clear
WX-0003913,DXB,2024-09-14,39,3,9.5,Clear
WX-0003914,DXB,2024-09-15,22,6,8.9,Cloudy
WX-0003915,DXB,2024-09-16,32,8,8.4,Clear
WX-0003916,DXB,2024-09-17,39,10,8.7,Clear
WX-0003917,DXB,2024-09-18,29,12,9.2,Clear
WX-0003918,DXB,2024-09-19,33,5,10.0,Clear
WX-0003919,DXB,2024-09-20,39,32,8.0,Rain
WX-0003920,DXB,2024-09-21,20,39,9.9,Rain
WX-0003921,DXB,2024-09-22,40,13,9.4,Rain
WX-0003922,DXB,2024-09-23,33,29,9.4,Rain
WX-0003923,DXB,2024-09-24,40,9,9.4,Clear
WX-0003924,DXB,2024-09-25,18,3,9.3,Cloudy
WX-0003925,DXB,2024-09-26,31,8,9.9,Clear
WX-0003926,DXB,2024-09-27,11,8,9.9,Clear
WX-0003927,DXB,2024-09-28,33,7,8.5,Cloudy
WX-0003928,DXB,2024-09-29,23,4,8.0,Clear
WX-0003929,DXB,2024-09-30,13,8,9.6,Clear
WX-0003930,DXB,2024-10-01,35,30,1.3,Storm
WX-0003931,DXB,2024-10-02,41,13,9.2,Clear
WX-0003932,DXB,2024-10-03,34,12,8.7,Cloudy
WX-0003933,DXB,2024-10-04,12,12,9.4,Clear
WX-0003934,DXB,2024-10-05,22,42,3.1,Storm
WX-0003935,DXB,2024-10-06,15,8,9.6,Clear
WX-0003936,DXB,2024-10-07,23,8,9.4,Clear
WX-0003937,DXB,2024-10-08,29,3,9.6,Clear
WX-0003938,DXB,2024-10-09,33,13,8.6,Cloudy
WX-0003939,DXB,2024-10-10,19,4,9.3,Clear
WX-0003940,DXB,2024-10-11,30,9,8.4,Clear
WX-0003941,DXB,2024-10-12,26,38,9.9,Rain
WX-0003942,DXB,2024-10-13,23,14,3.5,Fog
WX-0003943,DXB,2024-10-14,18,6,8.9,Cloudy
WX-0003944,DXB,2024-10-15,28,13,2.7,Fog
WX-0003945,DXB,2024-10-16,33,9,9.8,Clear
WX-0003946,DXB,2024-10-17,33,7,8.7,Cloudy
WX-0003947,DXB,2024-10-18,30,8,10.0,Cloudy
WX-0003948,DXB,2024-10-19,22,2,9.4,Clear
WX-0003949,DXB,2024-10-20,22,10,8.9,Clear
WX-0003950,DXB,2024-10-21,28,8,8.5,Cloudy
WX-0003951,DXB,2024-10-22,13,12,8.3,Cloudy
WX-0003952,DXB,2024-10-23,31,3,8.0,Cloudy
WX-0003953,DXB,2024-10-24,31,12,2.8,Fog
WX-0003954,DXB,2024-10-25,15,8,8.4,Clear
WX-0003955,DXB,2024-10-26,41,12,8.2,Clear
WX-0003956,DXB,2024-10-27,26,7,9.2,Clear
WX-0003957,DXB,2024-10-28,11,2,9.0,Clear
WX-0003958,DXB,2024-10-29,41,2,10.0,Cloudy
WX-0003959,DXB,2024-10-30,10,14,8.3,Clear
WX-0003960,DXB,2024-10-31,29,15,8.2,Rain
WX-0003961,DXB,2024-11-01,13,13,9.9,Clear
WX-0003962,DXB,2024-11-02,31,9,9.8,Rain
WX-0003963,DXB,2024-11-03,39,12,8.3,Clear
WX-0003964,DXB,2024-11-04,12,6,8.7,Cloudy
WX-0003965,DXB,2024-11-05,10,11,9.3,Clear
WX-0003966,DXB,2024-11-06,37,7,3.4,Storm
WX-0003967,DXB,2024-11-07,30,8,9.1,Clear
WX-0003968,DXB,2024-11-08,16,7,8.4,Cloudy
WX-0003969,DXB,2024-11-09,38,12,9.4,Cloudy
WX-0003970,DXB,2024-11-10,33,14,8.7,Clear
WX-0003971,DXB,2024-11-11,20,10,9.6,Clear
WX-0003972,DXB,2024-11-12,30,2,8.0,Clear
WX-0003973,DXB,2024-11-13,19,12,8.9,Clear
WX-0003974,DXB,2024-11-14,30,2,8.3,Clear
WX-0003975,DXB,2024-11-15,36,8,8.1,Clear
WX-0003976,DXB,2024-11-16,26,10,8.5,Clear
WX-0003977,DXB,2024-11-17,13,3,9.4,Clear
WX-0003978,DXB,2024-11-18,41,14,8.3,Cloudy
WX-0003979,DXB,2024-11-19,19,4,9.2,Clear
WX-0003980,DXB,2024-11-20,26,14,8.2,Clear
WX-0003981,DXB,2024-11-21,31,14,8.6,Clear
WX-0003982,DXB,2024-11-22,21,14,8.9,Cloudy
WX-0003983,DXB,2024-11-23,20,17,9.7,Rain
WX-0003984,DXB,2024-11-24,13,12,9.0,Clear
WX-0003985,DXB,2024-11-25,40,4,9.4,Cloudy
WX-0003986,DXB,2024-11-26,16,7,8.4,Clear
WX-0003987,DXB,2024-11-27,23,4,8.9,Cloudy
WX-0003988,DXB,2024-11-28,29,5,8.0,Clear
WX-0003989,DXB,2024-11-29,10,6,9.8,Cloudy
WX-0003990,DXB,2024-11-30,24,28,8.7,Rain
WX-0003991,DXB,2024-12-01,11,9,8.6,Clear
WX-0003992,DXB,2024-12-02,38,4,9.0,Clear
WX-0003993,DXB,2024-12-03,11,18,2.2,Storm
WX-0003994,DXB,2024-12-04,24,14,9.8,Rain
WX-0003995,DXB,2024-12-05,22,5,8.9,Clear
WX-0003996,DXB,2024-12-06,11,3,10.0,Clear
WX-0003997,DXB,2024-12-07,26,5,8.3,Clear
WX-0003998,DXB,2024-12-08,19,6,9.9,Clear
WX-0003999,DXB,2024-12-09,31,5,9.1,Clear
WX-0004000,DXB,2024-12-10,38,8,8.4,Clear
WX-0004001,DXB,2024-12-11,39,12,8.0,Clear
WX-0004002,DXB,2024-12-12,29,12,8.8,Clear
WX-0004003,DXB,2024-12-13,22,8,9.5,Clear
WX-0004004,DXB,2024-12-14,25,11,8.3,Clear
WX-0004005,DXB,2024-12-15,32,11,8.0,Cloudy
WX-0004006,DXB,2024-12-16,26,4,8.3,Cloudy
WX-0004007,DXB,2024-12-17,23,14,9.5,Clear
WX-0004008,DXB,2024-12-18,10,11,8.7,Clear
WX-0004009,DXB,2024-12-19,10,10,9.7,Clear
WX-0004010,DXB,2024-12-20,15,11,8.3,Clear
WX-0004011,DXB,2024-12-21,10,12,8.2,Clear
WX-0004012,DXB,2024-12-22,20,13,8.3,Clear
WX-0004013,DXB,2024-12-23,31,7,8.7,Clear
WX-0004014,DXB,2024-12-24,38,9,9.0,Cloudy
WX-0004015,DXB,2024-12-25,27,3,9.1,Clear
WX-0004016,DXB,2024-12-26,23,5,9.3,Clear
WX-0004017,DXB,2024-12-27,19,4,9.2,Clear
WX-0004018,DXB,2024-12-28,16,10,8.9,Cloudy
WX-0004019,DXB,2024-12-29,24,13,8.2,Clear
WX-0004020,DXB,2024-12-30,29,8,9.9,Clear
WX-0004021,DXB,2024-12-31,37,8,1.2,Fog
WX-0004022,DXB,2025-01-01,21,9,9.1,Clear
WX-0004023,DXB,2025-01-02,17,6,9.1,Cloudy
WX-0004024,DXB,2025-01-03,40,37,2.3,Storm
WX-0004025,DXB,2025-01-04,35,7,8.4,Clear
WX-0004026,DXB,2025-01-05,23,37,9.6,Rain
WX-0004027,DXB,2025-01-06,11,5,9.3,Cloudy
WX-0004028,DXB,2025-01-07,32,5,8.9,Cloudy
WX-0004029,DXB,2025-01-08,12,13,8.3,Cloudy
WX-0004030,DXB,2025-01-09,13,8,8.2,Cloudy
WX-0004031,DXB,2025-01-10,28,9,10.0,Cloudy
WX-0004032,DXB,2025-01-11,30,13,8.1,Clear
WX-0004033,DXB,2025-01-12,15,3,9.1,Cloudy
WX-0004034,DXB,2025-01-13,20,7,9.0,Clear
WX-0004035,DXB,2025-01-14,34,2,9.7,Clear
WX-0004036,DXB,2025-01-15,15,14,8.9,Cloudy
WX-0004037,DXB,2025-01-16,10,13,8.3,Clear
WX-0004038,DXB,2025-01-17,35,13,9.6,Clear
WX-0004039,DXB,2025-01-18,19,3,8.2,Clear
WX-0004040,DXB,2025-01-19,15,4,8.1,Cloudy
WX-0004041,DXB,2025-01-20,21,4,9.8,Clear
WX-0004042,DXB,2025-01-21,11,5,8.7,Clear
WX-0004043,DXB,2025-01-22,27,5,3.3,Storm
WX-0004044,DXB,2025-01-23,29,2,8.5,Cloudy
WX-0004045,DXB,2025-01-24,36,11,2.3,Fog
WX-0004046,DXB,2025-01-25,23,10,8.5,Clear
WX-0004047,DXB,2025-01-26,32,21,8.1,Rain
WX-0004048,DXB,2025-01-27,41,9,8.5,Clear
WX-0004049,DXB,2025-01-28,24,8,9.7,Cloudy
WX-0004050,DXB,2025-01-29,22,9,8.8,Cloudy
WX-0004051,DXB,2025-01-30,14,21,8.4,Rain
WX-0004052,DXB,2025-01-31,40,11,9.6,Clear
WX-0004053,DXB,2025-02-01,38,14,9.5,Cloudy
WX-0004054,DXB,2025-02-02,37,39,1.4,Storm
WX-0004055,DXB,2025-02-03,23,10,8.0,Rain
WX-0004056,DXB,2025-02-04,18,7,8.3,Clear
WX-0004057,DXB,2025-02-05,15,2,9.2,Clear
WX-0004058,DXB,2025-02-06,41,6,3.5,Fog
WX-0004059,DXB,2025-02-07,31,9,8.6,Cloudy
WX-0004060,DXB,2025-02-08,33,13,3.5,Fog
WX-0004061,DXB,2025-02-09,32,4,10.0,Clear
WX-0004062,DXB,2025-02-10,25,37,8.4,Rain
WX-0004063,DXB,2025-02-11,28,3,9.5,Cloudy
WX-0004064,DXB,2025-02-12,40,6,8.0,Cloudy
WX-0004065,DXB,2025-02-13,39,9,9.8,Clear
WX-0004066,DXB,2025-02-14,10,5,8.4,Rain
WX-0004067,DXB,2025-02-15,27,5,9.0,Clear
WX-0004068,DXB,2025-02-16,34,4,8.6,Cloudy
WX-0004069,DXB,2025-02-17,33,10,8.4,Cloudy
WX-0004070,DXB,2025-02-18,17,5,8.7,Cloudy
WX-0004071,DXB,2025-02-19,14,4,9.0,Clear
WX-0004072,DXB,2025-02-20,36,13,2.3,Fog
WX-0004073,DXB,2025-02-21,36,7,9.4,Clear
WX-0004074,DXB,2025-02-22,28,9,9.2,Cloudy
WX-0004075,DXB,2025-02-23,40,10,8.2,Clear
WX-0004076,DXB,2025-02-24,23,11,9.1,Clear
WX-0004077,DXB,2025-02-25,10,8,8.3,Clear
WX-0004078,DXB,2025-02-26,39,14,8.4,Clear
WX-0004079,DXB,2025-02-27,29,4,1.2,Fog
WX-0004080,DXB,2025-02-28,31,6,8.9,Clear
WX-0004081,DXB,2025-03-01,24,13,8.6,Cloudy
WX-0004082,DXB,2025-03-02,16,9,8.6,Clear
WX-0004083,DXB,2025-03-03,35,8,8.5,Clear
WX-0004084,DXB,2025-03-04,18,3,9.3,Clear
WX-0004085,DXB,2025-03-05,23,8,10.0,Clear
WX-0004086,DXB,2025-03-06,17,9,3.5,Fog
WX-0004087,DXB,2025-03-07,20,8,8.3,Cloudy
WX-0004088,DXB,2025-03-08,19,34,8.6,Rain
WX-0004089,DXB,2025-03-09,15,13,9.9,Clear
WX-0004090,DXB,2025-03-10,18,11,9.0,Clear
WX-0004091,DXB,2025-03-11,21,8,9.0,Clear
WX-0004092,DXB,2025-03-12,15,5,2.3,Storm
WX-0004093,DXB,2025-03-13,27,3,2.5,Fog
WX-0004094,DXB,2025-03-14,26,10,9.3,Rain
WX-0004095,DXB,2025-03-15,17,12,9.4,Cloudy
WX-0004096,DXB,2025-03-16,10,11,9.3,Clear
WX-0004097,DXB,2025-03-17,13,4,8.2,Cloudy
WX-0004098,DXB,2025-03-18,31,4,8.8,Clear
WX-0004099,DXB,2025-03-19,26,6,9.3,Rain
WX-0004100,DXB,2025-03-20,37,2,9.6,Cloudy
WX-0004101,DXB,2025-03-21,16,7,8.5,Cloudy
WX-0004102,DXB,2025-03-22,27,13,9.4,Clear
WX-0004103,DXB,2025-03-23,41,10,8.7,Cloudy
WX-0004104,DXB,2025-03-24,32,7,8.3,Clear
WX-0004105,DXB,2025-03-25,37,8,8.7,Clear
WX-0004106,DXB,2025-03-26,26,2,9.6,Clear
WX-0004107,DXB,2025-03-27,17,3,8.2,Clear
WX-0004108,DXB,2025-03-28,21,11,9.2,Clear
WX-0004109,DXB,2025-03-29,27,6,9.3,Clear
WX-0004110,DXB,2025-03-30,18,3,9.4,Cloudy
WX-0004111,DXB,2025-03-31,19,12,9.4,Clear
WX-0004112,DXB,2025-04-01,31,13,9.7,Clear
WX-0004113,DXB,2025-04-02,18,32,8.3,Rain
WX-0004114,DXB,2025-04-03,38,10,9.6,Clear
WX-0004115,DXB,2025-04-04,10,2,9.1,Cloudy
WX-0004116,DXB,2025-04-05,18,3,8.8,Clear
WX-0004117,DXB,2025-04-06,15,6,8.2,Rain
WX-0004118,DXB,2025-04-07,25,44,8.7,Rain
WX-0004119,DXB,2025-04-08,35,3,3.2,Fog
WX-0004120,DXB,2025-04-09,40,26,3.5,Storm
WX-0004121,DXB,2025-04-10,27,11,8.6,Clear
WX-0004122,DXB,2025-04-11,37,8,8.7,Clear
WX-0004123,DXB,2025-04-12,20,2,8.2,Clear
WX-0004124,DXB,2025-04-13,25,12,9.4,Clear
WX-0004125,DXB,2025-04-14,41,2,9.9,Cloudy
WX-0004126,DXB,2025-04-15,38,7,9.2,Clear
WX-0004127,DXB,2025-04-16,22,9,2.1,Fog
WX-0004128,DXB,2025-04-17,38,5,9.6,Clear
WX-0004129,DXB,2025-04-18,37,2,8.9,Cloudy
WX-0004130,DXB,2025-04-19,23,10,9.8,Clear
WX-0004131,DXB,2025-04-20,27,15,9.9,Rain
WX-0004132,DXB,2025-04-21,41,7,8.2,Clear
WX-0004133,DXB,2025-04-22,39,44,9.2,Rain
WX-0004134,DXB,2025-04-23,21,10,8.4,Cloudy
WX-0004135,DXB,2025-04-24,12,14,10.0,Cloudy
WX-0004136,DXB,2025-04-25,31,10,8.8,Clear
WX-0004137,DXB,2025-04-26,29,13,9.1,Cloudy
WX-0004138,DXB,2025-04-27,37,8,8.3,Clear
WX-0004139,DXB,2025-04-28,21,13,9.7,Cloudy
WX-0004140,DXB,2025-04-29,31,6,10.0,Clear
WX-0004141,DXB,2025-04-30,17,10,9.6,Clear
WX-0004142,DXB,2025-05-01,23,7,9.2,Clear
WX-0004143,DXB,2025-05-02,26,9,9.0,Clear
WX-0004144,DXB,2025-05-03,22,10,9.0,Clear
WX-0004145,DXB,2025-05-04,30,4,9.4,Clear
WX-0004146,DXB,2025-05-05,34,15,1.8,Storm
WX-0004147,DXB,2025-05-06,30,14,9.5,Cloudy
WX-0004148,DXB,2025-05-07,18,7,3.5,Storm
WX-0004149,DXB,2025-05-08,21,9,9.1,Cloudy
WX-0004150,DXB,2025-05-09,28,28,8.8,Rain
WX-0004151,DXB,2025-05-10,39,10,2.4,Storm
WX-0004152,DXB,2025-05-11,39,2,2.4,Fog
WX-0004153,DXB,2025-05-12,41,29,1.5,Storm
WX-0004154,DXB,2025-05-13,21,3,8.3,Cloudy
WX-0004155,DXB,2025-05-14,36,13,3.0,Fog
WX-0004156,DXB,2025-05-15,41,6,1.1,Storm
WX-0004157,DXB,2025-05-16,32,2,9.5,Clear
WX-0004158,DXB,2025-05-17,37,5,9.9,Clear
WX-0004159,DXB,2025-05-18,41,14,9.7,Cloudy
WX-0004160,DXB,2025-05-19,19,8,8.5,Clear
WX-0004161,DXB,2025-05-20,38,4,8.6,Cloudy
WX-0004162,DXB,2025-05-21,20,13,8.3,Clear
WX-0004163,DXB,2025-05-22,17,14,9.7,Clear
WX-0004164,DXB,2025-05-23,40,6,9.2,Clear
WX-0004165,DXB,2025-05-24,38,2,10.0,Clear
WX-0004166,DXB,2025-05-25,21,5,8.4,Clear
WX-0004167,DXB,2025-05-26,40,7,8.8,Cloudy
WX-0004168,DXB,2025-05-27,20,2,9.2,Clear
WX-0004169,DXB,2025-05-28,26,11,9.5,Clear
WX-0004170,DXB,2025-05-29,15,6,8.2,Clear
WX-0004171,DXB,2025-05-30,36,18,2.4,Storm
WX-0004172,DXB,2025-05-31,25,7,8.7,Cloudy
WX-0004173,DXB,2025-06-01,39,5,8.9,Cloudy
WX-0004174,DXB,2025-06-02,22,13,8.7,Clear
WX-0004175,DXB,2025-06-03,25,4,8.0,Clear
WX-0004176,DXB,2025-06-04,32,14,8.5,Clear
WX-0004177,DXB,2025-06-05,16,3,3.2,Fog
WX-0004178,DXB,2025-06-06,25,5,9.5,Cloudy
WX-0004179,DXB,2025-06-07,30,14,8.2,Clear
WX-0004180,DXB,2025-06-08,27,31,8.5,Rain
WX-0004181,DXB,2025-06-09,16,9,8.0,Clear
WX-0004182,DXB,2025-06-10,37,9,8.6,Clear
WX-0004183,DXB,2025-06-11,32,14,9.7,Cloudy
WX-0004184,DXB,2025-06-12,21,7,9.5,Clear
WX-0004185,DXB,2025-06-13,10,5,9.1,Clear
WX-0004186,DXB,2025-06-14,21,7,8.1,Cloudy
WX-0004187,DXB,2025-06-15,39,3,9.8,Clear
WX-0004188,DXB,2025-06-16,38,12,8.3,Clear
WX-0004189,DXB,2025-06-17,40,14,1.6,Fog
WX-0004190,DXB,2025-06-18,17,9,9.5,Clear
WX-0004191,DXB,2025-06-19,29,5,9.2,Cloudy
WX-0004192,DXB,2025-06-20,30,7,8.4,Clear
WX-0004193,DXB,2025-06-21,18,14,8.9,Clear
WX-0004194,DXB,2025-06-22,23,14,9.2,Clear
WX-0004195,DXB,2025-06-23,10,10,8.0,Clear
WX-0004196,DXB,2025-06-24,11,2,8.7,Clear
WX-0004197,DXB,2025-06-25,28,11,9.3,Clear
WX-0004198,DXB,2025-06-26,16,9,9.1,Clear
WX-0004199,DXB,2025-06-27,33,6,8.1,Clear
WX-0004200,DXB,2025-06-28,37,3,8.2,Clear
WX-0004201,DXB,2025-06-29,41,13,9.8,Clear
WX-0004202,DXB,2025-06-30,32,5,8.3,Clear
WX-0004203,DXB,2025-07-01,33,44,8.9,Rain
WX-0004204,DXB,2025-07-02,10,10,2.3,Storm
WX-0004205,DXB,2025-07-03,31,11,9.4,Clear
WX-0004206,DXB,2025-07-04,41,7,9.6,Cloudy
WX-0004207,DXB,2025-07-05,34,4,8.1,Cloudy
WX-0004208,DXB,2025-07-06,23,7,9.0,Clear
WX-0004209,DXB,2025-07-07,38,24,9.9,Rain
WX-0004210,DXB,2025-07-08,22,10,8.7,Clear
WX-0004211,DXB,2025-07-09,32,12,8.1,Clear
WX-0004212,DXB,2025-07-10,17,5,9.4,Cloudy
WX-0004213,DXB,2025-07-11,18,4,9.2,Clear
WX-0004214,DXB,2025-07-12,22,2,8.0,Cloudy
WX-0004215,DXB,2025-07-13,26,8,9.3,Clear
WX-0004216,DXB,2025-07-14,14,2,8.8,Clear
WX-0004217,DXB,2025-07-15,38,37,9.4,Rain
WX-0004218,DXB,2025-07-16,29,13,3.3,Storm
WX-0004219,DXB,2025-07-17,18,28,8.5,Rain
WX-0004220,DXB,2025-07-18,38,6,9.9,Clear
WX-0004221,DXB,2025-07-19,31,28,3.0,Storm
WX-0004222,DXB,2025-07-20,31,8,8.8,Cloudy
WX-0004223,DXB,2025-07-21,14,7,9.6,Cloudy
WX-0004224,DXB,2025-07-22,32,4,9.9,Clear
WX-0004225,DXB,2025-07-23,15,18,9.3,Rain
WX-0004226,DXB,2025-07-24,29,4,8.6,Cloudy
WX-0004227,DXB,2025-07-25,31,11,8.6,Clear
WX-0004228,DXB,2025-07-26,35,13,9.4,Clear
WX-0004229,DXB,2025-07-27,22,10,9.4,Clear
WX-0004230,DXB,2025-07-28,29,3,2.1,Fog
WX-0004231,DXB,2025-07-29,28,10,8.9,Clear
WX-0004232,DXB,2025-07-30,14,5,9.1,Clear
WX-0004233,DXB,2025-07-31,28,12,2.2,Storm
WX-0004234,DXB,2025-08-01,25,9,8.5,Clear
WX-0004235,DXB,2025-08-02,27,2,9.7,Clear
WX-0004236,DXB,2025-08-03,18,4,8.9,Clear
WX-0004237,DXB,2025-08-04,23,8,2.1,Storm
WX-0004238,DXB,2025-08-05,13,43,8.8,Rain
WX-0004239,DXB,2025-08-06,21,5,1.0,Fog
WX-0004240,DXB,2025-08-07,17,23,2.8,Storm
WX-0004241,DXB,2025-08-08,32,12,8.7,Clear
WX-0004242,DXB,2025-08-09,21,11,9.5,Clear
WX-0004243,DXB,2025-08-10,28,36,2.9,Storm
WX-0004244,DXB,2025-08-11,28,14,8.1,Clear
WX-0004245,DXB,2025-08-12,37,8,8.7,Cloudy
WX-0004246,DXB,2025-08-13,27,7,1.2,Storm
WX-0004247,DXB,2025-08-14,22,8,9.4,Cloudy
WX-0004248,DXB,2025-08-15,11,5,8.2,Rain
WX-0004249,DXB,2025-08-16,28,3,8.7,Clear
WX-0004250,DXB,2025-08-17,30,14,3.6,Fog
WX-0004251,DXB,2025-08-18,20,43,8.1,Rain
WX-0004252,DXB,2025-08-19,38,24,2.8,Storm
WX-0004253,DXB,2025-08-20,31,5,8.1,Clear
WX-0004254,DXB,2025-08-21,39,8,8.2,Clear
WX-0004255,DXB,2025-08-22,13,5,9.2,Clear
WX-0004256,DXB,2025-08-23,37,5,9.9,Clear
WX-0004257,DXB,2025-08-24,28,2,9.3,Cloudy
WX-0004258,DXB,2025-08-25,26,6,9.4,Clear
WX-0004259,DXB,2025-08-26,28,10,8.7,Cloudy
WX-0004260,DXB,2025-08-27,41,13,9.9,Clear
WX-0004261,DXB,2025-08-28,26,10,8.9,Clear
WX-0004262,DXB,2025-08-29,15,2,9.1,Clear
WX-0004263,DXB,2025-08-30,30,11,9.2,Clear
WX-0004264,DXB,2025-08-31,37,3,8.9,Clear
WX-0004265,DXB,2025-09-01,13,7,8.1,Clear
WX-0004266,DXB,2025-09-02,19,4,9.4,Clear
WX-0004267,DXB,2025-09-03,23,10,9.8,Clear
WX-0004268,DXB,2025-09-04,32,14,9.6,Clear
WX-0004269,DXB,2025-09-05,39,4,9.8,Clear
WX-0004270,DXB,2025-09-06,14,3,8.4,Clear
WX-0004271,DXB,2025-09-07,35,37,2.1,Storm
WX-0004272,DXB,2025-09-08,41,2,9.7,Clear
WX-0004273,DXB,2025-09-09,38,39,2.2,Storm
WX-0004274,DXB,2025-09-10,40,10,9.2,Clear
WX-0004275,DXB,2025-09-11,41,5,8.8,Clear
WX-0004276,DXB,2025-09-12,15,11,8.2,Clear
WX-0004277,DXB,2025-09-13,22,13,9.4,Clear
WX-0004278,DXB,2025-09-14,34,3,8.7,Cloudy
WX-0004279,DXB,2025-09-15,22,6,9.5,Cloudy
WX-0004280,DXB,2025-09-16,20,4,9.5,Clear
WX-0004281,DXB,2025-09-17,15,12,8.5,Cloudy
WX-0004282,DXB,2025-09-18,41,10,9.1,Clear
WX-0004283,DXB,2025-09-19,17,4,9.0,Clear
WX-0004284,DXB,2025-09-20,41,12,8.2,Clear
WX-0004285,DXB,2025-09-21,14,8,3.5,Storm
WX-0004286,DXB,2025-09-22,31,9,8.8,Clear
WX-0004287,DXB,2025-09-23,14,13,1.8,Fog
WX-0004288,DXB,2025-09-24,25,7,9.2,Clear
WX-0004289,DXB,2025-09-25,25,12,9.6,Cloudy
WX-0004290,DXB,2025-09-26,12,2,8.8,Clear
WX-0004291,DXB,2025-09-27,15,11,8.4,Cloudy
WX-0004292,DXB,2025-09-28,25,10,8.6,Clear
WX-0004293,DXB,2025-09-29,27,12,8.1,Cloudy
WX-0004294,DXB,2025-09-30,41,14,2.5,Fog
WX-0004295,DXB,2025-10-01,28,11,9.1,Clear
WX-0004296,DXB,2025-10-02,33,10,8.1,Clear
WX-0004297,DXB,2025-10-03,16,12,8.6,Clear
WX-0004298,DXB,2025-10-04,40,4,8.8,Clear
WX-0004299,DXB,2025-10-05,20,10,8.5,Clear
WX-0004300,DXB,2025-10-06,39,4,9.0,Cloudy
WX-0004301,DXB,2025-10-07,17,12,9.8,Clear
WX-0004302,DXB,2025-10-08,28,8,9.1,Clear
WX-0004303,DXB,2025-10-09,19,8,9.9,Clear
WX-0004304,DXB,2025-10-10,29,9,9.8,Clear
WX-0004305,DXB,2025-10-11,37,12,9.0,Cloudy
WX-0004306,DXB,2025-10-12,32,6,8.6,Clear
WX-0004307,DXB,2025-10-13,28,14,8.5,Cloudy
WX-0004308,DXB,2025-10-14,29,14,8.8,Clear
WX-0004309,DXB,2025-10-15,28,6,9.3,Cloudy
WX-0004310,DXB,2025-10-16,40,3,9.8,Cloudy
WX-0004311,DXB,2025-10-17,14,12,9.8,Clear
WX-0004312,DXB,2025-10-18,41,4,8.4,Clear
WX-0004313,DXB,2025-10-19,25,8,8.5,Cloudy
WX-0004314,DXB,2025-10-20,20,10,8.7,Clear
WX-0004315,DXB,2025-10-21,27,4,8.2,Clear
WX-0004316,DXB,2025-10-22,35,12,9.8,Clear
WX-0004317,DXB,2025-10-23,22,12,9.0,Clear
WX-0004318,DXB,2025-10-24,21,3,8.0,Clear
WX-0004319,DXB,2025-10-25,38,12,9.2,Clear
WX-0004320,DXB,2025-10-26,36,20,2.0,Storm
WX-0004321,DXB,2025-10-27,28,5,9.3,Clear
WX-0004322,DXB,2025-10-28,19,7,1.3,Storm
WX-0004323,DXB,2025-10-29,32,8,8.0,Clear
WX-0004324,DXB,2025-10-30,28,31,1.2,Storm
WX-0004325,DXB,2025-10-31,25,6,9.2,Cloudy
WX-0004326,DXB,2025-11-01,36,32,9.4,Rain
WX-0004327,DXB,2025-11-02,14,6,9.7,Clear
WX-0004328,DXB,2025-11-03,28,3,8.8,Clear
WX-0004329,DXB,2025-11-04,25,7,8.9,Clear
WX-0004330,DXB,2025-11-05,10,10,8.2,Clear
WX-0004331,DXB,2025-11-06,20,6,9.4,Clear
WX-0004332,DXB,2025-11-07,19,40,1.5,Storm
WX-0004333,DXB,2025-11-08,17,12,9.2,Cloudy
WX-0004334,DXB,2025-11-09,10,4,8.3,Clear
WX-0004335,DXB,2025-11-10,35,6,8.6,Clear
WX-0004336,DXB,2025-11-11,21,13,8.3,Clear
WX-0004337,DXB,2025-11-12,32,9,8.9,Clear
WX-0004338,DXB,2025-11-13,20,3,9.4,Cloudy
WX-0004339,DXB,2025-11-14,17,30,9.6,Rain
WX-0004340,DXB,2025-11-15,32,7,8.3,Clear
WX-0004341,DXB,2025-11-16,30,9,8.4,Clear
WX-0004342,DXB,2025-11-17,26,24,9.6,Rain
WX-0004343,DXB,2025-11-18,10,9,8.4,Cloudy
WX-0004344,DXB,2025-11-19,24,16,9.6,Rain
WX-0004345,DXB,2025-11-20,40,2,8.4,Clear
WX-0004346,DXB,2025-11-21,41,11,9.1,Cloudy
WX-0004347,DXB,2025-11-22,21,10,9.9,Clear
WX-0004348,DXB,2025-11-23,17,8,4.0,Fog
WX-0004349,DXB,2025-11-24,10,13,2.1,Fog
WX-0004350,DXB,2025-11-25,12,9,9.1,Clear
WX-0004351,DXB,2025-11-26,12,3,8.1,Clear
WX-0004352,DXB,2025-11-27,15,3,2.9,Fog
WX-0004353,DXB,2025-11-28,27,9,8.1,Clear
WX-0004354,DXB,2025-11-29,16,7,8.6,Clear
WX-0004355,DXB,2025-11-30,35,4,9.8,Clear
WX-0004356,DXB,2025-12-01,25,24,1.5,Storm
WX-0004357,DXB,2025-12-02,23,2,8.7,Cloudy
WX-0004358,DXB,2025-12-03,35,7,8.2,Cloudy
WX-0004359,DXB,2025-12-04,12,9,9.5,Cloudy
WX-0004360,DXB,2025-12-05,26,12,8.4,Cloudy
WX-0004361,DXB,2025-12-06,38,14,8.7,Clear
WX-0004362,DXB,2025-12-07,38,6,9.8,Clear
WX-0004363,DXB,2025-12-08,27,7,9.3,Rain
WX-0004364,DXB,2025-12-09,26,8,9.6,Clear
WX-0004365,DXB,2025-12-10,41,10,9.1,Clear
WX-0004366,DXB,2025-12-11,18,11,9.8,Clear
WX-0004367,DXB,2025-12-12,31,12,9.1,Cloudy
WX-0004368,DXB,2025-12-13,21,13,9.4,Clear
WX-0004369,DXB,2025-12-14,27,5,8.0,Clear
WX-0004370,DXB,2025-12-15,34,12,8.3,Cloudy
WX-0004371,DXB,2025-12-16,10,24,8.9,Rain
WX-0004372,DXB,2025-12-17,34,42,9.3,Rain
WX-0004373,DXB,2025-12-18,36,37,10.0,Rain
WX-0004374,DXB,2025-12-19,37,5,9.5,Clear
WX-0004375,DXB,2025-12-20,35,2,8.2,Cloudy
WX-0004376,DXB,2025-12-21,35,6,9.7,Clear
WX-0004377,DXB,2025-12-22,38,14,1.8,Fog
WX-0004378,DXB,2025-12-23,39,13,8.6,Clear
WX-0004379,DXB,2025-12-24,40,8,8.3,Clear
WX-0004380,DXB,2025-12-25,38,14,9.2,Clear
WX-0004381,DXB,2025-12-26,26,7,8.6,Clear
WX-0004382,DXB,2025-12-27,36,11,8.5,Cloudy
WX-0004383,DXB,2025-12-28,13,2,9.8,Clear
WX-0004384,DXB,2025-12-29,14,8,9.2,Cloudy
WX-0004385,DXB,2025-12-30,21,14,3.1,Storm
WX-0004386,DXB,2025-12-31,24,11,8.1,Clear
WX-0004387,CDG,2024-01-01,37,2,8.1,Clear
WX-0004388,CDG,2024-01-02,10,11,9.9,Clear
WX-0004389,CDG,2024-01-03,15,14,9.3,Clear
WX-0004390,CDG,2024-01-04,28,7,9.8,Clear
WX-0004391,CDG,2024-01-05,41,6,9.5,Cloudy
WX-0004392,CDG,2024-01-06,13,13,8.3,Cloudy
WX-0004393,CDG,2024-01-07,32,4,8.8,Cloudy
WX-0004394,CDG,2024-01-08,13,5,8.5,Clear
WX-0004395,CDG,2024-01-09,13,13,9.9,Cloudy
WX-0004396,CDG,2024-01-10,25,4,9.3,Cloudy
WX-0004397,CDG,2024-01-11,10,3,9.0,Clear
WX-0004398,CDG,2024-01-12,18,10,8.1,Cloudy
WX-0004399,CDG,2024-01-13,29,3,8.9,Clear
WX-0004400,CDG,2024-01-14,24,5,9.8,Clear
WX-0004401,CDG,2024-01-15,20,3,10.0,Cloudy
WX-0004402,CDG,2024-01-16,21,16,8.2,Rain
WX-0004403,CDG,2024-01-17,27,30,2.9,Storm
WX-0004404,CDG,2024-01-18,17,9,9.6,Clear
WX-0004405,CDG,2024-01-19,32,12,9.9,Clear
WX-0004406,CDG,2024-01-20,11,14,9.0,Clear
WX-0004407,CDG,2024-01-21,33,7,9.0,Clear
WX-0004408,CDG,2024-01-22,41,11,9.5,Clear
WX-0004409,CDG,2024-01-23,31,6,3.6,Fog
WX-0004410,CDG,2024-01-24,32,3,9.4,Clear
WX-0004411,CDG,2024-01-25,14,9,9.3,Clear
WX-0004412,CDG,2024-01-26,34,8,9.9,Cloudy
WX-0004413,CDG,2024-01-27,20,2,9.5,Clear
WX-0004414,CDG,2024-01-28,14,2,9.5,Clear
WX-0004415,CDG,2024-01-29,38,8,9.0,Rain
WX-0004416,CDG,2024-01-30,40,9,8.1,Clear
WX-0004417,CDG,2024-01-31,22,14,9.5,Clear
WX-0004418,CDG,2024-02-01,31,11,9.0,Clear
WX-0004419,CDG,2024-02-02,38,8,9.1,Clear
WX-0004420,CDG,2024-02-03,33,9,9.2,Clear
WX-0004421,CDG,2024-02-04,27,8,9.6,Clear
WX-0004422,CDG,2024-02-05,27,12,8.2,Clear
WX-0004423,CDG,2024-02-06,19,2,9.6,Clear
WX-0004424,CDG,2024-02-07,24,6,9.5,Clear
WX-0004425,CDG,2024-02-08,28,25,9.1,Rain
WX-0004426,CDG,2024-02-09,11,2,1.8,Fog
WX-0004427,CDG,2024-02-10,30,3,8.9,Clear
WX-0004428,CDG,2024-02-11,26,28,9.7,Rain
WX-0004429,CDG,2024-02-12,18,7,8.4,Clear
WX-0004430,CDG,2024-02-13,38,13,9.4,Clear
WX-0004431,CDG,2024-02-14,40,4,8.6,Cloudy
WX-0004432,CDG,2024-02-15,11,9,8.4,Clear
WX-0004433,CDG,2024-02-16,14,6,9.1,Rain
WX-0004434,CDG,2024-02-17,18,7,8.1,Clear
WX-0004435,CDG,2024-02-18,31,7,8.2,Clear
WX-0004436,CDG,2024-02-19,15,13,9.2,Cloudy
WX-0004437,CDG,2024-02-20,17,9,8.6,Cloudy
WX-0004438,CDG,2024-02-21,17,2,9.9,Clear
WX-0004439,CDG,2024-02-22,17,27,8.9,Rain
WX-0004440,CDG,2024-02-23,22,2,8.5,Clear
WX-0004441,CDG,2024-02-24,35,13,8.9,Rain
WX-0004442,CDG,2024-02-25,36,8,8.9,Cloudy
WX-0004443,CDG,2024-02-26,19,8,8.3,Clear
WX-0004444,CDG,2024-02-27,16,3,10.0,Clear
WX-0004445,CDG,2024-02-28,32,3,2.7,Fog
WX-0004446,CDG,2024-02-29,11,10,9.5,Clear
WX-0004447,CDG,2024-03-01,14,28,8.3,Rain
WX-0004448,CDG,2024-03-02,39,9,9.0,Cloudy
WX-0004449,CDG,2024-03-03,14,14,8.8,Clear
WX-0004450,CDG,2024-03-04,30,10,9.5,Clear
WX-0004451,CDG,2024-03-05,41,10,9.0,Cloudy
WX-0004452,CDG,2024-03-06,20,6,9.0,Clear
WX-0004453,CDG,2024-03-07,39,14,3.6,Fog
WX-0004454,CDG,2024-03-08,21,10,2.3,Storm
WX-0004455,CDG,2024-03-09,27,6,9.8,Clear
WX-0004456,CDG,2024-03-10,11,4,8.3,Cloudy
WX-0004457,CDG,2024-03-11,30,13,9.3,Clear
WX-0004458,CDG,2024-03-12,37,12,9.6,Clear
WX-0004459,CDG,2024-03-13,33,13,8.1,Cloudy
WX-0004460,CDG,2024-03-14,11,6,9.3,Cloudy
WX-0004461,CDG,2024-03-15,24,10,9.0,Clear
WX-0004462,CDG,2024-03-16,34,5,8.3,Clear
WX-0004463,CDG,2024-03-17,31,6,9.4,Clear
WX-0004464,CDG,2024-03-18,32,11,10.0,Clear
WX-0004465,CDG,2024-03-19,14,7,9.4,Clear
WX-0004466,CDG,2024-03-20,22,2,8.3,Cloudy
WX-0004467,CDG,2024-03-21,10,10,8.0,Clear
WX-0004468,CDG,2024-03-22,33,9,8.9,Clear
WX-0004469,CDG,2024-03-23,32,4,8.4,Clear
WX-0004470,CDG,2024-03-24,22,8,8.3,Clear
WX-0004471,CDG,2024-03-25,31,34,2.3,Storm
WX-0004472,CDG,2024-03-26,11,4,9.3,Clear
WX-0004473,CDG,2024-03-27,22,20,9.4,Rain
WX-0004474,CDG,2024-03-28,24,8,9.0,Rain
WX-0004475,CDG,2024-03-29,27,44,8.2,Rain
WX-0004476,CDG,2024-03-30,34,6,9.1,Clear
WX-0004477,CDG,2024-03-31,40,6,1.3,Fog
WX-0004478,CDG,2024-04-01,20,5,3.0,Fog
WX-0004479,CDG,2024-04-02,33,8,9.0,Clear
WX-0004480,CDG,2024-04-03,22,13,8.6,Clear
WX-0004481,CDG,2024-04-04,29,5,8.9,Clear
WX-0004482,CDG,2024-04-05,41,13,8.5,Cloudy
WX-0004483,CDG,2024-04-06,39,14,9.8,Clear
WX-0004484,CDG,2024-04-07,28,2,8.6,Cloudy
WX-0004485,CDG,2024-04-08,15,7,8.9,Cloudy
WX-0004486,CDG,2024-04-09,14,10,8.9,Clear
WX-0004487,CDG,2024-04-10,17,12,8.0,Cloudy
WX-0004488,CDG,2024-04-11,31,8,9.8,Clear
WX-0004489,CDG,2024-04-12,38,27,8.4,Rain
WX-0004490,CDG,2024-04-13,40,11,8.5,Clear
WX-0004491,CDG,2024-04-14,15,13,9.8,Clear
WX-0004492,CDG,2024-04-15,20,14,9.0,Clear
WX-0004493,CDG,2024-04-16,29,14,8.7,Clear
WX-0004494,CDG,2024-04-17,22,6,8.3,Clear
WX-0004495,CDG,2024-04-18,28,6,8.8,Clear
WX-0004496,CDG,2024-04-19,37,14,8.2,Clear
WX-0004497,CDG,2024-04-20,14,6,9.5,Clear
WX-0004498,CDG,2024-04-21,35,13,9.0,Clear
WX-0004499,CDG,2024-04-22,28,10,9.4,Clear
WX-0004500,CDG,2024-04-23,39,6,9.7,Clear
WX-0004501,CDG,2024-04-24,31,14,8.6,Clear
WX-0004502,CDG,2024-04-25,29,13,9.6,Clear
WX-0004503,CDG,2024-04-26,32,8,9.1,Clear
WX-0004504,CDG,2024-04-27,10,12,9.9,Clear
WX-0004505,CDG,2024-04-28,22,13,8.8,Clear
WX-0004506,CDG,2024-04-29,30,6,8.8,Cloudy
WX-0004507,CDG,2024-04-30,40,2,8.3,Clear
WX-0004508,CDG,2024-05-01,19,7,10.0,Clear
WX-0004509,CDG,2024-05-02,41,8,9.4,Clear
WX-0004510,CDG,2024-05-03,22,13,9.5,Clear
WX-0004511,CDG,2024-05-04,16,2,8.3,Clear
WX-0004512,CDG,2024-05-05,30,13,9.7,Cloudy
WX-0004513,CDG,2024-05-06,21,5,9.5,Cloudy
WX-0004514,CDG,2024-05-07,21,10,8.7,Clear
WX-0004515,CDG,2024-05-08,38,27,8.7,Rain
WX-0004516,CDG,2024-05-09,25,12,9.2,Clear
WX-0004517,CDG,2024-05-10,27,7,8.8,Cloudy
WX-0004518,CDG,2024-05-11,24,2,8.8,Cloudy
WX-0004519,CDG,2024-05-12,38,13,9.3,Clear
WX-0004520,CDG,2024-05-13,31,7,9.0,Clear
WX-0004521,CDG,2024-05-14,41,4,9.8,Clear
WX-0004522,CDG,2024-05-15,14,14,8.6,Clear
WX-0004523,CDG,2024-05-16,27,10,9.2,Clear
WX-0004524,CDG,2024-05-17,10,3,3.3,Fog
WX-0004525,CDG,2024-05-18,34,30,3.0,Storm
WX-0004526,CDG,2024-05-19,10,14,9.5,Cloudy
WX-0004527,CDG,2024-05-20,16,7,8.9,Clear
WX-0004528,CDG,2024-05-21,34,33,9.2,Rain
WX-0004529,CDG,2024-05-22,12,14,9.1,Clear
WX-0004530,CDG,2024-05-23,22,9,9.7,Cloudy
WX-0004531,CDG,2024-05-24,32,13,8.9,Rain
WX-0004532,CDG,2024-05-25,41,2,8.4,Clear
WX-0004533,CDG,2024-05-26,30,4,8.5,Cloudy
WX-0004534,CDG,2024-05-27,17,11,9.9,Clear
WX-0004535,CDG,2024-05-28,15,7,9.3,Clear
WX-0004536,CDG,2024-05-29,21,2,9.5,Cloudy
WX-0004537,CDG,2024-05-30,16,20,9.0,Rain
WX-0004538,CDG,2024-05-31,17,3,10.0,Clear
WX-0004539,CDG,2024-06-01,10,12,8.2,Clear
WX-0004540,CDG,2024-06-02,12,6,8.9,Clear
WX-0004541,CDG,2024-06-03,20,6,9.0,Cloudy
WX-0004542,CDG,2024-06-04,23,2,8.9,Cloudy
WX-0004543,CDG,2024-06-05,11,14,8.2,Clear
WX-0004544,CDG,2024-06-06,10,41,9.5,Rain
WX-0004545,CDG,2024-06-07,18,6,9.3,Clear
WX-0004546,CDG,2024-06-08,14,14,2.5,Fog
WX-0004547,CDG,2024-06-09,39,30,8.7,Rain
WX-0004548,CDG,2024-06-10,24,8,8.2,Cloudy
WX-0004549,CDG,2024-06-11,10,9,9.1,Cloudy
WX-0004550,CDG,2024-06-12,31,14,8.3,Clear
WX-0004551,CDG,2024-06-13,20,14,9.5,Clear
WX-0004552,CDG,2024-06-14,28,6,8.1,Clear
WX-0004553,CDG,2024-06-15,31,9,9.2,Cloudy
WX-0004554,CDG,2024-06-16,10,5,8.4,Clear
WX-0004555,CDG,2024-06-17,15,6,9.1,Clear
WX-0004556,CDG,2024-06-18,17,21,9.6,Rain
WX-0004557,CDG,2024-06-19,24,44,9.6,Rain
WX-0004558,CDG,2024-06-20,15,8,8.7,Cloudy
WX-0004559,CDG,2024-06-21,17,13,9.8,Cloudy
WX-0004560,CDG,2024-06-22,18,21,9.2,Rain
WX-0004561,CDG,2024-06-23,39,3,9.1,Cloudy
WX-0004562,CDG,2024-06-24,14,8,9.7,Clear
WX-0004563,CDG,2024-06-25,31,19,1.2,Storm
WX-0004564,CDG,2024-06-26,13,8,1.7,Fog
WX-0004565,CDG,2024-06-27,26,2,8.5,Clear
WX-0004566,CDG,2024-06-28,29,12,8.1,Clear
WX-0004567,CDG,2024-06-29,15,2,9.6,Clear
WX-0004568,CDG,2024-06-30,20,2,10.0,Clear
WX-0004569,CDG,2024-07-01,13,2,9.2,Cloudy
WX-0004570,CDG,2024-07-02,26,13,8.2,Cloudy
WX-0004571,CDG,2024-07-03,34,14,9.6,Cloudy
WX-0004572,CDG,2024-07-04,38,3,1.7,Fog
WX-0004573,CDG,2024-07-05,39,3,9.6,Clear
WX-0004574,CDG,2024-07-06,12,8,3.1,Fog
WX-0004575,CDG,2024-07-07,25,41,8.2,Rain
WX-0004576,CDG,2024-07-08,18,34,9.5,Rain
WX-0004577,CDG,2024-07-09,32,9,9.2,Clear
WX-0004578,CDG,2024-07-10,10,14,9.4,Clear
WX-0004579,CDG,2024-07-11,29,12,8.8,Cloudy
WX-0004580,CDG,2024-07-12,13,6,8.3,Clear
WX-0004581,CDG,2024-07-13,40,5,8.0,Cloudy
WX-0004582,CDG,2024-07-14,32,14,10.0,Clear
WX-0004583,CDG,2024-07-15,24,4,8.0,Clear
WX-0004584,CDG,2024-07-16,16,14,9.3,Cloudy
WX-0004585,CDG,2024-07-17,27,13,9.5,Clear
WX-0004586,CDG,2024-07-18,36,37,8.9,Rain
WX-0004587,CDG,2024-07-19,17,6,8.5,Cloudy
WX-0004588,CDG,2024-07-20,38,13,8.7,Clear
WX-0004589,CDG,2024-07-21,13,11,9.6,Clear
WX-0004590,CDG,2024-07-22,31,10,9.6,Cloudy
WX-0004591,CDG,2024-07-23,17,4,8.3,Cloudy
WX-0004592,CDG,2024-07-24,28,2,8.9,Cloudy
WX-0004593,CDG,2024-07-25,36,14,8.8,Clear
WX-0004594,CDG,2024-07-26,34,10,8.5,Cloudy
WX-0004595,CDG,2024-07-27,10,10,9.0,Clear
WX-0004596,CDG,2024-07-28,14,3,9.7,Cloudy
WX-0004597,CDG,2024-07-29,21,7,8.0,Cloudy
WX-0004598,CDG,2024-07-30,40,36,8.8,Rain
WX-0004599,CDG,2024-07-31,26,8,8.3,Rain
WX-0004600,CDG,2024-08-01,41,3,9.8,Clear
WX-0004601,CDG,2024-08-02,11,12,3.7,Fog
WX-0004602,CDG,2024-08-03,17,42,3.2,Storm
WX-0004603,CDG,2024-08-04,17,9,8.7,Clear
WX-0004604,CDG,2024-08-05,20,3,9.0,Clear
WX-0004605,CDG,2024-08-06,32,10,9.6,Clear
WX-0004606,CDG,2024-08-07,10,37,8.0,Rain
WX-0004607,CDG,2024-08-08,29,10,9.8,Cloudy
WX-0004608,CDG,2024-08-09,33,3,8.2,Clear
WX-0004609,CDG,2024-08-10,13,6,9.7,Clear
WX-0004610,CDG,2024-08-11,27,11,8.1,Clear
WX-0004611,CDG,2024-08-12,18,2,8.4,Clear
WX-0004612,CDG,2024-08-13,36,6,10.0,Clear
WX-0004613,CDG,2024-08-14,18,10,9.6,Clear
WX-0004614,CDG,2024-08-15,15,10,8.4,Clear
WX-0004615,CDG,2024-08-16,33,21,3.0,Storm
WX-0004616,CDG,2024-08-17,40,3,9.1,Clear
WX-0004617,CDG,2024-08-18,27,36,8.9,Rain
WX-0004618,CDG,2024-08-19,20,13,8.4,Cloudy
WX-0004619,CDG,2024-08-20,36,5,8.8,Clear
WX-0004620,CDG,2024-08-21,16,40,9.0,Rain
WX-0004621,CDG,2024-08-22,35,9,8.2,Clear
WX-0004622,CDG,2024-08-23,29,7,9.9,Clear
WX-0004623,CDG,2024-08-24,11,7,9.9,Clear
WX-0004624,CDG,2024-08-25,38,7,9.0,Cloudy
WX-0004625,CDG,2024-08-26,23,7,8.1,Cloudy
WX-0004626,CDG,2024-08-27,30,12,3.8,Storm
WX-0004627,CDG,2024-08-28,25,9,8.5,Clear
WX-0004628,CDG,2024-08-29,14,9,3.8,Storm
WX-0004629,CDG,2024-08-30,39,13,9.5,Cloudy
WX-0004630,CDG,2024-08-31,31,11,9.3,Clear
WX-0004631,CDG,2024-09-01,27,13,8.5,Clear
WX-0004632,CDG,2024-09-02,27,32,1.8,Storm
WX-0004633,CDG,2024-09-03,35,8,9.1,Clear
WX-0004634,CDG,2024-09-04,19,12,3.2,Storm
WX-0004635,CDG,2024-09-05,26,3,9.3,Clear
WX-0004636,CDG,2024-09-06,18,6,8.6,Clear
WX-0004637,CDG,2024-09-07,24,5,8.5,Clear
WX-0004638,CDG,2024-09-08,41,10,8.3,Clear
WX-0004639,CDG,2024-09-09,28,14,9.0,Clear
WX-0004640,CDG,2024-09-10,21,2,9.9,Clear
WX-0004641,CDG,2024-09-11,14,10,9.5,Cloudy
WX-0004642,CDG,2024-09-12,29,12,9.2,Cloudy
WX-0004643,CDG,2024-09-13,19,6,9.5,Clear
WX-0004644,CDG,2024-09-14,24,12,2.4,Storm
WX-0004645,CDG,2024-09-15,31,3,8.3,Clear
WX-0004646,CDG,2024-09-16,35,26,8.4,Rain
WX-0004647,CDG,2024-09-17,36,6,9.1,Clear
WX-0004648,CDG,2024-09-18,11,4,10.0,Clear
WX-0004649,CDG,2024-09-19,36,2,9.7,Cloudy
WX-0004650,CDG,2024-09-20,22,13,2.5,Fog
WX-0004651,CDG,2024-09-21,19,43,2.5,Storm
WX-0004652,CDG,2024-09-22,21,11,9.6,Clear
WX-0004653,CDG,2024-09-23,28,3,9.0,Clear
WX-0004654,CDG,2024-09-24,32,12,9.6,Cloudy
WX-0004655,CDG,2024-09-25,18,10,8.6,Clear
WX-0004656,CDG,2024-09-26,26,5,9.4,Clear
WX-0004657,CDG,2024-09-27,10,5,8.7,Clear
WX-0004658,CDG,2024-09-28,35,12,8.6,Clear
WX-0004659,CDG,2024-09-29,28,4,8.0,Clear
WX-0004660,CDG,2024-09-30,15,7,8.1,Clear
WX-0004661,CDG,2024-10-01,23,6,9.5,Clear
WX-0004662,CDG,2024-10-02,10,9,8.4,Cloudy
WX-0004663,CDG,2024-10-03,41,10,8.3,Clear
WX-0004664,CDG,2024-10-04,35,10,9.3,Cloudy
WX-0004665,CDG,2024-10-05,11,13,8.2,Rain
WX-0004666,CDG,2024-10-06,18,14,8.0,Rain
WX-0004667,CDG,2024-10-07,27,6,9.3,Clear
WX-0004668,CDG,2024-10-08,30,11,8.3,Cloudy
WX-0004669,CDG,2024-10-09,40,10,9.9,Cloudy
WX-0004670,CDG,2024-10-10,21,12,8.9,Clear
WX-0004671,CDG,2024-10-11,10,10,9.5,Cloudy
WX-0004672,CDG,2024-10-12,20,8,8.5,Clear
WX-0004673,CDG,2024-10-13,19,6,9.9,Clear
WX-0004674,CDG,2024-10-14,21,9,9.5,Cloudy
WX-0004675,CDG,2024-10-15,12,8,1.6,Storm
WX-0004676,CDG,2024-10-16,32,9,1.8,Storm
WX-0004677,CDG,2024-10-17,36,3,9.7,Clear
WX-0004678,CDG,2024-10-18,37,9,9.0,Clear
WX-0004679,CDG,2024-10-19,29,10,9.5,Cloudy
WX-0004680,CDG,2024-10-20,16,34,8.1,Rain
WX-0004681,CDG,2024-10-21,34,11,8.6,Clear
WX-0004682,CDG,2024-10-22,28,10,8.1,Clear
WX-0004683,CDG,2024-10-23,31,14,3.6,Fog
WX-0004684,CDG,2024-10-24,29,7,8.6,Clear
WX-0004685,CDG,2024-10-25,37,10,9.9,Clear
WX-0004686,CDG,2024-10-26,19,6,8.7,Clear
WX-0004687,CDG,2024-10-27,38,11,9.9,Clear
WX-0004688,CDG,2024-10-28,11,4,9.2,Clear
WX-0004689,CDG,2024-10-29,13,14,10.0,Clear
WX-0004690,CDG,2024-10-30,13,2,9.4,Cloudy
WX-0004691,CDG,2024-10-31,36,9,3.5,Fog
WX-0004692,CDG,2024-11-01,31,12,9.7,Clear
WX-0004693,CDG,2024-11-02,33,12,9.3,Cloudy
WX-0004694,CDG,2024-11-03,31,11,9.1,Clear
WX-0004695,CDG,2024-11-04,12,2,10.0,Cloudy
WX-0004696,CDG,2024-11-05,41,4,9.7,Clear
WX-0004697,CDG,2024-11-06,40,12,10.0,Cloudy
WX-0004698,CDG,2024-11-07,10,3,9.3,Cloudy
WX-0004699,CDG,2024-11-08,35,7,9.3,Cloudy
WX-0004700,CDG,2024-11-09,17,10,8.3,Cloudy
WX-0004701,CDG,2024-11-10,30,13,8.2,Clear
WX-0004702,CDG,2024-11-11,18,14,9.3,Clear
WX-0004703,CDG,2024-11-12,10,2,9.8,Clear
WX-0004704,CDG,2024-11-13,40,4,8.4,Cloudy
WX-0004705,CDG,2024-11-14,33,4,3.1,Fog
WX-0004706,CDG,2024-11-15,37,28,1.0,Storm
WX-0004707,CDG,2024-11-16,11,10,8.4,Cloudy
WX-0004708,CDG,2024-11-17,13,8,8.2,Clear
WX-0004709,CDG,2024-11-18,19,5,9.8,Clear
WX-0004710,CDG,2024-11-19,40,9,9.8,Cloudy
WX-0004711,CDG,2024-11-20,37,9,8.2,Cloudy
WX-0004712,CDG,2024-11-21,21,8,8.1,Clear
WX-0004713,CDG,2024-11-22,13,6,9.6,Clear
WX-0004714,CDG,2024-11-23,36,9,9.6,Clear
WX-0004715,CDG,2024-11-24,19,14,9.7,Clear
WX-0004716,CDG,2024-11-25,10,8,8.9,Cloudy
WX-0004717,CDG,2024-11-26,26,6,9.2,Clear
WX-0004718,CDG,2024-11-27,39,8,8.8,Clear
WX-0004719,CDG,2024-11-28,25,8,9.5,Clear
WX-0004720,CDG,2024-11-29,10,12,8.8,Clear
WX-0004721,CDG,2024-11-30,26,10,9.6,Rain
WX-0004722,CDG,2024-12-01,13,7,8.1,Clear
WX-0004723,CDG,2024-12-02,15,2,8.5,Clear
WX-0004724,CDG,2024-12-03,18,13,8.4,Clear
WX-0004725,CDG,2024-12-04,37,10,10.0,Cloudy
WX-0004726,CDG,2024-12-05,12,17,8.2,Rain
WX-0004727,CDG,2024-12-06,19,4,9.4,Clear
WX-0004728,CDG,2024-12-07,19,12,9.0,Clear
WX-0004729,CDG,2024-12-08,22,9,8.4,Clear
WX-0004730,CDG,2024-12-09,23,2,9.4,Clear
WX-0004731,CDG,2024-12-10,24,6,8.1,Clear
WX-0004732,CDG,2024-12-11,13,12,10.0,Clear
WX-0004733,CDG,2024-12-12,17,2,8.0,Clear
WX-0004734,CDG,2024-12-13,25,13,9.2,Clear
WX-0004735,CDG,2024-12-14,37,13,8.1,Clear
WX-0004736,CDG,2024-12-15,36,3,9.0,Clear
WX-0004737,CDG,2024-12-16,38,14,9.4,Rain
WX-0004738,CDG,2024-12-17,14,3,3.5,Fog
WX-0004739,CDG,2024-12-18,19,12,8.5,Cloudy
WX-0004740,CDG,2024-12-19,30,8,8.2,Cloudy
WX-0004741,CDG,2024-12-20,16,5,8.1,Cloudy
WX-0004742,CDG,2024-12-21,13,6,1.5,Storm
WX-0004743,CDG,2024-12-22,24,3,8.3,Clear
WX-0004744,CDG,2024-12-23,24,9,9.2,Cloudy
WX-0004745,CDG,2024-12-24,24,2,8.6,Cloudy
WX-0004746,CDG,2024-12-25,23,14,9.0,Cloudy
WX-0004747,CDG,2024-12-26,39,12,8.1,Clear
WX-0004748,CDG,2024-12-27,38,6,9.4,Clear
WX-0004749,CDG,2024-12-28,29,23,2.9,Storm
WX-0004750,CDG,2024-12-29,33,5,3.8,Storm
WX-0004751,CDG,2024-12-30,23,23,8.8,Rain
WX-0004752,CDG,2024-12-31,39,6,8.3,Cloudy
WX-0004753,CDG,2025-01-01,31,2,8.9,Clear
WX-0004754,CDG,2025-01-02,25,2,9.8,Clear
WX-0004755,CDG,2025-01-03,29,3,10.0,Cloudy
WX-0004756,CDG,2025-01-04,15,5,9.6,Clear
WX-0004757,CDG,2025-01-05,17,3,8.9,Clear
WX-0004758,CDG,2025-01-06,11,14,2.7,Fog
WX-0004759,CDG,2025-01-07,28,12,8.9,Clear
WX-0004760,CDG,2025-01-08,12,14,8.1,Cloudy
WX-0004761,CDG,2025-01-09,24,3,8.4,Clear
WX-0004762,CDG,2025-01-10,38,4,9.7,Clear
WX-0004763,CDG,2025-01-11,22,11,9.1,Cloudy
WX-0004764,CDG,2025-01-12,12,14,8.9,Clear
WX-0004765,CDG,2025-01-13,17,13,8.7,Clear
WX-0004766,CDG,2025-01-14,13,6,9.1,Clear
WX-0004767,CDG,2025-01-15,30,10,9.3,Clear
WX-0004768,CDG,2025-01-16,32,14,8.2,Cloudy
WX-0004769,CDG,2025-01-17,12,11,8.3,Clear
WX-0004770,CDG,2025-01-18,29,2,8.3,Clear
WX-0004771,CDG,2025-01-19,12,12,9.7,Clear
WX-0004772,CDG,2025-01-20,11,11,9.0,Clear
WX-0004773,CDG,2025-01-21,22,4,9.2,Cloudy
WX-0004774,CDG,2025-01-22,17,13,9.4,Clear
WX-0004775,CDG,2025-01-23,32,10,9.9,Clear
WX-0004776,CDG,2025-01-24,23,13,9.6,Clear
WX-0004777,CDG,2025-01-25,38,13,9.9,Clear
WX-0004778,CDG,2025-01-26,17,4,9.3,Clear
WX-0004779,CDG,2025-01-27,30,29,9.4,Rain
WX-0004780,CDG,2025-01-28,20,7,8.5,Cloudy
WX-0004781,CDG,2025-01-29,31,9,8.2,Clear
WX-0004782,CDG,2025-01-30,17,2,9.0,Clear
WX-0004783,CDG,2025-01-31,36,44,9.8,Rain
WX-0004784,CDG,2025-02-01,30,8,9.8,Clear
WX-0004785,CDG,2025-02-02,21,2,8.2,Cloudy
WX-0004786,CDG,2025-02-03,39,6,8.1,Clear
WX-0004787,CDG,2025-02-04,32,11,8.5,Cloudy
WX-0004788,CDG,2025-02-05,11,22,9.3,Rain
WX-0004789,CDG,2025-02-06,19,5,9.0,Cloudy
WX-0004790,CDG,2025-02-07,39,7,8.5,Clear
WX-0004791,CDG,2025-02-08,13,9,9.6,Clear
WX-0004792,CDG,2025-02-09,36,10,8.7,Clear
WX-0004793,CDG,2025-02-10,19,13,9.4,Clear
WX-0004794,CDG,2025-02-11,32,8,8.7,Clear
WX-0004795,CDG,2025-02-12,16,6,8.9,Clear
WX-0004796,CDG,2025-02-13,31,11,9.9,Clear
WX-0004797,CDG,2025-02-14,33,13,8.3,Clear
WX-0004798,CDG,2025-02-15,37,13,9.8,Clear
WX-0004799,CDG,2025-02-16,40,4,8.9,Clear
WX-0004800,CDG,2025-02-17,18,8,9.8,Cloudy
WX-0004801,CDG,2025-02-18,29,18,9.5,Rain
WX-0004802,CDG,2025-02-19,17,12,8.2,Cloudy
WX-0004803,CDG,2025-02-20,20,11,8.6,Clear
WX-0004804,CDG,2025-02-21,22,9,9.7,Clear
WX-0004805,CDG,2025-02-22,20,13,10.0,Cloudy
WX-0004806,CDG,2025-02-23,34,7,8.6,Clear
WX-0004807,CDG,2025-02-24,19,9,8.8,Clear
WX-0004808,CDG,2025-02-25,13,11,9.1,Clear
WX-0004809,CDG,2025-02-26,26,13,8.5,Cloudy
WX-0004810,CDG,2025-02-27,14,13,8.8,Clear
WX-0004811,CDG,2025-02-28,23,8,9.2,Cloudy
WX-0004812,CDG,2025-03-01,10,6,2.3,Storm
WX-0004813,CDG,2025-03-02,27,14,9.1,Clear
WX-0004814,CDG,2025-03-03,27,41,1.9,Storm
WX-0004815,CDG,2025-03-04,33,14,8.8,Clear
WX-0004816,CDG,2025-03-05,22,13,9.5,Clear
WX-0004817,CDG,2025-03-06,18,2,9.5,Clear
WX-0004818,CDG,2025-03-07,30,38,2.8,Storm
WX-0004819,CDG,2025-03-08,14,14,9.0,Clear
WX-0004820,CDG,2025-03-09,39,11,9.1,Clear
WX-0004821,CDG,2025-03-10,19,2,8.9,Clear
WX-0004822,CDG,2025-03-11,22,3,8.1,Clear
WX-0004823,CDG,2025-03-12,12,11,8.1,Clear
WX-0004824,CDG,2025-03-13,37,10,8.4,Cloudy
WX-0004825,CDG,2025-03-14,41,27,1.5,Storm
WX-0004826,CDG,2025-03-15,29,4,9.9,Clear
WX-0004827,CDG,2025-03-16,20,10,9.8,Clear
WX-0004828,CDG,2025-03-17,12,8,1.6,Fog
WX-0004829,CDG,2025-03-18,11,11,9.9,Clear
WX-0004830,CDG,2025-03-19,22,11,8.7,Clear
WX-0004831,CDG,2025-03-20,38,5,2.5,Fog
WX-0004832,CDG,2025-03-21,21,7,9.5,Cloudy
WX-0004833,CDG,2025-03-22,17,14,8.3,Clear
WX-0004834,CDG,2025-03-23,32,12,8.6,Clear
WX-0004835,CDG,2025-03-24,24,35,8.2,Rain
WX-0004836,CDG,2025-03-25,21,40,9.6,Rain
WX-0004837,CDG,2025-03-26,20,5,9.2,Clear
WX-0004838,CDG,2025-03-27,25,30,8.5,Rain
WX-0004839,CDG,2025-03-28,39,12,9.2,Cloudy
WX-0004840,CDG,2025-03-29,11,7,2.1,Fog
WX-0004841,CDG,2025-03-30,15,10,9.1,Clear
WX-0004842,CDG,2025-03-31,23,31,9.6,Rain
WX-0004843,CDG,2025-04-01,39,14,9.1,Cloudy
WX-0004844,CDG,2025-04-02,18,10,9.6,Clear
WX-0004845,CDG,2025-04-03,14,2,8.1,Clear
WX-0004846,CDG,2025-04-04,30,2,8.8,Clear
WX-0004847,CDG,2025-04-05,17,11,9.3,Rain
WX-0004848,CDG,2025-04-06,22,7,8.5,Clear
WX-0004849,CDG,2025-04-07,12,14,9.3,Clear
WX-0004850,CDG,2025-04-08,28,11,8.7,Cloudy
WX-0004851,CDG,2025-04-09,41,11,9.8,Cloudy
WX-0004852,CDG,2025-04-10,31,12,9.2,Clear
WX-0004853,CDG,2025-04-11,12,6,8.8,Clear
WX-0004854,CDG,2025-04-12,34,4,10.0,Clear
WX-0004855,CDG,2025-04-13,33,10,8.2,Cloudy
WX-0004856,CDG,2025-04-14,39,10,8.8,Clear
WX-0004857,CDG,2025-04-15,15,2,8.9,Cloudy
WX-0004858,CDG,2025-04-16,24,20,8.9,Rain
WX-0004859,CDG,2025-04-17,34,6,8.6,Clear
WX-0004860,CDG,2025-04-18,25,10,8.9,Cloudy
WX-0004861,CDG,2025-04-19,24,9,9.7,Rain
WX-0004862,CDG,2025-04-20,37,13,9.3,Clear
WX-0004863,CDG,2025-04-21,15,10,8.5,Clear
WX-0004864,CDG,2025-04-22,28,7,8.9,Clear
WX-0004865,CDG,2025-04-23,17,10,9.2,Clear
WX-0004866,CDG,2025-04-24,20,6,8.9,Clear
WX-0004867,CDG,2025-04-25,20,4,8.6,Clear
WX-0004868,CDG,2025-04-26,34,4,8.7,Clear
WX-0004869,CDG,2025-04-27,34,2,9.6,Clear
WX-0004870,CDG,2025-04-28,10,6,8.5,Clear
WX-0004871,CDG,2025-04-29,31,5,8.3,Clear
WX-0004872,CDG,2025-04-30,32,6,8.4,Clear
WX-0004873,CDG,2025-05-01,22,14,8.3,Clear
WX-0004874,CDG,2025-05-02,31,14,8.2,Cloudy
WX-0004875,CDG,2025-05-03,40,4,8.5,Clear
WX-0004876,CDG,2025-05-04,24,7,3.2,Fog
WX-0004877,CDG,2025-05-05,24,26,9.7,Rain
WX-0004878,CDG,2025-05-06,22,10,8.5,Clear
WX-0004879,CDG,2025-05-07,40,2,8.7,Clear
WX-0004880,CDG,2025-05-08,24,7,9.8,Cloudy
WX-0004881,CDG,2025-05-09,12,26,8.3,Rain
WX-0004882,CDG,2025-05-10,31,14,8.4,Clear
WX-0004883,CDG,2025-05-11,38,14,9.3,Cloudy
WX-0004884,CDG,2025-05-12,29,9,8.4,Clear
WX-0004885,CDG,2025-05-13,24,6,9.3,Clear
WX-0004886,CDG,2025-05-14,31,11,9.7,Cloudy
WX-0004887,CDG,2025-05-15,24,4,9.5,Clear
WX-0004888,CDG,2025-05-16,15,13,9.3,Clear
WX-0004889,CDG,2025-05-17,16,8,8.6,Cloudy
WX-0004890,CDG,2025-05-18,15,16,9.3,Rain
WX-0004891,CDG,2025-05-19,41,9,10.0,Clear
WX-0004892,CDG,2025-05-20,20,3,8.2,Cloudy
WX-0004893,CDG,2025-05-21,35,21,1.1,Storm
WX-0004894,CDG,2025-05-22,20,3,9.8,Clear
WX-0004895,CDG,2025-05-23,23,10,8.5,Clear
WX-0004896,CDG,2025-05-24,21,10,8.3,Clear
WX-0004897,CDG,2025-05-25,20,38,8.4,Rain
WX-0004898,CDG,2025-05-26,38,10,9.3,Cloudy
WX-0004899,CDG,2025-05-27,32,9,9.0,Clear
WX-0004900,CDG,2025-05-28,18,8,8.6,Clear
WX-0004901,CDG,2025-05-29,11,5,8.9,Rain
WX-0004902,CDG,2025-05-30,12,13,9.8,Clear
WX-0004903,CDG,2025-05-31,40,12,8.5,Clear
WX-0004904,CDG,2025-06-01,34,16,8.8,Rain
WX-0004905,CDG,2025-06-02,14,4,9.8,Clear
WX-0004906,CDG,2025-06-03,19,9,9.1,Clear
WX-0004907,CDG,2025-06-04,22,34,3.1,Storm
WX-0004908,CDG,2025-06-05,34,8,9.5,Clear
WX-0004909,CDG,2025-06-06,27,8,8.0,Clear
WX-0004910,CDG,2025-06-07,38,6,9.9,Clear
WX-0004911,CDG,2025-06-08,21,6,9.8,Clear
WX-0004912,CDG,2025-06-09,24,6,9.5,Clear
WX-0004913,CDG,2025-06-10,39,13,9.4,Clear
WX-0004914,CDG,2025-06-11,28,14,8.0,Clear
WX-0004915,CDG,2025-06-12,10,13,9.4,Clear
WX-0004916,CDG,2025-06-13,38,10,9.2,Rain
WX-0004917,CDG,2025-06-14,16,6,8.3,Cloudy
WX-0004918,CDG,2025-06-15,41,10,1.2,Fog
WX-0004919,CDG,2025-06-16,41,17,10.0,Rain
WX-0004920,CDG,2025-06-17,40,9,9.5,Clear
WX-0004921,CDG,2025-06-18,23,10,8.7,Clear
WX-0004922,CDG,2025-06-19,41,6,9.9,Clear
WX-0004923,CDG,2025-06-20,35,7,8.7,Clear
WX-0004924,CDG,2025-06-21,20,8,8.3,Clear
WX-0004925,CDG,2025-06-22,11,3,9.4,Clear
WX-0004926,CDG,2025-06-23,41,13,3.0,Fog
WX-0004927,CDG,2025-06-24,27,6,9.8,Clear
WX-0004928,CDG,2025-06-25,30,6,8.3,Clear
WX-0004929,CDG,2025-06-26,29,6,3.5,Fog
WX-0004930,CDG,2025-06-27,15,9,8.4,Clear
WX-0004931,CDG,2025-06-28,13,5,9.4,Clear
WX-0004932,CDG,2025-06-29,26,13,9.0,Clear
WX-0004933,CDG,2025-06-30,11,4,8.6,Clear
WX-0004934,CDG,2025-07-01,31,7,8.3,Rain
WX-0004935,CDG,2025-07-02,18,6,8.4,Clear
WX-0004936,CDG,2025-07-03,17,8,9.5,Rain
WX-0004937,CDG,2025-07-04,26,10,9.7,Clear
WX-0004938,CDG,2025-07-05,13,4,8.3,Clear
WX-0004939,CDG,2025-07-06,31,12,8.9,Cloudy
WX-0004940,CDG,2025-07-07,25,9,8.3,Clear
WX-0004941,CDG,2025-07-08,12,11,10.0,Cloudy
WX-0004942,CDG,2025-07-09,24,10,8.6,Clear
WX-0004943,CDG,2025-07-10,26,9,8.3,Cloudy
WX-0004944,CDG,2025-07-11,19,34,9.3,Rain
WX-0004945,CDG,2025-07-12,10,14,8.2,Clear
WX-0004946,CDG,2025-07-13,28,34,8.8,Rain
WX-0004947,CDG,2025-07-14,27,13,8.4,Clear
WX-0004948,CDG,2025-07-15,41,8,9.4,Clear
WX-0004949,CDG,2025-07-16,12,8,9.5,Clear
WX-0004950,CDG,2025-07-17,15,10,9.3,Cloudy
WX-0004951,CDG,2025-07-18,19,9,9.8,Clear
WX-0004952,CDG,2025-07-19,28,4,8.1,Clear
WX-0004953,CDG,2025-07-20,22,10,9.5,Cloudy
WX-0004954,CDG,2025-07-21,21,11,9.6,Clear
WX-0004955,CDG,2025-07-22,14,3,8.4,Clear
WX-0004956,CDG,2025-07-23,36,5,8.2,Clear
WX-0004957,CDG,2025-07-24,28,4,9.9,Clear
WX-0004958,CDG,2025-07-25,17,6,9.6,Clear
WX-0004959,CDG,2025-07-26,24,8,8.2,Clear
WX-0004960,CDG,2025-07-27,12,7,9.6,Cloudy
WX-0004961,CDG,2025-07-28,35,5,9.3,Clear
WX-0004962,CDG,2025-07-29,25,12,9.9,Clear
WX-0004963,CDG,2025-07-30,14,30,8.2,Rain
WX-0004964,CDG,2025-07-31,31,11,9.3,Clear
WX-0004965,CDG,2025-08-01,10,3,9.7,Clear
WX-0004966,CDG,2025-08-02,13,19,8.8,Rain
WX-0004967,CDG,2025-08-03,31,4,9.4,Clear
WX-0004968,CDG,2025-08-04,27,4,9.7,Clear
WX-0004969,CDG,2025-08-05,10,12,8.3,Clear
WX-0004970,CDG,2025-08-06,41,9,9.2,Clear
WX-0004971,CDG,2025-08-07,36,5,9.9,Clear
WX-0004972,CDG,2025-08-08,12,4,9.2,Clear
WX-0004973,CDG,2025-08-09,32,19,9.9,Rain
WX-0004974,CDG,2025-08-10,17,8,8.3,Clear
WX-0004975,CDG,2025-08-11,32,12,8.1,Clear
WX-0004976,CDG,2025-08-12,17,13,9.5,Clear
WX-0004977,CDG,2025-08-13,12,4,9.5,Clear
WX-0004978,CDG,2025-08-14,33,11,9.9,Clear
WX-0004979,CDG,2025-08-15,29,6,9.3,Clear
WX-0004980,CDG,2025-08-16,25,5,9.3,Cloudy
WX-0004981,CDG,2025-08-17,39,8,8.6,Clear
WX-0004982,CDG,2025-08-18,38,11,8.2,Clear
WX-0004983,CDG,2025-08-19,40,7,9.0,Clear
WX-0004984,CDG,2025-08-20,22,12,8.1,Cloudy
WX-0004985,CDG,2025-08-21,33,2,8.4,Cloudy
WX-0004986,CDG,2025-08-22,24,9,9.6,Clear
WX-0004987,CDG,2025-08-23,41,9,8.5,Clear
WX-0004988,CDG,2025-08-24,13,6,8.1,Clear
WX-0004989,CDG,2025-08-25,25,2,9.9,Clear
WX-0004990,CDG,2025-08-26,40,31,4.0,Storm
WX-0004991,CDG,2025-08-27,37,3,8.0,Cloudy
WX-0004992,CDG,2025-08-28,32,7,8.1,Clear
WX-0004993,CDG,2025-08-29,39,7,10.0,Cloudy
WX-0004994,CDG,2025-08-30,12,5,8.8,Clear
WX-0004995,CDG,2025-08-31,34,10,8.0,Clear
WX-0004996,CDG,2025-09-01,12,6,8.3,Clear
WX-0004997,CDG,2025-09-02,23,9,8.9,Clear
WX-0004998,CDG,2025-09-03,34,2,8.3,Clear
WX-0004999,CDG,2025-09-04,12,38,9.3,Rain
WX-0005000,CDG,2025-09-05,24,11,8.6,Clear
WX-0005001,CDG,2025-09-06,19,4,8.3,Clear
WX-0005002,CDG,2025-09-07,22,14,8.7,Clear
WX-0005003,CDG,2025-09-08,21,4,9.6,Clear
WX-0005004,CDG,2025-09-09,31,14,8.8,Clear
WX-0005005,CDG,2025-09-10,21,8,8.0,Cloudy
WX-0005006,CDG,2025-09-11,22,4,9.5,Clear
WX-0005007,CDG,2025-09-12,37,22,2.9,Storm
WX-0005008,CDG,2025-09-13,33,10,9.8,Cloudy
WX-0005009,CDG,2025-09-14,31,3,9.5,Clear
WX-0005010,CDG,2025-09-15,17,12,9.1,Clear
WX-0005011,CDG,2025-09-16,38,13,8.9,Clear
WX-0005012,CDG,2025-09-17,30,30,9.1,Rain
WX-0005013,CDG,2025-09-18,12,6,9.2,Clear
WX-0005014,CDG,2025-09-19,23,12,8.5,Clear
WX-0005015,CDG,2025-09-20,22,6,8.2,Cloudy
WX-0005016,CDG,2025-09-21,19,12,9.6,Clear
WX-0005017,CDG,2025-09-22,20,8,8.7,Cloudy
WX-0005018,CDG,2025-09-23,11,5,9.0,Clear
WX-0005019,CDG,2025-09-24,24,2,10.0,Clear
WX-0005020,CDG,2025-09-25,25,5,3.7,Fog
WX-0005021,CDG,2025-09-26,25,10,8.3,Clear
WX-0005022,CDG,2025-09-27,32,36,9.4,Rain
WX-0005023,CDG,2025-09-28,33,22,3.2,Storm
WX-0005024,CDG,2025-09-29,27,9,2.5,Storm
WX-0005025,CDG,2025-09-30,19,14,8.3,Rain
WX-0005026,CDG,2025-10-01,10,9,9.7,Clear
WX-0005027,CDG,2025-10-02,31,2,9.2,Clear
WX-0005028,CDG,2025-10-03,36,12,8.1,Clear
WX-0005029,CDG,2025-10-04,40,10,8.9,Clear
WX-0005030,CDG,2025-10-05,16,2,8.5,Clear
WX-0005031,CDG,2025-10-06,32,11,8.5,Clear
WX-0005032,CDG,2025-10-07,17,4,9.2,Clear
WX-0005033,CDG,2025-10-08,34,8,9.4,Clear
WX-0005034,CDG,2025-10-09,21,8,8.2,Clear
WX-0005035,CDG,2025-10-10,17,7,9.5,Clear
WX-0005036,CDG,2025-10-11,33,7,8.4,Clear
WX-0005037,CDG,2025-10-12,40,8,8.1,Rain
WX-0005038,CDG,2025-10-13,21,21,3.3,Storm
WX-0005039,CDG,2025-10-14,10,4,8.7,Clear
WX-0005040,CDG,2025-10-15,24,12,9.0,Clear
WX-0005041,CDG,2025-10-16,38,7,8.4,Cloudy
WX-0005042,CDG,2025-10-17,27,8,3.2,Fog
WX-0005043,CDG,2025-10-18,21,4,9.1,Clear
WX-0005044,CDG,2025-10-19,33,5,8.7,Clear
WX-0005045,CDG,2025-10-20,22,12,2.8,Fog
WX-0005046,CDG,2025-10-21,24,10,9.7,Clear
WX-0005047,CDG,2025-10-22,10,11,9.9,Clear
WX-0005048,CDG,2025-10-23,34,5,8.5,Cloudy
WX-0005049,CDG,2025-10-24,29,14,8.6,Clear
WX-0005050,CDG,2025-10-25,18,2,2.3,Fog
WX-0005051,CDG,2025-10-26,41,11,9.0,Cloudy
WX-0005052,CDG,2025-10-27,11,5,9.0,Clear
WX-0005053,CDG,2025-10-28,21,4,8.9,Clear
WX-0005054,CDG,2025-10-29,36,2,8.6,Cloudy
WX-0005055,CDG,2025-10-30,20,11,9.9,Clear
WX-0005056,CDG,2025-10-31,11,6,9.5,Clear
WX-0005057,CDG,2025-11-01,16,20,9.0,Rain
WX-0005058,CDG,2025-11-02,39,9,9.4,Cloudy
WX-0005059,CDG,2025-11-03,37,9,8.5,Cloudy
WX-0005060,CDG,2025-11-04,19,30,8.2,Rain
WX-0005061,CDG,2025-11-05,39,13,8.4,Clear
WX-0005062,CDG,2025-11-06,30,5,8.0,Clear
WX-0005063,CDG,2025-11-07,37,13,8.1,Clear
WX-0005064,CDG,2025-11-08,10,32,8.3,Rain
WX-0005065,CDG,2025-11-09,30,13,9.5,Clear
WX-0005066,CDG,2025-11-10,13,12,9.3,Clear
WX-0005067,CDG,2025-11-11,11,4,1.4,Fog
WX-0005068,CDG,2025-11-12,32,10,8.7,Cloudy
WX-0005069,CDG,2025-11-13,30,12,9.7,Clear
WX-0005070,CDG,2025-11-14,15,3,9.9,Cloudy
WX-0005071,CDG,2025-11-15,39,10,3.7,Fog
WX-0005072,CDG,2025-11-16,16,10,9.3,Cloudy
WX-0005073,CDG,2025-11-17,36,26,9.5,Rain
WX-0005074,CDG,2025-11-18,12,27,9.4,Rain
WX-0005075,CDG,2025-11-19,35,2,8.8,Cloudy
WX-0005076,CDG,2025-11-20,29,11,9.8,Rain
WX-0005077,CDG,2025-11-21,12,9,8.8,Clear
WX-0005078,CDG,2025-11-22,22,5,8.4,Clear
WX-0005079,CDG,2025-11-23,35,11,9.4,Clear
WX-0005080,CDG,2025-11-24,18,2,9.9,Clear
WX-0005081,CDG,2025-11-25,37,9,9.5,Cloudy
WX-0005082,CDG,2025-11-26,26,6,8.3,Clear
WX-0005083,CDG,2025-11-27,12,7,8.1,Clear
WX-0005084,CDG,2025-11-28,33,14,8.7,Clear
WX-0005085,CDG,2025-11-29,17,13,8.7,Clear
WX-0005086,CDG,2025-11-30,27,17,2.1,Storm
WX-0005087,CDG,2025-12-01,36,6,9.7,Cloudy
WX-0005088,CDG,2025-12-02,22,15,8.1,Rain
WX-0005089,CDG,2025-12-03,38,10,8.7,Clear
WX-0005090,CDG,2025-12-04,14,10,8.2,Clear
WX-0005091,CDG,2025-12-05,27,3,8.7,Clear
WX-0005092,CDG,2025-12-06,23,7,8.8,Cloudy
WX-0005093,CDG,2025-12-07,28,11,8.8,Clear
WX-0005094,CDG,2025-12-08,19,13,8.7,Clear
WX-0005095,CDG,2025-12-09,24,2,9.7,Clear
WX-0005096,CDG,2025-12-10,38,5,9.1,Cloudy
WX-0005097,CDG,2025-12-11,35,2,9.0,Clear
WX-0005098,CDG,2025-12-12,23,3,10.0,Clear
WX-0005099,CDG,2025-12-13,21,9,9.4,Clear
WX-0005100,CDG,2025-12-14,38,10,9.2,Clear
WX-0005101,CDG,2025-12-15,29,9,9.3,Cloudy
WX-0005102,CDG,2025-12-16,25,12,9.5,Clear
WX-0005103,CDG,2025-12-17,20,10,9.8,Clear
WX-0005104,CDG,2025-12-18,15,5,9.3,Clear
WX-0005105,CDG,2025-12-19,28,11,8.3,Clear
WX-0005106,CDG,2025-12-20,26,12,10.0,Clear
WX-0005107,CDG,2025-12-21,13,13,9.4,Rain
WX-0005108,CDG,2025-12-22,22,36,8.7,Rain
WX-0005109,CDG,2025-12-23,41,6,8.8,Clear
WX-0005110,CDG,2025-12-24,28,2,9.7,Clear
WX-0005111,CDG,2025-12-25,24,14,8.8,Clear
WX-0005112,CDG,2025-12-26,38,3,9.3,Clear
WX-0005113,CDG,2025-12-27,40,2,8.5,Clear
WX-0005114,CDG,2025-12-28,10,10,9.1,Clear
WX-0005115,CDG,2025-12-29,19,42,2.2,Storm
WX-0005116,CDG,2025-12-30,37,12,9.9,Clear
WX-0005117,CDG,2025-12-31,30,6,9.6,Clear
WX-0005118,IST,2024-01-01,29,14,8.6,Clear
WX-0005119,IST,2024-01-02,29,7,8.1,Clear
WX-0005120,IST,2024-01-03,11,6,8.8,Cloudy
WX-0005121,IST,2024-01-04,39,10,9.6,Clear
WX-0005122,IST,2024-01-05,13,2,8.4,Clear
WX-0005123,IST,2024-01-06,25,9,8.6,Clear
WX-0005124,IST,2024-01-07,36,12,8.5,Clear
WX-0005125,IST,2024-01-08,28,12,9.8,Clear
WX-0005126,IST,2024-01-09,31,27,9.4,Rain
WX-0005127,IST,2024-01-10,30,6,9.3,Clear
WX-0005128,IST,2024-01-11,32,30,9.4,Rain
WX-0005129,IST,2024-01-12,40,6,9.2,Clear
WX-0005130,IST,2024-01-13,18,9,8.5,Clear
WX-0005131,IST,2024-01-14,23,5,8.2,Clear
WX-0005132,IST,2024-01-15,37,11,9.1,Clear
WX-0005133,IST,2024-01-16,22,11,8.2,Clear
WX-0005134,IST,2024-01-17,23,2,9.9,Clear
WX-0005135,IST,2024-01-18,28,19,9.3,Rain
WX-0005136,IST,2024-01-19,18,10,8.7,Clear
WX-0005137,IST,2024-01-20,27,14,8.9,Clear
WX-0005138,IST,2024-01-21,23,14,9.9,Clear
WX-0005139,IST,2024-01-22,11,6,9.8,Clear
WX-0005140,IST,2024-01-23,30,8,9.5,Cloudy
WX-0005141,IST,2024-01-24,30,3,8.8,Cloudy
WX-0005142,IST,2024-01-25,39,12,9.3,Clear
WX-0005143,IST,2024-01-26,24,10,9.0,Clear
WX-0005144,IST,2024-01-27,16,11,8.0,Clear
WX-0005145,IST,2024-01-28,38,11,8.7,Cloudy
WX-0005146,IST,2024-01-29,37,12,9.6,Cloudy
WX-0005147,IST,2024-01-30,30,5,9.7,Clear
WX-0005148,IST,2024-01-31,32,3,2.3,Fog
WX-0005149,IST,2024-02-01,31,5,8.1,Clear
WX-0005150,IST,2024-02-02,25,12,10.0,Cloudy
WX-0005151,IST,2024-02-03,38,9,8.3,Clear
WX-0005152,IST,2024-02-04,26,17,1.5,Storm
WX-0005153,IST,2024-02-05,37,4,8.9,Clear
WX-0005154,IST,2024-02-06,32,7,8.3,Clear
WX-0005155,IST,2024-02-07,16,4,9.5,Clear
WX-0005156,IST,2024-02-08,25,2,8.2,Clear
WX-0005157,IST,2024-02-09,25,11,9.8,Cloudy
WX-0005158,IST,2024-02-10,39,2,9.7,Clear
WX-0005159,IST,2024-02-11,14,10,8.0,Cloudy
WX-0005160,IST,2024-02-12,39,9,3.3,Fog
WX-0005161,IST,2024-02-13,16,7,8.1,Clear
WX-0005162,IST,2024-02-14,41,13,8.1,Clear
WX-0005163,IST,2024-02-15,32,18,9.8,Rain
WX-0005164,IST,2024-02-16,40,10,8.0,Clear
WX-0005165,IST,2024-02-17,19,11,1.9,Storm
WX-0005166,IST,2024-02-18,35,5,8.3,Cloudy
WX-0005167,IST,2024-02-19,37,14,8.0,Clear
WX-0005168,IST,2024-02-20,23,7,9.2,Clear
WX-0005169,IST,2024-02-21,10,10,10.0,Clear
WX-0005170,IST,2024-02-22,40,2,8.9,Clear
WX-0005171,IST,2024-02-23,33,5,8.2,Clear
WX-0005172,IST,2024-02-24,27,14,8.7,Cloudy
WX-0005173,IST,2024-02-25,25,14,8.9,Clear
WX-0005174,IST,2024-02-26,41,2,8.2,Clear
WX-0005175,IST,2024-02-27,18,4,8.9,Clear
WX-0005176,IST,2024-02-28,38,9,2.4,Fog
WX-0005177,IST,2024-02-29,34,11,8.7,Cloudy
WX-0005178,IST,2024-03-01,23,9,9.3,Clear
WX-0005179,IST,2024-03-02,38,6,9.4,Clear
WX-0005180,IST,2024-03-03,41,11,9.1,Rain
WX-0005181,IST,2024-03-04,29,14,9.6,Clear
WX-0005182,IST,2024-03-05,22,14,9.8,Clear
WX-0005183,IST,2024-03-06,16,6,9.1,Clear
WX-0005184,IST,2024-03-07,36,25,8.6,Rain
WX-0005185,IST,2024-03-08,22,4,3.6,Fog
WX-0005186,IST,2024-03-09,16,14,8.2,Clear
WX-0005187,IST,2024-03-10,35,8,8.1,Clear
WX-0005188,IST,2024-03-11,33,8,8.8,Clear
WX-0005189,IST,2024-03-12,40,12,8.6,Cloudy
WX-0005190,IST,2024-03-13,33,17,9.2,Rain
WX-0005191,IST,2024-03-14,26,13,9.5,Clear
WX-0005192,IST,2024-03-15,36,14,9.7,Clear
WX-0005193,IST,2024-03-16,22,7,10.0,Clear
WX-0005194,IST,2024-03-17,11,11,8.6,Clear
WX-0005195,IST,2024-03-18,38,12,9.7,Clear
WX-0005196,IST,2024-03-19,11,9,9.2,Clear
WX-0005197,IST,2024-03-20,18,14,1.6,Fog
WX-0005198,IST,2024-03-21,20,12,9.8,Clear
WX-0005199,IST,2024-03-22,37,6,8.1,Clear
WX-0005200,IST,2024-03-23,19,8,8.1,Clear
WX-0005201,IST,2024-03-24,14,9,8.6,Clear
WX-0005202,IST,2024-03-25,41,11,8.5,Clear
WX-0005203,IST,2024-03-26,12,6,9.4,Cloudy
WX-0005204,IST,2024-03-27,12,4,9.5,Clear
WX-0005205,IST,2024-03-28,39,9,8.3,Clear
WX-0005206,IST,2024-03-29,27,3,8.3,Clear
WX-0005207,IST,2024-03-30,39,11,8.9,Clear
WX-0005208,IST,2024-03-31,30,3,9.7,Clear
WX-0005209,IST,2024-04-01,22,9,8.1,Clear
WX-0005210,IST,2024-04-02,39,17,9.7,Rain
WX-0005211,IST,2024-04-03,32,6,9.8,Clear
WX-0005212,IST,2024-04-04,32,14,8.3,Clear
WX-0005213,IST,2024-04-05,18,8,9.9,Clear
WX-0005214,IST,2024-04-06,30,11,9.2,Clear
WX-0005215,IST,2024-04-07,19,7,9.8,Cloudy
WX-0005216,IST,2024-04-08,35,10,8.0,Clear
WX-0005217,IST,2024-04-09,25,11,9.4,Cloudy
WX-0005218,IST,2024-04-10,41,14,9.9,Clear
WX-0005219,IST,2024-04-11,26,10,8.7,Clear
WX-0005220,IST,2024-04-12,13,8,10.0,Cloudy
WX-0005221,IST,2024-04-13,34,3,9.0,Clear
WX-0005222,IST,2024-04-14,29,35,8.9,Rain
WX-0005223,IST,2024-04-15,18,2,9.9,Clear
WX-0005224,IST,2024-04-16,28,3,8.6,Clear
WX-0005225,IST,2024-04-17,32,2,8.3,Clear
WX-0005226,IST,2024-04-18,24,10,9.8,Clear
WX-0005227,IST,2024-04-19,25,2,8.6,Clear
WX-0005228,IST,2024-04-20,10,19,9.1,Rain
WX-0005229,IST,2024-04-21,39,5,10.0,Clear
WX-0005230,IST,2024-04-22,19,11,9.6,Clear
WX-0005231,IST,2024-04-23,22,7,8.1,Clear
WX-0005232,IST,2024-04-24,19,10,9.3,Clear
WX-0005233,IST,2024-04-25,41,2,8.8,Clear
WX-0005234,IST,2024-04-26,37,7,8.9,Cloudy
WX-0005235,IST,2024-04-27,36,5,8.9,Clear
WX-0005236,IST,2024-04-28,40,7,8.2,Clear
WX-0005237,IST,2024-04-29,19,14,9.3,Clear
WX-0005238,IST,2024-04-30,38,9,9.7,Cloudy
WX-0005239,IST,2024-05-01,37,13,8.8,Clear
WX-0005240,IST,2024-05-02,37,12,9.7,Clear
WX-0005241,IST,2024-05-03,38,5,9.9,Clear
WX-0005242,IST,2024-05-04,15,4,9.7,Clear
WX-0005243,IST,2024-05-05,20,10,8.5,Clear
WX-0005244,IST,2024-05-06,35,7,8.9,Cloudy
WX-0005245,IST,2024-05-07,18,7,8.7,Clear
WX-0005246,IST,2024-05-08,32,13,9.5,Clear
WX-0005247,IST,2024-05-09,15,14,9.1,Rain
WX-0005248,IST,2024-05-10,24,36,8.1,Rain
WX-0005249,IST,2024-05-11,40,10,8.7,Clear
WX-0005250,IST,2024-05-12,37,7,8.6,Cloudy
WX-0005251,IST,2024-05-13,19,11,8.1,Clear
WX-0005252,IST,2024-05-14,32,7,8.5,Clear
WX-0005253,IST,2024-05-15,33,7,9.3,Cloudy
WX-0005254,IST,2024-05-16,13,13,9.8,Cloudy
WX-0005255,IST,2024-05-17,41,10,9.7,Cloudy
WX-0005256,IST,2024-05-18,31,40,8.5,Rain
WX-0005257,IST,2024-05-19,20,3,9.1,Clear
WX-0005258,IST,2024-05-20,16,10,9.9,Cloudy
WX-0005259,IST,2024-05-21,25,9,9.7,Clear
WX-0005260,IST,2024-05-22,19,8,9.7,Clear
WX-0005261,IST,2024-05-23,13,13,8.7,Clear
WX-0005262,IST,2024-05-24,39,2,8.9,Clear
WX-0005263,IST,2024-05-25,40,11,8.4,Clear
WX-0005264,IST,2024-05-26,23,11,8.0,Clear
WX-0005265,IST,2024-05-27,37,7,9.4,Clear
WX-0005266,IST,2024-05-28,22,7,9.3,Cloudy
WX-0005267,IST,2024-05-29,32,14,8.2,Clear
WX-0005268,IST,2024-05-30,13,11,8.8,Clear
WX-0005269,IST,2024-05-31,23,10,8.9,Clear
WX-0005270,IST,2024-06-01,20,4,8.9,Clear
WX-0005271,IST,2024-06-02,17,8,8.0,Clear
WX-0005272,IST,2024-06-03,38,4,8.0,Clear
WX-0005273,IST,2024-06-04,27,7,8.2,Clear
WX-0005274,IST,2024-06-05,34,6,8.1,Clear
WX-0005275,IST,2024-06-06,37,4,1.9,Fog
WX-0005276,IST,2024-06-07,30,4,8.3,Clear
WX-0005277,IST,2024-06-08,15,10,8.9,Clear
WX-0005278,IST,2024-06-09,37,4,1.5,Fog
WX-0005279,IST,2024-06-10,30,14,2.1,Fog
WX-0005280,IST,2024-06-11,25,5,8.6,Cloudy
WX-0005281,IST,2024-06-12,10,9,9.8,Cloudy
WX-0005282,IST,2024-06-13,22,9,8.3,Cloudy
WX-0005283,IST,2024-06-14,26,5,8.2,Clear
WX-0005284,IST,2024-06-15,20,12,9.0,Clear
WX-0005285,IST,2024-06-16,20,9,9.4,Cloudy
WX-0005286,IST,2024-06-17,16,7,8.4,Clear
WX-0005287,IST,2024-06-18,33,13,9.9,Cloudy
WX-0005288,IST,2024-06-19,13,9,9.5,Clear
WX-0005289,IST,2024-06-20,41,3,9.0,Cloudy
WX-0005290,IST,2024-06-21,16,2,9.1,Clear
WX-0005291,IST,2024-06-22,31,13,8.7,Clear
WX-0005292,IST,2024-06-23,21,14,9.0,Cloudy
WX-0005293,IST,2024-06-24,30,3,8.2,Clear
WX-0005294,IST,2024-06-25,25,11,8.7,Clear
WX-0005295,IST,2024-06-26,36,2,8.1,Clear
WX-0005296,IST,2024-06-27,28,12,9.3,Cloudy
WX-0005297,IST,2024-06-28,35,12,9.6,Clear
WX-0005298,IST,2024-06-29,29,6,9.6,Clear
WX-0005299,IST,2024-06-30,25,6,9.2,Cloudy
WX-0005300,IST,2024-07-01,30,40,9.0,Rain
WX-0005301,IST,2024-07-02,37,3,9.7,Clear
WX-0005302,IST,2024-07-03,25,10,9.6,Clear
WX-0005303,IST,2024-07-04,30,14,2.8,Storm
WX-0005304,IST,2024-07-05,20,4,9.1,Clear
WX-0005305,IST,2024-07-06,40,13,9.7,Cloudy
WX-0005306,IST,2024-07-07,27,2,9.1,Cloudy
WX-0005307,IST,2024-07-08,39,14,9.9,Clear
WX-0005308,IST,2024-07-09,41,9,8.6,Cloudy
WX-0005309,IST,2024-07-10,28,2,8.4,Clear
WX-0005310,IST,2024-07-11,33,6,2.1,Storm
WX-0005311,IST,2024-07-12,20,7,8.0,Clear
WX-0005312,IST,2024-07-13,19,10,9.6,Cloudy
WX-0005313,IST,2024-07-14,24,8,8.9,Cloudy
WX-0005314,IST,2024-07-15,34,13,2.1,Fog
WX-0005315,IST,2024-07-16,33,5,8.3,Clear
WX-0005316,IST,2024-07-17,19,40,9.4,Rain
WX-0005317,IST,2024-07-18,14,12,8.1,Clear
WX-0005318,IST,2024-07-19,41,6,8.2,Clear
WX-0005319,IST,2024-07-20,11,12,8.5,Clear
WX-0005320,IST,2024-07-21,27,8,1.1,Fog
WX-0005321,IST,2024-07-22,20,3,8.3,Clear
WX-0005322,IST,2024-07-23,11,6,8.0,Clear
WX-0005323,IST,2024-07-24,11,13,9.6,Clear
WX-0005324,IST,2024-07-25,19,10,8.9,Clear
WX-0005325,IST,2024-07-26,27,10,9.4,Clear
WX-0005326,IST,2024-07-27,30,8,8.6,Cloudy
WX-0005327,IST,2024-07-28,22,5,9.1,Clear
WX-0005328,IST,2024-07-29,11,11,8.9,Clear
WX-0005329,IST,2024-07-30,35,10,8.1,Clear
WX-0005330,IST,2024-07-31,25,7,8.1,Cloudy
WX-0005331,IST,2024-08-01,41,3,8.0,Clear
WX-0005332,IST,2024-08-02,28,11,9.0,Clear
WX-0005333,IST,2024-08-03,25,11,8.1,Cloudy
WX-0005334,IST,2024-08-04,36,8,9.8,Cloudy
WX-0005335,IST,2024-08-05,10,8,8.1,Clear
WX-0005336,IST,2024-08-06,33,9,8.0,Cloudy
WX-0005337,IST,2024-08-07,40,8,9.3,Clear
WX-0005338,IST,2024-08-08,32,11,8.1,Clear
WX-0005339,IST,2024-08-09,25,12,10.0,Clear
WX-0005340,IST,2024-08-10,23,13,9.5,Clear
WX-0005341,IST,2024-08-11,14,4,9.6,Clear
WX-0005342,IST,2024-08-12,38,2,9.5,Cloudy
WX-0005343,IST,2024-08-13,40,2,9.1,Clear
WX-0005344,IST,2024-08-14,30,12,9.9,Clear
WX-0005345,IST,2024-08-15,24,10,9.6,Clear
WX-0005346,IST,2024-08-16,34,4,8.7,Cloudy
WX-0005347,IST,2024-08-17,36,14,9.8,Clear
WX-0005348,IST,2024-08-18,33,8,2.0,Fog
WX-0005349,IST,2024-08-19,37,3,9.0,Clear
WX-0005350,IST,2024-08-20,12,10,9.1,Clear
WX-0005351,IST,2024-08-21,25,14,9.7,Clear
WX-0005352,IST,2024-08-22,23,11,9.3,Clear
WX-0005353,IST,2024-08-23,12,4,9.9,Clear
WX-0005354,IST,2024-08-24,26,11,8.2,Clear
WX-0005355,IST,2024-08-25,41,28,1.8,Storm
WX-0005356,IST,2024-08-26,24,4,8.3,Clear
WX-0005357,IST,2024-08-27,16,4,8.2,Clear
WX-0005358,IST,2024-08-28,10,5,9.1,Cloudy
WX-0005359,IST,2024-08-29,16,13,2.6,Fog
WX-0005360,IST,2024-08-30,30,4,9.9,Cloudy
WX-0005361,IST,2024-08-31,20,5,9.4,Clear
WX-0005362,IST,2024-09-01,29,13,9.9,Clear
WX-0005363,IST,2024-09-02,35,5,9.0,Clear
WX-0005364,IST,2024-09-03,13,11,8.8,Cloudy
WX-0005365,IST,2024-09-04,24,2,9.7,Clear
WX-0005366,IST,2024-09-05,40,9,1.9,Fog
WX-0005367,IST,2024-09-06,18,13,3.1,Fog
WX-0005368,IST,2024-09-07,30,13,9.2,Clear
WX-0005369,IST,2024-09-08,41,14,3.2,Storm
WX-0005370,IST,2024-09-09,18,14,8.8,Clear
WX-0005371,IST,2024-09-10,24,2,9.3,Clear
WX-0005372,IST,2024-09-11,31,10,8.0,Clear
WX-0005373,IST,2024-09-12,19,3,8.4,Clear
WX-0005374,IST,2024-09-13,17,4,9.0,Clear
WX-0005375,IST,2024-09-14,18,9,8.2,Cloudy
WX-0005376,IST,2024-09-15,26,2,9.6,Clear
WX-0005377,IST,2024-09-16,23,12,8.7,Clear
WX-0005378,IST,2024-09-17,18,14,2.6,Storm
WX-0005379,IST,2024-09-18,34,12,8.9,Clear
WX-0005380,IST,2024-09-19,36,14,9.6,Clear
WX-0005381,IST,2024-09-20,30,29,9.7,Rain
WX-0005382,IST,2024-09-21,28,7,9.8,Clear
WX-0005383,IST,2024-09-22,24,10,8.2,Cloudy
WX-0005384,IST,2024-09-23,30,11,9.0,Cloudy
WX-0005385,IST,2024-09-24,28,3,8.2,Clear
WX-0005386,IST,2024-09-25,31,14,8.5,Clear
WX-0005387,IST,2024-09-26,32,31,8.5,Rain
WX-0005388,IST,2024-09-27,11,8,9.7,Clear
WX-0005389,IST,2024-09-28,12,9,3.8,Fog
WX-0005390,IST,2024-09-29,38,11,2.2,Fog
WX-0005391,IST,2024-09-30,30,28,1.2,Storm
WX-0005392,IST,2024-10-01,17,3,8.8,Clear
WX-0005393,IST,2024-10-02,25,7,9.5,Clear
WX-0005394,IST,2024-10-03,17,7,9.2,Clear
WX-0005395,IST,2024-10-04,17,2,9.0,Clear
WX-0005396,IST,2024-10-05,18,6,8.6,Clear
WX-0005397,IST,2024-10-06,36,8,8.8,Rain
WX-0005398,IST,2024-10-07,11,12,9.4,Clear
WX-0005399,IST,2024-10-08,32,5,8.8,Clear
WX-0005400,IST,2024-10-09,12,2,8.9,Cloudy
WX-0005401,IST,2024-10-10,31,11,9.0,Clear
WX-0005402,IST,2024-10-11,10,10,2.0,Fog
WX-0005403,IST,2024-10-12,14,3,10.0,Clear
WX-0005404,IST,2024-10-13,28,13,8.7,Clear
WX-0005405,IST,2024-10-14,17,11,9.6,Clear
WX-0005406,IST,2024-10-15,35,4,8.3,Clear
WX-0005407,IST,2024-10-16,11,10,8.9,Clear
WX-0005408,IST,2024-10-17,21,5,8.0,Clear
WX-0005409,IST,2024-10-18,23,3,8.8,Clear
WX-0005410,IST,2024-10-19,15,3,9.0,Clear
WX-0005411,IST,2024-10-20,40,13,8.9,Clear
WX-0005412,IST,2024-10-21,32,3,9.2,Clear
WX-0005413,IST,2024-10-22,30,9,9.5,Clear
WX-0005414,IST,2024-10-23,34,10,9.8,Clear
WX-0005415,IST,2024-10-24,33,2,8.6,Clear
WX-0005416,IST,2024-10-25,32,11,9.0,Clear
WX-0005417,IST,2024-10-26,27,11,8.6,Cloudy
WX-0005418,IST,2024-10-27,30,34,9.3,Rain
WX-0005419,IST,2024-10-28,23,9,8.3,Clear
WX-0005420,IST,2024-10-29,30,9,8.9,Cloudy
WX-0005421,IST,2024-10-30,14,34,2.1,Storm
WX-0005422,IST,2024-10-31,15,4,8.4,Clear
WX-0005423,IST,2024-11-01,20,5,9.6,Clear
WX-0005424,IST,2024-11-02,20,35,8.8,Rain
WX-0005425,IST,2024-11-03,15,14,9.6,Rain
WX-0005426,IST,2024-11-04,35,3,8.2,Clear
WX-0005427,IST,2024-11-05,39,8,9.8,Rain
WX-0005428,IST,2024-11-06,10,7,8.3,Clear
WX-0005429,IST,2024-11-07,28,5,8.7,Cloudy
WX-0005430,IST,2024-11-08,25,4,9.8,Cloudy
WX-0005431,IST,2024-11-09,19,14,8.8,Clear
WX-0005432,IST,2024-11-10,41,6,8.4,Clear
WX-0005433,IST,2024-11-11,30,12,3.1,Storm
WX-0005434,IST,2024-11-12,16,9,8.7,Clear
WX-0005435,IST,2024-11-13,34,6,1.7,Fog
WX-0005436,IST,2024-11-14,25,3,8.6,Clear
WX-0005437,IST,2024-11-15,36,2,9.7,Clear
WX-0005438,IST,2024-11-16,17,34,8.0,Rain
WX-0005439,IST,2024-11-17,11,3,10.0,Cloudy
WX-0005440,IST,2024-11-18,27,26,3.8,Storm
WX-0005441,IST,2024-11-19,22,5,8.5,Cloudy
WX-0005442,IST,2024-11-20,41,5,9.5,Rain
WX-0005443,IST,2024-11-21,32,8,9.0,Clear
WX-0005444,IST,2024-11-22,37,8,8.3,Clear
WX-0005445,IST,2024-11-23,21,25,9.7,Rain
WX-0005446,IST,2024-11-24,26,14,10.0,Clear
WX-0005447,IST,2024-11-25,38,10,9.6,Cloudy
WX-0005448,IST,2024-11-26,25,9,9.9,Cloudy
WX-0005449,IST,2024-11-27,40,10,10.0,Clear
WX-0005450,IST,2024-11-28,41,3,8.4,Clear
WX-0005451,IST,2024-11-29,32,3,9.6,Clear
WX-0005452,IST,2024-11-30,17,9,8.4,Cloudy
WX-0005453,IST,2024-12-01,17,6,8.5,Clear
WX-0005454,IST,2024-12-02,26,12,8.1,Clear
WX-0005455,IST,2024-12-03,19,2,9.7,Clear
WX-0005456,IST,2024-12-04,20,8,9.6,Cloudy
WX-0005457,IST,2024-12-05,27,10,9.0,Clear
WX-0005458,IST,2024-12-06,40,9,8.6,Cloudy
WX-0005459,IST,2024-12-07,41,4,9.9,Cloudy
WX-0005460,IST,2024-12-08,38,6,9.5,Clear
WX-0005461,IST,2024-12-09,38,6,8.6,Clear
WX-0005462,IST,2024-12-10,26,3,9.7,Clear
WX-0005463,IST,2024-12-11,39,8,8.8,Clear
WX-0005464,IST,2024-12-12,15,2,9.4,Cloudy
WX-0005465,IST,2024-12-13,17,11,9.9,Cloudy
WX-0005466,IST,2024-12-14,37,14,9.6,Clear
WX-0005467,IST,2024-12-15,39,5,9.4,Clear
WX-0005468,IST,2024-12-16,16,11,8.2,Clear
WX-0005469,IST,2024-12-17,22,13,8.9,Clear
WX-0005470,IST,2024-12-18,36,10,9.6,Rain
WX-0005471,IST,2024-12-19,34,13,8.3,Clear
WX-0005472,IST,2024-12-20,15,12,9.8,Clear
WX-0005473,IST,2024-12-21,31,10,9.7,Clear
WX-0005474,IST,2024-12-22,32,4,9.9,Clear
WX-0005475,IST,2024-12-23,31,12,9.8,Clear
WX-0005476,IST,2024-12-24,27,13,9.4,Rain
WX-0005477,IST,2024-12-25,27,36,9.3,Rain
WX-0005478,IST,2024-12-26,39,5,8.3,Clear
WX-0005479,IST,2024-12-27,26,2,9.3,Cloudy
WX-0005480,IST,2024-12-28,20,12,2.4,Fog
WX-0005481,IST,2024-12-29,34,13,9.5,Clear
WX-0005482,IST,2024-12-30,20,14,8.5,Clear
WX-0005483,IST,2024-12-31,24,3,8.4,Clear
WX-0005484,IST,2025-01-01,20,3,10.0,Clear
WX-0005485,IST,2025-01-02,15,6,9.8,Cloudy
WX-0005486,IST,2025-01-03,36,11,8.1,Cloudy
WX-0005487,IST,2025-01-04,24,5,9.1,Cloudy
WX-0005488,IST,2025-01-05,12,8,9.4,Clear
WX-0005489,IST,2025-01-06,22,33,8.4,Rain
WX-0005490,IST,2025-01-07,28,8,8.9,Clear
WX-0005491,IST,2025-01-08,12,5,9.4,Clear
WX-0005492,IST,2025-01-09,37,14,8.4,Clear
WX-0005493,IST,2025-01-10,11,10,9.7,Clear
WX-0005494,IST,2025-01-11,26,6,8.7,Clear
WX-0005495,IST,2025-01-12,14,2,8.3,Cloudy
WX-0005496,IST,2025-01-13,40,6,8.7,Clear
WX-0005497,IST,2025-01-14,18,9,8.3,Clear
WX-0005498,IST,2025-01-15,21,8,9.7,Clear
WX-0005499,IST,2025-01-16,10,4,9.8,Clear
WX-0005500,IST,2025-01-17,11,11,9.6,Cloudy
WX-0005501,IST,2025-01-18,16,4,9.7,Clear
WX-0005502,IST,2025-01-19,18,8,9.1,Cloudy
WX-0005503,IST,2025-01-20,35,2,8.1,Clear
WX-0005504,IST,2025-01-21,32,8,8.2,Cloudy
WX-0005505,IST,2025-01-22,32,7,9.2,Cloudy
WX-0005506,IST,2025-01-23,17,22,3.4,Storm
WX-0005507,IST,2025-01-24,28,27,9.7,Rain
WX-0005508,IST,2025-01-25,30,4,8.1,Cloudy
WX-0005509,IST,2025-01-26,14,4,8.4,Cloudy
WX-0005510,IST,2025-01-27,33,14,8.1,Clear
WX-0005511,IST,2025-01-28,36,3,8.0,Clear
WX-0005512,IST,2025-01-29,29,7,8.5,Clear
WX-0005513,IST,2025-01-30,23,14,9.8,Clear
WX-0005514,IST,2025-01-31,37,7,8.9,Cloudy
WX-0005515,IST,2025-02-01,36,15,10.0,Rain
WX-0005516,IST,2025-02-02,17,14,9.8,Clear
WX-0005517,IST,2025-02-03,31,5,8.2,Clear
WX-0005518,IST,2025-02-04,34,29,8.2,Rain
WX-0005519,IST,2025-02-05,20,9,9.8,Clear
WX-0005520,IST,2025-02-06,16,30,8.3,Rain
WX-0005521,IST,2025-02-07,19,11,8.9,Clear
WX-0005522,IST,2025-02-08,31,2,9.4,Cloudy
WX-0005523,IST,2025-02-09,22,10,8.0,Clear
WX-0005524,IST,2025-02-10,13,12,9.2,Clear
WX-0005525,IST,2025-02-11,24,13,9.9,Clear
WX-0005526,IST,2025-02-12,31,3,8.2,Clear
WX-0005527,IST,2025-02-13,33,13,9.9,Clear
WX-0005528,IST,2025-02-14,16,2,8.6,Clear
WX-0005529,IST,2025-02-15,35,8,8.6,Clear
WX-0005530,IST,2025-02-16,11,6,8.5,Cloudy
WX-0005531,IST,2025-02-17,40,7,8.7,Clear
WX-0005532,IST,2025-02-18,16,12,9.8,Clear
WX-0005533,IST,2025-02-19,36,11,8.4,Clear
WX-0005534,IST,2025-02-20,12,3,9.3,Clear
WX-0005535,IST,2025-02-21,16,2,9.3,Clear
WX-0005536,IST,2025-02-22,35,12,8.9,Clear
WX-0005537,IST,2025-02-23,31,23,2.2,Storm
WX-0005538,IST,2025-02-24,32,6,2.0,Storm
WX-0005539,IST,2025-02-25,16,2,8.4,Cloudy
WX-0005540,IST,2025-02-26,22,3,8.4,Clear
WX-0005541,IST,2025-02-27,13,11,8.7,Cloudy
WX-0005542,IST,2025-02-28,17,40,9.8,Rain
WX-0005543,IST,2025-03-01,11,7,9.1,Clear
WX-0005544,IST,2025-03-02,15,14,8.5,Clear
WX-0005545,IST,2025-03-03,21,11,8.6,Cloudy
WX-0005546,IST,2025-03-04,26,11,9.3,Clear
WX-0005547,IST,2025-03-05,20,6,9.7,Clear
WX-0005548,IST,2025-03-06,30,2,8.3,Clear
WX-0005549,IST,2025-03-07,36,38,9.0,Rain
WX-0005550,IST,2025-03-08,37,10,3.7,Fog
WX-0005551,IST,2025-03-09,26,13,10.0,Cloudy
WX-0005552,IST,2025-03-10,23,11,9.5,Clear
WX-0005553,IST,2025-03-11,11,5,9.5,Clear
WX-0005554,IST,2025-03-12,27,7,9.1,Clear
WX-0005555,IST,2025-03-13,18,4,8.6,Clear
WX-0005556,IST,2025-03-14,30,5,9.4,Clear
WX-0005557,IST,2025-03-15,20,7,8.8,Clear
WX-0005558,IST,2025-03-16,31,12,8.3,Cloudy
WX-0005559,IST,2025-03-17,26,5,8.9,Clear
WX-0005560,IST,2025-03-18,24,13,9.6,Clear
WX-0005561,IST,2025-03-19,19,13,8.6,Clear
WX-0005562,IST,2025-03-20,41,7,9.7,Clear
WX-0005563,IST,2025-03-21,27,12,9.6,Clear
WX-0005564,IST,2025-03-22,34,2,10.0,Clear
WX-0005565,IST,2025-03-23,37,14,9.6,Clear
WX-0005566,IST,2025-03-24,34,37,3.1,Storm
WX-0005567,IST,2025-03-25,23,7,8.9,Cloudy
WX-0005568,IST,2025-03-26,33,7,9.8,Clear
WX-0005569,IST,2025-03-27,27,11,9.5,Clear
WX-0005570,IST,2025-03-28,16,39,9.8,Rain
WX-0005571,IST,2025-03-29,24,10,9.5,Clear
WX-0005572,IST,2025-03-30,38,17,9.4,Rain
WX-0005573,IST,2025-03-31,15,5,8.4,Rain
WX-0005574,IST,2025-04-01,12,11,9.1,Cloudy
WX-0005575,IST,2025-04-02,24,10,8.3,Clear
WX-0005576,IST,2025-04-03,29,11,9.4,Clear
WX-0005577,IST,2025-04-04,14,21,9.2,Rain
WX-0005578,IST,2025-04-05,27,4,9.3,Cloudy
WX-0005579,IST,2025-04-06,11,15,9.9,Rain
WX-0005580,IST,2025-04-07,41,4,8.8,Clear
WX-0005581,IST,2025-04-08,21,9,8.7,Clear
WX-0005582,IST,2025-04-09,30,14,8.0,Clear
WX-0005583,IST,2025-04-10,12,2,9.1,Clear
WX-0005584,IST,2025-04-11,20,4,9.1,Clear
WX-0005585,IST,2025-04-12,17,14,9.8,Clear
WX-0005586,IST,2025-04-13,19,11,8.5,Cloudy
WX-0005587,IST,2025-04-14,21,44,2.6,Storm
WX-0005588,IST,2025-04-15,31,10,9.1,Clear
WX-0005589,IST,2025-04-16,18,6,9.8,Cloudy
WX-0005590,IST,2025-04-17,33,14,9.5,Clear
WX-0005591,IST,2025-04-18,38,3,8.4,Cloudy
WX-0005592,IST,2025-04-19,10,11,9.1,Clear
WX-0005593,IST,2025-04-20,41,14,9.4,Clear
WX-0005594,IST,2025-04-21,19,12,8.4,Clear
WX-0005595,IST,2025-04-22,36,4,9.9,Clear
WX-0005596,IST,2025-04-23,28,9,9.9,Cloudy
WX-0005597,IST,2025-04-24,35,4,9.0,Clear
WX-0005598,IST,2025-04-25,26,13,1.9,Fog
WX-0005599,IST,2025-04-26,27,9,8.7,Cloudy
WX-0005600,IST,2025-04-27,26,5,9.7,Clear
WX-0005601,IST,2025-04-28,11,2,9.1,Clear
WX-0005602,IST,2025-04-29,26,2,9.5,Clear
WX-0005603,IST,2025-04-30,41,10,8.2,Cloudy
WX-0005604,IST,2025-05-01,23,37,2.7,Storm
WX-0005605,IST,2025-05-02,38,3,9.5,Clear
WX-0005606,IST,2025-05-03,29,7,9.3,Cloudy
WX-0005607,IST,2025-05-04,36,2,8.4,Clear
WX-0005608,IST,2025-05-05,10,5,9.8,Clear
WX-0005609,IST,2025-05-06,23,6,9.2,Clear
WX-0005610,IST,2025-05-07,25,10,9.8,Cloudy
WX-0005611,IST,2025-05-08,31,9,8.3,Clear
WX-0005612,IST,2025-05-09,17,10,2.9,Fog
WX-0005613,IST,2025-05-10,29,7,8.1,Clear
WX-0005614,IST,2025-05-11,36,2,3.7,Fog
WX-0005615,IST,2025-05-12,11,28,8.2,Rain
WX-0005616,IST,2025-05-13,22,14,3.0,Fog
WX-0005617,IST,2025-05-14,37,11,8.4,Clear
WX-0005618,IST,2025-05-15,15,36,8.8,Rain
WX-0005619,IST,2025-05-16,31,7,8.2,Clear
WX-0005620,IST,2025-05-17,15,32,1.4,Storm
WX-0005621,IST,2025-05-18,34,11,8.3,Clear
WX-0005622,IST,2025-05-19,34,12,9.3,Clear
WX-0005623,IST,2025-05-20,31,12,8.4,Cloudy
WX-0005624,IST,2025-05-21,23,3,8.6,Clear
WX-0005625,IST,2025-05-22,23,5,1.9,Storm
WX-0005626,IST,2025-05-23,23,10,9.3,Clear
WX-0005627,IST,2025-05-24,18,8,8.3,Clear
WX-0005628,IST,2025-05-25,20,4,9.8,Clear
WX-0005629,IST,2025-05-26,32,14,9.1,Clear
WX-0005630,IST,2025-05-27,39,2,9.6,Clear
WX-0005631,IST,2025-05-28,15,12,8.4,Clear
WX-0005632,IST,2025-05-29,26,4,9.5,Cloudy
WX-0005633,IST,2025-05-30,22,11,1.8,Fog
WX-0005634,IST,2025-05-31,25,10,8.5,Rain
WX-0005635,IST,2025-06-01,25,6,9.1,Cloudy
WX-0005636,IST,2025-06-02,22,7,9.3,Clear
WX-0005637,IST,2025-06-03,12,11,8.5,Clear
WX-0005638,IST,2025-06-04,29,9,8.2,Clear
WX-0005639,IST,2025-06-05,30,9,8.4,Cloudy
WX-0005640,IST,2025-06-06,13,4,3.5,Fog
WX-0005641,IST,2025-06-07,21,14,8.4,Clear
WX-0005642,IST,2025-06-08,37,10,10.0,Clear
WX-0005643,IST,2025-06-09,13,11,2.7,Fog
WX-0005644,IST,2025-06-10,25,2,8.7,Clear
WX-0005645,IST,2025-06-11,28,4,8.6,Clear
WX-0005646,IST,2025-06-12,41,4,8.7,Clear
WX-0005647,IST,2025-06-13,13,13,8.9,Clear
WX-0005648,IST,2025-06-14,23,4,1.6,Fog
WX-0005649,IST,2025-06-15,37,8,8.4,Clear
WX-0005650,IST,2025-06-16,23,8,8.1,Cloudy
WX-0005651,IST,2025-06-17,14,10,8.2,Cloudy
WX-0005652,IST,2025-06-18,21,8,9.5,Clear
WX-0005653,IST,2025-06-19,38,6,8.2,Clear
WX-0005654,IST,2025-06-20,40,11,9.5,Cloudy
WX-0005655,IST,2025-06-21,20,8,3.6,Fog
WX-0005656,IST,2025-06-22,34,3,9.4,Cloudy
WX-0005657,IST,2025-06-23,22,7,10.0,Clear
WX-0005658,IST,2025-06-24,11,4,8.3,Clear
WX-0005659,IST,2025-06-25,11,7,8.8,Clear
WX-0005660,IST,2025-06-26,27,5,9.2,Clear
WX-0005661,IST,2025-06-27,41,4,9.5,Clear
WX-0005662,IST,2025-06-28,36,2,8.5,Clear
WX-0005663,IST,2025-06-29,34,9,8.1,Clear
WX-0005664,IST,2025-06-30,19,7,9.0,Clear
WX-0005665,IST,2025-07-01,36,14,8.7,Clear
WX-0005666,IST,2025-07-02,11,2,8.9,Clear
WX-0005667,IST,2025-07-03,36,6,9.5,Clear
WX-0005668,IST,2025-07-04,32,10,8.3,Cloudy
WX-0005669,IST,2025-07-05,14,2,8.0,Clear
WX-0005670,IST,2025-07-06,35,13,9.5,Clear
WX-0005671,IST,2025-07-07,13,7,8.5,Cloudy
WX-0005672,IST,2025-07-08,41,3,9.1,Cloudy
WX-0005673,IST,2025-07-09,19,4,9.1,Cloudy
WX-0005674,IST,2025-07-10,13,19,1.2,Storm
WX-0005675,IST,2025-07-11,36,6,8.3,Cloudy
WX-0005676,IST,2025-07-12,34,12,9.9,Clear
WX-0005677,IST,2025-07-13,40,42,8.1,Rain
WX-0005678,IST,2025-07-14,28,11,8.4,Cloudy
WX-0005679,IST,2025-07-15,37,7,2.1,Fog
WX-0005680,IST,2025-07-16,23,11,8.2,Clear
WX-0005681,IST,2025-07-17,38,12,9.3,Clear
WX-0005682,IST,2025-07-18,40,3,9.6,Clear
WX-0005683,IST,2025-07-19,32,14,8.1,Cloudy
WX-0005684,IST,2025-07-20,30,2,9.5,Cloudy
WX-0005685,IST,2025-07-21,40,9,9.8,Clear
WX-0005686,IST,2025-07-22,41,9,9.4,Clear
WX-0005687,IST,2025-07-23,20,9,9.2,Clear
WX-0005688,IST,2025-07-24,19,6,9.6,Clear
WX-0005689,IST,2025-07-25,19,36,8.9,Rain
WX-0005690,IST,2025-07-26,32,3,8.2,Cloudy
WX-0005691,IST,2025-07-27,33,11,9.4,Clear
WX-0005692,IST,2025-07-28,23,9,8.3,Clear
WX-0005693,IST,2025-07-29,40,11,8.6,Rain
WX-0005694,IST,2025-07-30,17,38,8.7,Rain
WX-0005695,IST,2025-07-31,21,12,8.2,Clear
WX-0005696,IST,2025-08-01,12,4,9.4,Cloudy
WX-0005697,IST,2025-08-02,40,11,8.9,Clear
WX-0005698,IST,2025-08-03,39,12,9.0,Clear
WX-0005699,IST,2025-08-04,16,9,10.0,Cloudy
WX-0005700,IST,2025-08-05,34,13,8.4,Clear
WX-0005701,IST,2025-08-06,30,7,9.5,Cloudy
WX-0005702,IST,2025-08-07,16,3,2.2,Fog
WX-0005703,IST,2025-08-08,33,27,1.3,Storm
WX-0005704,IST,2025-08-09,27,6,8.4,Clear
WX-0005705,IST,2025-08-10,20,13,10.0,Clear
WX-0005706,IST,2025-08-11,24,32,2.2,Storm
WX-0005707,IST,2025-08-12,23,11,9.9,Clear
WX-0005708,IST,2025-08-13,34,13,8.1,Clear
WX-0005709,IST,2025-08-14,30,11,9.4,Cloudy
WX-0005710,IST,2025-08-15,14,3,8.5,Clear
WX-0005711,IST,2025-08-16,32,6,9.1,Clear
WX-0005712,IST,2025-08-17,11,5,9.6,Clear
WX-0005713,IST,2025-08-18,17,11,9.0,Cloudy
WX-0005714,IST,2025-08-19,38,6,9.6,Clear
WX-0005715,IST,2025-08-20,32,7,8.3,Clear
WX-0005716,IST,2025-08-21,27,13,9.2,Cloudy
WX-0005717,IST,2025-08-22,41,11,9.1,Rain
WX-0005718,IST,2025-08-23,31,11,9.5,Clear
WX-0005719,IST,2025-08-24,28,12,8.5,Clear
WX-0005720,IST,2025-08-25,16,7,8.6,Clear
WX-0005721,IST,2025-08-26,36,10,9.3,Clear
WX-0005722,IST,2025-08-27,30,2,8.0,Clear
WX-0005723,IST,2025-08-28,23,8,8.6,Clear
WX-0005724,IST,2025-08-29,17,7,8.9,Cloudy
WX-0005725,IST,2025-08-30,21,4,8.3,Clear
WX-0005726,IST,2025-08-31,34,4,8.3,Clear
WX-0005727,IST,2025-09-01,22,8,9.2,Clear
WX-0005728,IST,2025-09-02,16,11,8.8,Clear
WX-0005729,IST,2025-09-03,41,6,8.4,Clear
WX-0005730,IST,2025-09-04,16,12,8.2,Clear
WX-0005731,IST,2025-09-05,37,2,9.2,Clear
WX-0005732,IST,2025-09-06,34,3,9.2,Clear
WX-0005733,IST,2025-09-07,41,4,9.8,Cloudy
WX-0005734,IST,2025-09-08,11,7,9.6,Clear
WX-0005735,IST,2025-09-09,23,10,9.0,Clear
WX-0005736,IST,2025-09-10,12,10,8.0,Clear
WX-0005737,IST,2025-09-11,41,6,9.0,Clear
WX-0005738,IST,2025-09-12,21,14,8.9,Rain
WX-0005739,IST,2025-09-13,32,13,1.4,Fog
WX-0005740,IST,2025-09-14,35,11,10.0,Clear
WX-0005741,IST,2025-09-15,22,5,8.7,Clear
WX-0005742,IST,2025-09-16,27,2,1.6,Fog
WX-0005743,IST,2025-09-17,24,7,9.8,Clear
WX-0005744,IST,2025-09-18,40,11,8.4,Cloudy
WX-0005745,IST,2025-09-19,24,2,8.5,Clear
WX-0005746,IST,2025-09-20,26,9,9.1,Clear
WX-0005747,IST,2025-09-21,37,14,9.2,Clear
WX-0005748,IST,2025-09-22,35,2,9.4,Clear
WX-0005749,IST,2025-09-23,16,7,9.4,Cloudy
WX-0005750,IST,2025-09-24,15,11,9.6,Clear
WX-0005751,IST,2025-09-25,28,36,1.6,Storm
WX-0005752,IST,2025-09-26,11,6,3.7,Storm
WX-0005753,IST,2025-09-27,33,5,9.1,Cloudy
WX-0005754,IST,2025-09-28,34,8,8.9,Clear
WX-0005755,IST,2025-09-29,12,9,9.1,Clear
WX-0005756,IST,2025-09-30,14,14,9.1,Clear
WX-0005757,IST,2025-10-01,27,9,8.5,Cloudy
WX-0005758,IST,2025-10-02,31,8,8.0,Clear
WX-0005759,IST,2025-10-03,25,3,9.9,Clear
WX-0005760,IST,2025-10-04,19,2,9.5,Clear
WX-0005761,IST,2025-10-05,38,13,9.9,Clear
WX-0005762,IST,2025-10-06,28,9,8.6,Clear
WX-0005763,IST,2025-10-07,30,4,8.1,Clear
WX-0005764,IST,2025-10-08,15,3,8.9,Clear
WX-0005765,IST,2025-10-09,12,9,8.5,Cloudy
WX-0005766,IST,2025-10-10,13,3,8.3,Clear
WX-0005767,IST,2025-10-11,24,20,8.0,Rain
WX-0005768,IST,2025-10-12,15,14,8.8,Clear
WX-0005769,IST,2025-10-13,34,32,3.6,Storm
WX-0005770,IST,2025-10-14,26,7,9.9,Clear
WX-0005771,IST,2025-10-15,25,9,9.9,Cloudy
WX-0005772,IST,2025-10-16,38,4,8.7,Clear
WX-0005773,IST,2025-10-17,15,10,9.9,Clear
WX-0005774,IST,2025-10-18,28,10,9.1,Cloudy
WX-0005775,IST,2025-10-19,32,20,8.8,Rain
WX-0005776,IST,2025-10-20,12,9,9.1,Cloudy
WX-0005777,IST,2025-10-21,31,30,1.7,Storm
WX-0005778,IST,2025-10-22,37,4,9.2,Cloudy
WX-0005779,IST,2025-10-23,40,14,9.9,Clear
WX-0005780,IST,2025-10-24,33,11,8.2,Clear
WX-0005781,IST,2025-10-25,20,9,8.7,Clear
WX-0005782,IST,2025-10-26,21,13,9.8,Clear
WX-0005783,IST,2025-10-27,25,9,9.5,Clear
WX-0005784,IST,2025-10-28,13,5,9.5,Clear
WX-0005785,IST,2025-10-29,20,7,8.1,Cloudy
WX-0005786,IST,2025-10-30,17,8,9.5,Clear
WX-0005787,IST,2025-10-31,39,9,9.0,Clear
WX-0005788,IST,2025-11-01,31,10,8.2,Clear
WX-0005789,IST,2025-11-02,12,17,9.0,Rain
WX-0005790,IST,2025-11-03,31,12,8.9,Clear
WX-0005791,IST,2025-11-04,16,5,8.2,Cloudy
WX-0005792,IST,2025-11-05,13,6,8.2,Clear
WX-0005793,IST,2025-11-06,39,4,9.5,Clear
WX-0005794,IST,2025-11-07,18,5,9.3,Clear
WX-0005795,IST,2025-11-08,32,13,9.6,Clear
WX-0005796,IST,2025-11-09,37,5,9.4,Clear
WX-0005797,IST,2025-11-10,11,8,8.9,Cloudy
WX-0005798,IST,2025-11-11,21,16,8.5,Rain
WX-0005799,IST,2025-11-12,31,10,3.0,Fog
WX-0005800,IST,2025-11-13,38,7,8.0,Cloudy
WX-0005801,IST,2025-11-14,41,2,2.8,Fog
WX-0005802,IST,2025-11-15,21,44,10.0,Rain
WX-0005803,IST,2025-11-16,28,12,8.6,Clear
WX-0005804,IST,2025-11-17,12,7,8.4,Clear
WX-0005805,IST,2025-11-18,14,3,9.8,Clear
WX-0005806,IST,2025-11-19,22,5,8.9,Cloudy
WX-0005807,IST,2025-11-20,28,5,8.7,Cloudy
WX-0005808,IST,2025-11-21,25,6,8.3,Clear
WX-0005809,IST,2025-11-22,22,4,8.2,Cloudy
WX-0005810,IST,2025-11-23,36,9,10.0,Clear
WX-0005811,IST,2025-11-24,11,12,9.2,Cloudy
WX-0005812,IST,2025-11-25,37,4,8.4,Clear
WX-0005813,IST,2025-11-26,40,2,9.8,Clear
WX-0005814,IST,2025-11-27,28,7,9.3,Clear
WX-0005815,IST,2025-11-28,24,10,9.9,Clear
WX-0005816,IST,2025-11-29,13,6,9.9,Cloudy
WX-0005817,IST,2025-11-30,40,11,1.9,Fog
WX-0005818,IST,2025-12-01,23,35,2.6,Storm
WX-0005819,IST,2025-12-02,34,10,8.5,Clear
WX-0005820,IST,2025-12-03,31,11,9.5,Clear
WX-0005821,IST,2025-12-04,30,8,9.8,Cloudy
WX-0005822,IST,2025-12-05,29,4,9.2,Clear
WX-0005823,IST,2025-12-06,29,28,8.6,Rain
WX-0005824,IST,2025-12-07,10,5,8.3,Rain
WX-0005825,IST,2025-12-08,15,8,8.4,Clear
WX-0005826,IST,2025-12-09,10,10,8.6,Clear
WX-0005827,IST,2025-12-10,26,10,1.2,Storm
WX-0005828,IST,2025-12-11,36,6,9.5,Clear
WX-0005829,IST,2025-12-12,18,3,9.0,Clear
WX-0005830,IST,2025-12-13,24,12,8.3,Clear
WX-0005831,IST,2025-12-14,25,12,9.0,Cloudy
WX-0005832,IST,2025-12-15,23,14,8.1,Clear
WX-0005833,IST,2025-12-16,25,9,9.8,Cloudy
WX-0005834,IST,2025-12-17,40,2,9.4,Clear
WX-0005835,IST,2025-12-18,35,5,9.8,Clear
WX-0005836,IST,2025-12-19,31,5,9.7,Clear
WX-0005837,IST,2025-12-20,32,14,9.4,Clear
WX-0005838,IST,2025-12-21,14,11,1.3,Fog
WX-0005839,IST,2025-12-22,18,12,9.2,Clear
WX-0005840,IST,2025-12-23,10,5,9.8,Clear
WX-0005841,IST,2025-12-24,39,43,8.6,Rain
WX-0005842,IST,2025-12-25,39,12,9.8,Clear
WX-0005843,IST,2025-12-26,32,10,9.4,Clear
WX-0005844,IST,2025-12-27,36,4,8.2,Clear
WX-0005845,IST,2025-12-28,41,5,8.4,Clear
WX-0005846,IST,2025-12-29,27,13,9.1,Clear
WX-0005847,IST,2025-12-30,33,10,3.8,Fog
WX-0005848,IST,2025-12-31,14,5,9.1,Clear
